Start Timestamp,Min Intensity,Max Intensity,Avg Intensity,Log Count,Duration (s)
2026-03-23 19:10:03,5.2,5.2,5.2,1,0.0
2026-03-23 19:10:28,5.1,5.1,5.1,2,0.0
2026-03-23 19:14:09,6.0,6.0,6.0,1,0.0
2026-03-23 19:20:16,6.3,6.3,6.3,1,0.0
2026-03-23 19:21:01,6.1,7.0,6.55,2,0.0
2026-03-23 19:29:28,7.0,7.0,7.0,1,0.0
2026-03-23 19:29:43,7.1,7.1,7.1,1,0.0
2026-03-23 19:30:36,6.0,6.0,6.0,1,0.0
2026-03-23 19:31:05,6.1,7.2,6.65,2,0.0
2026-03-23 19:34:38,6.7,6.7,6.7,1,0.0
2026-03-23 19:34:59,6.1,7.1,6.57,3,1.0
2026-03-23 19:36:38,6.3,6.3,6.3,1,0.0
2026-03-23 19:36:40,6.0,6.0,6.0,1,0.0
2026-03-23 19:36:52,6.3,7.9,7.1,2,1.0
2026-03-23 19:37:36,6.1,8.8,7.23,9,4.0
2026-03-23 19:37:49,6.2,6.2,6.2,1,0.0
2026-03-23 19:37:51,6.1,6.2,6.15,2,1.0
2026-03-23 19:38:14,6.3,6.3,6.3,1,0.0
2026-03-23 19:38:20,6.2,10.1,7.53,9,5.0
2026-03-23 19:38:50,6.0,6.0,6.0,1,0.0
2026-03-23 19:39:06,6.1,7.2,6.65,2,1.0
2026-03-23 19:43:22,6.1,6.5,6.3,2,1.0
2026-03-23 19:47:42,6.1,6.1,6.1,1,0.0
2026-03-23 19:48:17,6.2,6.8,6.5,2,1.0
2026-03-23 19:48:45,6.1,10.2,8.03,3,1.0
2026-03-23 19:50:49,6.1,6.1,6.1,1,0.0
2026-03-23 19:52:42,6.2,6.2,6.2,1,0.0
2026-03-23 19:52:50,6.2,9.3,6.92,9,5.0
2026-03-23 19:52:57,6.0,6.0,6.0,1,0.0
2026-03-23 19:53:00,6.5,7.3,6.9,2,1.0
2026-03-23 19:53:07,6.2,6.2,6.2,1,0.0
2026-03-23 19:53:10,6.0,11.1,8.1,4,1.0
2026-03-23 22:03:58,8.1,8.1,8.1,1,0.0
2026-03-23 22:20:45,6.0,6.0,6.0,1,0.0
2026-03-23 22:22:36,6.1,8.3,6.69,10,5.0
2026-03-23 22:33:33,6.0,6.6,6.27,3,2.0
2026-03-23 22:34:55,6.1,6.3,6.2,2,1.0
2026-03-23 22:37:50,6.1,8.1,6.87,3,2.0
2026-03-23 22:43:26,6.5,6.5,6.5,1,0.0
2026-03-23 22:45:31,6.5,6.5,6.5,1,0.0
2026-03-23 22:46:00,6.1,9.9,8.0,2,1.0
2026-03-23 22:46:11,6.1,11.3,9.06,29,15.0
2026-03-23 22:46:29,6.3,12.3,8.65,11,5.0
2026-03-23 22:46:36,6.1,6.6,6.35,2,0.0
2026-03-23 22:46:47,6.1,6.1,6.1,1,0.0
2026-03-23 22:47:04,6.0,6.0,6.0,1,0.0
2026-03-23 22:47:06,6.2,8.8,7.43,3,1.0
2026-03-23 22:47:16,6.0,7.2,6.5,3,1.0
2026-03-23 22:49:27,6.0,11.0,8.83,12,6.0
2026-03-23 22:50:31,6.1,7.9,6.73,3,1.0
2026-03-23 22:51:24,6.6,11.2,9.34,7,3.0
2026-03-23 22:51:39,6.1,8.5,7.57,3,1.0
2026-03-23 22:52:01,6.3,9.4,7.7,4,2.0
2026-03-23 22:54:47,6.1,10.7,7.65,6,3.0
2026-03-23 22:54:52,6.6,10.9,8.81,9,4.0
2026-03-23 23:00:28,6.0,6.4,6.16,5,3.0
2026-03-23 23:00:33,6.3,6.3,6.3,1,0.0
2026-03-23 23:00:51,6.1,6.3,6.2,2,0.0
2026-03-23 23:00:56,6.1,8.0,7.1,5,2.0
2026-03-24 03:35:15,6.2,7.9,7.0,8,3.0
2026-03-24 05:03:08,6.0,6.0,6.0,1,0.0
2026-03-24 05:12:30,6.0,6.2,6.1,2,0.0
2026-03-24 05:15:44,6.2,6.2,6.2,1,0.0
2026-03-24 05:33:01,6.0,6.3,6.15,2,1.0
2026-03-24 05:33:04,6.0,7.2,6.43,3,1.0
2026-03-24 10:40:02,6.1,7.0,6.55,2,0.0
2026-03-24 10:40:26,6.1,6.3,6.2,2,1.0
2026-03-24 10:41:46,6.0,8.5,6.95,4,2.0
2026-03-24 11:12:31,12.4,15.6,12.75,15,8.0
2026-03-24 11:12:45,6.1,13.7,9.27,32,18.0
2026-03-24 11:13:17,6.4,12.1,9.12,9,4.0
2026-03-24 11:13:25,6.2,8.8,7.97,6,3.0
2026-03-24 11:13:47,6.3,6.3,6.3,1,0.0
2026-03-24 11:14:49,6.1,8.6,7.12,4,2.0
2026-03-24 11:15:03,6.0,6.0,6.0,1,0.0
2026-03-24 11:15:17,6.0,6.9,6.42,6,2.0
2026-03-24 11:15:21,6.0,7.1,6.38,31,19.0
2026-03-24 11:16:00,6.0,7.3,6.56,7,3.0
2026-03-24 11:17:32,6.2,13.3,9.1,31,15.0
2026-03-24 11:17:50,6.2,8.9,7.32,6,3.0
2026-03-24 11:17:55,6.0,13.1,8.33,88,46.0
2026-03-24 11:18:44,6.1,6.1,6.1,1,0.0
2026-03-24 11:18:46,6.2,8.3,7.47,6,3.0
2026-03-24 11:19:07,6.1,8.4,6.94,5,2.0
2026-03-24 11:19:12,6.2,10.5,8.24,12,5.0
2026-03-24 11:19:21,6.2,8.0,6.84,5,2.0
2026-03-24 11:19:26,6.7,6.7,6.7,1,0.0
2026-03-24 11:19:34,6.6,8.2,7.4,2,1.0
2026-03-24 11:21:33,6.0,12.8,8.22,176,91.0
2026-03-24 11:23:42,6.3,6.3,6.3,2,1.0
2026-03-24 11:23:49,6.0,6.7,6.26,5,2.0
2026-03-24 11:23:54,6.0,6.0,6.0,1,0.0
2026-03-24 11:23:56,6.6,6.6,6.6,1,0.0
2026-03-24 11:23:59,6.1,7.6,6.87,3,1.0
2026-03-24 11:25:18,6.0,6.1,6.05,2,0.0
2026-03-24 11:25:20,6.0,6.6,6.2,7,4.0
2026-03-24 11:25:26,6.3,8.8,7.44,11,5.0
2026-03-24 11:25:35,6.5,8.2,7.2,3,1.0
2026-03-24 11:27:07,6.1,6.5,6.3,5,2.0
2026-03-24 11:27:23,6.5,7.1,6.8,2,0.0
2026-03-24 11:27:35,6.5,7.9,7.25,11,6.0
2026-03-24 11:27:50,6.5,8.8,7.89,7,4.0
2026-03-24 11:28:11,6.1,7.2,6.8,8,4.0
2026-03-24 11:28:17,6.0,6.7,6.47,3,1.0
2026-03-24 11:28:39,6.2,6.2,6.2,2,1.0
2026-03-24 11:28:52,6.1,8.0,7.05,2,0.0
2026-03-24 11:29:18,6.8,6.8,6.8,1,0.0
2026-03-24 11:29:31,6.1,7.6,6.85,2,1.0
2026-03-24 11:29:59,6.1,8.9,7.23,7,4.0
2026-03-24 11:30:05,6.1,7.4,6.92,6,2.0
2026-03-24 11:30:09,6.0,6.0,6.0,1,0.0
2026-03-24 11:30:14,6.1,11.9,8.35,14,6.0
2026-03-24 11:30:27,6.1,6.6,6.33,3,1.0
2026-03-24 11:30:31,6.1,6.1,6.1,1,0.0
2026-03-24 11:30:41,6.2,10.7,8.2,13,7.0
2026-03-24 11:31:21,6.1,7.4,6.75,13,7.0
2026-03-24 11:31:31,6.1,7.1,6.6,2,0.0
2026-03-24 11:31:34,6.0,7.4,6.85,4,1.0
2026-03-24 11:33:09,6.2,6.2,6.2,1,0.0
2026-03-24 11:33:30,6.0,12.6,8.16,199,105.0
2026-03-24 11:40:43,6.0,6.0,6.0,1,0.0
2026-03-24 11:40:55,6.0,6.5,6.23,3,1.0
2026-03-24 11:40:58,6.0,6.0,6.0,1,0.0
2026-03-24 11:41:02,6.1,6.1,6.1,1,0.0
2026-03-24 11:41:04,6.2,8.0,6.82,5,2.0
2026-03-24 11:41:10,6.4,6.6,6.5,2,1.0
2026-03-24 11:41:14,6.2,7.8,7.0,2,1.0
2026-03-24 11:48:51,6.1,6.5,6.3,2,1.0
2026-03-24 11:49:43,6.2,6.5,6.35,2,1.0
2026-03-24 11:51:45,7.0,7.0,7.0,1,0.0
2026-03-24 11:52:59,6.1,6.1,6.1,1,0.0
2026-03-24 11:53:07,6.6,10.0,7.4,5,2.0
2026-03-24 11:53:26,6.0,11.9,8.7,39,20.0
2026-03-24 11:53:52,6.3,9.0,7.99,29,14.0
2026-03-24 11:54:13,6.2,13.2,10.09,85,44.0
2026-03-24 11:56:01,6.0,6.6,6.3,2,1.0
2026-03-24 11:57:17,6.1,6.5,6.3,3,1.0
2026-03-24 12:03:11,6.3,6.3,6.3,1,0.0
2026-03-24 12:06:03,6.1,8.4,7.52,6,2.0
2026-03-24 12:06:10,6.0,6.0,6.0,1,0.0
2026-03-24 12:06:12,6.1,6.4,6.29,8,4.0
2026-03-24 12:06:19,6.0,10.3,7.88,6,3.0
2026-03-24 12:06:37,6.4,6.5,6.45,2,1.0
2026-03-24 12:06:50,6.0,7.6,6.78,5,2.0
2026-03-24 12:07:03,6.1,6.1,6.1,1,0.0
2026-03-24 12:07:14,6.1,6.2,6.13,3,1.0
2026-03-24 12:07:59,7.6,7.6,7.6,1,0.0
2026-03-24 12:11:58,6.1,6.1,6.1,1,0.0
2026-03-24 12:12:17,6.0,7.3,6.5,4,2.0
2026-03-24 12:12:21,6.0,6.0,6.0,1,0.0
2026-03-24 12:12:25,6.0,6.1,6.05,2,0.0
2026-03-24 12:12:29,6.1,6.1,6.1,1,0.0
2026-03-24 12:12:56,6.0,6.0,6.0,1,0.0
2026-03-24 12:12:59,6.2,8.0,7.07,3,1.0
2026-03-24 12:13:02,6.1,6.1,6.1,1,0.0
2026-03-24 12:13:31,6.2,6.2,6.2,1,0.0
2026-03-24 12:13:33,6.2,7.2,6.7,4,1.0
2026-03-24 12:13:36,6.3,7.4,6.8,5,2.0
2026-03-24 12:13:40,6.4,7.7,7.03,6,2.0
2026-03-24 12:13:57,6.2,8.8,7.6,4,2.0
2026-03-24 12:14:02,6.0,6.4,6.17,4,2.0
2026-03-24 12:14:17,6.2,6.4,6.3,2,1.0
2026-03-24 12:14:20,6.1,9.8,8.01,9,5.0
2026-03-24 12:19:14,6.1,6.9,6.4,3,1.0
2026-03-24 12:19:17,6.3,6.3,6.3,1,0.0
2026-03-24 12:19:21,6.0,8.6,7.67,7,3.0
2026-03-24 12:19:26,6.0,8.2,7.1,2,0.0
2026-03-24 12:19:41,6.0,8.0,7.17,7,4.0
2026-03-24 12:19:50,6.0,6.9,6.33,3,1.0
2026-03-24 12:19:54,6.0,9.7,8.22,34,18.0
2026-03-24 12:20:14,6.1,6.4,6.23,3,1.0
2026-03-24 12:20:34,6.1,8.6,7.86,8,4.0
2026-03-24 12:20:54,6.3,10.1,8.38,48,25.0
2026-03-24 12:21:23,6.0,9.6,7.73,14,7.0
2026-03-24 12:21:33,6.1,7.3,6.53,3,1.0
2026-03-24 12:24:47,6.1,6.4,6.25,2,1.0
2026-03-24 12:24:50,6.0,6.9,6.47,13,6.0
2026-03-24 12:25:04,6.0,7.6,6.68,20,11.0
2026-03-24 12:25:18,6.3,7.3,6.8,2,1.0
2026-03-24 12:26:00,6.0,6.0,6.0,1,0.0
2026-03-24 12:29:39,6.0,6.0,6.0,1,0.0
2026-03-24 12:29:42,6.0,6.4,6.17,3,1.0
2026-03-24 12:29:46,6.1,6.1,6.1,1,0.0
2026-03-24 12:29:56,6.0,6.8,6.33,3,1.0
2026-03-24 12:30:13,6.2,7.0,6.6,2,0.0
2026-03-24 12:30:15,6.1,8.6,7.01,16,9.0
2026-03-24 12:30:29,6.0,7.1,6.4,5,2.0
2026-03-24 12:30:34,6.1,7.2,6.65,2,1.0
2026-03-24 12:30:38,6.0,8.6,7.18,59,31.0
2026-03-24 12:31:11,6.0,6.9,6.28,5,2.0
2026-03-24 12:31:16,6.0,7.0,6.72,6,2.0
2026-03-24 12:31:20,6.0,6.2,6.1,2,1.0
2026-03-24 12:31:23,6.0,8.8,6.93,19,10.0
2026-03-24 12:31:43,6.0,6.8,6.33,3,1.0
2026-03-24 12:31:46,6.1,6.1,6.1,1,0.0
2026-03-24 12:32:04,6.0,6.7,6.32,5,3.0
2026-03-24 12:32:57,6.0,6.5,6.16,12,6.0
2026-03-24 12:33:09,6.1,8.4,6.78,6,2.0
2026-03-24 12:34:55,6.1,6.3,6.2,2,1.0
2026-03-24 12:35:03,6.1,6.6,6.35,2,0.0
2026-03-24 12:35:10,6.0,6.6,6.22,4,2.0
2026-03-24 12:35:14,6.1,7.7,7.18,56,28.0
2026-03-24 12:35:47,6.0,7.3,6.82,9,4.0
2026-03-24 12:35:54,6.0,6.0,6.0,1,0.0
2026-03-24 12:38:48,6.0,6.9,6.45,4,2.0
2026-03-24 12:38:52,6.0,6.8,6.38,4,1.0
2026-03-24 12:38:56,6.2,6.2,6.2,1,0.0
2026-03-24 12:39:08,6.0,8.3,7.79,146,76.0
2026-03-24 13:04:37,6.0,6.1,6.05,2,1.0
2026-03-24 13:09:23,6.1,6.1,6.1,1,0.0
2026-03-24 13:09:29,6.1,7.5,6.67,4,1.0
2026-03-24 13:09:33,6.1,7.1,6.43,6,4.0
2026-03-24 13:24:13,6.1,7.9,7.53,41,21.0
2026-03-24 13:24:36,6.0,9.2,7.56,34,19.0
2026-03-24 13:24:57,6.2,10.2,7.61,28,14.0
2026-03-24 13:25:22,6.2,9.5,8.24,25,13.0
2026-03-24 13:25:37,6.0,6.5,6.3,5,2.0
2026-03-24 13:25:42,6.2,7.4,6.93,3,1.0
2026-03-24 13:25:57,6.0,8.0,7.43,39,20.0
2026-03-24 13:26:54,6.4,8.6,7.43,36,19.0
2026-03-24 13:27:16,6.0,8.4,7.5,5,2.0
2026-03-24 13:27:51,6.1,9.8,7.7,58,30.0
2026-03-24 13:28:24,6.0,9.0,7.15,20,11.0
2026-03-24 13:28:38,6.2,7.5,6.97,3,1.0
2026-03-24 13:29:43,7.2,7.2,7.2,1,0.0
2026-03-24 13:29:56,6.1,7.0,6.53,28,14.0
2026-03-24 13:30:12,6.0,6.7,6.4,5,2.0
2026-03-24 13:30:16,6.1,9.6,7.99,49,25.0
2026-03-24 13:31:18,6.6,7.2,6.9,3,1.0
2026-03-24 13:31:26,6.1,7.2,6.67,7,5.0
2026-03-24 13:31:34,6.2,6.4,6.3,3,1.0
2026-03-24 13:31:51,6.0,6.0,6.0,1,0.0
2026-03-24 13:31:53,6.1,6.2,6.15,2,1.0
2026-03-24 13:35:38,6.0,6.1,6.05,2,0.0
2026-03-24 13:35:43,6.1,6.1,6.1,1,0.0
2026-03-24 13:52:55,6.2,6.5,6.35,2,0.0
2026-03-24 13:57:39,6.1,6.3,6.2,2,0.0
2026-03-24 13:57:45,6.1,7.4,6.53,3,1.0
2026-03-24 14:00:38,6.0,6.6,6.3,5,2.0
2026-03-24 14:00:44,6.0,6.5,6.27,3,1.0
2026-03-24 14:00:47,6.0,6.0,6.0,1,0.0
2026-03-24 14:00:50,6.0,6.9,6.47,7,3.0
2026-03-24 14:00:55,6.1,6.8,6.29,8,3.0
2026-03-24 14:01:03,6.0,7.1,6.64,8,4.0
2026-03-24 14:01:09,6.0,7.1,6.67,6,2.0
2026-03-24 14:01:13,6.0,7.0,6.42,16,8.0
2026-03-24 14:01:25,6.1,6.5,6.3,2,1.0
2026-03-24 14:01:37,6.0,8.3,7.44,83,43.0
2026-03-24 14:02:23,6.0,8.0,6.93,20,9.0
2026-03-24 14:02:34,6.0,6.0,6.0,1,0.0
2026-03-24 14:03:18,6.0,8.9,7.4,35,18.0
2026-03-24 14:03:39,6.2,8.1,7.38,28,14.0
2026-03-24 14:05:15,6.1,7.5,6.76,26,13.0
2026-03-24 14:05:58,6.0,7.9,7.06,102,54.0
2026-03-24 14:06:55,6.1,8.7,7.47,50,26.0
2026-03-24 14:10:58,6.0,9.1,6.66,64,33.0
2026-03-24 14:11:39,6.1,7.1,6.72,6,2.0
2026-03-24 14:12:01,6.2,10.6,8.31,18,9.0
2026-03-24 14:17:33,6.1,7.5,6.72,11,6.0
2026-03-24 14:17:43,6.0,13.9,8.63,165,86.0
2026-03-24 14:21:27,6.0,7.4,6.7,6,3.0
2026-03-24 14:21:34,6.1,10.4,8.59,78,41.0
2026-03-24 14:22:23,6.1,7.9,7.15,13,6.0
2026-03-24 14:22:38,6.6,9.3,7.95,2,0.0
2026-03-24 14:22:52,6.0,7.2,6.53,3,1.0
2026-03-24 14:23:17,6.3,6.3,6.3,1,0.0
2026-03-24 14:23:19,6.1,8.7,7.58,20,11.0
2026-03-24 14:24:10,6.0,10.2,8.2,66,34.0
2026-03-24 14:24:46,6.0,10.9,8.3,13,7.0
2026-03-24 14:24:56,6.2,7.6,6.77,7,3.0
2026-03-24 14:25:05,6.2,6.2,6.2,1,0.0
2026-03-24 14:25:08,6.2,9.0,8.08,48,25.0
2026-03-24 14:25:35,6.0,8.9,7.21,8,4.0
2026-03-24 14:25:46,6.3,10.1,7.8,3,1.0
2026-03-24 14:25:49,6.3,10.6,8.67,24,13.0
2026-03-24 14:26:05,6.2,6.2,6.2,1,0.0
2026-03-24 14:26:13,6.0,6.0,6.0,1,0.0
2026-03-24 14:27:07,6.1,7.5,6.97,4,1.0
2026-03-24 14:27:15,6.2,9.3,7.29,26,13.0
2026-03-24 14:30:13,7.0,7.5,7.27,3,1.0
2026-03-24 14:30:17,6.1,12.6,9.21,16,8.0
2026-03-24 14:30:57,6.0,9.9,8.66,43,22.0
2026-03-24 14:32:37,6.1,8.3,7.39,11,6.0
2026-03-24 14:32:59,6.1,7.7,7.06,7,3.0
2026-03-24 14:36:52,6.1,6.1,6.1,1,0.0
2026-03-24 14:37:05,6.1,9.2,8.01,8,4.0
2026-03-24 14:37:37,6.9,6.9,6.9,1,0.0
2026-03-24 14:37:44,6.1,9.4,6.95,6,3.0
2026-03-24 14:38:19,6.2,8.6,7.4,2,1.0
2026-03-24 14:38:22,6.6,6.6,6.6,1,0.0
2026-03-24 14:38:24,6.3,6.8,6.55,2,0.0
2026-03-24 14:38:26,6.4,8.0,7.08,6,3.0
2026-03-24 14:38:35,6.1,13.2,9.68,61,31.0
2026-03-24 14:39:16,6.0,6.2,6.1,2,0.0
2026-03-24 14:39:19,6.3,6.4,6.35,2,0.0
2026-03-24 14:39:22,6.0,12.1,9.7,6,3.0
2026-03-24 14:39:31,6.0,10.1,8.39,21,11.0
2026-03-24 14:39:45,9.4,9.4,9.4,1,0.0
2026-03-24 14:40:07,6.1,6.1,6.1,1,0.0
2026-03-24 14:42:42,6.1,6.1,6.1,2,1.0
2026-03-24 14:44:00,6.1,8.7,6.94,7,5.0
2026-03-24 14:45:33,6.1,8.6,7.62,16,7.0
2026-03-24 14:45:58,6.3,7.3,6.8,3,1.0
2026-03-24 14:46:30,6.1,10.6,8.82,13,7.0
2026-03-24 14:48:11,6.1,6.1,6.1,1,0.0
2026-03-24 14:48:21,6.1,6.1,6.1,1,0.0
2026-03-24 14:52:58,6.2,6.4,6.3,2,0.0
2026-03-24 14:53:00,6.2,6.3,6.25,2,1.0
2026-03-24 14:54:00,6.1,9.2,8.0,24,12.0
2026-03-24 14:54:17,7.6,7.6,7.6,1,0.0
2026-03-24 14:54:19,6.1,10.7,8.07,12,6.0
2026-03-24 14:54:29,6.3,10.4,8.56,18,9.0
2026-03-24 14:54:40,6.0,8.6,7.56,5,2.0
2026-03-24 14:54:47,6.5,11.0,9.47,4,2.0
2026-03-24 14:55:00,6.1,11.8,8.44,20,11.0
2026-03-24 14:55:23,6.1,10.0,7.92,12,6.0
2026-03-24 14:55:46,6.1,7.4,6.58,4,3.0
2026-03-24 14:55:52,6.0,9.7,8.28,9,4.0
2026-03-24 14:56:42,6.5,6.5,6.5,1,0.0
2026-03-24 14:57:04,6.2,6.5,6.35,2,1.0
2026-03-24 14:57:12,6.1,6.1,6.1,1,0.0
2026-03-24 14:57:27,6.7,9.3,7.98,11,5.0
2026-03-24 14:57:34,6.0,6.0,6.0,1,0.0
2026-03-24 14:57:36,6.3,8.3,7.55,4,2.0
2026-03-24 14:57:51,6.0,9.3,6.72,8,4.0
2026-03-24 14:58:09,6.2,11.1,8.38,9,5.0
2026-03-24 14:58:18,7.0,7.0,7.0,1,0.0
2026-03-24 14:58:27,6.0,6.8,6.47,3,1.0
2026-03-24 14:58:47,6.4,8.9,7.65,2,1.0
2026-03-24 14:59:00,6.1,6.1,6.1,1,0.0
2026-03-24 14:59:07,6.0,6.6,6.2,5,3.0
2026-03-24 14:59:23,6.1,7.5,6.8,2,1.0
2026-03-24 14:59:31,6.2,6.5,6.35,2,1.0
2026-03-24 14:59:44,6.0,6.4,6.2,2,1.0
2026-03-24 15:01:21,6.1,11.1,8.83,9,4.0
2026-03-24 15:01:36,6.3,8.5,7.63,3,1.0
2026-03-24 15:01:48,6.0,6.0,6.0,1,0.0
2026-03-24 15:01:52,6.1,6.3,6.17,4,2.0
2026-03-24 15:02:06,6.0,6.0,6.0,1,0.0
2026-03-24 15:02:09,6.2,6.2,6.2,1,0.0
2026-03-24 15:02:22,6.1,6.1,6.1,2,1.0
2026-03-24 15:03:44,6.1,6.2,6.15,2,1.0
2026-03-24 15:04:24,6.3,7.1,6.72,4,2.0
2026-03-24 15:04:48,6.6,6.6,6.6,1,0.0
2026-03-24 15:05:05,6.1,9.7,7.86,14,7.0
2026-03-24 15:05:15,6.3,10.6,9.34,9,4.0
2026-03-24 15:05:45,6.8,6.8,6.8,1,0.0
2026-03-24 15:06:09,7.3,10.8,9.32,12,6.0
2026-03-24 15:06:17,6.3,8.5,7.88,4,1.0
2026-03-24 15:06:28,6.2,9.6,8.17,16,8.0
2026-03-24 15:06:38,6.0,8.5,7.47,3,1.0
2026-03-24 15:06:43,6.0,9.8,7.9,2,1.0
2026-03-24 15:06:46,6.1,7.2,6.73,3,1.0
2026-03-24 15:07:05,6.1,9.8,8.0,7,4.0
2026-03-24 15:07:22,6.4,8.8,7.96,7,3.0
2026-03-24 15:07:27,6.1,9.2,7.73,6,3.0
2026-03-24 15:09:58,6.2,6.2,6.2,2,1.0
2026-03-24 15:10:16,6.0,6.0,6.0,1,0.0
2026-03-24 15:10:25,6.7,9.0,8.1,4,1.0
2026-03-24 15:11:15,6.2,6.2,6.2,1,0.0
2026-03-24 15:12:11,6.7,6.7,6.7,1,0.0
2026-03-24 15:12:24,6.1,9.0,7.1,3,1.0
2026-03-24 15:12:28,6.3,6.6,6.47,4,1.0
2026-03-24 15:12:37,6.2,7.4,6.93,3,1.0
2026-03-24 15:12:41,6.3,6.3,6.3,1,0.0
2026-03-24 15:12:43,7.3,7.3,7.3,1,0.0
2026-03-24 15:12:55,6.1,6.1,6.1,1,0.0
2026-03-24 15:13:24,6.4,6.4,6.4,1,0.0
2026-03-24 15:13:29,6.2,9.2,7.98,6,3.0
2026-03-24 15:14:03,6.1,6.1,6.1,2,1.0
2026-03-24 15:14:09,6.0,6.0,6.0,1,0.0
2026-03-24 15:14:12,6.0,10.4,8.82,8,4.0
2026-03-24 15:14:56,6.1,9.8,7.93,6,3.0
2026-03-24 15:15:06,6.0,8.2,6.86,10,5.0
2026-03-24 15:15:32,6.0,7.6,7.03,4,1.0
2026-03-24 15:15:36,6.1,6.4,6.25,2,0.0
2026-03-24 15:15:39,6.1,9.0,7.42,9,4.0
2026-03-24 15:15:54,6.2,9.5,7.12,5,2.0
2026-03-24 15:15:58,6.4,8.0,7.53,7,3.0
2026-03-24 15:16:04,7.3,7.8,7.55,2,1.0
2026-03-24 15:16:07,6.0,7.6,7.07,9,5.0
2026-03-24 15:16:22,6.1,6.7,6.38,4,2.0
2026-03-24 15:16:29,6.1,6.2,6.15,2,1.0
2026-03-24 15:16:40,6.1,6.1,6.1,1,0.0
2026-03-24 15:17:21,6.1,6.1,6.1,1,0.0
2026-03-24 15:17:23,6.1,7.3,6.62,6,3.0
2026-03-24 15:17:31,6.1,6.1,6.1,1,0.0
2026-03-24 15:17:46,6.0,6.8,6.4,2,1.0
2026-03-24 15:17:59,6.2,6.2,6.2,1,0.0
2026-03-24 15:18:17,6.0,12.8,8.57,4,2.0
2026-03-24 15:22:18,6.0,10.3,7.56,5,2.0
2026-03-24 15:28:26,6.1,9.3,7.94,7,3.0
2026-03-24 15:30:02,6.2,6.2,6.2,1,0.0
2026-03-24 15:30:12,6.1,6.3,6.2,2,1.0
2026-03-24 15:32:09,6.0,6.0,6.0,1,0.0
2026-03-24 15:32:12,6.2,6.2,6.2,1,0.0
2026-03-24 15:32:41,6.3,10.6,8.18,6,2.0
2026-03-24 15:32:51,6.1,6.1,6.1,1,0.0
2026-03-24 15:35:32,6.0,6.0,6.0,1,0.0
2026-03-24 15:36:56,6.1,6.1,6.1,1,0.0
2026-03-24 15:37:00,6.3,6.3,6.3,1,0.0
2026-03-24 15:37:43,6.2,8.6,7.4,2,0.0
2026-03-24 15:37:45,6.3,6.3,6.3,1,0.0
2026-03-24 15:38:08,6.8,6.8,6.8,1,0.0
2026-03-24 15:38:34,6.0,6.0,6.0,1,0.0
2026-03-24 15:40:48,6.1,6.1,6.1,1,0.0
2026-03-24 15:49:54,6.1,6.1,6.1,1,0.0
2026-03-24 15:51:42,6.1,8.8,7.35,4,2.0
2026-03-24 15:51:59,6.1,6.4,6.2,3,2.0
2026-03-24 15:52:37,6.0,6.1,6.05,2,1.0
2026-03-24 15:52:54,6.1,6.1,6.1,1,0.0
2026-03-24 15:53:05,6.1,9.1,7.04,5,3.0
2026-03-24 15:54:10,6.3,8.9,7.6,2,1.0
2026-03-24 15:54:13,6.2,6.2,6.2,1,0.0
2026-03-24 15:54:54,6.3,8.3,7.43,6,3.0
2026-03-24 15:55:07,6.2,11.8,8.88,40,20.0
2026-03-24 15:55:29,7.1,8.7,7.7,3,1.0
2026-03-24 15:55:33,6.6,7.9,7.22,4,1.0
2026-03-24 15:55:36,6.1,9.4,7.75,2,1.0
2026-03-24 16:02:58,6.7,6.7,6.7,1,0.0
2026-03-24 16:04:30,6.0,6.0,6.0,1,0.0
2026-03-24 16:04:32,6.2,6.2,6.2,1,0.0
2026-03-24 16:04:59,6.4,6.4,6.4,1,0.0
2026-03-24 16:05:41,6.2,6.2,6.2,1,0.0
2026-03-24 16:06:31,6.0,6.2,6.1,2,0.0
2026-03-24 16:06:46,6.0,6.0,6.0,1,0.0
2026-03-24 16:07:03,6.2,10.0,7.57,7,3.0
2026-03-24 16:07:37,6.1,6.1,6.1,1,0.0
2026-03-24 16:08:53,7.4,7.4,7.4,1,0.0
2026-03-24 16:09:52,6.0,7.0,6.25,4,1.0
2026-03-24 16:09:55,6.4,6.9,6.65,2,0.0
2026-03-24 16:09:58,8.4,8.4,8.4,1,0.0
2026-03-24 16:10:12,6.1,12.4,8.42,49,25.0
2026-03-24 16:10:41,6.0,6.0,6.0,2,1.0
2026-03-24 16:10:44,6.0,8.7,6.93,9,4.0
2026-03-24 16:11:26,7.6,7.6,7.6,1,0.0
2026-03-24 16:11:46,6.4,6.4,6.4,1,0.0
2026-03-24 16:11:48,6.9,6.9,6.9,1,0.0
2026-03-24 16:12:09,6.1,7.1,6.53,3,1.0
2026-03-24 16:12:18,6.4,6.4,6.4,1,0.0
2026-03-24 16:12:21,6.1,6.1,6.1,1,0.0
2026-03-24 16:12:27,8.1,8.1,8.1,1,0.0
2026-03-24 16:13:05,6.1,6.1,6.1,1,0.0
2026-03-24 16:17:41,6.0,7.5,6.48,11,5.0
2026-03-24 16:17:48,6.0,7.6,6.65,4,2.0
2026-03-24 16:17:58,6.0,11.2,7.38,26,14.0
2026-03-24 16:18:33,6.0,9.8,7.47,23,13.0
2026-03-24 16:18:49,6.1,7.7,6.82,6,3.0
2026-03-24 16:19:05,6.0,10.4,7.56,9,5.0
2026-03-24 16:19:13,6.1,7.1,6.62,5,2.0
2026-03-24 16:19:17,6.1,8.8,7.45,2,0.0
2026-03-24 16:19:23,6.3,8.6,7.65,4,2.0
2026-03-24 16:19:29,6.5,6.5,6.5,1,0.0
2026-03-24 16:19:45,6.1,6.1,6.1,1,0.0
2026-03-24 16:20:08,6.8,7.4,7.1,2,0.0
2026-03-24 16:20:24,6.1,6.1,6.1,1,0.0
2026-03-24 16:20:26,6.1,8.7,6.81,8,3.0
2026-03-24 16:20:36,6.1,6.1,6.1,1,0.0
2026-03-24 16:20:38,6.1,6.1,6.1,2,0.0
2026-03-24 16:20:48,6.5,6.5,6.5,1,0.0
2026-03-24 16:20:51,6.0,11.1,8.05,15,8.0
2026-03-24 16:21:08,6.0,10.8,7.73,19,10.0
2026-03-24 16:21:29,6.1,9.1,8.03,17,8.0
2026-03-24 16:21:39,6.1,7.7,6.9,2,0.0
2026-03-24 16:21:59,6.3,10.1,7.92,13,6.0
2026-03-24 16:22:07,6.2,6.2,6.2,1,0.0
2026-03-24 16:22:18,6.4,14.2,9.87,82,43.0
2026-03-24 16:23:07,6.1,6.1,6.1,1,0.0
2026-03-24 16:23:10,6.5,9.8,7.55,6,3.0
2026-03-24 16:23:17,6.3,6.3,6.3,1,0.0
2026-03-24 16:26:39,6.3,6.3,6.3,1,0.0
2026-03-24 16:26:52,7.9,7.9,7.9,1,0.0
2026-03-24 16:26:59,6.3,6.3,6.3,1,0.0
2026-03-24 16:27:01,6.1,6.6,6.32,4,1.0
2026-03-24 16:27:04,6.2,7.6,6.9,2,1.0
2026-03-24 16:27:07,6.3,7.3,6.73,3,1.0
2026-03-24 16:27:10,6.9,6.9,6.9,1,0.0
2026-03-24 16:27:14,6.1,8.6,7.55,4,2.0
2026-03-24 16:27:23,6.4,6.4,6.4,1,0.0
2026-03-24 16:27:39,6.1,6.1,6.1,1,0.0
2026-03-24 16:27:43,6.2,7.5,6.88,5,3.0
2026-03-24 16:27:50,7.0,7.0,7.0,1,0.0
2026-03-24 16:28:04,6.1,6.1,6.1,1,0.0
2026-03-24 16:28:06,6.5,8.4,7.62,4,2.0
2026-03-24 16:28:25,6.1,6.1,6.1,1,0.0
2026-03-24 16:28:30,6.2,9.2,7.7,2,0.0
2026-03-24 16:28:44,6.2,9.3,7.71,11,6.0
2026-03-24 16:29:07,6.2,6.2,6.2,1,0.0
2026-03-24 16:31:00,6.0,6.7,6.35,2,1.0
2026-03-24 16:31:11,6.1,11.4,8.23,11,6.0
2026-03-24 16:31:19,6.2,8.6,7.4,2,1.0
2026-03-24 16:31:40,6.4,8.7,7.11,9,5.0
2026-03-24 16:31:53,6.0,8.5,7.13,14,7.0
2026-03-24 16:32:13,6.1,8.4,7.31,8,3.0
2026-03-24 16:33:13,6.1,7.9,6.44,7,3.0
2026-03-24 16:34:28,6.1,12.6,7.93,46,24.0
2026-03-24 16:34:54,6.3,10.2,8.77,13,6.0
2026-03-24 16:35:02,6.0,10.2,7.65,6,3.0
2026-03-24 16:35:09,6.1,8.8,7.07,7,3.0
2026-03-24 16:35:16,6.1,9.8,7.63,11,5.0
2026-03-24 16:35:23,6.1,6.1,6.1,1,0.0
2026-03-24 16:35:34,6.2,7.6,6.82,5,2.0
2026-03-24 16:35:38,6.0,6.3,6.12,4,1.0
2026-03-24 16:35:41,6.3,7.2,6.7,5,2.0
2026-03-24 16:36:00,6.0,8.1,6.84,9,5.0
2026-03-24 16:36:10,6.7,11.1,8.78,12,6.0
2026-03-24 16:36:21,6.2,7.9,7.31,22,10.0
2026-03-24 16:36:42,6.1,7.8,6.79,9,5.0
2026-03-24 16:37:12,6.4,6.4,6.4,1,0.0
2026-03-24 16:37:16,6.0,6.2,6.1,2,0.0
2026-03-24 16:37:18,6.0,8.7,7.02,12,6.0
2026-03-24 16:37:34,6.3,7.5,6.9,2,1.0
2026-03-24 16:37:37,6.3,8.1,7.03,4,2.0
2026-03-24 16:37:41,6.0,7.5,6.59,11,5.0
2026-03-24 16:37:58,8.0,8.0,8.0,1,0.0
2026-03-24 16:38:01,6.5,10.5,8.53,10,4.0
2026-03-24 16:38:20,6.8,9.2,7.87,6,2.0
2026-03-24 16:38:25,6.1,7.6,7.03,4,1.0
2026-03-24 16:38:42,6.0,8.5,7.25,2,0.0
2026-03-24 16:38:44,6.0,9.9,7.35,49,28.0
2026-03-24 16:39:14,6.1,9.3,7.12,9,4.0
2026-03-24 16:39:20,6.3,8.4,7.16,7,3.0
2026-03-24 16:39:30,6.3,6.3,6.3,1,0.0
2026-03-24 16:39:35,6.0,7.6,6.65,13,7.0
2026-03-24 16:39:53,6.1,8.8,7.45,2,0.0
2026-03-24 16:40:12,6.2,7.2,6.7,2,1.0
2026-03-24 16:40:17,6.5,6.7,6.6,2,1.0
2026-03-24 16:40:21,6.1,7.9,6.86,8,4.0
2026-03-24 16:40:29,6.1,8.3,7.09,9,4.0
2026-03-24 16:40:38,6.3,7.1,6.7,2,0.0
2026-03-24 16:40:46,6.2,9.9,7.93,3,1.0
2026-03-24 16:40:49,6.0,7.2,6.49,7,4.0
2026-03-24 16:41:01,6.5,12.2,9.7,16,8.0
2026-03-24 16:41:12,6.1,9.0,7.69,9,4.0
2026-03-24 16:41:27,6.1,9.4,7.88,8,4.0
2026-03-24 16:41:46,6.2,9.2,7.31,7,3.0
2026-03-24 16:42:02,6.1,10.3,8.31,11,6.0
2026-03-24 16:42:22,6.0,6.9,6.28,6,3.0
2026-03-24 16:42:34,6.0,6.5,6.25,2,1.0
2026-03-24 16:42:37,6.2,6.2,6.2,2,0.0
2026-03-24 16:42:48,6.0,6.6,6.32,6,3.0
2026-03-24 16:42:53,6.3,6.3,6.3,1,0.0
2026-03-24 16:43:58,6.0,9.6,7.58,22,11.0
2026-03-24 16:44:18,6.1,6.1,6.1,1,0.0
2026-03-24 16:44:22,6.1,9.5,7.8,2,0.0
2026-03-24 16:44:31,6.3,13.0,9.95,14,7.0
2026-03-24 16:44:43,7.2,8.2,7.7,5,2.0
2026-03-24 16:44:47,6.0,12.7,8.66,111,58.0
2026-03-24 16:46:02,6.1,8.6,6.97,11,5.0
2026-03-24 16:46:14,6.0,8.2,6.62,6,3.0
2026-03-24 16:46:19,6.3,6.3,6.3,1,0.0
2026-03-24 16:46:30,6.5,8.7,7.16,9,4.0
2026-03-24 16:46:40,6.0,9.8,7.59,15,8.0
2026-03-24 16:46:57,6.1,8.7,7.1,11,6.0
2026-03-24 16:47:28,6.1,8.1,6.6,6,3.0
2026-03-24 16:47:53,6.0,10.5,7.26,16,9.0
2026-03-24 16:48:20,6.3,7.1,6.6,3,1.0
2026-03-24 16:48:39,6.0,9.1,8.0,7,3.0
2026-03-24 16:48:57,6.4,6.4,6.4,1,0.0
2026-03-24 16:49:13,6.5,7.4,6.95,2,1.0
2026-03-24 16:49:22,6.0,7.7,6.85,6,3.0
2026-03-24 16:50:15,6.1,6.9,6.5,2,0.0
2026-03-24 16:50:17,6.0,8.3,7.17,4,1.0
2026-03-24 16:50:20,6.2,6.9,6.55,2,0.0
2026-03-24 16:50:39,6.0,6.1,6.07,3,2.0
2026-03-24 16:50:50,7.5,7.5,7.5,1,0.0
2026-03-24 16:51:36,6.9,6.9,6.9,1,0.0
2026-03-24 16:51:59,6.1,6.1,6.1,1,0.0
2026-03-24 16:52:23,6.0,6.0,6.0,1,0.0
2026-03-24 16:52:53,6.2,7.4,6.8,2,1.0
2026-03-24 16:53:15,7.2,7.2,7.2,1,0.0
2026-03-24 16:53:26,6.0,6.5,6.27,3,1.0
2026-03-24 16:53:29,6.6,9.4,7.42,4,2.0
2026-03-24 16:53:59,6.2,6.2,6.2,1,0.0
2026-03-24 16:54:04,6.1,9.0,7.95,30,16.0
2026-03-24 16:54:31,6.5,6.7,6.58,4,3.0
2026-03-24 16:54:49,6.2,9.8,7.59,14,8.0
2026-03-24 16:54:59,6.7,7.5,7.17,3,1.0
2026-03-24 16:55:02,6.2,6.2,6.2,2,0.0
2026-03-24 16:55:10,6.0,8.1,6.83,3,1.0
2026-03-24 16:55:15,6.2,7.1,6.66,5,3.0
2026-03-24 16:55:20,6.1,9.3,7.66,7,3.0
2026-03-24 16:55:30,6.5,6.5,6.5,1,0.0
2026-03-24 16:55:37,6.0,12.4,9.06,121,65.0
2026-03-24 16:56:44,6.1,6.1,6.1,1,0.0
2026-03-24 16:56:49,6.2,6.2,6.2,1,0.0
2026-03-24 16:56:53,6.0,8.6,7.38,22,12.0
2026-03-24 16:57:14,6.0,9.0,7.1,12,6.0
2026-03-24 16:57:22,6.2,9.6,7.66,16,8.0
2026-03-24 16:59:59,7.2,7.2,7.2,1,0.0
2026-03-24 17:00:29,6.1,8.9,7.32,5,3.0
2026-03-24 17:00:40,6.0,10.8,7.33,44,22.0
2026-03-24 17:01:05,6.1,11.3,8.53,48,25.0
2026-03-24 17:01:37,6.2,8.5,7.59,10,5.0
2026-03-24 17:01:55,6.5,9.7,7.82,4,2.0
2026-03-24 17:02:09,6.1,8.9,7.27,27,15.0
2026-03-24 17:02:27,6.1,11.8,8.93,47,24.0
2026-03-24 17:03:06,6.0,8.9,7.15,17,9.0
2026-03-24 17:03:21,6.1,9.8,7.78,14,7.0
2026-03-24 17:03:31,6.2,12.5,9.23,14,7.0
2026-03-24 17:03:40,6.4,6.4,6.4,1,0.0
2026-03-24 17:04:03,7.0,7.0,7.0,1,0.0
2026-03-24 17:04:37,6.2,9.6,7.7,3,1.0
2026-03-24 17:04:41,6.4,6.4,6.4,2,1.0
2026-03-24 17:05:17,6.6,6.9,6.7,3,1.0
2026-03-24 17:05:21,6.2,6.2,6.2,1,0.0
2026-03-24 17:07:15,6.4,6.4,6.4,1,0.0
2026-03-24 17:07:29,6.2,6.5,6.35,2,1.0
2026-03-24 17:07:32,6.1,11.6,8.22,20,12.0
2026-03-24 17:07:50,6.0,8.9,7.32,5,2.0
2026-03-24 17:08:06,6.5,6.5,6.5,1,0.0
2026-03-24 17:08:12,6.1,6.1,6.1,1,0.0
2026-03-24 17:08:49,6.4,6.4,6.4,1,0.0
2026-03-24 17:09:02,6.8,6.8,6.8,1,0.0
2026-03-24 17:09:10,6.0,9.8,7.96,5,3.0
2026-03-24 17:09:17,6.0,10.1,7.98,5,2.0
2026-03-24 17:09:33,6.0,6.0,6.0,1,0.0
2026-03-24 17:09:44,6.1,6.1,6.1,1,0.0
2026-03-24 17:09:48,6.4,13.0,8.74,38,20.0
2026-03-24 17:10:32,6.1,7.5,6.64,9,7.0
2026-03-24 17:10:42,6.0,7.0,6.38,8,4.0
2026-03-24 17:10:59,6.1,11.0,7.94,11,6.0
2026-03-24 17:11:34,6.1,11.2,8.28,17,9.0
2026-03-24 17:12:40,6.3,7.7,7.22,4,1.0
2026-03-24 17:12:56,6.2,6.2,6.2,1,0.0
2026-03-24 17:13:06,6.2,8.5,7.41,7,3.0
2026-03-24 17:13:11,6.2,6.2,6.2,1,0.0
2026-03-24 17:13:23,6.3,6.3,6.3,1,0.0
2026-03-24 17:13:25,6.5,6.5,6.5,1,0.0
2026-03-24 17:13:35,6.2,6.6,6.4,2,1.0
2026-03-24 17:13:38,6.0,6.5,6.25,2,1.0
2026-03-24 17:13:50,6.7,8.2,7.57,3,2.0
2026-03-24 17:13:54,6.2,10.1,7.56,34,17.0
2026-03-24 17:14:23,6.0,7.9,6.87,9,5.0
2026-03-24 17:14:53,6.1,10.0,7.63,18,10.0
2026-03-24 17:15:06,6.7,6.7,6.7,1,0.0
2026-03-24 17:15:18,7.0,7.0,7.0,1,0.0
2026-03-24 17:15:22,7.0,8.6,7.53,3,1.0
2026-03-24 17:15:32,6.5,8.0,7.16,5,2.0
2026-03-24 17:15:45,6.2,9.7,7.58,8,5.0
2026-03-24 17:16:00,6.0,10.2,8.12,25,13.0
2026-03-24 17:16:16,6.2,6.2,6.2,1,0.0
2026-03-24 17:16:26,6.1,10.0,7.67,18,11.0
2026-03-24 17:16:43,6.1,10.5,8.33,9,5.0
2026-03-24 17:16:53,6.1,11.2,8.6,32,17.0
2026-03-24 17:17:12,6.1,6.1,6.1,1,0.0
2026-03-24 17:17:14,6.1,10.7,8.55,17,8.0
2026-03-24 17:17:25,6.6,11.7,9.51,9,4.0
2026-03-24 17:17:34,6.4,9.0,7.53,3,1.0
2026-03-24 17:17:37,7.6,8.6,7.97,4,1.0
2026-03-24 17:17:41,6.1,10.5,8.45,11,6.0
2026-03-24 17:18:16,6.1,10.9,7.39,10,7.0
2026-03-24 17:18:34,6.5,11.6,9.24,10,5.0
2026-03-24 17:18:43,6.3,9.9,8.05,4,1.0
2026-03-24 17:18:54,6.1,9.7,7.85,4,2.0
2026-03-24 17:18:59,6.2,8.4,7.46,9,6.0
2026-03-24 17:19:12,6.4,7.6,6.88,4,2.0
2026-03-24 17:19:55,6.2,7.7,6.93,10,5.0
2026-03-24 17:22:44,6.8,7.1,6.95,2,0.0
2026-03-24 17:22:47,6.5,7.8,7.19,7,3.0
2026-03-24 17:23:43,6.1,6.2,6.15,2,0.0
2026-03-24 17:23:47,6.1,8.4,7.32,10,4.0
2026-03-24 17:23:53,6.2,6.2,6.2,1,0.0
2026-03-24 17:23:55,6.1,6.2,6.15,2,1.0
2026-03-24 17:23:58,6.0,7.3,6.78,10,5.0
2026-03-24 17:24:05,6.1,6.1,6.1,1,0.0
2026-03-24 17:24:07,6.1,9.8,7.04,9,4.0
2026-03-24 17:24:15,6.2,6.2,6.2,1,0.0
2026-03-24 17:24:17,6.3,6.3,6.3,1,0.0
2026-03-24 17:24:22,6.1,10.7,8.12,9,4.0
2026-03-24 17:24:40,6.0,10.2,7.15,13,7.0
2026-03-24 17:24:49,6.3,6.3,6.3,1,0.0
2026-03-24 17:24:51,6.1,6.5,6.3,2,0.0
2026-03-24 17:24:54,6.1,9.3,7.68,6,2.0
2026-03-24 17:25:07,6.1,6.6,6.3,3,1.0
2026-03-24 17:25:10,6.0,6.0,6.0,1,0.0
2026-03-24 17:25:16,6.6,6.6,6.6,1,0.0
2026-03-24 17:25:21,6.4,7.0,6.73,3,1.0
2026-03-24 17:25:28,6.0,10.2,7.86,10,5.0
2026-03-24 17:25:51,6.0,7.9,6.66,8,4.0
2026-03-24 17:25:57,6.0,6.4,6.27,3,1.0
2026-03-24 17:26:00,6.5,7.8,7.23,6,2.0
2026-03-24 17:26:34,6.9,7.2,7.05,2,1.0
2026-03-24 17:26:46,6.0,10.0,8.13,40,20.0
2026-03-24 17:27:11,6.2,8.7,7.43,18,10.0
2026-03-24 17:27:41,6.3,7.4,6.66,7,3.0
2026-03-24 17:27:46,7.2,8.8,8.1,7,3.0
2026-03-24 17:27:53,6.0,8.2,7.0,5,2.0
2026-03-24 17:28:36,6.2,6.2,6.2,1,0.0
2026-03-24 17:28:38,6.1,9.9,7.36,7,5.0
2026-03-24 17:28:52,6.0,8.0,6.71,12,6.0
2026-03-24 17:29:08,6.6,7.1,6.8,3,1.0
2026-03-24 17:29:32,6.0,6.0,6.0,1,0.0
2026-03-24 17:29:57,6.1,6.1,6.1,2,1.0
2026-03-24 17:30:02,6.1,6.2,6.15,2,1.0
2026-03-24 17:30:28,6.1,6.7,6.4,2,1.0
2026-03-24 17:31:05,7.9,7.9,7.9,1,0.0
2026-03-24 17:31:19,6.2,8.0,7.27,6,3.0
2026-03-24 17:31:30,6.1,8.1,7.07,3,1.0
2026-03-24 17:31:52,6.3,8.1,7.13,3,1.0
2026-03-24 17:31:58,6.1,9.3,7.32,11,5.0
2026-03-24 17:32:08,6.3,6.3,6.3,1,0.0
2026-03-24 17:32:23,6.1,8.6,7.17,4,2.0
2026-03-24 17:32:29,6.0,6.0,6.0,1,0.0
2026-03-24 17:32:39,6.1,11.9,9.89,9,4.0
2026-03-24 17:32:50,6.1,6.7,6.4,4,2.0
2026-03-24 17:32:57,6.0,6.3,6.15,2,0.0
2026-03-24 17:33:38,6.1,6.7,6.3,4,1.0
2026-03-24 17:34:08,6.0,8.2,7.12,8,4.0
2026-03-24 17:34:24,6.2,8.4,7.42,6,3.0
2026-03-24 17:34:37,6.1,8.7,7.27,7,3.0
2026-03-24 17:35:08,6.0,9.2,7.65,17,8.0
2026-03-24 17:36:12,6.0,10.9,8.01,63,33.0
2026-03-24 17:36:53,6.2,6.2,6.2,1,0.0
2026-03-24 17:38:39,6.0,7.1,6.45,6,3.0
2026-03-24 17:38:58,6.1,6.4,6.3,3,1.0
2026-03-24 17:39:27,6.2,7.4,6.65,6,3.0
2026-03-24 17:39:32,6.1,6.1,6.1,1,0.0
2026-03-24 17:39:43,7.0,7.0,7.0,1,0.0
2026-03-24 17:40:13,6.6,6.6,6.6,1,0.0
2026-03-24 17:40:32,6.3,6.3,6.3,1,0.0
2026-03-24 17:40:44,6.0,6.0,6.0,1,0.0
2026-03-24 17:40:54,6.1,6.1,6.1,1,0.0
2026-03-24 17:41:11,6.1,6.1,6.1,1,0.0
2026-03-24 17:43:34,6.3,6.3,6.3,1,0.0
2026-03-24 17:43:40,6.4,6.4,6.4,1,0.0
2026-03-24 17:43:54,6.2,7.2,6.57,3,1.0
2026-03-24 17:46:27,6.4,6.4,6.4,1,0.0
2026-03-24 17:48:27,6.4,6.4,6.4,1,0.0
2026-03-24 17:48:45,9.2,9.3,9.25,2,0.0
2026-03-24 17:49:29,6.0,6.9,6.37,3,2.0
2026-03-24 17:49:57,6.5,8.9,7.7,2,1.0
2026-03-24 17:51:05,6.1,6.1,6.1,1,0.0
2026-03-24 17:51:23,6.9,6.9,6.9,1,0.0
2026-03-24 17:52:21,6.0,6.0,6.0,1,0.0
2026-03-24 17:52:38,6.1,6.1,6.1,2,1.0
2026-03-24 17:53:08,6.0,6.9,6.37,3,1.0
2026-03-24 17:53:41,6.2,8.9,7.55,2,0.0
2026-03-24 17:54:08,6.1,6.1,6.1,1,0.0
2026-03-24 17:56:00,6.6,7.3,6.95,2,1.0
2026-03-24 17:57:22,6.1,6.5,6.33,3,2.0
2026-03-24 17:57:35,6.1,9.1,7.16,5,3.0
2026-03-24 17:58:00,6.6,6.6,6.6,1,0.0
2026-03-24 17:58:17,6.0,7.5,6.62,4,2.0
2026-03-24 17:59:03,6.3,8.6,7.23,9,4.0
2026-03-24 17:59:45,6.0,6.7,6.32,5,3.0
2026-03-24 17:59:58,6.1,6.1,6.1,1,0.0
2026-03-24 18:00:04,6.1,6.1,6.1,1,0.0
2026-03-24 18:01:05,6.2,6.2,6.2,1,0.0
2026-03-24 18:01:15,6.1,6.1,6.1,2,0.0
2026-03-24 18:03:09,6.4,6.4,6.4,1,0.0
2026-03-24 18:03:21,6.1,6.6,6.33,4,2.0
2026-03-24 18:05:57,6.6,7.9,7.25,2,1.0
2026-03-24 18:07:58,6.0,6.6,6.3,2,1.0
2026-03-24 18:08:01,6.0,8.5,7.41,8,4.0
2026-03-24 18:08:32,6.1,7.2,6.54,5,3.0
2026-03-24 18:08:39,6.2,7.9,6.88,6,3.0
2026-03-24 18:08:56,6.0,9.0,7.65,4,1.0
2026-03-24 18:09:17,6.2,6.2,6.2,1,0.0
2026-03-24 18:10:31,6.2,8.8,7.48,6,3.0
2026-03-24 18:11:36,6.1,6.1,6.1,1,0.0
2026-03-24 18:13:24,6.2,6.2,6.2,1,0.0
2026-03-24 18:13:36,6.0,6.0,6.0,1,0.0
2026-03-24 18:14:31,6.1,9.4,7.47,11,6.0
2026-03-24 18:14:41,6.0,6.0,6.0,1,0.0
2026-03-24 18:14:43,6.4,7.0,6.7,2,1.0
2026-03-24 18:15:43,6.5,6.5,6.5,1,0.0
2026-03-24 18:24:51,7.2,7.2,7.2,1,0.0
2026-03-24 18:35:35,6.3,6.3,6.3,1,0.0
2026-03-24 18:36:35,6.5,6.5,6.5,1,0.0
2026-03-24 18:36:41,9.7,9.7,9.7,1,0.0
2026-03-24 18:39:40,8.1,8.1,8.1,1,0.0
2026-03-24 18:43:19,6.0,6.2,6.1,2,1.0
2026-03-24 18:44:53,7.1,7.7,7.43,3,1.0
2026-03-24 18:49:58,6.1,7.7,7.06,5,2.0
2026-03-24 19:00:48,9.2,9.2,9.2,1,0.0
2026-03-24 19:02:14,6.5,6.5,6.5,1,0.0
2026-03-24 19:02:31,6.2,6.9,6.55,2,1.0
2026-03-24 19:11:16,6.3,6.3,6.3,1,0.0
2026-03-24 19:16:50,6.8,6.8,6.8,1,0.0
2026-03-24 19:20:02,6.3,6.4,6.35,2,0.0
2026-03-24 19:23:39,6.9,7.2,7.05,2,1.0
2026-03-24 19:23:49,6.3,6.3,6.3,1,0.0
2026-03-24 19:28:25,6.1,9.1,7.91,7,3.0
2026-03-24 19:28:55,6.1,6.1,6.1,1,0.0
2026-03-24 19:30:21,6.6,7.6,7.22,4,1.0
2026-03-24 19:31:26,6.0,6.2,6.1,2,1.0
2026-03-24 19:31:58,6.2,6.6,6.4,2,0.0
2026-03-24 19:33:22,6.2,6.2,6.2,1,0.0
2026-03-24 19:35:25,6.0,6.0,6.0,1,0.0
2026-03-24 19:35:27,6.0,10.3,7.8,23,12.0
2026-03-24 19:35:41,6.3,6.6,6.45,2,0.0
2026-03-24 19:35:54,6.2,7.9,7.01,16,9.0
2026-03-24 19:36:09,6.4,8.6,7.9,5,2.0
2026-03-24 19:36:14,6.5,8.0,7.38,4,1.0
2026-03-24 19:40:54,6.3,7.0,6.67,3,1.0
2026-03-24 19:42:04,6.9,10.1,8.5,4,3.0
2026-03-24 19:42:51,6.2,6.2,6.2,1,0.0
2026-03-24 19:43:46,6.7,6.7,6.7,1,0.0
2026-03-24 19:44:42,6.1,6.1,6.1,1,0.0
2026-03-24 19:46:55,6.0,6.2,6.1,2,0.0
2026-03-24 19:46:57,6.1,6.4,6.27,3,1.0
2026-03-24 19:47:15,6.0,8.2,6.51,16,9.0
2026-03-24 19:50:27,6.1,6.1,6.1,1,0.0
2026-03-24 19:50:55,6.1,7.9,7.23,3,1.0
2026-03-24 19:51:06,6.1,6.1,6.1,1,0.0
2026-03-24 19:51:14,6.3,7.6,6.95,2,0.0
2026-03-24 19:51:25,6.5,6.5,6.5,1,0.0
2026-03-24 19:52:07,6.3,7.0,6.65,2,1.0
2026-03-24 19:52:15,6.3,7.7,7.0,2,0.0
2026-03-24 19:52:40,6.5,6.5,6.5,1,0.0
2026-03-24 19:53:59,6.2,6.2,6.2,1,0.0
2026-03-24 19:54:46,6.0,8.4,7.43,4,2.0
2026-03-24 19:56:48,6.3,7.0,6.6,3,1.0
2026-03-24 19:57:49,7.3,7.3,7.3,1,0.0
2026-03-24 19:58:36,6.6,6.6,6.6,1,0.0
2026-03-24 19:58:59,6.5,6.5,6.5,1,0.0
2026-03-24 19:59:14,7.3,7.3,7.3,1,0.0
2026-03-24 19:59:16,9.2,9.2,9.2,1,0.0
2026-03-24 19:59:44,6.3,6.3,6.3,1,0.0
2026-03-24 20:02:08,7.2,7.2,7.2,1,0.0
2026-03-24 20:03:09,6.5,6.5,6.5,1,0.0
2026-03-24 20:03:52,6.4,6.4,6.4,1,0.0
2026-03-24 20:04:04,6.0,6.0,6.0,1,0.0
2026-03-24 20:06:46,9.4,9.4,9.4,1,0.0
2026-03-24 20:08:31,6.3,6.3,6.3,1,0.0
2026-03-24 20:17:12,6.1,6.1,6.1,1,0.0
2026-03-24 20:22:08,6.1,7.2,6.8,3,1.0
2026-03-24 20:23:56,6.1,6.1,6.1,1,0.0
2026-03-24 20:25:58,6.5,6.5,6.5,1,0.0
2026-03-24 20:26:06,6.1,7.2,6.44,5,3.0
2026-03-24 20:26:45,6.2,6.4,6.3,2,1.0
2026-03-24 20:29:15,6.3,6.3,6.3,1,0.0
2026-03-24 20:29:39,6.2,6.6,6.43,3,1.0
2026-03-24 20:30:15,6.7,6.7,6.7,1,0.0
2026-03-24 20:30:37,6.3,6.3,6.3,1,0.0
2026-03-24 20:30:54,6.8,6.8,6.8,1,0.0
2026-03-24 20:30:56,6.2,6.3,6.25,2,0.0
2026-03-24 20:31:18,6.2,6.2,6.2,1,0.0
2026-03-24 20:31:54,6.1,6.1,6.1,1,0.0
2026-03-24 20:31:59,6.0,9.1,7.36,10,5.0
2026-03-24 20:32:13,6.0,6.0,6.0,1,0.0
2026-03-24 20:32:38,6.5,6.5,6.5,1,0.0
2026-03-24 20:33:32,6.1,6.1,6.1,1,0.0
2026-03-24 20:33:39,6.6,6.6,6.6,1,0.0
2026-03-24 20:34:57,6.5,7.5,7.03,3,2.0
2026-03-24 20:35:06,6.5,6.5,6.5,1,0.0
2026-03-24 20:35:18,7.5,8.5,7.97,3,1.0
2026-03-24 20:35:53,8.1,8.1,8.1,1,0.0
2026-03-24 20:35:56,6.2,6.2,6.2,1,0.0
2026-03-24 20:36:31,6.0,6.0,6.0,1,0.0
2026-03-24 20:37:11,6.1,6.6,6.4,4,2.0
2026-03-24 20:37:52,6.7,8.8,7.75,2,0.0
2026-03-24 20:38:49,6.1,7.7,7.13,3,1.0
2026-03-24 20:39:01,7.3,7.3,7.3,1,0.0
2026-03-24 20:39:27,6.8,6.8,6.8,1,0.0
2026-03-24 20:40:08,6.2,6.7,6.47,3,1.0
2026-03-24 20:40:55,6.4,6.4,6.4,1,0.0
2026-03-24 20:41:07,6.2,6.2,6.2,1,0.0
2026-03-24 20:41:18,6.0,6.0,6.0,1,0.0
2026-03-24 20:41:21,6.6,9.2,8.17,3,1.0
2026-03-24 20:41:28,6.4,6.4,6.4,1,0.0
2026-03-24 20:41:35,6.4,7.2,6.8,2,0.0
2026-03-24 20:41:48,6.1,6.1,6.1,1,0.0
2026-03-24 20:42:02,6.6,6.6,6.6,1,0.0
2026-03-24 20:44:26,6.3,6.3,6.3,1,0.0
2026-03-24 20:44:45,6.0,9.7,7.79,11,5.0
2026-03-24 20:45:10,6.2,8.5,7.35,2,0.0
2026-03-24 20:45:37,7.9,7.9,7.9,1,0.0
2026-03-24 20:45:48,8.5,8.7,8.6,2,1.0
2026-03-24 20:46:42,6.4,9.7,7.5,3,1.0
2026-03-24 20:46:46,7.0,9.1,8.27,3,1.0
2026-03-24 20:47:04,6.2,6.2,6.2,1,0.0
2026-03-24 20:47:07,6.1,7.0,6.55,2,0.0
2026-03-24 20:48:30,6.5,8.6,7.55,2,0.0
2026-03-24 20:49:21,7.1,7.2,7.15,2,0.0
2026-03-24 20:49:32,6.7,6.7,6.7,1,0.0
2026-03-24 20:49:59,6.6,8.9,7.75,2,1.0
2026-03-24 20:50:16,6.4,8.9,7.65,2,0.0
2026-03-24 20:50:38,6.1,6.7,6.4,2,0.0
2026-03-24 20:51:21,6.1,6.1,6.1,1,0.0
2026-03-24 20:52:27,6.0,8.9,7.45,2,0.0
2026-03-24 20:53:47,6.4,6.4,6.4,1,0.0
2026-03-24 20:55:05,6.2,6.2,6.2,1,0.0
2026-03-24 20:58:17,6.7,7.2,6.95,2,1.0
2026-03-24 20:59:33,6.8,7.3,7.05,2,0.0
2026-03-24 20:59:44,6.0,6.3,6.15,2,0.0
2026-03-24 21:04:39,6.3,6.9,6.6,2,1.0
2026-03-24 21:04:52,7.5,7.5,7.5,1,0.0
2026-03-24 21:05:02,6.8,6.8,6.8,1,0.0
2026-03-24 21:06:30,6.6,6.6,6.6,1,0.0
2026-03-24 21:08:50,6.2,6.2,6.2,1,0.0
2026-03-24 21:09:00,6.4,6.4,6.4,1,0.0
2026-03-24 21:11:29,6.7,7.3,7.0,2,0.0
2026-03-24 21:18:28,7.0,7.0,7.0,1,0.0
2026-03-24 21:20:31,6.5,6.5,6.5,1,0.0
2026-03-24 21:21:22,6.7,6.7,6.7,1,0.0
2026-03-24 21:22:46,6.4,6.4,6.4,1,0.0
2026-03-24 21:23:53,6.9,6.9,6.9,1,0.0
2026-03-24 21:25:20,6.8,7.3,7.05,2,0.0
2026-03-24 21:25:35,6.1,6.6,6.35,2,1.0
2026-03-24 21:25:52,6.2,6.2,6.2,1,0.0
2026-03-24 21:27:32,83.2,83.2,83.2,1,0.0
2026-03-24 21:31:41,6.9,6.9,6.9,1,0.0
2026-03-24 21:32:53,6.5,6.5,6.5,1,0.0
2026-03-24 21:32:56,6.7,8.2,7.45,2,0.0
2026-03-24 21:33:12,6.8,6.8,6.8,1,0.0
2026-03-24 21:36:52,6.1,6.1,6.1,1,0.0
2026-03-24 21:36:54,6.2,6.2,6.2,1,0.0
2026-03-24 21:43:34,6.4,9.2,7.8,2,1.0
2026-03-24 21:46:32,6.2,6.7,6.45,2,0.0
2026-03-24 21:48:53,6.6,7.2,6.83,3,1.0
2026-03-24 21:50:07,6.4,6.4,6.4,1,0.0
2026-03-24 21:51:44,7.1,7.1,7.1,1,0.0
2026-03-24 21:53:27,6.9,6.9,6.9,1,0.0
2026-03-24 21:57:56,6.1,10.1,7.47,14,8.0
2026-03-24 21:58:47,6.2,6.2,6.2,1,0.0
2026-03-24 22:00:43,6.0,6.0,6.0,1,0.0
2026-03-24 22:00:45,6.4,7.6,7.0,2,0.0
2026-03-24 22:01:35,6.2,7.1,6.65,2,0.0
2026-03-24 22:01:37,6.3,6.6,6.45,2,1.0
2026-03-24 22:02:16,6.1,6.5,6.3,2,0.0
2026-03-24 22:02:32,6.2,7.2,6.73,3,1.0
2026-03-24 22:02:51,6.4,6.4,6.4,1,0.0
2026-03-24 22:03:25,6.4,7.8,7.27,3,1.0
2026-03-24 22:03:46,6.5,6.5,6.5,2,1.0
2026-03-24 22:04:10,7.7,7.7,7.7,1,0.0
2026-03-24 22:04:53,6.1,6.1,6.1,1,0.0
2026-03-24 22:05:10,6.2,6.2,6.2,2,1.0
2026-03-24 22:05:49,6.0,7.5,6.68,6,3.0
2026-03-24 22:05:54,6.1,9.7,7.5,74,39.0
2026-03-24 22:08:23,6.4,6.4,6.4,1,0.0
2026-03-24 22:08:50,6.4,8.0,7.4,3,1.0
2026-03-24 22:09:25,6.0,8.3,6.76,9,4.0
2026-03-24 22:09:32,6.0,10.0,7.96,13,6.0
2026-03-24 22:10:00,6.0,6.0,6.0,1,0.0
2026-03-24 22:10:03,6.0,10.7,7.71,11,5.0
2026-03-24 22:10:22,6.1,8.4,7.31,11,6.0
2026-03-24 22:10:43,6.0,9.5,7.64,11,6.0
2026-03-24 22:13:17,6.0,7.0,6.47,20,11.0
2026-03-24 22:13:31,6.0,7.9,6.68,26,14.0
2026-03-24 22:13:49,6.2,6.3,6.25,2,0.0
2026-03-24 22:16:26,6.1,6.1,6.1,1,0.0
2026-03-24 22:16:28,6.0,7.5,6.25,43,27.0
2026-03-24 22:17:12,6.1,8.0,6.96,9,5.0
2026-03-24 22:22:12,6.0,6.7,6.32,5,3.0
2026-03-24 22:22:28,6.0,6.4,6.16,5,3.0
2026-03-24 22:22:41,6.0,8.8,6.58,10,7.0
2026-03-24 22:22:50,6.1,9.8,7.62,8,4.0
2026-03-24 22:23:36,6.1,6.7,6.4,2,1.0
2026-03-24 22:23:40,6.4,6.4,6.4,1,0.0
2026-03-24 22:23:45,6.0,6.6,6.35,8,5.0
2026-03-24 22:23:53,6.0,6.2,6.08,4,2.0
2026-03-24 22:24:05,6.1,11.3,8.07,21,11.0
2026-03-24 22:24:26,6.0,6.0,6.0,1,0.0
2026-03-24 22:24:42,6.0,11.5,7.39,37,19.0
2026-03-24 22:25:17,6.0,8.4,7.25,29,15.0
2026-03-24 22:25:34,6.5,6.6,6.55,2,1.0
2026-03-24 22:25:43,6.0,6.0,6.0,1,0.0
2026-03-24 22:26:11,6.2,6.4,6.3,2,1.0
2026-03-24 22:28:02,6.0,11.7,7.81,64,34.0
2026-03-24 22:30:04,6.2,6.6,6.4,2,1.0
2026-03-24 22:32:06,6.0,6.0,6.0,1,0.0
2026-03-24 22:32:10,6.0,6.5,6.25,2,0.0
2026-03-24 22:32:22,6.1,7.1,6.6,2,0.0
2026-03-24 22:32:41,6.0,12.8,10.1,22,11.0
2026-03-24 22:33:31,6.0,7.1,6.37,3,1.0
2026-03-24 22:33:40,6.0,10.4,7.42,13,6.0
2026-03-24 22:34:06,6.1,6.3,6.2,5,2.0
2026-03-24 22:34:28,6.0,7.3,6.65,2,0.0
2026-03-24 22:34:53,6.0,10.1,8.11,31,16.0
2026-03-24 22:35:35,6.3,8.2,7.23,7,4.0
2026-03-24 22:36:22,6.0,9.2,7.26,8,4.0
2026-03-24 22:37:35,6.1,7.9,6.79,7,3.0
2026-03-24 22:39:09,6.5,9.5,7.7,9,5.0
2026-03-24 22:40:25,6.0,9.6,7.42,10,4.0
2026-03-24 22:40:48,6.0,6.8,6.3,3,1.0
2026-03-24 22:41:01,6.0,6.3,6.17,4,2.0
2026-03-24 22:41:25,6.0,6.3,6.1,3,1.0
2026-03-24 22:42:09,6.2,7.3,6.58,4,1.0
2026-03-24 22:43:18,6.1,7.9,6.97,4,1.0
2026-03-24 22:43:57,6.2,9.1,7.87,9,4.0
2026-03-24 22:44:23,6.0,6.0,6.0,1,0.0
2026-03-24 22:44:31,6.0,7.7,6.66,9,4.0
2026-03-24 22:44:42,6.0,9.7,7.26,5,2.0
2026-03-24 22:45:01,6.0,9.6,7.35,10,5.0
2026-03-24 22:45:32,6.2,7.1,6.5,22,11.0
2026-03-24 22:46:41,6.1,6.3,6.2,3,1.0
2026-03-24 22:46:55,6.0,6.1,6.05,2,0.0
2026-03-24 22:47:07,6.1,10.1,8.27,7,3.0
2026-03-24 22:47:22,6.0,6.0,6.0,1,0.0
2026-03-24 22:47:32,6.0,6.0,6.0,1,0.0
2026-03-24 22:47:35,6.1,7.9,6.83,3,1.0
2026-03-24 22:47:46,6.2,8.4,7.26,15,8.0
2026-03-24 22:48:07,6.1,6.5,6.3,3,1.0
2026-03-24 22:48:12,6.0,6.1,6.07,3,1.0
2026-03-24 22:48:38,6.0,8.4,6.88,6,3.0
2026-03-24 22:49:12,6.0,6.4,6.2,2,1.0
2026-03-24 22:49:18,6.1,6.5,6.3,2,0.0
2026-03-24 22:49:50,6.0,6.0,6.0,3,1.0
2026-03-24 22:50:04,6.0,12.0,9.69,23,12.0
2026-03-24 22:50:25,6.0,7.4,6.68,9,4.0
2026-03-24 22:50:41,6.0,6.1,6.05,2,0.0
2026-03-24 22:50:56,6.0,7.5,6.43,6,3.0
2026-03-24 22:51:24,6.0,8.1,7.17,10,4.0
2026-03-24 22:51:33,6.2,6.6,6.35,4,2.0
2026-03-24 22:51:43,6.0,6.2,6.1,2,0.0
2026-03-24 22:52:18,6.1,8.5,6.85,6,3.0
2026-03-24 22:52:30,6.2,6.9,6.55,2,0.0
2026-03-24 22:53:02,6.3,6.3,6.3,3,1.0
2026-03-24 22:53:16,6.0,6.4,6.17,3,1.0
2026-03-24 22:53:47,6.0,7.0,6.48,9,4.0
2026-03-24 22:53:59,6.0,11.2,6.9,1561,822.0
2026-03-24 23:07:46,6.0,13.9,7.59,5857,3105.0
2026-03-24 23:59:36,6.0,6.0,6.0,1,0.0
2026-03-24 23:59:39,6.0,14.7,8.49,4603,2420.0
2026-03-25 00:40:05,6.0,6.0,6.0,2,0.0
2026-03-25 00:40:16,6.0,14.8,8.7,3142,1644.0
2026-03-25 10:14:53,6.0,6.1,6.05,2,0.0
2026-03-25 10:17:06,6.0,6.0,6.0,1,0.0
2026-03-25 10:20:22,6.1,6.2,6.15,4,2.0
2026-03-25 10:20:26,6.2,6.2,6.2,1,0.0
2026-03-25 10:20:53,6.0,7.4,6.35,8,4.0
2026-03-25 10:22:22,6.0,6.0,6.0,1,0.0
2026-03-25 10:22:31,6.0,6.3,6.16,5,2.0
2026-03-25 10:22:35,6.0,6.7,6.29,13,7.0
2026-03-25 10:22:45,6.1,6.1,6.1,1,0.0
2026-03-25 10:25:21,6.0,6.2,6.1,3,2.0
2026-03-25 10:25:26,6.0,6.1,6.05,2,0.0
2026-03-25 10:25:44,6.0,6.1,6.05,2,0.0
2026-03-25 10:25:48,6.0,6.0,6.0,1,0.0
2026-03-25 10:25:51,6.0,6.0,6.0,1,0.0
2026-03-25 10:31:15,6.1,6.6,6.35,2,1.0
2026-03-25 10:39:13,6.0,6.4,6.12,4,2.0
2026-03-25 10:39:53,6.0,6.4,6.15,11,6.0
2026-03-25 10:46:47,6.3,6.9,6.59,8,4.0
2026-03-25 10:46:54,6.1,6.4,6.24,5,2.0
2026-03-25 10:49:17,6.4,6.4,6.4,1,0.0
2026-03-25 10:51:14,6.1,6.7,6.46,7,3.0
2026-03-25 10:53:39,6.0,6.0,6.0,1,0.0
2026-03-25 10:55:14,6.0,6.5,6.3,4,2.0
2026-03-25 10:55:20,6.0,6.0,6.0,2,1.0
2026-03-25 10:55:57,6.0,6.3,6.15,2,0.0
2026-03-25 10:56:39,6.0,7.1,6.5,7,4.0
2026-03-25 10:56:49,6.1,8.2,6.87,15,7.0
2026-03-25 10:59:49,6.2,6.2,6.2,1,0.0
2026-03-25 11:00:51,6.0,6.4,6.16,5,2.0
2026-03-25 11:00:56,6.0,6.2,6.1,7,4.0
2026-03-25 11:02:07,6.0,6.4,6.23,3,1.0
2026-03-25 11:02:10,6.2,6.2,6.2,1,0.0
2026-03-25 11:02:18,6.0,6.0,6.0,1,0.0
2026-03-25 11:02:20,6.1,6.8,6.45,2,1.0
2026-03-25 11:03:11,6.0,6.1,6.05,2,1.0
2026-03-25 11:03:28,6.3,6.3,6.3,1,0.0
2026-03-25 11:03:31,6.0,6.0,6.0,2,0.0
2026-03-25 11:03:34,6.1,6.1,6.1,1,0.0
2026-03-25 11:16:47,6.0,6.0,6.0,3,1.0
2026-03-25 11:17:28,6.1,6.2,6.15,2,1.0
2026-03-25 11:19:00,6.0,6.1,6.05,2,1.0
2026-03-25 11:19:57,6.0,7.9,7.11,7,3.0
2026-03-25 11:24:27,6.0,6.5,6.25,2,1.0
2026-03-25 11:24:30,6.1,6.5,6.3,3,1.0
2026-03-25 11:25:36,6.0,6.2,6.13,3,1.0
2026-03-25 11:27:00,6.3,6.3,6.3,2,1.0
2026-03-25 11:28:31,6.2,6.2,6.2,1,0.0
2026-03-25 11:28:35,6.0,6.0,6.0,1,0.0
2026-03-25 11:30:24,6.1,6.4,6.25,2,0.0
2026-03-25 11:30:26,6.0,6.0,6.0,1,0.0
2026-03-25 11:30:37,6.0,8.3,6.91,8,4.0
2026-03-25 11:31:09,6.1,6.8,6.32,9,4.0
2026-03-25 11:31:25,6.0,6.3,6.15,2,1.0
2026-03-25 11:31:30,6.1,6.6,6.4,4,1.0
2026-03-25 11:31:34,6.1,6.1,6.1,1,0.0
2026-03-25 11:31:39,6.3,7.7,7.0,2,1.0
2026-03-25 11:32:24,6.0,6.0,6.0,1,0.0
2026-03-25 11:32:27,6.0,6.0,6.0,2,1.0
2026-03-25 11:32:51,6.0,7.3,6.56,14,8.0
2026-03-25 11:33:32,6.0,8.0,6.85,10,5.0
2026-03-25 11:33:51,6.0,6.0,6.0,1,0.0
2026-03-25 11:34:43,6.0,6.8,6.32,13,7.0
2026-03-25 11:34:55,6.0,7.0,6.49,17,9.0
2026-03-25 11:35:20,6.1,6.7,6.41,7,3.0
2026-03-25 11:35:25,6.1,6.1,6.1,2,0.0
2026-03-25 11:35:27,6.1,6.1,6.1,3,1.0
2026-03-25 11:35:40,6.2,6.7,6.45,2,1.0
2026-03-25 11:36:13,6.1,7.5,7.04,45,23.0
2026-03-25 11:37:27,6.0,6.6,6.23,7,4.0
2026-03-25 11:37:35,6.1,6.3,6.2,2,0.0
2026-03-25 11:37:49,6.0,7.2,6.64,25,13.0
2026-03-25 11:38:34,6.2,6.2,6.2,1,0.0
2026-03-25 11:39:49,6.0,6.9,6.35,4,2.0
2026-03-25 11:39:54,6.0,8.1,6.83,3,1.0
2026-03-25 11:40:25,6.2,6.7,6.46,5,2.0
2026-03-25 11:40:29,6.0,6.3,6.2,5,2.0
2026-03-25 11:40:56,6.0,6.0,6.0,1,0.0
2026-03-25 11:41:01,6.0,6.9,6.36,18,9.0
2026-03-25 11:41:12,6.0,8.0,6.76,18,9.0
2026-03-25 11:45:18,6.0,7.0,6.33,6,2.0
2026-03-25 12:02:16,6.1,6.8,6.37,9,4.0
2026-03-25 12:02:22,6.0,6.0,6.0,1,0.0
2026-03-25 12:02:30,6.1,6.1,6.1,2,0.0
2026-03-25 12:02:37,6.0,8.3,6.78,40,22.0
2026-03-25 12:03:23,6.0,6.2,6.11,7,4.0
2026-03-25 12:03:45,6.0,6.7,6.28,16,8.0
2026-03-25 12:04:04,6.1,7.4,6.69,14,8.0
2026-03-25 12:04:16,6.1,6.2,6.15,2,0.0
2026-03-25 12:04:42,6.0,7.8,6.78,17,9.0
2026-03-25 12:04:53,6.2,6.6,6.4,4,2.0
2026-03-25 12:04:57,6.1,6.1,6.1,1,0.0
2026-03-25 12:05:01,6.1,6.1,6.1,1,0.0
2026-03-25 12:05:03,6.2,6.2,6.2,1,0.0
2026-03-25 12:05:25,6.0,6.2,6.1,8,3.0
2026-03-25 12:05:37,6.0,6.1,6.05,2,1.0
2026-03-25 12:05:40,6.1,7.7,6.95,29,15.0
2026-03-25 12:06:13,6.0,6.4,6.2,2,1.0
2026-03-25 12:06:20,6.5,6.5,6.5,1,0.0
2026-03-25 12:06:46,6.1,6.5,6.25,4,1.0
2026-03-25 12:07:33,6.1,6.5,6.25,4,2.0
2026-03-25 12:07:40,6.1,6.5,6.27,3,1.0
2026-03-25 12:08:18,6.0,6.2,6.1,3,1.0
2026-03-25 12:08:21,6.1,6.9,6.57,3,1.0
2026-03-25 12:08:45,6.1,6.3,6.2,3,1.0
2026-03-25 12:08:49,6.4,6.4,6.4,1,0.0
2026-03-25 12:09:43,6.0,6.1,6.06,5,2.0
2026-03-25 12:20:29,6.0,7.8,6.94,9,4.0
2026-03-25 12:20:40,6.0,6.1,6.05,2,1.0
2026-03-25 12:20:45,6.0,7.2,6.38,6,2.0
2026-03-25 12:20:49,6.0,9.1,7.34,48,24.0
2026-03-25 12:21:32,6.1,6.2,6.15,2,0.0
2026-03-25 12:21:39,6.0,6.0,6.0,2,1.0
2026-03-25 12:21:48,6.0,6.1,6.05,2,0.0
2026-03-25 12:22:00,6.1,6.1,6.1,1,0.0
2026-03-25 12:22:02,6.0,6.1,6.05,4,1.0
2026-03-25 12:22:05,6.0,7.9,6.8,12,6.0
2026-03-25 12:22:52,6.0,6.0,6.0,1,0.0
2026-03-25 12:22:59,6.0,6.7,6.37,3,1.0
2026-03-25 12:23:02,6.1,7.5,6.79,14,7.0
2026-03-25 12:30:30,6.2,7.2,6.85,6,2.0
2026-03-25 12:30:53,6.1,7.2,6.57,7,3.0
2026-03-25 12:31:04,6.0,7.2,6.38,8,5.0
2026-03-25 12:31:18,6.0,6.2,6.07,3,2.0
2026-03-25 12:31:30,6.0,6.5,6.27,3,1.0
2026-03-25 12:31:37,6.0,7.5,6.73,7,3.0
2026-03-25 12:32:56,6.1,6.6,6.35,2,1.0
2026-03-25 12:33:53,6.2,6.2,6.2,2,1.0
2026-03-25 12:34:08,6.0,6.0,6.0,2,1.0
2026-03-25 12:34:11,6.2,6.2,6.2,1,0.0
2026-03-25 12:36:04,6.0,6.5,6.27,6,3.0
2026-03-25 12:36:09,6.0,6.7,6.28,6,3.0
2026-03-25 12:36:17,6.0,7.3,6.58,6,2.0
2026-03-25 12:37:29,6.0,7.3,6.71,13,6.0
2026-03-25 12:37:43,6.0,6.4,6.18,5,2.0
2026-03-25 12:37:55,6.0,7.0,6.52,6,2.0
2026-03-25 12:38:06,6.1,6.3,6.2,3,1.0
2026-03-25 12:38:10,6.2,6.4,6.3,2,1.0
2026-03-25 12:39:11,6.0,6.5,6.15,4,1.0
2026-03-25 12:50:27,6.1,7.1,6.4,13,7.0
2026-03-25 12:50:40,6.1,6.9,6.43,7,3.0
2026-03-25 12:50:49,6.1,7.2,6.57,3,1.0
2026-03-25 12:50:59,6.2,6.2,6.2,1,0.0
2026-03-25 12:51:02,6.0,7.2,6.76,7,3.0
2026-03-25 12:51:11,6.0,6.8,6.28,5,2.0
2026-03-25 12:51:51,6.1,6.1,6.1,1,0.0
2026-03-25 12:51:59,6.0,6.0,6.0,4,1.0
2026-03-25 12:52:09,6.0,7.4,6.7,5,2.0
2026-03-25 12:52:43,6.2,6.6,6.37,3,1.0
2026-03-25 12:53:09,6.0,7.6,6.57,6,3.0
2026-03-25 12:56:45,6.1,6.1,6.1,1,0.0
2026-03-25 12:59:26,6.1,6.1,6.1,1,0.0
2026-03-25 12:59:28,6.1,6.1,6.1,1,0.0
2026-03-25 13:01:14,6.2,6.7,6.45,2,0.0
2026-03-25 13:05:55,6.0,6.0,6.0,1,0.0
2026-03-25 13:09:27,6.0,7.3,6.89,20,10.0
2026-03-25 13:09:41,6.0,8.0,7.05,24,13.0
2026-03-25 13:10:01,6.1,7.1,6.46,5,2.0
2026-03-25 13:10:07,6.0,6.0,6.0,1,0.0
2026-03-25 13:10:12,6.0,6.0,6.0,1,0.0
2026-03-25 13:10:32,6.2,7.8,7.0,4,1.0
2026-03-25 13:15:48,6.1,6.1,6.1,1,0.0
2026-03-25 13:16:35,6.0,6.0,6.0,1,0.0
2026-03-25 13:20:05,6.0,6.3,6.15,2,1.0
2026-03-25 13:20:10,6.0,6.7,6.35,2,0.0
2026-03-25 13:20:15,6.0,7.8,6.97,6,3.0
2026-03-25 13:20:49,6.1,6.1,6.1,1,0.0
2026-03-25 13:20:53,6.1,6.3,6.22,4,1.0
2026-03-25 13:21:28,6.1,6.1,6.1,1,0.0
2026-03-25 13:21:40,6.1,6.8,6.46,5,2.0
2026-03-25 13:22:07,6.0,6.0,6.0,1,0.0
2026-03-25 13:22:52,6.0,6.0,6.0,1,0.0
2026-03-25 13:23:20,6.1,6.7,6.34,5,3.0
2026-03-25 13:23:45,6.1,6.2,6.15,2,0.0
2026-03-25 13:23:47,6.1,6.1,6.1,1,0.0
2026-03-25 13:24:05,6.5,6.5,6.5,1,0.0
2026-03-25 13:24:08,7.4,7.4,7.4,1,0.0
2026-03-25 13:24:19,6.0,6.5,6.23,3,1.0
2026-03-25 13:25:56,6.1,6.7,6.4,2,0.0
2026-03-25 13:25:58,6.4,6.5,6.45,2,0.0
2026-03-25 13:28:47,6.7,6.7,6.7,1,0.0
2026-03-25 13:29:10,6.2,6.2,6.2,2,0.0
2026-03-25 13:29:13,6.0,6.0,6.0,1,0.0
2026-03-25 13:29:38,6.0,7.3,6.45,8,4.0
2026-03-25 13:29:46,6.1,7.2,6.5,3,2.0
2026-03-25 13:30:06,6.1,7.3,6.53,7,4.0
2026-03-25 13:30:31,6.0,6.1,6.05,2,1.0
2026-03-25 13:31:11,6.3,7.1,6.7,2,0.0
2026-03-25 13:32:22,6.1,6.7,6.33,3,1.0
2026-03-25 13:34:29,6.1,7.6,6.72,5,2.0
2026-03-25 13:34:42,6.1,6.9,6.47,3,1.0
2026-03-25 13:35:30,6.2,8.5,7.35,2,1.0
2026-03-25 13:36:02,6.0,6.0,6.0,1,0.0
2026-03-25 13:36:19,6.2,6.9,6.42,5,3.0
2026-03-25 13:36:26,6.4,6.4,6.4,1,0.0
2026-03-25 13:36:28,6.1,8.4,6.81,12,6.0
2026-03-25 13:36:51,6.0,6.1,6.05,2,0.0
2026-03-25 13:36:55,6.0,6.2,6.1,2,1.0
2026-03-25 13:37:01,6.6,6.6,6.6,1,0.0
2026-03-25 13:38:07,6.3,6.4,6.35,2,1.0
2026-03-25 13:39:18,6.1,6.1,6.1,1,0.0
2026-03-25 13:39:26,6.0,8.0,6.59,8,4.0
2026-03-25 13:40:06,6.1,7.3,6.8,4,2.0
2026-03-25 13:41:07,7.7,7.7,7.7,1,0.0
2026-03-25 13:41:25,6.0,8.4,7.31,8,4.0
2026-03-25 13:42:02,6.2,7.8,6.76,5,2.0
2026-03-25 13:42:57,6.0,7.5,6.74,5,2.0
2026-03-25 13:43:25,6.0,6.8,6.36,5,2.0
2026-03-25 13:44:22,6.0,7.4,6.69,15,7.0
2026-03-25 13:45:12,6.4,6.4,6.4,1,0.0
2026-03-25 13:46:35,7.2,7.2,7.2,1,0.0
2026-03-25 13:48:07,6.0,6.5,6.2,4,2.0
2026-03-25 13:48:23,6.2,7.2,6.73,3,1.0
2026-03-25 13:48:45,6.0,6.7,6.35,4,2.0
2026-03-25 13:49:00,6.6,7.7,7.17,4,1.0
2026-03-25 13:49:32,6.2,6.2,6.2,1,0.0
2026-03-25 13:52:55,6.0,6.1,6.03,3,2.0
2026-03-25 13:53:00,6.1,6.2,6.15,2,1.0
2026-03-25 13:53:54,6.1,6.1,6.1,1,0.0
2026-03-25 13:54:31,6.0,6.4,6.22,4,2.0
2026-03-25 13:55:22,6.0,6.0,6.0,1,0.0
2026-03-25 13:55:28,6.1,6.4,6.18,9,4.0
2026-03-25 13:55:36,6.0,6.9,6.44,5,2.0
2026-03-25 13:55:43,6.0,6.6,6.37,3,1.0
2026-03-25 13:56:00,6.0,6.4,6.2,2,0.0
2026-03-25 13:56:04,6.1,7.1,6.6,2,1.0
2026-03-25 14:00:01,6.0,6.2,6.1,2,1.0
2026-03-25 14:01:31,6.1,6.3,6.2,2,1.0
2026-03-25 14:01:36,6.0,6.0,6.0,1,0.0
2026-03-25 14:02:15,6.1,6.4,6.25,2,0.0
2026-03-25 14:02:17,6.0,6.0,6.0,1,0.0
2026-03-25 14:05:19,6.0,6.0,6.0,1,0.0
2026-03-25 14:06:14,6.1,6.1,6.1,1,0.0
2026-03-25 14:08:52,6.1,6.4,6.23,3,1.0
2026-03-25 14:10:33,6.0,6.0,6.0,1,0.0
2026-03-25 14:11:10,6.0,6.0,6.0,1,0.0
2026-03-25 14:11:18,6.0,6.0,6.0,1,0.0
2026-03-25 14:12:55,6.1,6.1,6.1,1,0.0
2026-03-25 14:18:27,6.1,6.9,6.5,2,0.0
2026-03-25 14:19:09,6.1,6.1,6.1,4,2.0
2026-03-25 14:19:13,6.0,6.4,6.2,2,1.0
2026-03-25 14:19:16,6.5,6.5,6.5,1,0.0
2026-03-25 14:19:24,6.0,6.9,6.52,5,2.0
2026-03-25 14:19:49,6.1,6.1,6.1,1,0.0
2026-03-25 14:19:56,6.0,6.9,6.25,4,1.0
2026-03-25 14:20:36,6.3,7.6,7.13,3,1.0
2026-03-25 14:20:39,6.2,6.2,6.2,1,0.0
2026-03-25 14:21:12,6.0,7.2,6.37,6,4.0
2026-03-25 14:24:31,6.3,6.6,6.43,3,2.0
2026-03-25 14:24:36,6.1,6.2,6.13,3,1.0
2026-03-25 14:27:19,6.0,6.3,6.13,3,1.0
2026-03-25 14:39:49,6.1,6.8,6.5,3,2.0
2026-03-25 14:39:56,6.0,6.3,6.15,2,1.0
2026-03-25 14:40:30,6.0,6.0,6.0,2,0.0
2026-03-25 14:41:23,6.1,6.7,6.4,2,0.0
2026-03-25 14:41:25,6.0,6.1,6.03,3,1.0
2026-03-25 14:41:28,6.1,6.3,6.2,3,1.0
2026-03-25 14:52:15,6.0,6.1,6.05,2,0.0
2026-03-25 14:52:32,6.2,6.7,6.45,2,0.0
2026-03-25 14:53:09,6.2,6.2,6.2,1,0.0
2026-03-25 14:54:08,6.0,6.2,6.1,2,1.0
2026-03-25 14:54:12,6.1,6.1,6.1,1,0.0
2026-03-25 14:55:02,6.1,7.1,6.6,3,1.0
2026-03-25 14:55:05,6.2,6.3,6.25,2,0.0
2026-03-25 14:56:12,6.0,6.0,6.0,1,0.0
2026-03-25 14:57:12,6.1,6.1,6.1,1,0.0
2026-03-25 14:59:20,6.0,6.5,6.15,4,3.0
2026-03-25 15:00:35,6.0,6.4,6.2,2,0.0
2026-03-25 15:00:37,6.0,6.7,6.33,4,2.0
2026-03-25 15:01:09,6.1,6.9,6.5,2,0.0
2026-03-25 15:01:17,6.4,6.4,6.4,1,0.0
2026-03-25 15:01:30,6.0,6.0,6.0,1,0.0
2026-03-25 15:01:38,6.5,6.5,6.5,1,0.0
2026-03-25 15:02:08,6.0,6.9,6.33,3,1.0
2026-03-25 15:02:11,6.4,6.7,6.55,2,0.0
2026-03-25 15:02:16,6.0,7.5,6.8,4,1.0
2026-03-25 15:02:26,6.1,7.1,6.63,3,1.0
2026-03-25 15:04:12,6.3,6.3,6.3,1,0.0
2026-03-25 15:04:16,6.5,6.5,6.5,1,0.0
2026-03-25 15:05:10,6.1,6.7,6.33,4,1.0
2026-03-25 15:05:13,6.4,6.4,6.4,1,0.0
2026-03-25 15:06:24,6.3,6.5,6.4,2,1.0
2026-03-25 15:07:33,6.1,6.3,6.2,2,0.0
2026-03-25 15:07:35,6.0,7.5,6.6,3,1.0
2026-03-25 15:08:21,6.0,6.4,6.2,2,1.0
2026-03-25 15:14:05,6.0,6.1,6.07,3,1.0
2026-03-25 15:14:20,6.2,6.8,6.53,3,1.0
2026-03-25 15:18:51,6.4,6.4,6.4,1,0.0
2026-03-25 15:24:17,6.0,7.1,6.27,7,4.0
2026-03-25 15:24:26,6.0,6.2,6.07,3,1.0
2026-03-25 15:24:36,6.0,7.4,6.77,6,2.0
2026-03-25 15:24:40,6.1,6.4,6.27,3,1.0
2026-03-25 15:25:00,6.0,6.8,6.33,3,1.0
2026-03-25 15:25:41,6.1,7.2,6.58,5,2.0
2026-03-25 15:26:43,6.7,6.7,6.7,1,0.0
2026-03-25 15:29:42,6.4,7.2,6.8,2,1.0
2026-03-25 15:35:21,6.1,6.3,6.2,5,3.0
2026-03-25 15:43:20,6.3,8.4,7.29,8,3.0
2026-03-25 15:43:36,6.1,6.1,6.1,2,1.0
2026-03-25 15:45:53,6.1,6.1,6.1,1,0.0
2026-03-25 15:49:02,6.1,7.0,6.55,2,0.0
2026-03-25 15:49:07,6.2,6.6,6.4,2,1.0
2026-03-25 15:49:23,6.2,6.9,6.5,5,3.0
2026-03-25 15:52:50,7.0,7.0,7.0,1,0.0
2026-03-25 15:53:28,6.1,6.4,6.25,2,1.0
2026-03-25 15:53:46,6.3,6.3,6.3,1,0.0
2026-03-25 15:53:48,6.1,6.1,6.1,3,1.0
2026-03-25 15:54:10,6.0,6.2,6.1,2,1.0
2026-03-25 15:55:38,6.0,6.3,6.1,4,2.0
2026-03-25 15:55:58,6.1,8.6,6.84,10,5.0
2026-03-25 16:02:56,6.2,6.2,6.2,1,0.0
2026-03-25 16:02:59,6.6,7.5,7.0,3,1.0
2026-03-25 16:03:02,6.3,6.7,6.5,2,1.0
2026-03-25 16:03:58,6.0,6.9,6.45,2,1.0
2026-03-25 16:10:25,6.1,6.4,6.3,3,1.0
2026-03-25 16:11:03,6.1,6.2,6.15,2,1.0
2026-03-25 16:15:25,6.0,6.0,6.0,1,0.0
2026-03-25 16:15:28,6.0,6.0,6.0,1,0.0
2026-03-25 16:15:45,6.1,6.9,6.5,5,2.0
2026-03-25 16:16:49,6.0,7.1,6.47,4,2.0
2026-03-25 16:17:03,6.2,6.2,6.2,1,0.0
2026-03-25 16:17:24,6.2,6.6,6.4,2,1.0
2026-03-25 16:18:37,6.0,6.0,6.0,1,0.0
2026-03-25 16:20:20,6.0,6.3,6.15,2,1.0
2026-03-25 16:20:40,6.0,6.0,6.0,1,0.0
2026-03-25 16:21:09,6.0,6.7,6.27,3,1.0
2026-03-25 16:21:38,6.0,6.0,6.0,1,0.0
2026-03-25 16:22:02,6.0,6.0,6.0,1,0.0
2026-03-25 16:22:22,6.0,6.0,6.0,1,0.0
2026-03-25 16:25:43,6.0,6.0,6.0,1,0.0
2026-03-25 16:27:17,6.3,6.3,6.3,2,0.0
2026-03-25 16:27:21,6.1,6.1,6.1,1,0.0
2026-03-25 16:27:37,6.1,6.1,6.1,1,0.0
2026-03-25 16:27:43,6.0,6.0,6.0,2,1.0
2026-03-25 16:28:52,6.4,6.4,6.4,1,0.0
2026-03-25 16:29:43,6.0,7.4,6.55,13,7.0
2026-03-25 16:30:06,6.1,6.5,6.25,4,2.0
2026-03-25 16:30:55,6.1,6.4,6.25,2,1.0
2026-03-25 16:31:49,6.0,6.1,6.05,2,1.0
2026-03-25 16:32:41,6.1,6.1,6.1,2,1.0
2026-03-25 16:32:47,6.0,6.0,6.0,1,0.0
2026-03-25 16:32:52,6.1,8.0,7.12,5,2.0
2026-03-25 16:33:05,6.0,7.3,6.49,7,3.0
2026-03-25 16:35:27,6.1,6.1,6.1,1,0.0
2026-03-25 16:35:51,6.1,6.1,6.1,1,0.0
2026-03-25 16:36:10,6.0,6.2,6.1,3,1.0
2026-03-25 16:36:21,6.0,7.1,6.5,3,1.0
2026-03-25 16:36:37,6.3,6.8,6.55,2,1.0
2026-03-25 16:36:42,6.1,6.1,6.1,1,0.0
2026-03-25 16:37:03,6.1,6.1,6.1,1,0.0
2026-03-25 16:37:29,6.1,6.1,6.1,1,0.0
2026-03-25 16:37:31,6.0,8.4,6.93,11,6.0
2026-03-25 16:39:47,6.0,6.5,6.27,3,1.0
2026-03-25 16:40:02,6.0,6.0,6.0,1,0.0
2026-03-25 16:40:20,6.1,6.3,6.23,3,1.0
2026-03-25 16:40:23,6.0,7.6,6.82,5,2.0
2026-03-25 16:40:38,6.0,6.6,6.23,3,1.0
2026-03-25 16:40:58,6.1,8.2,6.67,6,3.0
2026-03-25 16:42:36,6.3,6.3,6.3,1,0.0
2026-03-25 16:43:37,6.0,7.6,6.61,19,10.0
2026-03-25 16:43:54,6.1,6.1,6.1,1,0.0
2026-03-25 16:44:01,6.2,8.0,6.95,6,2.0
2026-03-25 16:44:08,6.1,7.8,6.96,12,5.0
2026-03-25 16:44:17,6.0,6.4,6.2,2,0.0
2026-03-25 16:46:44,6.5,6.5,6.5,1,0.0
2026-03-25 16:46:59,6.1,6.4,6.17,4,2.0
2026-03-25 16:47:05,6.1,7.5,6.97,6,3.0
2026-03-25 16:48:12,6.4,6.4,6.4,1,0.0
2026-03-25 16:49:19,6.0,6.1,6.05,2,1.0
2026-03-25 16:50:17,6.0,6.0,6.0,1,0.0
2026-03-25 16:51:25,6.1,6.1,6.1,1,0.0
2026-03-25 16:51:27,6.2,6.2,6.2,1,0.0
2026-03-25 16:54:36,6.0,7.9,6.7,5,3.0
2026-03-25 16:54:42,6.1,6.8,6.42,6,3.0
2026-03-25 16:54:59,6.2,6.3,6.25,2,0.0
2026-03-25 16:55:41,6.0,6.0,6.0,1,0.0
2026-03-25 16:55:50,6.0,6.0,6.0,1,0.0
2026-03-25 16:55:55,6.0,6.8,6.3,3,1.0
2026-03-25 17:00:47,6.0,6.1,6.07,3,2.0
2026-03-25 17:04:43,6.2,6.2,6.2,1,0.0
2026-03-25 17:04:49,6.0,6.0,6.0,1,0.0
2026-03-25 17:05:34,6.1,6.5,6.3,2,1.0
2026-03-25 17:08:39,6.2,6.7,6.4,3,1.0
2026-03-25 17:09:31,6.1,8.9,7.27,7,4.0
2026-03-25 17:09:48,6.3,10.3,8.86,10,5.0
2026-03-25 17:10:08,6.9,6.9,6.9,1,0.0
2026-03-25 17:10:12,6.7,7.1,6.9,2,0.0
2026-03-25 17:10:14,8.1,8.7,8.4,2,1.0
2026-03-25 17:10:19,6.2,8.5,7.49,9,5.0
2026-03-25 17:10:26,6.1,6.1,6.1,1,0.0
2026-03-25 17:11:38,6.1,6.3,6.2,2,0.0
2026-03-25 17:11:49,6.0,9.0,8.29,17,9.0
2026-03-25 17:12:12,6.0,9.3,7.56,28,14.0
2026-03-25 17:12:42,6.1,9.8,8.68,10,5.0
2026-03-25 17:12:55,6.0,7.4,6.7,2,0.0
2026-03-25 17:13:03,6.0,12.1,9.94,18,9.0
2026-03-25 17:13:42,6.1,6.5,6.3,2,1.0
2026-03-25 17:13:58,6.1,6.1,6.1,1,0.0
2026-03-25 17:14:17,6.4,8.6,7.97,6,3.0
2026-03-25 17:14:32,6.2,8.4,7.28,8,4.0
2026-03-25 17:14:39,6.2,6.2,6.2,1,0.0
2026-03-25 17:15:10,6.0,6.1,6.05,2,1.0
2026-03-25 17:15:13,6.1,6.2,6.15,2,0.0
2026-03-25 17:15:29,6.3,7.6,7.18,10,5.0
2026-03-25 17:15:42,6.0,9.3,7.34,8,4.0
2026-03-25 17:15:55,6.0,8.1,6.83,8,3.0
2026-03-25 17:16:08,6.2,12.3,8.61,32,17.0
2026-03-25 17:16:27,6.9,8.2,7.4,3,1.0
2026-03-25 17:16:40,6.1,7.0,6.47,3,1.0
2026-03-25 17:16:54,6.3,8.3,7.35,4,2.0
2026-03-25 17:17:27,6.5,6.5,6.5,1,0.0
2026-03-25 17:17:58,6.2,6.3,6.25,2,1.0
2026-03-25 17:18:22,6.1,9.6,8.01,14,6.0
2026-03-25 17:18:47,6.5,9.7,8.39,9,4.0
2026-03-25 17:19:00,6.2,8.5,7.5,4,2.0
2026-03-25 17:19:12,6.2,10.1,8.44,13,6.0
2026-03-25 17:19:32,6.3,7.5,6.9,2,1.0
2026-03-25 17:19:41,6.9,8.3,7.43,4,1.0
2026-03-25 17:19:45,6.1,11.6,8.0,37,19.0
2026-03-25 17:20:23,6.2,9.7,8.05,14,7.0
2026-03-25 17:20:35,6.2,8.4,7.46,8,4.0
2026-03-25 17:21:51,6.1,7.6,6.85,2,0.0
2026-03-25 17:22:07,6.1,9.9,8.32,6,2.0
2026-03-25 17:22:11,6.0,6.0,6.0,1,0.0
2026-03-25 17:22:17,6.1,9.3,8.61,7,4.0
2026-03-25 17:22:28,6.1,10.0,8.3,6,2.0
2026-03-25 17:22:37,6.2,8.4,7.29,9,5.0
2026-03-25 17:22:47,6.1,7.8,6.87,10,5.0
2026-03-25 17:24:14,6.5,7.2,6.77,3,1.0
2026-03-25 17:25:06,6.6,6.6,6.6,1,0.0
2026-03-25 17:25:25,6.0,7.8,6.52,67,38.0
2026-03-25 17:26:21,6.0,8.4,6.95,20,11.0
2026-03-25 17:27:15,6.3,9.5,7.64,48,24.0
2026-03-25 17:27:44,6.7,8.7,7.81,10,5.0
2026-03-25 17:27:52,6.3,6.3,6.3,1,0.0
2026-03-25 17:28:01,6.0,6.0,6.0,1,0.0
2026-03-25 17:28:08,6.0,10.5,8.06,5,2.0
2026-03-25 17:28:12,6.0,11.3,8.26,18,9.0
2026-03-25 17:29:06,6.1,7.6,6.85,2,1.0
2026-03-25 17:29:17,6.1,9.1,7.33,3,1.0
2026-03-25 17:29:55,6.1,8.0,6.83,18,9.0
2026-03-25 17:30:13,6.0,10.6,7.73,19,9.0
2026-03-25 17:31:00,6.0,11.1,9.37,7,4.0
2026-03-25 17:31:23,6.3,8.6,7.4,3,1.0
2026-03-25 17:31:34,6.1,7.3,6.86,17,9.0
2026-03-25 17:31:45,6.2,6.2,6.2,1,0.0
2026-03-25 17:32:09,6.7,10.5,8.29,15,7.0
2026-03-25 17:32:22,6.1,8.9,8.0,10,5.0
2026-03-25 17:32:34,6.0,7.0,6.53,11,6.0
2026-03-25 17:32:56,6.0,8.2,7.48,6,2.0
2026-03-25 17:33:00,6.0,8.3,7.15,2,0.0
2026-03-25 17:33:06,6.1,8.4,7.68,14,7.0
2026-03-25 17:33:22,6.3,7.7,6.88,4,2.0
2026-03-25 17:33:34,6.1,8.0,7.22,6,3.0
2026-03-25 17:33:42,6.2,8.7,7.57,15,8.0
2026-03-25 17:34:02,6.1,7.4,6.87,3,1.0
2026-03-25 17:34:15,6.2,8.9,7.74,10,5.0
2026-03-25 17:34:31,6.1,8.6,7.47,3,1.0
2026-03-25 17:34:46,6.8,8.3,7.35,4,1.0
2026-03-25 17:34:50,7.0,8.6,7.87,15,7.0
2026-03-25 17:35:10,6.1,6.1,6.1,1,0.0
2026-03-25 17:35:14,6.0,8.8,6.84,76,40.0
2026-03-25 17:36:07,6.2,13.9,9.29,138,72.0
2026-03-25 17:37:21,6.0,11.0,8.08,74,38.0
2026-03-25 17:38:01,6.0,8.1,6.87,18,9.0
2026-03-25 17:38:16,6.1,7.7,6.75,6,3.0
2026-03-25 17:38:42,6.2,11.6,8.96,76,39.0
2026-03-25 17:39:33,6.1,8.3,7.22,13,6.0
2026-03-25 17:39:47,6.5,7.3,6.9,2,0.0
2026-03-25 17:40:10,6.1,9.4,7.86,17,8.0
2026-03-25 17:40:29,6.6,12.2,9.1,18,9.0
2026-03-25 17:41:05,6.1,11.5,8.08,18,9.0
2026-03-25 17:41:25,6.1,11.0,8.73,30,15.0
2026-03-25 17:41:51,6.2,6.2,6.2,1,0.0
2026-03-25 17:41:59,6.0,7.9,6.98,5,2.0
2026-03-25 17:42:08,6.0,7.8,6.68,6,2.0
2026-03-25 17:42:14,6.1,10.4,8.33,23,12.0
2026-03-25 17:42:38,6.0,8.7,7.16,7,4.0
2026-03-25 17:42:46,6.1,7.9,7.03,10,4.0
2026-03-25 17:42:59,6.2,7.5,6.89,7,3.0
2026-03-25 17:43:04,6.2,8.8,7.82,39,20.0
2026-03-25 17:44:11,6.4,6.6,6.5,2,0.0
2026-03-25 17:44:13,6.2,6.4,6.3,2,1.0
2026-03-25 17:44:56,7.1,7.9,7.4,3,1.0
2026-03-25 17:45:27,6.1,11.1,7.57,13,6.0
2026-03-25 17:46:29,6.3,9.4,7.83,10,5.0
2026-03-25 17:46:52,6.0,12.7,7.61,48,25.0
2026-03-25 17:48:05,6.1,8.0,6.98,5,2.0
2026-03-25 17:48:44,6.3,6.3,6.3,1,0.0
2026-03-25 17:48:49,6.1,12.9,10.18,31,16.0
2026-03-25 17:49:16,6.5,9.2,7.67,4,1.0
2026-03-25 17:50:13,6.2,8.4,7.24,14,7.0
2026-03-25 17:50:26,6.6,8.7,7.73,6,2.0
2026-03-25 17:51:17,6.2,10.3,8.53,32,16.0
2026-03-25 17:52:15,6.2,6.2,6.2,1,0.0
2026-03-25 17:52:37,6.5,6.8,6.65,2,0.0
2026-03-25 17:53:06,6.4,11.1,7.69,16,8.0
2026-03-25 17:53:22,6.1,7.1,6.4,5,2.0
2026-03-25 17:53:28,6.1,8.3,7.5,7,3.0
2026-03-25 17:54:02,6.2,10.4,7.98,6,3.0
2026-03-25 17:54:36,6.0,6.7,6.22,4,2.0
2026-03-25 17:54:42,6.3,9.5,7.81,15,7.0
2026-03-25 17:55:00,6.0,6.1,6.05,2,0.0
2026-03-25 17:55:12,6.9,8.5,7.6,9,4.0
2026-03-25 17:55:23,6.3,7.4,6.85,2,1.0
2026-03-25 17:56:00,6.1,8.3,7.28,5,2.0
2026-03-25 17:57:11,6.0,9.1,7.55,2,0.0
2026-03-25 17:57:20,6.4,6.4,6.4,1,0.0
2026-03-25 17:57:23,6.0,8.8,7.56,14,7.0
2026-03-25 17:57:39,6.3,7.9,7.37,7,3.0
2026-03-25 17:57:53,6.5,11.2,9.37,10,4.0
2026-03-25 17:58:00,6.1,8.5,7.71,8,4.0
2026-03-25 17:58:13,6.1,9.1,7.97,7,4.0
2026-03-25 17:58:25,6.4,9.1,8.12,12,6.0
2026-03-25 17:58:40,6.0,9.1,7.51,7,4.0
2026-03-25 17:58:52,6.1,9.0,7.68,6,3.0
2026-03-25 17:58:57,6.1,7.0,6.55,2,1.0
2026-03-25 17:59:08,6.1,9.4,8.22,10,5.0
2026-03-25 17:59:28,6.3,7.9,7.08,6,2.0
2026-03-25 18:00:02,6.1,7.3,6.68,6,2.0
2026-03-25 18:01:40,6.4,7.2,6.85,4,2.0
2026-03-25 18:02:19,6.1,10.9,8.18,13,6.0
2026-03-25 18:03:20,6.3,6.3,6.3,1,0.0
2026-03-25 18:04:42,6.1,7.7,6.85,10,5.0
2026-03-25 18:04:55,6.2,6.2,6.2,1,0.0
2026-03-25 18:05:06,6.2,7.9,7.14,12,6.0
2026-03-25 18:06:31,6.0,8.1,7.38,10,5.0
2026-03-25 18:09:40,6.0,7.7,6.72,4,2.0
2026-03-25 18:11:04,6.3,7.9,7.23,11,6.0
2026-03-25 18:11:24,6.2,7.1,6.53,4,2.0
2026-03-25 18:12:09,6.1,6.1,6.1,1,0.0
2026-03-25 18:12:16,6.6,7.9,7.32,5,2.0
2026-03-25 18:12:28,6.1,8.6,7.28,11,6.0
2026-03-25 18:13:00,6.1,7.5,6.8,6,2.0
2026-03-25 18:13:41,6.1,6.1,6.1,1,0.0
2026-03-25 18:13:48,6.3,8.9,7.57,12,6.0
2026-03-25 18:14:42,6.1,7.1,6.6,2,1.0
2026-03-25 18:14:50,6.0,8.5,7.32,5,3.0
2026-03-25 18:14:56,6.1,8.1,7.14,11,6.0
2026-03-25 18:15:26,6.3,8.1,6.93,6,3.0
2026-03-25 18:15:46,6.0,6.0,6.0,1,0.0
2026-03-25 18:15:53,6.8,7.9,7.33,13,7.0
2026-03-25 18:16:07,6.1,8.3,6.77,10,4.0
2026-03-25 18:16:13,6.1,7.6,6.9,7,3.0
2026-03-25 18:16:28,6.0,8.3,6.98,21,11.0
2026-03-25 18:17:18,6.0,6.0,6.0,1,0.0
2026-03-25 18:18:04,6.1,7.8,7.0,3,1.0
2026-03-25 18:18:09,6.1,8.2,6.95,4,2.0
2026-03-25 18:18:32,6.2,7.9,6.9,7,4.0
2026-03-25 18:18:42,7.0,7.9,7.42,5,3.0
2026-03-25 18:18:51,6.0,9.5,7.75,2,1.0
2026-03-25 18:19:04,6.0,8.6,7.65,6,3.0
2026-03-25 18:19:27,6.1,8.8,7.1,3,1.0
2026-03-25 18:19:35,6.5,8.6,7.65,4,1.0
2026-03-25 18:19:41,6.2,8.6,7.27,7,3.0
2026-03-25 18:19:53,6.2,7.6,6.85,4,1.0
2026-03-25 18:20:00,6.3,8.4,7.2,3,1.0
2026-03-25 18:20:44,6.3,6.9,6.6,2,0.0
2026-03-25 18:20:50,6.0,8.0,6.87,3,2.0
2026-03-25 18:21:00,6.1,8.3,7.15,14,7.0
2026-03-25 18:21:26,6.2,8.4,7.4,8,4.0
2026-03-25 18:21:33,6.3,6.3,6.3,1,0.0
2026-03-25 18:21:49,6.1,6.3,6.17,4,2.0
2026-03-25 18:23:06,6.5,6.5,6.5,1,0.0
2026-03-25 18:23:40,6.2,6.2,6.2,1,0.0
2026-03-25 18:24:10,6.0,8.1,7.23,11,5.0
2026-03-25 18:24:32,6.1,7.3,6.78,4,2.0
2026-03-25 18:24:42,6.3,7.8,7.15,4,3.0
2026-03-25 18:25:03,6.1,6.1,6.1,1,0.0
2026-03-25 18:25:50,6.2,7.5,6.72,5,2.0
2026-03-25 18:26:04,6.2,6.8,6.6,3,1.0
2026-03-25 18:27:03,6.2,7.5,6.71,8,4.0
2026-03-25 18:27:10,6.0,7.4,6.7,3,1.0
2026-03-25 18:27:46,6.3,6.3,6.3,1,0.0
2026-03-25 18:29:35,7.2,7.6,7.37,3,1.0
2026-03-25 18:29:44,6.1,8.1,7.0,6,2.0
2026-03-25 18:30:19,6.2,8.2,7.32,5,3.0
2026-03-25 18:30:54,7.0,8.1,7.5,3,1.0
2026-03-25 18:32:00,6.0,6.7,6.27,6,3.0
2026-03-25 18:32:05,6.0,8.9,7.18,11,6.0
2026-03-25 18:32:45,6.1,8.6,7.14,5,2.0
2026-03-25 18:32:54,6.0,7.5,6.34,9,5.0
2026-03-25 18:33:02,6.0,8.7,7.32,9,4.0
2026-03-25 18:34:12,6.9,6.9,6.9,1,0.0
2026-03-25 18:36:51,6.0,7.5,7.0,12,6.0
2026-03-25 18:38:08,6.0,8.9,6.93,11,5.0
2026-03-25 18:38:20,6.1,8.7,7.3,22,12.0
2026-03-25 18:38:53,6.1,8.2,7.69,12,6.0
2026-03-25 18:39:05,6.0,9.5,7.94,28,15.0
2026-03-25 18:39:33,6.5,10.2,9.03,10,5.0
2026-03-25 18:39:41,6.0,12.2,8.58,21,11.0
2026-03-25 18:39:54,6.0,8.0,7.0,17,9.0
2026-03-25 18:40:07,6.3,11.3,8.67,22,11.0
2026-03-25 18:40:46,6.0,8.1,7.17,11,6.0
2026-03-25 18:40:58,6.4,8.1,7.05,6,2.0
2026-03-25 18:41:34,6.1,9.3,7.74,9,4.0
2026-03-25 18:42:03,6.0,8.4,6.82,19,9.0
2026-03-25 18:42:14,6.0,6.1,6.05,2,0.0
2026-03-25 18:42:35,6.2,7.3,6.67,3,1.0
2026-03-25 18:42:44,6.3,7.4,6.99,7,4.0
2026-03-25 18:43:01,6.1,6.7,6.3,3,2.0
2026-03-25 18:45:24,6.1,7.1,6.47,7,3.0
2026-03-25 18:46:01,6.2,7.7,7.16,10,5.0
2026-03-25 18:46:18,6.5,6.5,6.5,1,0.0
2026-03-25 18:47:00,6.2,6.5,6.37,3,1.0
2026-03-25 18:48:10,6.1,6.1,6.1,1,0.0
2026-03-25 18:48:32,6.2,7.9,7.4,13,7.0
2026-03-25 18:49:18,6.1,9.8,7.62,12,6.0
2026-03-25 18:49:46,6.0,9.1,6.82,24,13.0
2026-03-25 18:50:42,6.0,6.6,6.3,2,1.0
2026-03-25 18:51:05,6.1,8.2,7.55,6,3.0
2026-03-25 18:51:53,6.1,7.3,6.79,10,5.0
2026-03-25 18:52:09,6.1,7.8,6.83,7,3.0
2026-03-25 18:52:28,6.4,6.4,6.4,1,0.0
2026-03-25 18:53:24,6.0,8.0,7.11,23,12.0
2026-03-25 18:54:04,6.0,9.4,6.87,59,31.0
2026-03-25 18:54:49,6.1,6.1,6.1,1,0.0
2026-03-25 18:54:51,6.1,7.7,6.73,3,1.0
2026-03-25 18:55:07,6.3,6.3,6.3,1,0.0
2026-03-25 18:55:15,6.1,6.9,6.39,7,3.0
2026-03-25 18:57:06,6.1,8.4,6.95,4,1.0
2026-03-25 18:58:21,6.1,7.6,6.88,5,3.0
2026-03-25 18:59:00,7.6,7.6,7.6,1,0.0
2026-03-25 18:59:32,6.4,8.8,7.3,6,3.0
2026-03-25 19:00:18,6.1,8.2,7.43,3,1.0
2026-03-25 19:03:11,6.0,7.0,6.53,15,8.0
2026-03-25 19:03:21,6.1,6.1,6.1,1,0.0
2026-03-25 19:03:23,6.0,7.6,6.7,16,9.0
2026-03-25 19:04:12,6.2,8.2,6.89,10,5.0
2026-03-25 19:04:25,6.2,6.2,6.2,1,0.0
2026-03-25 19:04:44,6.0,6.7,6.35,2,1.0
2026-03-25 19:04:54,6.6,9.1,7.85,2,1.0
2026-03-25 19:05:04,6.0,8.5,7.42,12,6.0
2026-03-25 19:05:17,6.3,6.3,6.3,1,0.0
2026-03-25 19:05:56,6.1,8.2,6.93,10,4.0
2026-03-25 19:06:22,6.9,6.9,6.9,1,0.0
2026-03-25 19:08:21,6.3,7.5,7.07,6,3.0
2026-03-25 19:08:44,6.0,8.7,6.86,8,4.0
2026-03-25 19:09:01,6.2,7.7,6.95,2,0.0
2026-03-25 19:09:14,6.1,9.3,7.2,6,3.0
2026-03-25 19:09:21,6.0,6.1,6.05,2,0.0
2026-03-25 19:09:24,6.0,7.2,6.33,9,5.0
2026-03-25 19:10:10,6.2,7.8,7.12,4,1.0
2026-03-25 19:10:37,6.2,7.5,6.84,8,4.0
2026-03-25 19:10:50,6.1,6.8,6.42,4,1.0
2026-03-25 19:11:06,6.0,7.3,6.48,6,3.0
2026-03-25 19:11:16,6.1,7.0,6.35,4,3.0
2026-03-25 19:11:32,6.9,7.9,7.52,6,2.0
2026-03-25 19:11:44,6.2,6.4,6.27,3,1.0
2026-03-25 19:11:58,6.7,8.0,7.4,4,2.0
2026-03-25 19:12:11,6.3,7.9,7.17,6,3.0
2026-03-25 19:12:38,6.2,7.0,6.58,5,2.0
2026-03-25 19:12:49,6.3,8.6,7.53,3,1.0
2026-03-25 19:12:53,6.2,7.9,7.05,2,1.0
2026-03-25 19:13:07,6.0,8.5,6.98,6,3.0
2026-03-25 19:13:51,7.0,7.6,7.3,2,0.0
2026-03-25 19:13:55,6.2,8.1,7.12,5,2.0
2026-03-25 19:14:06,6.0,8.4,6.57,6,3.0
2026-03-25 19:14:27,6.1,7.4,6.83,3,2.0
2026-03-25 19:14:45,6.1,6.8,6.47,4,2.0
2026-03-25 19:15:03,6.4,6.8,6.63,3,1.0
2026-03-25 19:15:34,6.3,7.4,6.8,4,2.0
2026-03-25 19:15:41,6.0,7.0,6.59,14,7.0
2026-03-25 19:15:50,6.0,10.8,7.05,51,26.0
2026-03-25 19:16:18,6.0,7.7,6.5,8,3.0
2026-03-25 19:16:44,6.0,9.9,7.6,49,25.0
2026-03-25 19:17:15,6.0,6.8,6.22,9,5.0
2026-03-25 19:17:23,6.0,6.1,6.04,5,2.0
2026-03-25 19:17:27,6.1,6.1,6.1,1,0.0
2026-03-25 19:17:29,6.0,10.4,7.01,34,17.0
2026-03-25 19:18:14,6.0,6.2,6.12,4,2.0
2026-03-25 19:18:26,6.1,7.1,6.64,5,2.0
2026-03-25 19:18:31,6.0,7.4,6.7,3,1.0
2026-03-25 19:18:44,6.1,8.4,7.47,10,4.0
2026-03-25 19:18:52,6.0,6.6,6.32,21,12.0
2026-03-25 19:19:44,6.3,6.3,6.3,1,0.0
2026-03-25 19:19:54,7.3,8.1,7.8,3,1.0
2026-03-25 19:20:10,6.0,8.7,7.78,18,9.0
2026-03-25 19:20:53,6.0,7.3,6.58,11,5.0
2026-03-25 19:21:24,6.0,7.7,6.59,16,8.0
2026-03-25 19:21:45,6.1,9.3,7.34,22,11.0
2026-03-25 19:23:04,6.1,8.6,7.2,25,13.0
2026-03-25 19:24:09,6.0,7.9,7.03,4,2.0
2026-03-25 19:25:05,6.1,6.3,6.2,2,0.0
2026-03-25 19:25:07,6.0,6.9,6.5,20,10.0
2026-03-25 19:25:19,6.0,6.0,6.0,3,2.0
2026-03-25 19:25:23,6.0,6.0,6.0,1,0.0
2026-03-25 19:25:25,6.1,6.6,6.43,7,3.0
2026-03-25 19:25:38,6.0,7.1,6.33,4,1.0
2026-03-25 19:26:11,6.1,9.8,7.24,74,38.0
2026-03-25 19:26:51,6.3,8.6,7.55,8,4.0
2026-03-25 19:27:04,7.5,8.4,7.8,4,1.0
2026-03-25 19:27:07,6.1,6.1,6.1,1,0.0
2026-03-25 19:27:15,6.1,9.6,8.14,5,2.0
2026-03-25 19:27:20,6.6,9.8,8.33,3,1.0
2026-03-25 19:27:30,6.2,6.3,6.25,2,0.0
2026-03-25 19:27:34,6.1,7.8,6.87,47,25.0
2026-03-25 19:28:01,6.9,6.9,6.9,1,0.0
2026-03-25 19:29:05,6.0,8.0,6.78,4,1.0
2026-03-25 19:29:22,6.2,7.6,6.67,3,1.0
2026-03-25 19:30:07,6.0,8.2,6.88,4,2.0
2026-03-25 19:30:15,6.2,6.2,6.2,1,0.0
2026-03-25 19:30:49,6.5,6.5,6.5,1,0.0
2026-03-25 19:31:00,6.0,7.4,6.3,15,8.0
2026-03-25 19:31:35,6.6,8.1,7.35,2,0.0
2026-03-25 19:31:40,6.0,8.6,7.15,19,9.0
2026-03-25 19:31:54,6.8,6.8,6.8,1,0.0
2026-03-25 19:32:13,6.1,12.5,9.48,23,12.0
2026-03-25 19:32:47,6.1,8.7,7.67,20,10.0
2026-03-25 19:32:59,6.1,10.8,8.98,6,2.0
2026-03-25 19:33:03,6.0,6.5,6.37,7,3.0
2026-03-25 19:33:18,6.3,6.6,6.45,2,0.0
2026-03-25 19:33:22,6.8,6.8,6.8,1,0.0
2026-03-25 19:33:40,6.6,12.0,8.21,138,72.0
2026-03-25 19:35:03,6.0,7.6,6.78,14,7.0
2026-03-25 19:35:43,6.6,9.5,8.18,23,11.0
2026-03-25 19:36:20,6.1,10.7,7.55,41,21.0
2026-03-25 19:36:59,6.1,14.4,9.59,158,84.0
2026-03-25 19:38:35,6.1,7.9,6.89,16,9.0
2026-03-25 19:39:20,6.1,8.3,7.1,20,10.0
2026-03-25 19:39:32,6.1,8.5,7.24,7,3.0
2026-03-25 19:39:43,6.1,8.6,7.53,6,3.0
2026-03-25 19:39:48,6.0,8.9,7.66,20,10.0
2026-03-25 19:40:05,6.0,7.7,6.46,8,3.0
2026-03-25 19:40:12,6.1,8.1,7.02,9,4.0
2026-03-25 19:40:42,6.0,8.9,8.18,26,13.0
2026-03-25 19:41:11,6.0,8.8,7.39,24,13.0
2026-03-25 19:42:05,6.0,7.4,6.77,3,1.0
2026-03-25 19:43:19,6.1,8.2,7.21,14,7.0
2026-03-25 19:43:49,6.0,8.7,7.1,9,4.0
2026-03-25 19:44:09,6.0,7.9,6.98,12,6.0
2026-03-25 19:44:33,6.0,6.1,6.07,3,1.0
2026-03-25 19:44:36,6.0,7.5,6.74,9,5.0
2026-03-25 19:45:05,6.0,12.7,8.18,60,31.0
2026-03-25 19:45:58,6.0,7.3,6.62,5,2.0
2026-03-25 19:46:02,6.0,10.6,7.69,57,29.0
2026-03-25 19:46:48,6.2,9.7,7.95,28,14.0
2026-03-25 19:47:25,6.0,8.2,6.99,12,5.0
2026-03-25 19:47:32,6.0,7.2,6.34,9,4.0
2026-03-25 19:48:12,6.2,10.1,7.3,26,13.0
2026-03-25 19:48:41,6.2,9.0,7.78,20,10.0
2026-03-25 19:49:02,6.2,12.5,8.77,19,9.0
2026-03-25 19:49:13,6.0,7.7,6.95,4,2.0
2026-03-25 19:49:36,6.0,7.2,6.53,20,10.0
2026-03-25 19:49:48,6.0,6.0,6.0,1,0.0
2026-03-25 19:49:50,6.1,6.6,6.37,3,1.0
2026-03-25 19:49:53,6.1,7.6,6.6,6,3.0
2026-03-25 19:50:18,6.1,8.2,7.47,3,1.0
2026-03-25 19:50:43,6.0,7.8,6.62,12,6.0
2026-03-25 19:51:01,6.1,7.0,6.47,3,1.0
2026-03-25 19:51:24,6.4,8.4,7.72,11,5.0
2026-03-25 19:51:51,6.0,11.2,8.55,79,41.0
2026-03-25 19:53:09,7.1,8.4,7.55,12,5.0
2026-03-25 19:53:42,6.9,9.0,7.71,7,3.0
2026-03-25 19:53:55,6.6,8.5,7.73,11,5.0
2026-03-25 19:54:33,6.1,8.7,7.9,12,5.0
2026-03-25 19:54:40,6.3,13.4,8.96,28,15.0
2026-03-25 19:55:11,6.0,6.8,6.4,3,1.0
2026-03-25 19:55:24,6.0,7.9,7.0,6,2.0
2026-03-25 19:55:28,6.1,6.1,6.1,1,0.0
2026-03-25 19:55:35,6.1,6.4,6.25,2,0.0
2026-03-25 19:55:37,6.0,10.6,8.59,9,4.0
2026-03-25 19:56:08,6.0,8.6,7.07,6,3.0
2026-03-25 19:56:13,6.1,6.7,6.3,4,2.0
2026-03-25 19:56:17,6.0,8.2,7.02,6,2.0
2026-03-25 19:56:21,6.0,8.4,7.24,10,5.0
2026-03-25 19:56:41,6.4,7.2,6.83,3,1.0
2026-03-25 19:56:44,6.1,8.5,7.3,23,12.0
2026-03-25 19:57:19,6.0,11.1,7.77,30,16.0
2026-03-25 19:57:42,6.3,8.5,7.47,11,6.0
2026-03-25 19:57:56,6.2,11.0,8.36,24,13.0
2026-03-25 19:58:11,6.2,10.1,8.36,19,10.0
2026-03-25 19:58:36,6.5,8.5,7.38,17,8.0
2026-03-25 19:59:01,6.0,9.9,8.47,12,6.0
2026-03-25 19:59:20,6.2,12.0,9.45,17,9.0
2026-03-25 19:59:59,6.1,7.4,6.79,18,8.0
2026-03-25 20:00:26,6.0,6.5,6.22,5,2.0
2026-03-25 20:00:48,6.1,6.1,6.1,1,0.0
2026-03-25 20:00:50,6.2,8.3,7.18,6,2.0
2026-03-25 20:01:11,6.0,7.7,6.9,4,2.0
2026-03-25 20:01:29,6.1,8.0,7.1,5,2.0
2026-03-25 20:01:44,6.0,6.3,6.15,2,0.0
2026-03-25 20:01:47,6.1,7.4,6.93,3,1.0
2026-03-25 20:02:07,6.2,8.1,7.2,10,5.0
2026-03-25 20:02:28,6.0,8.5,6.7,32,16.0
2026-03-25 20:03:18,6.0,6.0,6.0,1,0.0
2026-03-25 20:04:07,6.0,8.4,6.54,11,6.0
2026-03-25 20:04:39,6.0,6.7,6.31,7,3.0
2026-03-25 20:04:44,6.0,6.1,6.07,3,1.0
2026-03-25 20:04:49,6.0,6.0,6.0,1,0.0
2026-03-25 20:04:51,6.2,6.9,6.55,2,0.0
2026-03-25 20:04:55,6.0,6.1,6.05,2,1.0
2026-03-25 20:05:00,6.0,7.8,6.5,5,3.0
2026-03-25 20:05:19,6.1,8.0,6.73,7,4.0
2026-03-25 20:05:52,6.1,8.3,7.7,7,3.0
2026-03-25 20:06:16,6.1,9.9,7.41,15,8.0
2026-03-25 20:07:50,6.0,7.2,6.49,42,22.0
2026-03-25 20:08:14,6.0,7.7,6.65,37,20.0
2026-03-25 20:08:40,6.0,6.0,6.0,1,0.0
2026-03-25 20:08:42,6.7,8.4,7.5,5,2.0
2026-03-25 20:08:55,6.0,7.3,6.55,13,8.0
2026-03-25 20:09:25,6.3,8.0,7.15,2,0.0
2026-03-25 20:09:31,6.3,7.8,7.22,37,19.0
2026-03-25 20:09:59,6.0,7.5,6.61,14,7.0
2026-03-25 20:10:30,6.1,7.4,6.78,9,5.0
2026-03-25 20:11:14,6.2,8.4,7.84,8,4.0
2026-03-25 20:12:59,6.1,6.8,6.42,4,2.0
2026-03-25 20:13:18,6.0,6.3,6.15,2,1.0
2026-03-25 20:13:21,6.1,8.8,7.25,22,11.0
2026-03-25 20:14:15,6.0,8.9,7.29,17,8.0
2026-03-25 20:14:43,6.0,11.3,7.7,48,25.0
2026-03-25 20:15:31,6.0,9.8,8.34,11,5.0
2026-03-25 20:15:38,6.0,9.1,7.6,10,6.0
2026-03-25 20:16:03,6.1,6.4,6.25,2,1.0
2026-03-25 20:16:18,6.0,6.1,6.05,2,0.0
2026-03-25 20:16:23,6.0,7.5,6.65,4,1.0
2026-03-25 20:17:50,6.0,10.8,7.35,63,34.0
2026-03-25 20:19:14,6.0,11.7,7.54,76,39.0
2026-03-25 20:21:04,6.2,7.2,6.5,8,3.0
2026-03-25 20:21:22,6.0,7.7,6.74,9,5.0
2026-03-25 20:21:36,6.5,8.2,7.37,3,1.0
2026-03-25 20:21:46,6.1,9.1,6.84,9,4.0
2026-03-25 20:21:58,7.6,7.6,7.6,1,0.0
2026-03-25 20:22:01,6.0,6.9,6.2,5,2.0
2026-03-25 20:22:08,6.4,6.5,6.45,2,1.0
2026-03-25 20:22:16,6.0,7.8,7.22,11,6.0
2026-03-25 20:22:30,6.2,8.1,7.01,12,6.0
2026-03-25 20:22:51,6.2,7.9,6.88,5,2.0
2026-03-25 20:23:22,6.3,8.2,7.34,7,3.0
2026-03-25 20:23:32,6.2,7.9,7.2,5,2.0
2026-03-25 20:23:46,6.0,7.4,6.66,16,8.0
2026-03-25 20:24:06,7.0,9.4,8.65,4,2.0
2026-03-25 20:25:03,6.2,6.6,6.4,2,0.0
2026-03-25 20:25:35,6.0,10.2,8.72,24,12.0
2026-03-25 20:25:57,6.0,8.9,7.72,36,18.0
2026-03-25 20:26:22,6.0,11.8,7.84,56,30.0
2026-03-25 20:27:03,6.1,7.1,6.7,3,1.0
2026-03-25 20:27:07,6.1,8.6,7.12,18,9.0
2026-03-25 20:27:19,6.1,10.4,8.67,7,4.0
2026-03-25 20:27:29,6.1,11.8,9.27,12,6.0
2026-03-25 20:28:21,6.4,9.8,8.11,15,7.0
2026-03-25 20:29:25,6.2,9.0,7.49,7,3.0
2026-03-25 20:29:49,6.0,9.5,6.96,5,2.0
2026-03-25 20:29:54,6.2,6.2,6.2,1,0.0
2026-03-25 20:29:58,6.0,11.6,8.75,108,56.0
2026-03-25 20:30:56,6.1,8.6,8.04,17,9.0
2026-03-25 20:31:07,6.5,8.4,7.68,6,2.0
2026-03-25 20:31:15,7.4,7.4,7.4,1,0.0
2026-03-25 20:32:02,6.1,10.3,7.62,35,18.0
2026-03-25 20:35:18,6.0,14.0,9.91,48,26.0
2026-03-25 20:35:46,6.3,10.0,8.91,17,9.0
2026-03-25 20:36:15,6.0,8.2,6.91,7,3.0
2026-03-25 20:36:32,6.0,10.7,8.37,13,7.0
2026-03-25 20:36:55,6.4,9.4,8.39,8,4.0
2026-03-25 20:37:39,6.7,11.0,8.64,40,20.0
2026-03-25 20:38:08,6.5,8.1,7.3,2,0.0
2026-03-25 20:38:23,6.0,8.6,7.69,7,3.0
2026-03-25 20:38:29,6.0,9.7,8.43,26,13.0
2026-03-25 20:39:17,6.0,8.8,7.77,12,6.0
2026-03-25 20:39:37,6.0,8.7,7.17,23,12.0
2026-03-25 20:39:58,7.2,9.8,8.9,39,20.0
2026-03-25 20:40:23,6.5,8.1,7.42,5,2.0
2026-03-25 20:43:09,6.1,8.3,7.07,3,1.0
2026-03-25 20:43:32,6.4,8.6,7.64,5,2.0
2026-03-25 20:43:36,6.1,8.5,7.47,3,1.0
2026-03-25 20:43:50,6.5,7.3,7.0,5,2.0
2026-03-25 20:44:01,6.3,6.4,6.35,2,0.0
2026-03-25 20:44:32,6.2,6.2,6.2,1,0.0
2026-03-25 20:44:37,6.0,8.7,7.73,15,7.0
2026-03-25 20:44:48,7.2,9.6,8.31,9,4.0
2026-03-25 20:45:25,6.0,7.1,6.43,3,1.0
2026-03-25 20:45:33,6.1,11.6,7.96,250,131.0
2026-03-25 20:49:36,6.1,6.1,6.1,2,1.0
2026-03-25 20:49:39,6.0,8.0,6.83,3,1.0
2026-03-25 20:49:57,6.2,6.4,6.3,3,1.0
2026-03-25 20:50:15,6.3,8.5,7.62,24,12.0
2026-03-25 20:51:23,6.0,13.5,8.82,137,71.0
2026-03-25 20:52:46,6.0,12.9,8.62,212,111.0
2026-03-25 20:54:43,6.0,6.2,6.1,2,1.0
2026-03-25 20:54:46,6.1,9.1,7.66,7,3.0
2026-03-25 20:54:51,6.0,6.4,6.2,2,1.0
2026-03-25 20:55:20,6.2,10.6,8.36,39,20.0
2026-03-25 20:55:49,6.1,7.6,6.68,12,6.0
2026-03-25 20:56:09,6.0,13.2,10.42,21,10.0
2026-03-25 20:56:51,6.1,11.4,9.03,33,16.0
2026-03-25 20:57:15,6.3,6.4,6.35,2,0.0
2026-03-25 20:57:18,6.1,6.1,6.1,1,0.0
2026-03-25 20:57:47,6.1,13.9,9.7,55,28.0
2026-03-25 20:58:18,6.0,6.7,6.42,6,3.0
2026-03-25 20:58:42,6.0,13.1,9.9,21,11.0
2026-03-25 20:58:56,6.1,13.5,9.66,37,19.0
2026-03-25 20:59:23,6.0,8.2,7.3,3,1.0
2026-03-25 20:59:27,6.0,12.0,9.46,17,8.0
2026-03-25 20:59:40,6.1,7.6,6.63,6,3.0
2026-03-25 20:59:45,6.1,15.9,11.5,32,16.0
2026-03-25 21:00:23,6.1,9.1,7.79,8,4.0
2026-03-25 21:00:31,6.0,9.6,8.32,13,6.0
2026-03-25 21:00:51,6.3,12.3,9.74,8,3.0
2026-03-25 21:01:06,6.2,8.1,7.33,8,4.0
2026-03-25 21:01:17,6.4,9.8,8.56,5,2.0
2026-03-25 21:01:21,6.0,9.4,8.0,42,23.0
2026-03-25 21:01:59,6.4,6.4,6.4,1,0.0
2026-03-25 21:02:01,6.5,6.5,6.5,1,0.0
2026-03-25 21:02:15,6.0,9.7,7.05,6,2.0
2026-03-25 21:02:23,6.5,8.6,7.37,6,2.0
2026-03-25 21:02:33,6.6,12.7,8.65,182,95.0
2026-03-25 21:04:23,6.1,10.7,7.84,5,2.0
2026-03-25 21:04:33,6.1,12.4,8.81,86,45.0
2026-03-25 21:05:24,6.2,6.2,6.2,1,0.0
2026-03-25 21:05:43,6.0,12.1,9.56,17,9.0
2026-03-25 21:06:02,6.6,7.4,7.1,3,1.0
2026-03-25 21:07:02,6.0,8.7,7.72,5,2.0
2026-03-25 21:08:25,6.0,8.4,7.46,9,5.0
2026-03-25 21:08:47,6.4,9.9,8.52,21,10.0
2026-03-25 21:09:15,6.0,7.8,7.09,9,4.0
2026-03-25 21:09:44,6.3,8.0,7.39,12,5.0
2026-03-25 21:09:54,6.2,10.8,9.08,21,10.0
2026-03-25 21:10:23,6.1,9.9,7.68,12,5.0
2026-03-25 21:11:29,6.1,6.1,6.1,1,0.0
2026-03-25 21:11:33,6.1,10.6,8.76,80,42.0
2026-03-25 21:12:20,6.1,12.8,9.06,33,17.0
2026-03-25 21:12:44,6.1,8.3,7.67,40,21.0
2026-03-25 21:13:07,6.0,13.1,8.87,204,106.0
2026-03-25 21:15:30,6.3,10.3,8.75,4,2.0
2026-03-25 21:15:35,6.0,9.2,7.54,20,10.0
2026-03-25 21:16:00,6.0,8.4,7.16,9,4.0
2026-03-25 21:18:51,6.2,7.6,7.05,6,3.0
2026-03-25 21:19:39,6.1,7.4,6.78,6,2.0
2026-03-25 21:20:31,6.0,10.6,7.5,62,32.0
2026-03-25 21:21:26,6.1,10.5,8.69,11,5.0
2026-03-25 21:21:46,6.0,8.5,7.55,6,2.0
2026-03-25 21:21:54,6.0,8.2,7.18,22,11.0
2026-03-25 21:22:09,6.0,10.1,8.37,10,4.0
2026-03-25 21:22:17,7.2,12.4,10.4,9,4.0
2026-03-25 21:22:25,6.8,10.9,9.1,17,9.0
2026-03-25 21:23:28,6.0,12.2,9.35,12,6.0
2026-03-25 21:23:46,6.0,9.1,8.19,44,23.0
2026-03-25 21:24:13,6.8,8.9,7.98,5,2.0
2026-03-25 21:24:28,6.0,6.2,6.1,2,0.0
2026-03-25 21:24:44,6.1,12.2,9.58,22,11.0
2026-03-25 21:25:18,6.2,7.5,6.85,2,0.0
2026-03-25 21:25:36,6.0,8.0,7.0,2,1.0
2026-03-25 21:25:51,6.0,8.2,7.21,7,3.0
2026-03-25 21:26:12,6.1,6.1,6.1,2,1.0
2026-03-25 21:26:32,6.1,12.3,9.55,14,6.0
2026-03-25 21:26:53,6.0,7.0,6.5,2,0.0
2026-03-25 21:26:59,6.5,8.9,7.7,2,1.0
2026-03-25 21:27:59,6.1,8.9,7.63,3,1.0
2026-03-25 21:28:07,6.3,6.3,6.3,1,0.0
2026-03-25 21:28:10,6.4,7.8,6.93,3,1.0
2026-03-25 21:28:20,6.3,13.3,8.96,77,40.0
2026-03-25 21:29:07,6.3,10.9,9.12,28,14.0
2026-03-25 21:29:36,6.5,8.4,7.53,11,5.0
2026-03-25 21:29:47,6.1,8.3,7.56,77,40.0
2026-03-25 21:30:32,7.5,9.8,8.28,5,2.0
2026-03-25 21:30:55,6.1,8.3,7.22,9,4.0
2026-03-25 21:32:29,6.0,9.7,7.85,62,33.0
2026-03-25 21:33:10,6.0,8.9,7.15,11,6.0
2026-03-25 21:33:28,6.6,11.0,8.21,14,7.0
2026-03-25 21:33:48,6.2,11.1,7.91,36,18.0
2026-03-25 21:34:13,6.3,8.5,7.23,10,5.0
2026-03-25 21:34:33,6.1,8.5,7.51,14,7.0
2026-03-25 21:34:51,6.1,12.4,8.29,24,12.0
2026-03-25 21:35:12,6.2,8.6,7.17,14,7.0
2026-03-25 21:36:37,6.1,8.2,7.24,8,3.0
2026-03-25 21:37:01,6.0,8.9,6.88,24,13.0
2026-03-25 21:37:16,6.0,10.6,8.02,10,5.0
2026-03-25 21:37:29,6.1,7.9,7.06,5,2.0
2026-03-25 21:37:35,6.0,13.4,7.68,229,124.0
2026-03-25 21:39:58,6.2,9.7,8.52,10,5.0
2026-03-25 21:40:07,6.1,11.2,8.29,40,21.0
2026-03-25 21:40:52,6.1,10.4,8.39,7,3.0
2026-03-25 21:41:22,6.0,8.7,7.4,7,3.0
2026-03-25 21:41:31,6.8,10.1,8.66,9,4.0
2026-03-25 21:41:43,7.0,8.7,7.86,5,2.0
2026-03-25 21:41:47,7.2,9.4,7.92,4,1.0
2026-03-25 21:42:18,6.0,10.1,8.37,11,6.0
2026-03-25 21:42:28,7.2,9.3,8.2,5,2.0
2026-03-25 21:42:37,6.7,6.7,6.7,1,0.0
2026-03-25 21:43:02,7.4,9.8,8.78,6,3.0
2026-03-25 21:43:30,6.3,8.8,7.64,7,3.0
2026-03-25 21:43:46,6.0,9.8,7.58,5,3.0
2026-03-25 21:44:36,6.2,12.6,10.64,64,33.0
2026-03-25 21:45:20,7.5,11.1,9.2,5,2.0
2026-03-25 21:45:40,6.0,14.2,9.6,77,40.0
2026-03-25 21:46:50,6.2,8.3,7.48,5,2.0
2026-03-25 21:47:02,6.2,10.8,9.15,11,5.0
2026-03-25 21:47:10,6.0,11.5,9.03,52,27.0
2026-03-25 21:47:42,6.0,7.7,6.97,9,4.0
2026-03-25 21:47:54,6.1,9.7,8.2,3,1.0
2026-03-25 21:48:01,6.0,6.2,6.1,2,0.0
2026-03-25 21:48:07,6.2,14.3,10.64,36,18.0
2026-03-25 21:48:27,6.1,6.1,6.1,1,0.0
2026-03-25 21:49:06,6.1,6.6,6.34,5,2.0
2026-03-25 21:49:38,6.3,6.3,6.3,1,0.0
2026-03-25 21:50:24,6.0,7.1,6.68,6,2.0
2026-03-25 21:51:15,6.2,10.2,8.58,5,2.0
2026-03-25 21:51:35,6.2,8.1,7.5,7,3.0
2026-03-25 21:52:03,6.1,8.8,7.76,5,2.0
2026-03-25 21:52:25,6.0,9.2,7.43,9,4.0
2026-03-25 21:52:35,6.1,7.3,6.63,3,1.0
2026-03-25 21:52:52,6.8,8.3,7.59,14,7.0
2026-03-25 21:53:47,6.7,8.2,7.06,7,3.0
2026-03-25 21:53:56,6.3,8.9,7.31,9,4.0
2026-03-25 21:54:53,6.0,6.0,6.0,1,0.0
2026-03-25 21:55:16,6.2,9.3,8.3,4,1.0
2026-03-25 21:56:36,6.3,8.8,7.8,21,11.0
2026-03-25 21:57:11,6.1,10.4,7.94,12,5.0
2026-03-25 21:57:18,6.1,6.3,6.17,4,1.0
2026-03-25 21:57:23,6.0,8.9,7.39,17,9.0
2026-03-25 21:57:34,6.1,9.3,8.12,6,3.0
2026-03-25 21:57:50,6.0,9.1,7.66,23,12.0
2026-03-25 21:58:05,7.0,7.3,7.17,3,1.0
2026-03-25 21:58:08,7.4,7.4,7.4,1,0.0
2026-03-25 21:58:13,6.2,9.5,7.53,6,3.0
2026-03-25 21:58:25,6.1,6.1,6.1,1,0.0
2026-03-25 21:58:36,7.2,8.2,7.77,3,2.0
2026-03-25 21:59:06,6.1,7.3,6.69,7,3.0
2026-03-25 21:59:27,7.0,7.9,7.28,9,5.0
2026-03-25 21:59:37,6.0,8.9,7.27,3,1.0
2026-03-25 21:59:45,6.6,8.8,7.62,6,3.0
2026-03-25 22:00:07,6.1,9.0,7.89,9,5.0
2026-03-25 22:00:34,6.8,8.1,7.45,2,1.0
2026-03-25 22:00:37,6.1,7.7,7.07,10,5.0
2026-03-25 22:01:13,6.1,8.2,7.06,7,3.0
2026-03-25 22:02:08,6.1,6.4,6.25,2,0.0
2026-03-25 22:02:36,6.0,8.9,7.04,7,3.0
2026-03-25 22:03:25,6.3,7.2,6.75,2,1.0
2026-03-25 22:04:03,6.4,7.5,6.91,9,5.0
2026-03-25 22:05:00,6.0,8.8,7.71,11,6.0
2026-03-25 22:05:19,6.0,7.7,6.93,6,3.0
2026-03-25 22:05:24,6.4,8.0,7.23,6,3.0
2026-03-25 22:05:55,7.0,7.9,7.38,4,2.0
2026-03-25 22:06:49,6.1,8.7,7.23,6,3.0
2026-03-25 22:07:02,6.7,9.3,8.28,5,2.0
2026-03-25 22:07:13,6.5,7.4,6.95,6,2.0
2026-03-25 22:07:50,6.2,9.2,7.2,8,3.0
2026-03-25 22:08:13,6.2,9.3,8.04,7,3.0
2026-03-25 22:08:38,6.5,8.2,7.62,4,1.0
2026-03-25 22:09:34,6.0,8.6,6.89,27,14.0
2026-03-25 22:09:51,6.0,7.2,6.6,4,1.0
2026-03-25 22:10:06,6.0,8.3,6.65,31,16.0
2026-03-25 22:10:48,6.4,8.1,7.4,5,2.0
2026-03-25 22:11:13,7.0,8.9,7.89,8,4.0
2026-03-25 22:11:26,6.5,9.5,8.13,6,2.0
2026-03-25 22:12:07,6.7,8.2,7.52,6,3.0
2026-03-25 22:12:15,6.0,10.0,7.3,11,5.0
2026-03-25 22:12:59,6.1,7.7,7.03,3,1.0
2026-03-25 22:13:32,6.1,9.3,7.73,9,4.0
2026-03-25 22:13:49,6.1,6.1,6.1,1,0.0
2026-03-25 22:13:58,6.1,8.6,7.14,9,5.0
2026-03-25 22:14:14,6.1,8.0,7.11,10,4.0
2026-03-25 22:14:27,6.2,8.3,7.34,13,6.0
2026-03-25 22:14:44,7.5,8.9,8.1,7,3.0
2026-03-25 22:14:57,6.0,8.8,7.8,12,6.0
2026-03-25 22:15:14,6.1,11.9,9.2,27,13.0
2026-03-25 22:15:33,6.0,14.9,9.73,32,17.0
2026-03-25 22:15:59,6.3,10.2,8.99,9,4.0
2026-03-25 22:16:13,6.3,8.7,7.5,3,1.0
2026-03-25 22:16:20,6.2,15.1,11.24,44,22.0
2026-03-25 22:16:44,6.0,12.4,9.36,26,13.0
2026-03-25 22:17:00,6.1,7.6,6.6,3,1.0
2026-03-25 22:17:14,6.5,8.5,7.25,8,4.0
2026-03-25 22:17:23,6.1,6.1,6.1,1,0.0
2026-03-25 22:17:26,6.5,11.3,8.97,8,4.0
2026-03-25 22:17:51,6.2,8.7,7.5,8,4.0
2026-03-25 22:18:12,6.1,9.3,8.09,13,6.0
2026-03-25 22:18:22,6.2,7.0,6.47,3,2.0
2026-03-25 22:18:36,6.4,9.7,8.51,11,5.0
2026-03-25 22:18:45,6.1,10.1,8.53,7,3.0
2026-03-25 22:18:54,6.1,8.9,7.57,7,3.0
2026-03-25 22:19:24,6.4,8.9,8.03,3,1.0
2026-03-25 22:19:35,6.1,10.2,8.52,6,2.0
2026-03-25 22:20:11,6.8,8.6,7.47,6,3.0
2026-03-25 22:20:21,6.6,6.6,6.6,1,0.0
2026-03-25 22:20:25,6.3,6.3,6.3,1,0.0
2026-03-25 22:20:50,7.0,12.8,8.98,35,18.0
2026-03-25 22:21:25,6.1,12.2,8.24,97,50.0
2026-03-25 22:23:36,6.2,6.2,6.2,1,0.0
2026-03-25 22:24:20,6.2,8.2,7.46,7,3.0
2026-03-25 22:24:29,6.2,6.2,6.2,1,0.0
2026-03-25 22:24:31,6.0,9.7,8.2,8,3.0
2026-03-25 22:24:43,6.6,9.5,8.22,8,4.0
2026-03-25 22:25:36,6.3,7.7,7.0,2,0.0
2026-03-25 22:25:54,6.1,8.6,7.48,6,3.0
2026-03-25 22:26:46,6.6,8.9,7.62,9,5.0
2026-03-25 22:27:15,6.6,7.4,7.1,7,4.0
2026-03-25 22:30:44,6.2,8.2,7.64,10,5.0
2026-03-25 22:31:15,7.2,8.9,7.79,8,4.0
2026-03-25 22:31:25,6.2,8.3,6.95,4,2.0
2026-03-25 22:31:29,6.0,7.2,6.47,3,1.0
2026-03-25 22:33:02,8.1,9.0,8.5,3,1.0
2026-03-25 22:33:19,6.5,7.2,6.85,2,0.0
2026-03-25 22:33:58,6.1,9.3,7.47,4,2.0
2026-03-25 22:34:08,6.5,7.9,7.0,3,1.0
2026-03-25 22:34:17,6.0,7.9,6.67,3,1.0
2026-03-25 22:35:52,7.5,8.9,8.31,7,3.0
2026-03-25 22:36:02,6.1,9.1,7.42,13,7.0
2026-03-25 22:37:14,6.0,9.3,8.04,10,5.0
2026-03-25 22:37:22,6.4,6.4,6.4,1,0.0
2026-03-25 22:37:35,6.1,8.6,7.68,13,7.0
2026-03-25 22:37:49,6.1,8.5,7.25,14,8.0
2026-03-25 22:38:01,6.1,8.6,7.34,11,6.0
2026-03-25 22:38:31,6.3,9.2,8.05,8,4.0
2026-03-25 22:38:54,6.3,8.9,7.56,5,2.0
2026-03-25 22:39:24,6.0,8.0,6.96,7,3.0
2026-03-25 22:39:55,7.3,8.3,7.74,8,4.0
2026-03-25 22:40:08,7.9,9.0,8.37,7,3.0
2026-03-25 22:40:21,6.3,6.3,6.3,1,0.0
2026-03-25 22:43:19,6.0,8.4,7.12,4,1.0
2026-03-25 22:44:06,6.0,6.0,6.0,1,0.0
2026-03-25 22:44:18,6.0,13.2,9.39,53,27.0
2026-03-25 22:44:55,6.2,9.6,8.31,13,6.0
2026-03-25 22:45:04,6.6,8.8,7.79,7,3.0
2026-03-25 22:45:21,6.0,10.9,8.77,30,15.0
2026-03-25 22:45:47,6.2,13.6,9.62,122,63.0
2026-03-25 22:47:16,6.4,9.3,8.28,28,15.0
2026-03-25 22:47:58,6.2,9.5,7.89,7,3.0
2026-03-25 22:48:08,6.0,9.3,8.31,19,10.0
2026-03-25 22:48:20,6.1,7.1,6.73,12,6.0
2026-03-25 22:48:30,6.0,9.1,7.27,15,8.0
2026-03-25 22:49:23,6.1,10.6,8.35,21,11.0
2026-03-25 22:49:45,6.0,12.2,8.58,25,13.0
2026-03-25 22:50:00,6.1,6.1,6.1,1,0.0
2026-03-25 22:51:04,6.0,15.6,10.84,38,21.0
2026-03-25 22:51:29,6.0,13.6,11.79,24,12.0
2026-03-25 22:51:44,6.2,13.7,9.47,93,49.0
2026-03-25 22:52:38,6.0,11.0,8.71,27,14.0
2026-03-25 22:53:02,6.1,8.9,7.53,6,3.0
2026-03-25 22:53:14,6.1,11.2,8.66,19,9.0
2026-03-25 22:53:45,6.1,6.6,6.3,3,1.0
2026-03-25 22:54:52,6.2,10.1,8.5,7,3.0
2026-03-25 22:55:21,6.0,9.5,8.4,4,1.0
2026-03-25 22:55:48,6.3,10.0,8.98,5,2.0
2026-03-25 22:55:53,6.1,6.1,6.1,1,0.0
2026-03-25 22:56:01,6.1,9.4,7.5,6,3.0
2026-03-25 22:56:11,6.2,8.1,6.9,4,2.0
2026-03-25 22:56:39,6.7,9.5,8.14,17,9.0
2026-03-25 22:57:09,6.2,9.8,8.07,45,23.0
2026-03-25 22:57:36,6.1,9.0,8.43,24,12.0
2026-03-25 22:58:08,6.1,13.9,10.81,25,13.0
2026-03-25 22:58:40,6.0,13.0,10.04,73,38.0
2026-03-25 22:59:37,6.1,14.3,10.54,173,90.0
2026-03-25 23:02:27,6.1,8.5,7.16,23,12.0
2026-03-25 23:04:01,6.1,8.6,7.57,24,12.0
2026-03-25 23:04:51,6.1,12.7,9.57,26,14.0
2026-03-25 23:05:13,6.1,9.7,8.28,24,12.0
2026-03-25 23:05:41,6.0,11.2,8.54,60,31.0
2026-03-25 23:06:42,6.1,9.7,8.52,17,9.0
2026-03-25 23:07:03,6.1,9.5,8.28,13,7.0
2026-03-25 23:07:22,6.0,10.0,8.72,13,6.0
2026-03-25 23:07:51,6.3,10.1,9.0,7,3.0
2026-03-25 23:08:07,6.2,11.0,8.52,22,11.0
2026-03-25 23:08:25,6.3,11.4,8.95,21,11.0
2026-03-25 23:08:56,6.1,14.3,10.64,25,12.0
2026-03-25 23:09:24,6.1,9.9,8.22,5,2.0
2026-03-25 23:10:01,6.1,7.4,6.67,3,1.0
2026-03-25 23:18:28,6.0,9.5,8.29,121,63.0
2026-03-25 23:20:20,6.0,8.4,7.67,22,11.0
2026-03-25 23:21:19,6.2,8.6,7.65,44,22.0
2026-03-25 23:22:21,6.0,7.7,7.02,49,26.0
2026-03-25 23:23:07,6.0,7.4,6.54,12,5.0
2026-03-25 23:27:49,6.0,9.9,7.71,204,108.0
2026-03-25 23:33:01,6.0,13.8,10.0,238,126.0
2026-03-25 23:35:37,6.0,7.6,7.04,13,6.0
2026-03-25 23:35:49,6.1,13.2,9.52,77,40.0
2026-03-25 23:36:56,6.0,10.0,7.88,27,14.0
2026-03-25 23:37:28,6.1,13.2,9.98,71,37.0
2026-03-25 23:38:18,6.1,11.3,8.81,24,12.0
2026-03-25 23:38:57,6.0,11.4,9.06,37,19.0
2026-03-25 23:39:42,6.1,9.7,8.64,35,18.0
2026-03-25 23:40:32,6.0,15.1,11.59,85,44.0
2026-03-25 23:41:27,6.0,13.7,10.22,24,12.0
2026-03-25 23:41:52,6.1,10.9,8.55,11,5.0
2026-03-25 23:42:04,6.0,7.3,6.5,3,1.0
2026-03-25 23:42:36,6.1,9.3,8.78,22,11.0
2026-03-25 23:43:09,6.1,11.5,8.55,33,17.0
2026-03-25 23:43:33,6.3,14.0,11.02,50,26.0
2026-03-25 23:44:01,6.1,6.1,6.1,2,1.0
2026-03-25 23:44:12,6.2,10.4,8.93,24,13.0
2026-03-25 23:44:35,6.1,8.8,8.11,28,15.0
2026-03-25 23:44:52,6.1,6.1,6.1,1,0.0
2026-03-25 23:45:58,6.1,10.5,8.93,19,10.0
2026-03-25 23:47:01,6.0,10.2,8.98,18,9.0
2026-03-25 23:48:06,6.1,10.6,8.2,23,11.0
2026-03-25 23:48:58,6.1,9.4,7.89,15,7.0
2026-03-25 23:51:27,6.0,10.7,7.5,130,71.0
2026-03-25 23:52:40,6.0,6.3,6.1,3,2.0
2026-03-25 23:52:44,6.0,7.7,6.61,12,6.0
2026-03-25 23:52:56,6.0,6.0,6.0,1,0.0
2026-03-25 23:52:58,6.0,6.0,6.0,1,0.0
2026-03-25 23:53:02,6.0,9.2,8.04,336,176.0
2026-03-25 23:56:00,6.1,6.2,6.12,4,1.0
2026-03-25 23:56:09,6.1,6.1,6.1,1,0.0
2026-03-25 23:56:11,6.2,6.2,6.2,1,0.0
2026-03-25 23:56:24,6.0,6.2,6.1,2,1.0
2026-03-25 23:56:41,6.0,6.4,6.17,3,1.0
2026-03-25 23:56:49,6.0,6.2,6.1,2,1.0
2026-03-25 23:56:52,6.1,6.1,6.1,1,0.0
2026-03-25 23:57:00,6.0,6.0,6.0,1,0.0
2026-03-25 23:57:08,6.0,6.0,6.0,1,0.0
2026-03-25 23:57:11,6.0,6.3,6.12,6,3.0
2026-03-25 23:57:25,6.0,6.0,6.0,1,0.0
2026-03-25 23:57:48,6.0,6.7,6.33,8,3.0
2026-03-25 23:57:53,6.2,7.5,6.91,14,6.0
2026-03-25 23:58:01,6.0,6.0,6.0,1,0.0
2026-03-25 23:58:03,6.0,6.4,6.16,11,6.0
2026-03-25 23:58:11,6.0,6.7,6.28,9,4.0
2026-03-25 23:58:20,6.0,6.0,6.0,1,0.0
2026-03-25 23:58:26,6.1,6.1,6.1,1,0.0
2026-03-25 23:58:31,6.0,6.7,6.39,369,193.0
2026-03-26 00:01:51,6.0,6.0,6.0,1,0.0
2026-03-26 00:02:59,6.1,6.2,6.15,2,0.0
2026-03-26 00:03:01,6.0,6.1,6.07,6,2.0
2026-03-26 00:03:05,6.0,6.1,6.01,29,15.0
2026-03-26 00:03:22,6.0,6.0,6.0,3,1.0
2026-03-26 00:07:49,6.1,6.9,6.85,24,12.0
2026-03-26 00:13:45,6.0,16.5,11.31,539,284.0
2026-03-26 00:18:31,6.0,6.6,6.31,40,20.0
2026-03-26 00:18:58,6.2,16.3,10.57,602,316.0
2026-03-26 00:25:47,6.0,10.5,9.33,23,11.0
2026-03-26 00:26:00,6.1,6.1,6.1,1,0.0
2026-03-26 00:26:04,6.1,6.5,6.27,3,1.0
2026-03-26 00:26:10,6.1,12.6,10.8,61,32.0
2026-03-26 00:27:20,6.0,15.9,10.4,181,97.0
2026-03-26 00:29:24,6.1,14.2,11.84,93,48.0
2026-03-26 00:30:29,6.1,6.8,6.49,23,11.0
2026-03-26 00:31:18,6.0,11.6,9.69,29,15.0
2026-03-26 00:31:53,6.0,11.8,9.45,29,16.0
2026-03-26 00:32:16,6.2,11.3,9.7,55,28.0
2026-03-26 00:33:15,6.1,12.0,9.72,253,133.0
2026-03-26 00:35:30,6.0,6.6,6.26,10,5.0
2026-03-26 00:36:18,6.0,6.2,6.1,2,1.0
2026-03-26 00:36:23,6.0,6.1,6.03,3,1.0
2026-03-26 00:36:34,6.0,6.2,6.08,5,3.0
2026-03-26 00:37:01,6.0,6.0,6.0,2,0.0
2026-03-26 00:37:04,6.0,6.2,6.07,6,4.0
2026-03-26 00:37:17,6.0,6.2,6.1,9,6.0
2026-03-26 00:37:33,6.0,6.1,6.03,3,2.0
2026-03-26 00:37:41,6.0,6.3,6.12,4,2.0
2026-03-26 00:37:55,6.1,7.1,6.55,23,12.0
2026-03-26 00:38:10,6.3,11.4,9.97,45,23.0
2026-03-26 00:38:37,6.1,11.7,9.73,33,17.0
2026-03-26 00:39:10,6.2,11.4,9.39,19,10.0
2026-03-26 00:40:05,6.0,11.6,8.7,38,21.0
2026-03-26 00:41:03,6.0,12.0,9.62,37,19.0
2026-03-26 00:42:30,6.0,15.2,12.06,195,102.0
2026-03-26 00:44:14,6.1,6.3,6.23,3,1.0
2026-03-26 00:44:18,6.0,17.3,12.14,599,315.0
2026-03-26 00:49:45,6.0,6.2,6.08,4,1.0
2026-03-26 00:49:49,6.1,12.0,9.07,34,17.0
2026-03-26 00:50:12,6.0,7.4,6.4,6,2.0
2026-03-26 00:50:28,6.1,12.7,10.46,17,8.0
2026-03-26 00:51:06,6.0,11.8,10.29,20,10.0
2026-03-26 00:51:48,6.0,11.9,10.32,73,38.0
2026-03-26 00:52:59,6.1,11.5,10.43,48,25.0
2026-03-26 00:54:27,6.0,13.8,9.25,163,85.0
2026-03-26 00:56:00,6.2,6.2,6.2,1,0.0
2026-03-26 01:01:32,6.0,11.0,9.5,89,46.0
2026-03-26 01:07:08,6.0,12.6,10.76,245,126.0
2026-03-26 01:15:36,6.0,7.4,6.75,175,91.0
2026-03-26 01:17:28,6.0,8.1,7.1,3,1.0
2026-03-26 01:17:43,6.0,14.9,9.78,1065,559.0
2026-03-26 01:30:47,6.0,6.0,6.0,1,0.0
2026-03-26 01:31:14,6.0,8.1,6.94,12,6.0
2026-03-26 01:31:55,6.1,14.1,10.33,495,263.0
2026-03-26 01:36:41,6.1,6.1,6.1,1,0.0
2026-03-26 01:37:07,6.8,9.0,8.37,27,14.0
2026-03-26 01:39:03,6.4,6.4,6.4,1,0.0
2026-03-26 01:39:10,6.1,6.1,6.1,1,0.0
2026-03-26 01:39:12,6.2,12.4,9.89,35,18.0
2026-03-26 01:40:10,6.1,9.5,6.76,8,5.0
2026-03-26 01:40:17,6.0,10.8,8.72,58,30.0
2026-03-26 01:40:50,6.0,15.0,11.14,104,55.0
2026-03-26 01:41:51,6.0,6.6,6.3,3,1.0
2026-03-26 01:41:54,6.0,6.3,6.15,2,0.0
2026-03-26 01:41:57,6.1,8.6,7.32,22,11.0
2026-03-26 01:42:11,6.0,12.8,9.79,54,28.0
2026-03-26 01:42:41,6.3,15.5,10.41,177,93.0
2026-03-26 01:44:36,6.0,10.1,8.98,11,5.0
2026-03-26 01:44:50,6.3,11.6,8.77,36,19.0
2026-03-26 01:45:46,6.1,10.0,8.28,9,4.0
2026-03-26 01:46:15,6.0,10.1,7.85,33,17.0
2026-03-26 01:46:34,6.1,6.1,6.1,1,0.0
2026-03-26 01:46:43,6.0,9.4,8.0,5,2.0
2026-03-26 01:47:09,6.4,13.2,9.81,108,56.0
2026-03-26 01:56:12,6.1,9.4,8.14,114,59.0
2026-03-26 01:57:20,6.0,11.4,9.67,73,38.0
2026-03-26 01:58:28,6.0,6.0,6.0,1,0.0
2026-03-26 01:58:33,6.4,6.4,6.4,1,0.0
2026-03-26 01:58:37,6.0,6.4,6.26,20,10.0
2026-03-26 01:58:49,6.0,6.3,6.2,15,7.0
2026-03-26 01:59:08,6.1,6.1,6.1,1,0.0
2026-03-26 01:59:13,6.0,7.0,6.49,449,238.0
2026-03-26 02:03:14,6.0,6.0,6.0,1,0.0
2026-03-26 02:03:19,6.0,6.1,6.07,6,2.0
2026-03-26 02:03:37,6.0,6.1,6.03,18,10.0
2026-03-26 02:05:50,6.0,6.0,6.0,1,0.0
2026-03-26 02:06:21,6.0,6.0,6.0,1,0.0
2026-03-26 02:06:23,6.0,13.2,7.1,1648,867.0
2026-03-26 02:20:57,6.0,6.9,6.3,7,4.0
2026-03-26 02:21:03,6.0,7.1,6.39,7,3.0
2026-03-26 02:21:08,6.0,7.4,6.61,8,4.0
2026-03-26 02:21:25,6.1,10.8,8.97,35,18.0
2026-03-26 02:23:08,7.5,9.6,8.84,37,19.0
2026-03-26 02:23:29,6.0,10.7,8.71,79,41.0
2026-03-26 02:25:07,6.0,7.6,6.84,9,5.0
2026-03-26 02:36:07,6.0,12.2,9.44,115,60.0
2026-03-26 02:37:23,6.1,11.0,9.24,31,15.0
2026-03-26 02:37:53,6.0,9.8,8.62,17,8.0
2026-03-26 02:38:14,6.1,9.6,8.45,53,27.0
2026-03-26 02:38:46,6.0,12.4,8.8,60,32.0
2026-03-26 02:48:55,6.2,9.8,7.82,13,6.0
2026-03-26 02:49:23,6.1,10.0,8.49,36,19.0
2026-03-26 02:50:13,6.1,10.6,9.44,28,14.0
2026-03-26 02:51:52,6.0,9.9,9.07,29,15.0
2026-03-26 03:02:01,6.1,6.1,6.1,1,0.0
2026-03-26 03:02:09,6.0,11.4,8.5,38,20.0
2026-03-26 03:02:32,6.0,6.5,6.17,18,10.0
2026-03-26 03:02:47,6.0,11.1,9.36,26,14.0
2026-03-26 03:03:16,6.4,11.7,10.18,22,11.0
2026-03-26 03:03:37,6.0,13.7,10.56,29,15.0
2026-03-26 03:04:41,6.2,10.9,8.98,14,7.0
2026-03-26 03:05:01,6.0,15.5,8.95,1711,898.0
2026-03-26 03:20:09,6.3,10.7,9.44,28,14.0
2026-03-26 03:20:40,6.1,7.2,6.46,8,4.0
2026-03-26 03:20:58,6.1,12.3,10.42,17,8.0
2026-03-26 03:21:13,6.1,6.1,6.1,2,1.0
2026-03-26 03:52:13,6.2,10.6,8.03,41,22.0
2026-03-26 04:50:13,6.0,8.8,7.4,38,20.0
2026-03-26 04:52:36,6.0,9.1,7.38,18,9.0
2026-03-26 05:03:28,6.0,9.6,8.13,178,93.0
2026-03-26 05:26:43,6.1,12.5,9.28,142,75.0
2026-03-26 05:28:37,6.0,9.0,7.42,13,7.0
2026-03-26 05:28:54,6.4,13.0,10.83,22,11.0
2026-03-26 05:29:30,6.2,11.9,9.12,46,24.0
2026-03-26 05:30:13,6.6,12.7,9.83,57,29.0
2026-03-26 05:31:34,6.0,12.5,9.92,56,30.0
2026-03-26 05:32:35,6.1,10.5,9.44,64,34.0
2026-03-26 05:33:39,6.5,11.4,10.03,103,56.0
2026-03-26 05:35:22,6.0,11.1,8.48,40,22.0
2026-03-26 05:35:53,6.1,11.8,10.24,33,18.0
2026-03-26 05:36:41,6.6,14.4,11.23,57,30.0
2026-03-26 05:37:22,6.0,13.1,9.57,149,79.0
2026-03-26 05:38:47,6.3,10.7,8.93,19,10.0
2026-03-26 05:39:15,6.4,11.4,9.62,18,9.0
2026-03-26 05:40:23,6.2,7.2,6.7,2,1.0
2026-03-26 05:40:44,6.1,11.4,9.07,109,58.0
2026-03-26 05:49:23,6.2,10.4,9.28,78,41.0
2026-03-26 05:59:51,6.0,6.1,6.03,8,6.0
2026-03-26 06:00:07,6.0,7.9,6.99,13,7.0
2026-03-26 06:00:49,6.1,13.4,9.91,210,112.0
2026-03-26 06:04:24,6.1,10.6,9.66,100,52.0
2026-03-26 06:05:44,6.0,11.8,10.18,39,20.0
2026-03-26 06:06:19,6.1,10.0,8.0,45,24.0
2026-03-26 06:07:37,6.4,11.3,9.67,55,29.0
2026-03-26 06:08:56,6.0,9.6,8.01,16,8.0
2026-03-26 06:09:26,6.9,10.1,8.5,30,16.0
2026-03-26 06:10:03,6.2,13.8,10.81,85,44.0
2026-03-26 06:11:53,6.0,11.3,9.23,45,24.0
2026-03-26 06:13:11,6.2,11.4,9.21,100,53.0
2026-03-26 06:14:35,6.0,11.1,9.07,21,11.0
2026-03-26 06:15:18,6.0,10.8,9.4,73,39.0
2026-03-26 06:16:49,6.0,11.3,8.69,124,67.0
2026-03-26 06:22:52,6.1,6.5,6.3,2,1.0
2026-03-26 06:22:55,6.0,10.2,9.2,80,42.0
2026-03-26 06:25:49,6.1,11.1,9.93,36,18.0
2026-03-26 06:36:05,6.0,8.7,7.52,11,6.0
2026-03-26 06:36:29,6.0,10.6,9.38,49,26.0
2026-03-26 06:37:05,6.0,6.0,6.0,1,0.0
2026-03-26 06:37:27,6.0,9.8,8.22,9,4.0
2026-03-26 06:37:33,6.1,10.9,9.7,122,65.0
2026-03-26 06:45:55,6.0,6.4,6.2,4,2.0
2026-03-26 06:46:10,6.0,10.3,8.65,30,15.0
2026-03-26 06:46:27,6.0,6.7,6.35,2,0.0
2026-03-26 06:46:41,6.2,10.5,9.17,51,26.0
2026-03-26 07:04:40,6.0,13.0,10.31,186,98.0
2026-03-26 07:06:39,6.4,15.7,10.97,56,29.0
2026-03-26 07:07:18,6.2,6.2,6.2,1,0.0
2026-03-26 07:07:51,6.0,12.5,9.53,75,40.0
2026-03-26 07:08:33,6.0,6.0,6.0,1,0.0
2026-03-26 07:08:36,6.1,9.1,7.09,149,79.0
2026-03-26 07:10:16,6.0,7.1,6.44,9,4.0
2026-03-26 07:10:24,6.1,11.8,7.98,78,41.0
2026-03-26 07:11:15,6.2,12.4,8.93,62,32.0
2026-03-26 07:12:06,6.1,10.0,8.58,25,13.0
2026-03-26 07:13:19,6.2,10.0,9.14,39,20.0
2026-03-26 07:14:04,6.2,12.0,8.89,50,26.0
2026-03-26 07:15:27,6.1,9.0,8.36,18,9.0
2026-03-26 07:16:30,6.3,11.0,9.21,30,15.0
2026-03-26 07:17:12,6.1,9.3,8.05,13,7.0
2026-03-26 07:30:56,6.1,9.6,8.54,115,61.0
2026-03-26 07:32:10,6.0,9.9,9.05,37,19.0
2026-03-26 07:32:33,6.2,10.8,8.16,25,13.0
2026-03-26 07:33:41,6.0,10.8,8.92,109,57.0
2026-03-26 07:34:47,6.0,10.2,8.32,167,89.0
2026-03-26 07:37:03,6.6,9.8,8.63,17,8.0
2026-03-26 07:37:25,6.1,9.2,8.0,66,35.0
2026-03-26 07:39:58,6.6,10.2,8.43,26,13.0
2026-03-26 07:40:31,6.1,10.2,8.68,49,25.0
2026-03-26 07:42:45,6.3,10.4,7.79,30,15.0
2026-03-26 07:43:13,6.0,13.3,10.23,105,55.0
2026-03-26 07:44:37,6.0,8.8,7.73,12,6.0
2026-03-26 07:44:51,6.0,9.4,8.26,7,3.0
2026-03-26 07:44:58,6.8,8.9,7.62,8,4.0
2026-03-26 07:45:16,6.4,10.4,9.35,32,16.0
2026-03-26 07:46:13,6.3,6.3,6.3,1,0.0
2026-03-26 07:46:15,6.0,6.1,6.05,2,0.0
2026-03-26 07:46:18,6.4,6.4,6.4,1,0.0
2026-03-26 07:46:37,6.0,10.8,9.58,39,21.0
2026-03-26 07:47:01,6.2,9.8,8.52,13,7.0
2026-03-26 07:47:22,6.0,6.0,6.0,1,0.0
2026-03-26 07:47:24,6.0,6.0,6.0,1,0.0
2026-03-26 07:47:38,6.2,9.1,8.16,12,6.0
2026-03-26 07:48:41,6.3,7.3,7.02,5,2.0
2026-03-26 07:48:45,6.3,6.3,6.3,1,0.0
2026-03-26 07:48:48,6.0,8.8,7.29,10,5.0
2026-03-26 07:50:00,6.1,6.3,6.2,2,1.0
2026-03-26 07:50:03,6.0,6.5,6.3,3,1.0
2026-03-26 07:51:40,6.2,7.5,6.89,9,5.0
2026-03-26 07:52:14,6.1,11.5,9.47,77,41.0
2026-03-26 07:52:57,6.0,11.1,10.23,39,21.0
2026-03-26 07:53:56,6.3,10.5,9.56,17,9.0
2026-03-26 07:54:33,6.4,9.7,8.48,36,19.0
2026-03-26 07:55:20,6.0,9.9,8.97,40,20.0
2026-03-26 07:56:04,6.6,9.4,8.54,13,6.0
2026-03-26 07:56:30,6.1,8.3,7.19,8,4.0
2026-03-26 07:57:07,6.1,9.7,7.93,15,8.0
2026-03-26 07:57:42,6.0,9.4,8.53,48,25.0
2026-03-26 07:58:54,6.0,10.4,8.97,41,22.0
2026-03-26 08:00:07,6.0,9.7,7.75,20,11.0
2026-03-26 08:11:59,6.2,10.7,8.74,114,61.0
2026-03-26 08:13:44,6.0,9.7,8.32,18,9.0
2026-03-26 08:14:13,6.0,14.8,10.6,62,33.0
2026-03-26 08:15:14,6.6,14.1,10.46,72,37.0
2026-03-26 08:16:08,6.3,9.9,8.44,17,8.0
2026-03-26 08:16:21,6.0,12.0,9.21,12,6.0
2026-03-26 08:16:37,6.1,10.0,8.7,14,7.0
2026-03-26 08:16:50,6.6,6.6,6.6,1,0.0
2026-03-26 08:16:53,6.2,11.2,9.36,29,15.0
2026-03-26 08:17:17,6.0,6.0,6.0,1,0.0
2026-03-26 08:17:49,6.0,11.6,9.16,17,9.0
2026-03-26 08:18:26,6.1,10.7,9.59,21,10.0
2026-03-26 08:19:02,6.4,10.4,8.96,18,9.0
2026-03-26 08:19:19,6.1,11.0,8.71,25,12.0
2026-03-26 08:19:56,6.3,10.9,9.46,16,8.0
2026-03-26 08:20:38,6.1,10.7,9.5,28,14.0
2026-03-26 08:21:07,6.0,9.0,7.56,11,5.0
2026-03-26 08:21:28,6.4,12.2,9.65,17,8.0
2026-03-26 08:21:55,6.2,10.5,9.69,37,19.0
2026-03-26 08:22:47,6.0,13.6,10.38,102,53.0
2026-03-26 08:23:42,6.1,11.7,9.88,12,6.0
2026-03-26 08:24:09,6.1,12.4,8.95,31,16.0
2026-03-26 08:24:40,7.1,10.6,8.64,8,4.0
2026-03-26 08:24:47,6.0,6.4,6.2,2,0.0
2026-03-26 08:24:59,6.1,8.5,7.91,7,3.0
2026-03-26 08:25:05,6.3,10.0,7.85,22,12.0
2026-03-26 08:25:36,6.0,8.9,7.73,9,4.0
2026-03-26 08:26:10,6.0,8.5,7.02,8,4.0
2026-03-26 08:26:44,6.9,10.7,9.12,10,5.0
2026-03-26 08:27:12,6.2,9.8,8.48,11,5.0
2026-03-26 08:28:35,6.0,8.7,7.93,23,11.0
2026-03-26 08:28:52,6.4,8.8,7.96,5,2.0
2026-03-26 08:30:03,6.0,8.5,7.57,79,41.0
2026-03-26 08:32:11,6.1,9.9,8.07,10,5.0
2026-03-26 08:32:54,6.4,8.9,8.35,27,13.0
2026-03-26 08:39:45,6.1,10.6,9.21,146,76.0
2026-03-26 08:42:00,6.0,9.4,8.55,30,15.0
2026-03-26 08:43:06,6.0,12.3,9.35,32,16.0
2026-03-26 08:43:30,6.0,6.9,6.26,8,4.0
2026-03-26 08:43:36,6.0,6.0,6.0,1,0.0
2026-03-26 08:43:41,6.0,15.1,9.1,82,43.0
2026-03-26 08:44:26,6.1,8.6,6.94,9,4.0
2026-03-26 08:44:44,6.6,10.2,8.82,12,6.0
2026-03-26 08:45:17,6.0,13.0,9.83,47,25.0
2026-03-26 08:47:09,6.2,7.8,6.83,3,2.0
2026-03-26 08:47:26,6.2,6.4,6.27,3,1.0
2026-03-26 08:48:02,6.3,8.6,7.47,4,2.0
2026-03-26 08:48:09,6.0,11.9,9.52,17,8.0
2026-03-26 08:48:25,6.1,10.3,7.99,18,9.0
2026-03-26 08:48:45,6.0,8.9,8.17,31,16.0
2026-03-26 08:49:15,6.1,9.4,8.15,16,8.0
2026-03-26 08:49:29,6.0,8.5,7.17,9,5.0
2026-03-26 08:49:44,6.0,8.8,7.74,69,36.0
2026-03-26 08:50:42,6.0,10.2,8.14,42,22.0
2026-03-26 08:51:08,6.1,8.1,6.95,4,1.0
2026-03-26 08:51:12,6.0,6.0,6.0,1,0.0
2026-03-26 08:52:10,6.2,9.9,7.44,10,4.0
2026-03-26 08:52:19,6.5,8.3,7.57,14,7.0
2026-03-26 08:53:04,6.0,8.8,7.94,21,10.0
2026-03-26 08:54:22,6.5,9.6,7.72,11,5.0
2026-03-26 08:54:59,6.1,10.2,8.34,21,11.0
2026-03-26 08:56:01,6.0,6.0,6.0,2,1.0
2026-03-26 08:56:05,6.3,6.6,6.45,2,0.0
2026-03-26 08:56:38,6.0,8.4,7.04,9,4.0
2026-03-26 08:56:44,6.1,6.1,6.1,1,0.0
2026-03-26 08:56:50,6.0,7.3,6.65,2,0.0
2026-03-26 08:57:13,6.0,6.2,6.1,2,0.0
2026-03-26 08:57:42,6.5,6.5,6.5,1,0.0
2026-03-26 08:58:13,6.0,8.0,6.93,6,4.0
2026-03-26 08:59:57,6.1,8.3,6.92,12,6.0
2026-03-26 09:00:50,6.3,9.6,8.43,75,39.0
2026-03-26 09:03:13,6.2,9.7,7.95,22,11.0
2026-03-26 09:03:50,6.2,10.5,8.59,24,12.0
2026-03-26 09:04:30,6.2,10.4,8.57,24,12.0
2026-03-26 09:04:55,6.0,11.2,8.97,8,4.0
2026-03-26 09:05:14,6.2,8.9,7.71,12,6.0
2026-03-26 09:05:43,6.0,8.1,7.02,16,8.0
2026-03-26 09:05:56,6.1,7.6,6.68,5,2.0
2026-03-26 09:06:00,6.0,6.0,6.0,1,0.0
2026-03-26 09:06:11,6.0,9.0,7.58,9,4.0
2026-03-26 09:06:34,6.1,9.6,8.48,19,10.0
2026-03-26 09:06:57,6.2,8.9,7.68,26,13.0
2026-03-26 09:07:30,6.1,7.7,6.8,4,1.0
2026-03-26 09:07:56,6.0,10.7,8.65,140,73.0
2026-03-26 09:14:20,6.0,11.9,8.82,80,42.0
2026-03-26 09:15:33,6.0,7.3,6.58,6,2.0
2026-03-26 09:15:44,6.0,9.9,7.86,20,11.0
2026-03-26 09:16:24,6.0,7.8,6.67,7,3.0
2026-03-26 09:16:48,6.0,9.4,8.32,14,7.0
2026-03-26 09:17:51,6.1,9.4,8.25,22,11.0
2026-03-26 09:25:17,6.0,10.1,8.74,41,21.0
2026-03-26 09:26:21,6.0,8.7,7.6,11,5.0
2026-03-26 09:27:00,6.1,9.7,8.64,66,34.0
2026-03-26 09:27:51,6.0,8.6,7.31,35,19.0
2026-03-26 09:36:23,6.0,8.0,7.3,43,22.0
2026-03-26 09:37:03,6.1,9.8,8.56,42,21.0
2026-03-26 09:38:07,6.0,12.1,9.47,18,9.0
2026-03-26 09:38:23,6.7,9.6,8.14,8,3.0
2026-03-26 09:38:34,6.2,10.2,8.8,9,4.0
2026-03-26 09:39:05,6.1,9.6,8.42,11,5.0
2026-03-26 09:39:47,6.7,11.1,9.42,11,5.0
2026-03-26 09:40:12,6.2,9.7,8.59,9,4.0
2026-03-26 09:40:51,6.0,9.0,7.63,32,17.0
2026-03-26 09:41:48,6.5,9.0,7.94,11,6.0
2026-03-26 09:42:22,6.5,7.5,6.97,4,1.0
2026-03-26 09:42:31,6.1,8.4,7.51,10,5.0
2026-03-26 09:43:01,6.3,9.5,8.46,10,5.0
2026-03-26 09:43:28,6.3,9.8,7.79,111,57.0
2026-03-26 09:44:42,6.2,9.3,8.71,17,8.0
2026-03-26 09:45:44,6.0,6.0,6.0,1,0.0
2026-03-26 09:45:46,6.1,8.9,7.71,14,7.0
2026-03-26 09:46:31,6.8,8.8,7.9,22,11.0
2026-03-26 09:46:51,6.4,9.8,8.68,12,6.0
2026-03-26 09:48:18,6.0,9.2,8.18,20,11.0
2026-03-26 09:49:22,6.2,8.7,7.63,12,6.0
2026-03-26 09:49:30,6.1,9.0,7.16,14,7.0
2026-03-26 09:50:02,6.0,9.5,8.32,21,10.0
2026-03-26 09:50:43,6.3,8.7,7.5,9,4.0
2026-03-26 09:51:00,6.0,6.0,6.0,1,0.0
2026-03-26 09:51:02,6.1,6.9,6.6,3,1.0
2026-03-26 09:51:13,6.1,10.5,8.43,18,9.0
2026-03-26 09:51:26,6.1,9.2,8.25,13,6.0
2026-03-26 09:53:24,6.1,8.2,7.28,10,5.0
2026-03-26 09:54:38,6.1,8.0,7.29,13,7.0
2026-03-26 09:55:25,6.2,8.6,7.07,11,5.0
2026-03-26 09:56:27,6.2,11.0,8.2,44,22.0
2026-03-26 09:56:51,6.1,6.1,6.1,1,0.0
2026-03-26 09:58:51,6.0,6.9,6.38,8,4.0
2026-03-26 09:59:24,6.0,8.8,7.47,9,4.0
2026-03-26 09:59:34,6.0,9.8,8.07,92,48.0
2026-03-26 10:00:35,6.2,7.9,6.96,5,3.0
2026-03-26 10:00:59,6.2,8.1,7.21,15,7.0
2026-03-26 10:01:50,6.1,9.4,7.65,33,17.0
2026-03-26 10:12:06,6.1,9.3,7.77,18,9.0
2026-03-26 10:12:44,6.3,11.0,9.27,21,11.0
2026-03-26 10:14:01,6.0,7.6,6.49,9,5.0
2026-03-26 10:14:26,6.8,8.9,8.14,11,6.0
2026-03-26 10:14:58,6.0,8.9,7.37,16,8.0
2026-03-26 10:16:56,6.2,7.8,7.33,9,4.0
2026-03-26 10:17:10,6.0,9.4,7.66,34,17.0
2026-03-26 10:33:23,6.0,6.0,6.0,1,0.0
2026-03-26 10:33:25,6.0,6.3,6.15,2,0.0
2026-03-26 10:33:57,6.0,8.1,7.29,21,10.0
2026-03-26 10:34:49,6.2,8.0,7.46,50,25.0
2026-03-26 10:35:27,6.3,8.7,8.06,21,10.0
2026-03-26 10:36:41,6.2,7.4,6.67,4,1.0
2026-03-26 10:36:58,6.1,8.3,7.51,12,5.0
2026-03-26 10:37:36,6.3,10.2,8.56,54,28.0
2026-03-26 10:38:21,6.1,8.1,7.32,16,8.0
2026-03-26 10:39:26,6.1,9.5,8.31,14,7.0
2026-03-26 10:40:01,6.5,9.8,8.71,8,4.0
2026-03-26 10:40:28,6.1,9.3,8.12,11,5.0
2026-03-26 10:41:15,6.0,8.4,7.6,16,8.0
2026-03-26 10:41:56,6.1,8.9,7.71,14,7.0
2026-03-26 10:48:08,6.0,9.2,7.94,42,21.0
2026-03-26 10:50:59,6.1,8.1,7.24,10,4.0
2026-03-26 10:51:07,6.3,8.8,7.6,14,7.0
2026-03-26 10:52:05,6.5,11.1,8.97,18,9.0
2026-03-26 10:52:39,6.0,6.0,6.0,1,0.0
2026-03-26 10:53:38,6.1,10.3,8.24,7,3.0
2026-03-26 10:54:52,6.0,8.3,7.3,14,6.0
2026-03-26 10:55:20,6.2,9.3,8.29,12,5.0
2026-03-26 10:56:06,6.1,8.3,7.69,13,6.0
2026-03-26 10:56:50,6.0,9.1,7.68,58,30.0
2026-03-26 11:01:20,6.0,6.0,6.0,1,0.0
2026-03-26 11:01:35,6.1,10.7,8.41,11,5.0
2026-03-26 11:02:37,6.1,8.7,7.84,15,7.0
2026-03-26 11:02:51,6.2,8.5,7.56,9,4.0
2026-03-26 11:03:40,6.1,7.5,6.83,3,1.0
2026-03-26 11:03:43,6.2,6.9,6.5,5,3.0
2026-03-26 11:04:11,6.3,8.8,7.67,6,3.0
2026-03-26 11:04:51,6.0,10.0,8.04,16,8.0
2026-03-26 11:05:24,6.3,10.8,9.25,44,23.0
2026-03-26 11:05:49,7.1,7.5,7.3,2,1.0
2026-03-26 11:13:04,6.0,7.7,7.12,8,4.0
2026-03-26 11:14:34,6.0,9.1,7.08,35,18.0
2026-03-26 11:14:55,6.1,8.8,6.85,39,19.0
2026-03-26 11:15:55,7.0,7.0,7.0,1,0.0
2026-03-26 11:16:36,6.1,8.5,7.59,28,14.0
2026-03-26 11:17:00,6.0,9.5,8.29,16,8.0
2026-03-26 11:32:06,6.0,12.3,8.46,119,62.0
2026-03-26 11:33:11,6.0,8.6,7.05,11,5.0
2026-03-26 11:33:40,6.2,8.4,7.06,7,3.0
2026-03-26 11:42:11,6.0,6.3,6.1,3,1.0
2026-03-26 11:42:15,6.0,10.3,8.65,11,5.0
2026-03-26 11:42:26,6.0,7.1,6.55,2,0.0
2026-03-26 11:42:33,6.0,8.1,7.22,5,2.0
2026-03-26 11:42:42,6.3,10.5,8.05,10,5.0
2026-03-26 11:50:56,6.2,8.6,7.57,11,5.0
2026-03-26 11:51:13,6.3,9.6,8.15,11,5.0
2026-03-26 11:51:37,6.6,8.7,7.4,3,1.0
2026-03-26 11:52:05,6.2,8.7,7.29,9,4.0
2026-03-26 11:52:32,6.0,8.9,7.26,8,4.0
2026-03-26 11:53:15,6.0,9.4,8.24,7,3.0
2026-03-26 11:53:53,6.2,8.8,7.38,6,3.0
2026-03-26 11:54:12,6.2,12.8,10.29,18,9.0
2026-03-26 11:54:24,6.1,9.1,8.09,7,3.0
2026-03-26 11:54:53,6.1,8.4,7.2,7,3.0
2026-03-26 11:56:00,6.0,6.0,6.0,1,0.0
2026-03-26 11:56:16,6.0,13.4,8.48,123,63.0
2026-03-26 11:57:32,6.1,11.0,8.18,12,6.0
2026-03-26 11:58:34,6.1,6.1,6.1,1,0.0
2026-03-26 11:58:40,6.2,8.8,7.47,6,3.0
2026-03-26 11:59:15,6.0,8.1,7.09,11,5.0
2026-03-26 11:59:29,6.1,8.0,7.33,4,2.0
2026-03-26 11:59:36,6.0,11.9,9.19,7,3.0
2026-03-26 11:59:54,6.2,12.6,8.61,18,9.0
2026-03-26 12:00:21,6.4,7.2,6.93,3,2.0
2026-03-26 12:00:48,6.5,9.2,8.37,6,3.0
2026-03-26 12:01:41,6.2,6.9,6.47,3,1.0
2026-03-26 12:01:44,6.1,9.2,7.73,6,3.0
2026-03-26 12:02:09,6.2,11.3,8.85,4,2.0
2026-03-26 12:03:07,6.6,9.2,7.98,5,2.0
2026-03-26 12:03:46,6.2,6.6,6.4,2,0.0
2026-03-26 12:04:25,6.0,6.4,6.17,3,2.0
2026-03-26 12:07:04,6.0,9.2,7.66,17,8.0
2026-03-26 12:07:29,6.0,7.9,7.22,4,2.0
2026-03-26 12:08:04,6.0,8.3,7.31,19,10.0
2026-03-26 12:09:31,6.1,6.6,6.3,3,1.0
2026-03-26 12:09:44,6.2,8.4,7.52,15,7.0
2026-03-26 12:10:21,6.7,9.3,8.54,14,7.0
2026-03-26 12:12:29,6.0,9.2,7.63,59,31.0
2026-03-26 12:13:48,6.3,9.8,8.69,13,6.0
2026-03-26 12:14:33,6.1,9.8,8.15,8,4.0
2026-03-26 12:15:02,6.0,7.0,6.36,5,2.0
2026-03-26 12:16:10,6.0,8.8,7.3,4,2.0
2026-03-26 12:16:51,6.0,9.2,8.09,13,6.0
2026-03-26 12:18:00,6.0,7.7,7.0,4,1.0
2026-03-26 12:18:11,6.0,7.7,6.95,4,1.0
2026-03-26 12:18:33,6.1,7.1,6.55,4,2.0
2026-03-26 12:18:56,6.2,7.9,7.27,7,3.0
2026-03-26 12:20:05,6.1,8.8,7.42,6,3.0
2026-03-26 12:21:48,6.1,7.4,6.97,6,3.0
2026-03-26 12:22:11,6.0,9.2,8.1,3,1.0
2026-03-26 12:22:45,6.0,7.3,6.68,6,2.0
2026-03-26 12:22:54,6.3,8.4,7.15,41,21.0
2026-03-26 12:23:47,6.1,8.7,7.15,8,3.0
2026-03-26 12:24:05,6.1,9.1,7.63,7,3.0
2026-03-26 12:24:40,6.2,9.5,8.36,5,2.0
2026-03-26 12:25:26,6.1,8.3,6.9,3,1.0
2026-03-26 12:27:13,6.3,8.1,7.42,9,5.0
2026-03-26 12:27:25,6.3,8.9,7.92,12,6.0
2026-03-26 12:27:55,6.0,6.7,6.4,4,2.0
2026-03-26 12:28:15,6.0,6.5,6.33,3,1.0
2026-03-26 12:29:14,6.6,7.5,6.98,5,2.0
2026-03-26 12:29:18,6.0,10.8,8.96,10,5.0
2026-03-26 12:29:49,6.0,6.3,6.17,3,1.0
2026-03-26 12:29:52,6.1,8.0,6.79,12,6.0
2026-03-26 12:30:02,6.8,10.8,8.92,15,7.0
2026-03-26 12:30:32,6.4,6.6,6.53,3,1.0
2026-03-26 12:31:00,6.3,7.9,7.31,7,3.0
2026-03-26 12:31:54,6.0,7.8,7.07,3,1.0
2026-03-26 12:32:24,6.1,7.8,7.08,4,1.0
2026-03-26 12:32:29,6.1,6.1,6.1,1,0.0
2026-03-26 12:32:37,6.3,6.3,6.3,2,1.0
2026-03-26 12:32:40,6.3,6.3,6.3,1,0.0
2026-03-26 12:33:14,6.0,9.1,8.2,5,2.0
2026-03-26 12:33:30,6.0,8.2,7.23,6,2.0
2026-03-26 12:34:02,6.0,8.7,7.37,15,7.0
2026-03-26 12:34:37,6.1,7.4,6.98,5,2.0
2026-03-26 12:34:59,6.3,9.6,7.58,12,6.0
2026-03-26 12:35:44,6.0,9.8,7.84,14,7.0
2026-03-26 12:35:54,6.1,8.7,7.27,4,1.0
2026-03-26 12:35:58,6.3,8.7,7.81,13,7.0
2026-03-26 12:36:27,6.1,7.0,6.4,4,2.0
2026-03-26 12:37:26,6.4,6.4,6.4,2,1.0
2026-03-26 12:38:32,6.2,8.8,7.53,4,1.0
2026-03-26 12:38:41,6.0,9.2,7.4,4,2.0
2026-03-26 12:39:29,6.2,8.8,7.35,6,2.0
2026-03-26 12:39:51,6.1,7.0,6.36,5,2.0
2026-03-26 12:39:57,6.0,10.5,7.8,21,12.0
2026-03-26 12:40:24,6.3,7.4,7.0,4,1.0
2026-03-26 12:41:18,6.1,8.5,7.5,5,2.0
2026-03-26 12:42:02,6.0,9.1,6.93,7,3.0
2026-03-26 12:42:32,6.0,8.8,7.67,6,3.0
2026-03-26 12:43:55,6.2,6.2,6.2,1,0.0
2026-03-26 12:44:06,6.3,9.9,9.01,12,5.0
2026-03-26 12:44:18,6.7,9.3,8.55,10,5.0
2026-03-26 12:44:48,6.0,9.7,7.74,17,8.0
2026-03-26 12:44:58,6.0,6.0,6.0,2,0.0
2026-03-26 12:45:00,6.0,7.2,6.59,29,14.0
2026-03-26 12:46:11,6.0,6.0,6.0,1,0.0
2026-03-26 12:46:13,6.1,7.6,7.03,8,3.0
2026-03-26 12:46:47,6.3,8.1,7.37,3,1.0
2026-03-26 12:46:55,6.3,9.0,7.73,10,5.0
2026-03-26 12:47:11,6.1,10.0,8.21,14,6.0
2026-03-26 12:47:43,6.2,6.2,6.2,1,0.0
2026-03-26 12:47:57,6.0,7.1,6.52,5,2.0
2026-03-26 12:48:20,6.2,8.7,7.16,5,2.0
2026-03-26 12:48:50,6.0,9.0,7.33,10,5.0
2026-03-26 12:51:21,6.0,7.3,6.61,7,5.0
2026-03-26 12:51:39,6.0,7.6,6.7,6,2.0
2026-03-26 12:52:54,6.0,8.9,7.66,5,2.0
2026-03-26 12:53:29,6.2,10.0,8.38,5,2.0
2026-03-26 12:54:28,6.3,6.3,6.3,1,0.0
2026-03-26 12:55:18,6.0,8.7,7.76,5,2.0
2026-03-26 12:56:07,6.4,8.6,7.48,6,2.0
2026-03-26 12:56:46,6.0,9.0,7.65,4,1.0
2026-03-26 12:57:02,6.0,8.7,7.51,7,3.0
2026-03-26 12:57:32,6.1,9.4,7.66,13,7.0
2026-03-26 12:58:30,6.0,6.2,6.1,2,1.0
2026-03-26 12:58:43,6.3,8.0,7.07,3,1.0
2026-03-26 12:59:19,6.0,6.8,6.38,5,3.0
2026-03-26 13:00:16,6.1,6.9,6.43,3,1.0
2026-03-26 13:02:12,6.2,8.0,6.88,8,4.0
2026-03-26 13:02:59,6.3,6.5,6.4,2,1.0
2026-03-26 13:03:03,6.1,6.1,6.1,1,0.0
2026-03-26 13:03:09,6.0,6.2,6.07,3,1.0
2026-03-26 13:03:15,6.2,7.5,6.63,3,1.0
2026-03-26 13:03:28,6.6,6.7,6.65,2,0.0
2026-03-26 13:05:13,6.0,7.8,6.96,5,3.0
2026-03-26 13:07:05,6.4,8.1,7.4,3,1.0
2026-03-26 13:08:46,6.1,7.5,6.87,3,1.0
2026-03-26 13:10:08,6.3,7.3,6.8,2,1.0
2026-03-26 13:10:36,6.2,7.2,6.7,2,1.0
2026-03-26 13:10:47,6.1,6.1,6.1,1,0.0
2026-03-26 13:11:31,6.2,9.7,7.84,5,2.0
2026-03-26 13:12:38,6.0,6.0,6.0,1,0.0
2026-03-26 13:12:41,6.8,6.8,6.8,1,0.0
2026-03-26 13:15:27,6.2,6.2,6.2,1,0.0
2026-03-26 13:15:32,6.0,7.6,6.6,3,1.0
2026-03-26 13:16:00,6.2,7.7,6.95,2,1.0
2026-03-26 13:18:02,6.0,7.9,6.9,5,2.0
2026-03-26 13:18:40,6.0,8.6,6.88,5,3.0
2026-03-26 13:21:35,6.2,6.4,6.3,2,1.0
2026-03-26 13:21:42,6.0,6.7,6.4,10,5.0
2026-03-26 13:22:33,6.1,6.7,6.37,3,1.0
2026-03-26 13:24:01,6.1,9.1,7.0,5,2.0
2026-03-26 13:24:23,6.0,7.7,6.63,9,4.0
2026-03-26 13:24:42,6.0,6.4,6.13,3,1.0
2026-03-26 13:24:55,6.1,8.4,7.43,9,4.0
2026-03-26 13:26:21,6.1,6.9,6.5,4,2.0
2026-03-26 13:26:41,6.3,8.7,7.2,5,3.0
2026-03-26 13:27:06,6.0,8.2,6.77,3,1.0
2026-03-26 13:27:30,6.2,6.5,6.3,4,2.0
2026-03-26 13:27:53,6.0,6.7,6.36,5,3.0
2026-03-26 13:29:08,6.3,7.8,7.15,4,2.0
2026-03-26 13:29:19,6.2,6.2,6.2,1,0.0
2026-03-26 13:29:39,6.1,11.5,9.14,38,20.0
2026-03-26 13:30:10,6.5,6.8,6.65,2,0.0
2026-03-26 13:31:24,6.0,10.0,8.17,12,6.0
2026-03-26 13:32:04,6.0,7.9,6.95,10,5.0
2026-03-26 13:35:09,6.2,8.4,7.25,6,3.0
2026-03-26 13:35:30,6.1,8.6,7.6,4,2.0
2026-03-26 13:36:04,6.2,9.1,7.66,7,3.0
2026-03-26 13:36:59,6.0,8.1,6.95,8,4.0
2026-03-26 13:37:26,6.1,7.0,6.47,4,1.0
2026-03-26 13:38:20,6.2,7.6,6.9,2,1.0
2026-03-26 13:39:21,6.3,8.0,6.98,5,2.0
2026-03-26 13:39:37,6.1,8.0,7.05,6,3.0
2026-03-26 13:40:33,6.4,6.4,6.4,1,0.0
2026-03-26 13:41:37,6.3,8.9,7.94,7,3.0
2026-03-26 13:42:06,6.1,7.3,6.53,4,2.0
2026-03-26 13:42:19,6.1,6.9,6.35,4,2.0
2026-03-26 13:42:50,6.7,9.3,8.0,5,2.0
2026-03-26 13:43:36,6.1,6.1,6.1,3,1.0
2026-03-26 13:44:00,6.1,6.6,6.35,2,0.0
2026-03-26 13:44:32,9.4,9.4,9.4,1,0.0
2026-03-26 13:44:43,6.2,6.2,6.2,1,0.0
2026-03-26 13:46:01,6.2,8.4,7.13,3,2.0
2026-03-26 13:47:59,6.1,6.1,6.1,1,0.0
2026-03-26 13:49:37,6.2,7.3,6.97,4,2.0
2026-03-26 13:49:53,6.6,7.9,7.16,5,2.0
2026-03-26 13:52:13,6.4,6.4,6.4,1,0.0
2026-03-26 13:52:19,6.0,9.2,7.78,5,2.0
2026-03-26 13:56:13,7.4,8.2,7.8,2,0.0
2026-03-26 13:56:15,6.0,7.4,6.85,4,2.0
2026-03-26 13:56:47,6.5,9.8,8.18,13,6.0
2026-03-26 13:57:06,6.6,6.8,6.7,2,1.0
2026-03-26 13:57:09,6.3,8.2,7.0,3,1.0
2026-03-26 13:57:50,6.0,6.0,6.0,1,0.0
2026-03-26 13:58:30,6.1,9.6,7.47,13,6.0
2026-03-26 13:58:38,6.3,6.3,6.3,1,0.0
2026-03-26 13:59:30,6.0,8.2,6.88,5,2.0
2026-03-26 14:00:02,6.2,6.2,6.2,1,0.0
2026-03-26 14:00:04,6.2,6.6,6.4,2,1.0
2026-03-26 14:00:08,6.0,7.7,6.87,3,1.0
2026-03-26 14:00:23,6.1,6.1,6.1,1,0.0
2026-03-26 14:02:10,6.2,6.8,6.47,3,1.0
2026-03-26 14:02:20,6.0,8.1,6.94,7,3.0
2026-03-26 14:02:25,6.0,8.5,7.25,2,1.0
2026-03-26 14:02:37,6.0,7.0,6.6,4,2.0
2026-03-26 14:02:45,6.1,6.8,6.45,2,1.0
2026-03-26 14:02:59,6.2,6.2,6.2,1,0.0
2026-03-26 14:07:08,6.9,6.9,6.9,1,0.0
2026-03-26 14:08:29,6.2,6.2,6.2,1,0.0
2026-03-26 14:09:04,6.2,6.8,6.4,3,1.0
2026-03-26 14:09:16,6.1,6.1,6.1,1,0.0
2026-03-26 14:11:03,6.0,7.5,6.8,4,1.0
2026-03-26 14:13:52,6.0,6.0,6.0,1,0.0
2026-03-26 14:13:54,6.0,6.0,6.0,1,0.0
2026-03-26 14:14:06,6.2,8.0,7.22,5,2.0
2026-03-26 14:14:49,6.6,9.5,8.1,4,2.0
2026-03-26 14:15:09,6.1,7.0,6.5,3,2.0
2026-03-26 14:15:14,6.0,8.1,7.05,2,1.0
2026-03-26 14:15:17,6.1,6.1,6.1,2,1.0
2026-03-26 14:19:49,6.1,7.0,6.53,3,1.0
2026-03-26 14:20:55,6.2,7.1,6.58,4,2.0
2026-03-26 14:24:35,6.2,6.5,6.3,4,2.0
2026-03-26 14:29:51,6.1,7.6,6.73,3,1.0
2026-03-26 14:30:00,6.1,9.5,8.14,5,2.0
2026-03-26 14:30:12,6.1,6.1,6.1,1,0.0
2026-03-26 14:30:45,6.4,9.0,7.44,7,3.0
2026-03-26 14:30:59,6.0,8.3,7.47,4,2.0
2026-03-26 14:32:52,6.1,7.1,6.6,2,1.0
2026-03-26 14:33:17,6.0,6.0,6.0,1,0.0
2026-03-26 14:33:38,6.2,6.2,6.2,1,0.0
2026-03-26 14:34:31,6.0,6.0,6.0,1,0.0
2026-03-26 14:34:37,6.1,8.5,7.31,7,3.0
2026-03-26 14:39:23,6.3,9.7,7.8,6,3.0
2026-03-26 14:41:50,6.1,7.6,6.92,5,3.0
2026-03-26 14:43:15,6.0,6.3,6.15,2,1.0
2026-03-26 14:43:50,6.0,6.0,6.0,1,0.0
2026-03-26 14:44:04,6.6,6.6,6.6,1,0.0
2026-03-26 14:44:06,6.0,8.2,7.26,8,4.0
2026-03-26 14:46:57,6.1,9.1,7.76,9,4.0
2026-03-26 14:47:17,6.2,8.1,7.2,4,1.0
2026-03-26 14:48:56,6.0,7.5,6.54,7,3.0
2026-03-26 14:49:05,6.2,8.8,7.72,4,1.0
2026-03-26 14:49:08,6.0,9.3,7.45,6,3.0
2026-03-26 14:49:19,6.3,9.5,8.32,6,3.0
2026-03-26 14:59:15,6.0,8.2,7.17,3,1.0
2026-03-26 14:59:32,6.6,9.0,8.12,5,2.0
2026-03-26 15:00:00,7.3,7.3,7.3,1,0.0
2026-03-26 15:02:31,6.7,8.1,7.28,5,2.0
2026-03-26 15:02:52,6.0,7.9,7.05,11,5.0
2026-03-26 15:03:06,6.1,7.7,6.9,2,0.0
2026-03-26 15:04:11,6.1,10.8,8.86,14,6.0
2026-03-26 15:04:48,6.4,7.6,7.0,2,0.0
2026-03-26 15:05:00,6.1,6.8,6.57,3,1.0
2026-03-26 15:10:27,6.0,6.0,6.0,1,0.0
2026-03-26 15:12:28,6.2,6.6,6.43,3,1.0
2026-03-26 15:12:39,6.1,6.1,6.1,1,0.0
2026-03-26 15:15:28,6.4,6.7,6.53,3,1.0
2026-03-26 15:19:44,6.3,9.4,7.96,8,4.0
2026-03-26 15:20:31,6.0,6.0,6.0,1,0.0
2026-03-26 15:20:41,8.2,8.2,8.2,1,0.0
2026-03-26 15:21:47,6.7,9.3,8.26,5,2.0
2026-03-26 15:22:29,6.3,6.3,6.3,1,0.0
2026-03-26 15:23:21,6.1,10.1,8.29,15,7.0
2026-03-26 15:23:34,6.4,8.7,7.65,17,8.0
2026-03-26 15:23:45,6.4,9.5,8.51,13,6.0
2026-03-26 15:23:56,6.1,8.8,7.76,10,5.0
2026-03-26 15:24:03,6.0,6.0,6.0,1,0.0
2026-03-26 15:24:38,6.1,9.4,8.42,14,7.0
2026-03-26 15:25:57,6.1,9.5,8.12,13,7.0
2026-03-26 15:26:20,6.6,9.7,8.75,12,6.0
2026-03-26 15:26:52,6.2,6.2,6.2,1,0.0
2026-03-26 15:27:07,6.2,8.4,7.78,8,4.0
2026-03-26 15:27:15,6.0,10.7,8.74,10,5.0
2026-03-26 15:27:29,6.1,8.9,7.19,9,5.0
2026-03-26 15:27:40,6.1,9.0,8.04,5,2.0
2026-03-26 15:27:49,6.1,8.6,7.46,8,3.0
2026-03-26 15:28:07,6.7,6.7,6.7,1,0.0
2026-03-26 15:28:10,6.1,7.9,6.9,3,1.0
2026-03-26 15:28:25,6.1,9.0,7.82,4,2.0
2026-03-26 15:28:39,6.3,6.3,6.3,1,0.0
2026-03-26 15:28:55,6.1,8.0,7.05,4,1.0
2026-03-26 15:29:18,6.0,9.6,7.27,6,3.0
2026-03-26 15:29:57,6.3,6.3,6.3,1,0.0
2026-03-26 15:30:01,6.1,6.5,6.3,2,1.0
2026-03-26 15:30:31,6.1,7.7,6.72,6,3.0
2026-03-26 15:30:38,6.0,9.1,7.56,7,4.0
2026-03-26 15:31:01,6.4,6.4,6.4,1,0.0
2026-03-26 15:31:03,6.2,6.2,6.2,1,0.0
2026-03-26 15:31:16,6.5,6.5,6.5,1,0.0
2026-03-26 15:31:48,6.2,6.2,6.2,1,0.0
2026-03-26 15:32:05,6.5,6.5,6.5,1,0.0
2026-03-26 15:32:07,6.3,6.3,6.3,1,0.0
2026-03-26 15:32:09,6.3,6.4,6.35,2,1.0
2026-03-26 15:32:22,6.5,9.5,8.3,8,4.0
2026-03-26 15:32:42,7.8,8.5,8.15,2,0.0
2026-03-26 15:32:51,6.2,9.0,7.68,6,3.0
2026-03-26 15:32:59,6.1,7.0,6.55,2,0.0
2026-03-26 15:33:15,6.3,8.5,7.74,5,2.0
2026-03-26 15:33:21,6.3,6.3,6.3,2,1.0
2026-03-26 15:33:59,6.1,11.3,8.29,11,6.0
2026-03-26 15:34:15,6.1,13.4,8.08,22,13.0
2026-03-26 15:34:35,6.0,11.0,9.48,6,2.0
2026-03-26 15:34:44,6.4,7.3,6.9,3,2.0
2026-03-26 15:34:48,6.2,10.4,9.08,5,2.0
2026-03-26 15:34:58,6.4,6.4,6.4,1,0.0
2026-03-26 15:35:00,6.0,11.2,8.75,4,1.0
2026-03-26 15:35:25,6.1,6.3,6.2,2,1.0
2026-03-26 15:35:32,6.4,7.0,6.7,2,1.0
2026-03-26 15:35:37,6.1,6.6,6.3,3,1.0
2026-03-26 15:35:46,6.0,6.0,6.0,1,0.0
2026-03-26 15:35:50,6.7,6.7,6.7,1,0.0
2026-03-26 15:35:53,6.5,7.5,6.97,3,1.0
2026-03-26 15:36:01,6.2,8.0,6.84,5,2.0
2026-03-26 15:36:41,6.3,7.3,6.9,3,1.0
2026-03-26 15:36:53,6.0,7.5,6.6,3,1.0
2026-03-26 15:37:10,6.1,6.6,6.33,3,1.0
2026-03-26 15:37:25,6.0,6.0,6.0,1,0.0
2026-03-26 15:37:35,7.0,9.3,7.81,9,5.0
2026-03-26 15:37:54,6.6,6.6,6.6,1,0.0
2026-03-26 15:38:27,6.1,8.7,7.66,8,3.0
2026-03-26 15:38:58,6.2,9.0,7.7,3,1.0
2026-03-26 15:41:40,6.2,6.2,6.2,1,0.0
2026-03-26 15:42:06,6.5,9.0,7.5,5,2.0
2026-03-26 15:42:14,6.0,10.0,7.37,3,1.0
2026-03-26 15:43:00,6.5,12.5,9.57,8,4.0
2026-03-26 15:43:15,6.1,9.1,7.42,4,2.0
2026-03-26 15:43:19,6.2,9.7,7.08,5,3.0
2026-03-26 15:43:28,6.3,9.9,8.02,5,2.0
2026-03-26 15:43:37,6.2,8.2,7.37,3,1.0
2026-03-26 15:43:47,6.0,7.2,6.6,2,1.0
2026-03-26 15:44:00,6.2,6.5,6.35,2,0.0
2026-03-26 15:44:02,6.6,6.6,6.6,1,0.0
2026-03-26 15:44:12,6.5,6.5,6.5,1,0.0
2026-03-26 15:44:14,6.1,6.1,6.1,1,0.0
2026-03-26 15:45:04,6.2,7.8,7.0,2,1.0
2026-03-26 15:45:12,6.2,6.8,6.53,4,2.0
2026-03-26 15:45:44,6.1,9.0,7.59,7,5.0
2026-03-26 15:45:57,6.5,6.5,6.5,1,0.0
2026-03-26 15:46:23,6.1,10.4,7.93,6,3.0
2026-03-26 15:46:28,6.1,8.5,7.17,3,1.0
2026-03-26 15:46:40,6.9,11.0,8.98,5,2.0
2026-03-26 15:46:56,6.7,8.9,7.78,9,4.0
2026-03-26 15:47:04,6.4,9.8,8.05,11,5.0
2026-03-26 15:47:17,6.5,6.5,6.5,1,0.0
2026-03-26 15:47:22,6.3,8.1,7.44,5,2.0
2026-03-26 15:48:46,6.3,6.3,6.3,1,0.0
2026-03-26 15:49:03,6.1,9.0,7.55,2,0.0
2026-03-26 15:49:07,6.1,9.4,8.15,4,2.0
2026-03-26 15:49:13,6.3,9.6,8.4,6,2.0
2026-03-26 15:49:17,6.8,6.8,6.8,1,0.0
2026-03-26 15:49:25,6.4,7.1,6.75,2,0.0
2026-03-26 15:52:09,6.1,6.1,6.1,1,0.0
2026-03-26 15:52:43,6.3,10.4,9.01,9,4.0
2026-03-26 15:53:04,6.3,6.3,6.3,1,0.0
2026-03-26 15:56:20,6.2,7.0,6.47,3,1.0
2026-03-26 15:56:49,6.0,8.1,7.08,4,2.0
2026-03-26 15:58:24,6.6,6.6,6.6,1,0.0
2026-03-26 15:58:29,6.2,6.2,6.2,1,0.0
2026-03-26 15:58:51,6.0,10.3,8.61,41,21.0
2026-03-26 15:59:15,6.1,10.4,8.0,9,4.0
2026-03-26 15:59:23,6.3,8.3,7.73,6,2.0
2026-03-26 15:59:36,6.4,9.8,7.62,5,2.0
2026-03-26 16:01:16,6.2,8.1,6.9,8,4.0
2026-03-26 16:01:40,6.4,7.6,6.87,3,1.0
2026-03-26 16:02:05,6.0,7.3,6.65,2,0.0
2026-03-26 16:05:01,6.3,6.6,6.5,3,1.0
2026-03-26 16:05:05,6.3,6.3,6.3,1,0.0
2026-03-26 16:05:11,6.2,6.2,6.2,1,0.0
2026-03-26 16:05:58,6.1,9.3,7.28,5,2.0
2026-03-26 16:08:13,6.2,7.0,6.47,3,1.0
2026-03-26 16:08:48,6.4,9.8,8.47,13,7.0
2026-03-26 16:09:34,6.0,9.9,7.31,7,4.0
2026-03-26 16:09:47,6.1,8.9,7.61,10,4.0
2026-03-26 16:10:31,6.1,7.7,6.81,7,3.0
2026-03-26 16:12:04,6.3,6.3,6.3,1,0.0
2026-03-26 16:14:13,6.0,10.1,8.36,15,8.0
2026-03-26 16:14:28,6.2,6.2,6.2,1,0.0
2026-03-26 16:14:51,6.5,6.9,6.63,3,2.0
2026-03-26 16:15:48,6.3,6.3,6.3,1,0.0
2026-03-26 16:16:11,6.4,9.4,8.06,5,2.0
2026-03-26 16:16:50,6.5,6.5,6.5,1,0.0
2026-03-26 16:17:27,6.6,6.6,6.6,1,0.0
2026-03-26 16:17:47,6.2,8.4,6.96,5,2.0
2026-03-26 16:17:56,6.6,6.6,6.6,1,0.0
2026-03-26 16:19:38,6.1,6.9,6.5,2,1.0
2026-03-26 16:19:44,6.1,6.1,6.1,1,0.0
2026-03-26 16:19:46,6.1,8.8,7.63,3,1.0
2026-03-26 16:20:58,6.1,8.4,7.25,2,1.0
2026-03-26 16:21:11,7.0,7.0,7.0,1,0.0
2026-03-26 16:21:44,6.4,6.9,6.65,2,0.0
2026-03-26 16:22:18,6.2,6.2,6.2,1,0.0
2026-03-26 16:22:38,6.6,7.2,6.9,2,0.0
2026-03-26 16:22:42,6.0,7.5,6.7,4,1.0
2026-03-26 16:22:48,6.3,7.3,6.79,8,5.0
2026-03-26 16:23:03,6.2,6.2,6.2,1,0.0
2026-03-26 16:23:21,6.3,6.3,6.3,1,0.0
2026-03-26 16:23:23,6.3,6.3,6.3,1,0.0
2026-03-26 16:23:44,6.2,7.1,6.65,2,1.0
2026-03-26 16:24:17,6.1,6.1,6.1,1,0.0
2026-03-26 16:24:54,6.1,6.1,6.1,1,0.0
2026-03-26 16:25:00,6.0,9.7,7.4,5,2.0
2026-03-26 16:25:05,6.3,13.9,9.09,47,25.0
2026-03-26 16:25:33,6.0,6.0,6.0,1,0.0
2026-03-26 16:28:20,6.4,6.4,6.4,1,0.0
2026-03-26 16:28:25,6.0,9.4,8.04,8,4.0
2026-03-26 16:28:46,6.0,6.0,6.0,1,0.0
2026-03-26 16:28:51,7.1,9.2,7.92,6,3.0
2026-03-26 16:29:13,6.2,9.0,7.78,16,7.0
2026-03-26 16:29:30,6.2,6.2,6.2,1,0.0
2026-03-26 16:29:36,6.0,7.7,7.1,8,4.0
2026-03-26 16:29:45,6.1,8.5,7.48,5,2.0
2026-03-26 16:30:34,6.8,6.8,6.8,1,0.0
2026-03-26 16:30:47,7.2,7.8,7.5,2,1.0
2026-03-26 16:30:59,6.2,6.5,6.37,3,2.0
2026-03-26 16:31:31,6.0,6.0,6.0,1,0.0
2026-03-26 16:32:04,6.0,7.2,6.6,2,1.0
2026-03-26 16:32:15,6.0,6.0,6.0,1,0.0
2026-03-26 16:32:22,6.3,6.3,6.3,2,0.0
2026-03-26 16:32:24,6.3,8.3,7.2,4,2.0
2026-03-26 16:32:34,6.0,6.7,6.27,3,2.0
2026-03-26 16:32:40,6.8,9.6,7.83,11,5.0
2026-03-26 16:33:48,6.2,10.8,8.84,10,5.0
2026-03-26 16:33:56,6.3,9.5,8.63,15,8.0
2026-03-26 16:34:48,7.1,9.4,7.81,8,4.0
2026-03-26 16:34:58,6.1,6.1,6.1,1,0.0
2026-03-26 16:35:08,6.4,6.4,6.4,1,0.0
2026-03-26 16:35:10,6.0,6.0,6.0,1,0.0
2026-03-26 16:36:07,6.3,12.1,8.15,8,4.0
2026-03-26 16:36:23,6.7,6.7,6.7,1,0.0
2026-03-26 16:36:25,6.1,6.1,6.1,1,0.0
2026-03-26 16:36:38,6.3,6.3,6.3,1,0.0
2026-03-26 16:36:49,6.0,6.0,6.0,1,0.0
2026-03-26 16:37:00,6.9,8.0,7.5,3,1.0
2026-03-26 16:37:49,6.6,6.6,6.6,1,0.0
2026-03-26 16:38:06,6.5,6.5,6.5,1,0.0
2026-03-26 16:39:35,6.4,6.9,6.65,2,1.0
2026-03-26 16:40:18,6.0,7.1,6.53,3,1.0
2026-03-26 16:40:23,6.2,6.2,6.2,1,0.0
2026-03-26 16:41:55,6.1,6.1,6.1,1,0.0
2026-03-26 16:42:18,6.4,9.3,7.58,5,2.0
2026-03-26 16:42:26,6.4,8.7,7.25,4,1.0
2026-03-26 16:42:42,7.2,7.2,7.2,1,0.0
2026-03-26 16:42:54,7.1,8.3,7.7,2,0.0
2026-03-26 16:42:57,6.1,7.7,6.9,2,1.0
2026-03-26 16:43:19,6.2,6.2,6.2,1,0.0
2026-03-26 16:43:47,6.0,6.0,6.0,1,0.0
2026-03-26 16:44:10,6.2,6.4,6.3,2,0.0
2026-03-26 16:44:18,6.3,6.3,6.3,1,0.0
2026-03-26 16:44:43,6.2,10.1,8.13,6,3.0
2026-03-26 16:44:57,6.1,7.1,6.43,3,1.0
2026-03-26 16:45:45,6.2,6.8,6.5,2,1.0
2026-03-26 16:46:08,6.2,7.8,6.78,4,2.0
2026-03-26 16:46:44,6.1,7.5,6.97,3,1.0
2026-03-26 16:46:49,6.4,6.4,6.4,1,0.0
2026-03-26 16:46:54,6.0,6.5,6.22,4,3.0
2026-03-26 16:47:32,6.1,6.1,6.1,1,0.0
2026-03-26 16:48:02,6.2,6.2,6.2,1,0.0
2026-03-26 16:48:04,6.1,8.0,6.78,4,2.0
2026-03-26 16:48:13,6.1,8.9,7.3,5,2.0
2026-03-26 16:48:33,6.6,6.6,6.6,1,0.0
2026-03-26 16:48:43,6.7,8.2,7.3,4,1.0
2026-03-26 16:48:55,6.2,10.5,8.14,18,9.0
2026-03-26 16:49:06,6.4,6.4,6.4,1,0.0
2026-03-26 16:49:20,7.1,7.2,7.15,2,0.0
2026-03-26 16:49:32,6.2,6.6,6.37,3,1.0
2026-03-26 16:49:50,6.1,10.0,7.18,13,8.0
2026-03-26 16:50:30,6.1,6.4,6.25,2,0.0
2026-03-26 16:50:32,6.6,7.3,6.93,3,1.0
2026-03-26 16:50:41,6.1,6.1,6.1,1,0.0
2026-03-26 16:51:06,6.6,6.7,6.65,2,0.0
2026-03-26 16:52:33,6.2,7.9,7.23,6,2.0
2026-03-26 16:52:43,7.3,7.7,7.5,2,0.0
2026-03-26 16:52:45,6.1,9.4,7.73,3,1.0
2026-03-26 16:52:55,6.8,9.5,8.24,5,2.0
2026-03-26 16:53:04,6.3,6.3,6.3,1,0.0
2026-03-26 16:53:13,6.7,6.7,6.7,1,0.0
2026-03-26 16:53:15,6.0,7.2,6.37,6,2.0
2026-03-26 16:53:26,7.0,8.9,7.7,3,1.0
2026-03-26 16:53:39,6.3,9.0,7.6,3,1.0
2026-03-26 16:53:44,6.0,6.1,6.05,2,1.0
2026-03-26 16:53:50,6.6,7.7,7.08,4,1.0
2026-03-26 16:53:53,6.0,9.1,7.65,8,4.0
2026-03-26 16:54:01,6.0,8.2,7.07,7,4.0
2026-03-26 16:54:10,6.5,11.0,9.34,7,3.0
2026-03-26 16:54:23,6.2,6.2,6.2,1,0.0
2026-03-26 16:54:28,6.2,6.2,6.2,2,1.0
2026-03-26 16:54:32,6.0,7.8,6.9,2,1.0
2026-03-26 16:55:12,6.1,7.5,7.0,5,2.0
2026-03-26 16:55:41,6.0,8.7,7.44,7,3.0
2026-03-26 16:55:46,6.4,7.7,7.05,2,1.0
2026-03-26 16:56:11,6.8,11.0,8.48,10,5.0
2026-03-26 16:56:45,6.4,10.0,7.97,9,5.0
2026-03-26 16:57:01,6.1,6.1,6.1,1,0.0
2026-03-26 16:57:03,6.6,10.4,9.34,8,3.0
2026-03-26 16:57:10,6.2,6.2,6.2,1,0.0
2026-03-26 16:57:20,6.0,6.2,6.1,4,3.0
2026-03-26 16:58:12,6.3,6.3,6.3,1,0.0
2026-03-26 16:58:27,6.6,6.6,6.6,1,0.0
2026-03-26 16:58:42,6.2,6.2,6.2,1,0.0
2026-03-26 16:59:18,6.2,9.4,7.6,8,3.0
2026-03-26 16:59:24,6.2,11.0,9.79,12,6.0
2026-03-26 16:59:45,6.4,8.0,7.2,2,1.0
2026-03-26 17:00:40,6.2,6.2,6.2,1,0.0
2026-03-26 17:01:29,6.0,7.4,6.6,5,2.0
2026-03-26 17:01:33,8.0,10.6,8.74,5,2.0
2026-03-26 17:01:37,6.1,6.1,6.1,1,0.0
2026-03-26 17:01:44,6.0,6.0,6.0,2,1.0
2026-03-26 17:01:53,6.2,9.0,7.67,19,10.0
2026-03-26 17:02:18,6.2,8.4,7.28,4,2.0
2026-03-26 17:02:36,6.6,6.6,6.6,1,0.0
2026-03-26 17:02:54,6.1,9.4,7.43,7,3.0
2026-03-26 17:03:28,6.3,9.2,7.97,3,1.0
2026-03-26 17:03:38,6.2,7.7,6.95,2,1.0
2026-03-26 17:04:31,6.4,9.0,8.0,4,2.0
2026-03-26 17:04:42,6.1,6.5,6.3,2,0.0
2026-03-26 17:04:47,6.2,6.2,6.2,1,0.0
2026-03-26 17:04:57,6.2,7.0,6.6,2,1.0
2026-03-26 17:08:41,6.0,7.9,6.95,2,1.0
2026-03-26 17:09:53,6.2,9.4,7.78,5,2.0
2026-03-26 17:10:52,7.1,7.1,7.1,1,0.0
2026-03-26 17:13:10,6.4,9.7,8.3,20,10.0
2026-03-26 17:13:59,6.7,8.8,7.77,3,1.0
2026-03-26 17:14:33,6.5,10.0,8.42,10,5.0
2026-03-26 17:16:15,6.1,6.3,6.2,2,1.0
2026-03-26 17:19:10,7.0,12.1,10.47,8,4.0
2026-03-26 17:21:22,6.1,8.2,7.1,5,3.0
2026-03-26 17:22:19,6.3,6.3,6.3,1,0.0
2026-03-26 17:22:34,6.0,7.5,6.75,2,1.0
2026-03-26 17:23:31,6.1,8.9,7.01,7,4.0
2026-03-26 17:23:41,6.0,8.7,6.88,4,1.0
2026-03-26 17:23:49,6.7,6.7,6.7,1,0.0
2026-03-26 17:26:07,7.5,8.6,8.03,3,1.0
2026-03-26 17:26:19,6.0,7.6,6.75,4,2.0
2026-03-26 17:26:28,6.1,6.1,6.1,1,0.0
2026-03-26 17:27:09,6.2,8.1,6.98,6,2.0
2026-03-26 17:28:14,6.0,6.0,6.0,1,0.0
2026-03-26 17:28:26,6.1,12.6,9.33,18,8.0
2026-03-26 17:28:36,6.4,13.8,9.32,11,5.0
2026-03-26 17:28:48,6.6,9.6,7.92,5,2.0
2026-03-26 17:28:58,6.2,6.4,6.3,2,1.0
2026-03-26 17:29:02,8.3,8.4,8.35,2,1.0
2026-03-26 17:29:09,6.7,6.7,6.7,1,0.0
2026-03-26 17:30:54,6.1,8.3,7.41,12,6.0
2026-03-26 17:31:08,6.3,12.2,8.45,53,28.0
2026-03-26 17:31:48,7.4,9.2,8.18,4,1.0
2026-03-26 17:31:51,6.0,8.5,7.77,9,4.0
2026-03-26 17:34:10,6.4,8.0,7.2,2,1.0
2026-03-26 17:34:55,7.1,7.1,7.1,1,0.0
2026-03-26 17:34:58,7.2,7.2,7.2,1,0.0
2026-03-26 17:35:00,6.3,9.2,7.3,3,1.0
2026-03-26 17:38:42,7.4,8.1,7.64,5,2.0
2026-03-26 17:39:48,6.1,10.1,7.82,4,2.0
2026-03-26 17:39:57,6.0,6.0,6.0,1,0.0
2026-03-26 17:46:06,6.3,7.1,6.7,2,1.0
2026-03-26 17:46:13,6.9,7.5,7.17,6,2.0
2026-03-26 17:46:52,6.1,12.4,8.33,12,6.0
2026-03-26 17:47:32,6.2,6.2,6.2,1,0.0
2026-03-26 17:48:31,6.1,9.7,8.17,6,3.0
2026-03-26 17:50:06,6.1,9.1,7.7,5,2.0
2026-03-26 17:50:44,6.2,8.2,7.23,3,2.0
2026-03-26 17:50:50,7.2,8.7,7.95,2,1.0
2026-03-26 17:53:44,6.1,8.6,7.41,8,4.0
2026-03-26 17:54:00,6.1,6.1,6.1,1,0.0
2026-03-26 17:54:35,6.0,9.8,8.06,62,33.0
2026-03-26 17:55:32,6.2,6.2,6.2,1,0.0
2026-03-26 17:56:53,6.1,6.4,6.25,2,0.0
2026-03-26 17:57:46,6.1,6.3,6.2,2,1.0
2026-03-26 17:58:01,6.1,10.0,7.34,15,8.0
2026-03-26 17:58:49,6.0,10.2,7.51,42,23.0
2026-03-26 17:59:35,6.2,13.4,9.78,30,15.0
2026-03-26 18:00:02,6.2,9.0,8.09,12,5.0
2026-03-26 18:01:25,6.1,9.6,8.9,20,10.0
2026-03-26 18:01:39,6.2,7.6,6.83,3,2.0
2026-03-26 18:01:53,6.0,13.2,8.88,39,20.0
2026-03-26 18:02:17,6.0,9.9,8.43,8,4.0
2026-03-26 18:02:32,6.2,11.2,8.63,94,49.0
2026-03-26 18:03:31,6.3,6.4,6.35,2,1.0
2026-03-26 18:03:47,6.1,8.0,6.98,5,2.0
2026-03-26 18:04:52,6.0,7.3,6.28,5,3.0
2026-03-26 18:05:08,6.3,6.3,6.3,1,0.0
2026-03-26 18:05:47,6.7,9.0,7.88,4,1.0
2026-03-26 18:05:57,7.0,7.0,7.0,1,0.0
2026-03-26 18:06:45,6.0,6.8,6.25,4,1.0
2026-03-26 18:07:08,6.0,9.5,8.4,31,16.0
2026-03-26 18:07:30,6.0,9.9,7.16,17,9.0
2026-03-26 18:08:43,6.0,8.9,7.53,9,4.0
2026-03-26 18:09:05,8.4,8.4,8.4,1,0.0
2026-03-26 18:09:19,7.7,10.0,9.15,13,6.0
2026-03-26 18:09:27,6.2,9.6,8.1,18,9.0
2026-03-26 18:09:38,6.4,6.4,6.4,1,0.0
2026-03-26 18:11:35,6.1,9.4,8.12,14,7.0
2026-03-26 18:11:49,6.0,7.6,6.8,2,1.0
2026-03-26 18:12:04,6.1,9.8,8.41,7,3.0
2026-03-26 18:12:21,6.4,9.1,7.74,7,4.0
2026-03-26 18:12:32,6.4,10.2,8.8,7,4.0
2026-03-26 18:12:39,6.1,6.1,6.1,1,0.0
2026-03-26 18:12:48,6.1,8.8,7.58,4,2.0
2026-03-26 18:12:56,6.1,8.6,7.0,3,1.0
2026-03-26 18:13:09,6.0,10.1,7.28,9,4.0
2026-03-26 18:13:19,6.5,10.0,8.62,25,13.0
2026-03-26 18:13:52,6.0,10.2,8.59,15,8.0
2026-03-26 18:14:27,7.5,7.5,7.5,1,0.0
2026-03-26 18:15:04,6.2,8.5,7.35,2,1.0
2026-03-26 18:15:15,6.1,6.1,6.1,1,0.0
2026-03-26 18:15:21,6.9,7.3,7.1,2,0.0
2026-03-26 18:16:06,6.7,6.7,6.7,1,0.0
2026-03-26 18:16:26,6.3,6.9,6.6,2,1.0
2026-03-26 18:17:24,6.5,6.5,6.5,1,0.0
2026-03-26 18:17:26,6.1,7.0,6.63,3,2.0
2026-03-26 18:17:41,6.1,8.4,7.23,3,1.0
2026-03-26 18:18:08,6.5,6.5,6.5,1,0.0
2026-03-26 18:19:55,6.0,10.0,8.21,9,4.0
2026-03-26 18:20:54,6.9,6.9,6.9,1,0.0
2026-03-26 18:21:11,6.1,6.1,6.1,1,0.0
2026-03-26 18:21:43,6.1,6.1,6.1,1,0.0
2026-03-26 18:21:51,7.0,7.0,7.0,1,0.0
2026-03-26 18:23:18,6.2,7.0,6.6,2,0.0
2026-03-26 18:24:15,6.6,9.6,8.47,10,5.0
2026-03-26 18:25:36,6.9,9.5,7.83,4,2.0
2026-03-26 18:25:40,6.1,10.4,8.45,4,2.0
2026-03-26 18:25:44,6.4,8.5,7.45,2,1.0
2026-03-26 18:25:51,6.4,10.4,8.64,7,3.0
2026-03-26 18:26:00,6.0,10.0,8.86,28,14.0
2026-03-26 18:26:32,6.2,9.8,8.54,5,2.0
2026-03-26 18:27:08,6.5,8.2,7.07,3,1.0
2026-03-26 18:28:15,6.4,6.4,6.4,1,0.0
2026-03-26 18:28:17,6.0,10.0,8.59,8,4.0
2026-03-26 18:29:10,7.0,8.7,8.03,4,1.0
2026-03-26 18:29:20,7.8,7.8,7.8,1,0.0
2026-03-26 18:30:48,6.0,9.5,8.01,19,10.0
2026-03-26 18:31:09,6.7,10.5,8.05,24,12.0
2026-03-26 18:31:32,6.1,9.1,8.15,15,8.0
2026-03-26 18:32:11,6.6,8.5,7.37,3,1.0
2026-03-26 18:35:14,6.1,9.5,8.6,7,3.0
2026-03-26 18:36:12,6.2,10.0,8.27,6,3.0
2026-03-26 18:37:25,6.1,7.4,6.75,2,1.0
2026-03-26 18:39:43,6.1,8.6,7.57,12,5.0
2026-03-26 18:46:35,6.2,6.2,6.2,1,0.0
2026-03-26 18:46:59,6.2,10.1,8.85,38,19.0
2026-03-26 18:47:40,6.0,9.2,7.93,20,10.0
2026-03-26 18:47:53,6.0,10.2,8.86,10,5.0
2026-03-26 18:48:50,6.8,7.7,7.25,2,0.0
2026-03-26 18:51:09,6.2,9.7,8.2,16,8.0
2026-03-26 18:52:59,6.4,9.6,7.82,6,3.0
2026-03-26 18:56:46,6.6,7.3,6.93,3,1.0
2026-03-26 18:57:00,6.3,6.3,6.3,1,0.0
2026-03-26 18:57:29,6.2,8.5,7.35,2,0.0
2026-03-26 18:57:39,6.1,6.1,6.1,1,0.0
2026-03-26 19:01:30,6.1,6.1,6.1,1,0.0
2026-03-26 19:02:00,6.1,13.0,9.12,134,70.0
2026-03-26 19:03:23,6.2,8.8,7.88,16,8.0
2026-03-26 19:03:39,6.1,9.4,8.03,22,11.0
2026-03-26 19:04:14,6.0,9.0,7.92,65,33.0
2026-03-26 19:05:13,6.1,10.8,8.45,14,7.0
2026-03-26 19:05:33,6.1,8.7,7.24,38,20.0
2026-03-26 19:06:15,6.0,10.6,8.85,44,22.0
2026-03-26 19:06:42,6.1,9.2,7.63,46,25.0
2026-03-26 19:08:04,6.0,8.7,7.75,16,8.0
2026-03-26 19:08:18,6.2,10.2,8.78,9,4.0
2026-03-26 19:08:33,6.4,8.6,7.66,18,9.0
2026-03-26 19:09:02,6.1,8.4,7.38,6,3.0
2026-03-26 19:09:35,6.2,8.1,6.9,6,3.0
2026-03-26 19:09:56,6.5,10.3,9.25,12,6.0
2026-03-26 19:10:10,6.1,8.0,7.55,22,11.0
2026-03-26 19:10:35,6.1,8.9,7.51,90,46.0
2026-03-26 19:12:13,6.0,9.9,8.95,15,7.0
2026-03-26 19:12:43,6.0,8.6,7.41,32,17.0
2026-03-26 19:13:07,6.2,11.9,10.04,23,12.0
2026-03-26 19:13:26,6.0,6.1,6.05,2,0.0
2026-03-26 19:13:29,6.1,7.2,6.8,3,1.0
2026-03-26 19:13:56,6.7,9.3,7.95,24,12.0
2026-03-26 19:14:24,6.0,12.8,8.76,38,20.0
2026-03-26 19:15:01,6.4,10.0,8.91,23,11.0
2026-03-26 19:15:42,6.2,13.1,10.43,20,10.0
2026-03-26 19:16:04,6.3,10.0,8.97,16,8.0
2026-03-26 19:16:16,6.0,8.2,7.33,4,2.0
2026-03-26 19:16:29,6.1,11.4,9.05,48,26.0
2026-03-26 19:17:20,6.1,8.5,7.74,19,10.0
2026-03-26 19:18:46,6.0,8.9,7.14,12,6.0
2026-03-26 19:19:36,6.1,8.6,7.13,30,15.0
2026-03-26 19:20:13,6.0,10.2,8.61,61,32.0
2026-03-26 19:21:35,6.1,10.7,8.49,31,15.0
2026-03-26 19:23:29,6.3,12.6,8.43,16,8.0
2026-03-26 19:24:09,6.1,8.5,7.38,18,8.0
2026-03-26 19:24:19,6.5,8.9,7.46,5,2.0
2026-03-26 19:24:41,6.2,10.0,8.36,13,6.0
2026-03-26 19:25:02,7.8,7.9,7.85,2,0.0
2026-03-26 19:25:19,6.1,8.5,7.35,4,2.0
2026-03-26 19:25:23,6.1,10.9,8.72,28,14.0
2026-03-26 19:26:14,6.2,11.3,8.44,16,8.0
2026-03-26 19:26:34,8.6,9.1,8.85,2,1.0
2026-03-26 19:26:43,6.1,7.2,6.74,5,2.0
2026-03-26 19:26:50,6.5,11.6,8.42,10,6.0
2026-03-26 19:27:02,6.1,6.1,6.1,1,0.0
2026-03-26 19:27:04,6.0,10.4,8.07,3,1.0
2026-03-26 19:27:10,6.1,9.1,7.58,9,5.0
2026-03-26 19:27:33,6.8,9.9,8.38,4,1.0
2026-03-26 19:27:36,6.1,11.2,8.22,44,22.0
2026-03-26 19:28:02,7.4,8.0,7.77,3,1.0
2026-03-26 19:28:52,6.1,8.2,7.32,10,5.0
2026-03-26 19:29:02,6.2,8.9,8.24,22,12.0
2026-03-26 19:29:29,6.2,8.3,7.42,39,20.0
2026-03-26 19:30:31,6.1,8.6,7.5,7,3.0
2026-03-26 19:30:47,6.1,9.5,7.57,49,25.0
2026-03-26 19:31:39,6.0,8.5,7.59,30,15.0
2026-03-26 19:32:16,6.1,9.6,8.37,20,10.0
2026-03-26 19:32:30,6.1,7.8,7.05,4,2.0
2026-03-26 19:32:39,6.2,9.3,7.96,14,7.0
2026-03-26 19:33:04,6.5,9.3,7.9,2,1.0
2026-03-26 19:33:47,6.1,9.5,7.95,22,11.0
2026-03-26 19:34:16,6.2,12.2,9.57,31,15.0
2026-03-26 19:34:37,6.1,9.1,7.57,3,1.0
2026-03-26 19:34:52,6.3,6.5,6.4,2,0.0
2026-03-26 19:35:01,6.3,9.1,7.85,19,9.0
2026-03-26 19:35:32,6.1,8.3,7.03,9,5.0
2026-03-26 19:35:48,6.0,6.0,6.0,1,0.0
2026-03-26 19:36:32,6.5,9.5,7.81,67,34.0
2026-03-26 19:37:34,6.8,11.0,8.46,88,46.0
2026-03-26 19:38:44,6.0,6.1,6.05,2,1.0
2026-03-26 19:38:47,6.0,6.0,6.0,1,0.0
2026-03-26 19:38:50,6.0,9.8,7.93,36,19.0
2026-03-26 19:39:40,6.0,8.0,7.35,4,2.0
2026-03-26 19:39:44,6.2,10.6,8.52,88,45.0
2026-03-26 19:41:00,6.2,9.0,7.28,12,6.0
2026-03-26 19:42:31,6.3,8.8,7.41,28,14.0
2026-03-26 19:43:02,6.3,9.3,8.18,18,9.0
2026-03-26 19:43:30,6.1,11.5,8.12,24,13.0
2026-03-26 19:43:53,6.4,14.1,10.4,94,50.0
2026-03-26 19:44:46,6.4,10.2,8.46,9,4.0
2026-03-26 19:44:53,7.8,9.6,8.47,3,1.0
2026-03-26 19:45:15,6.5,10.0,8.65,42,22.0
2026-03-26 19:45:52,6.1,11.4,9.14,22,10.0
2026-03-26 19:46:18,6.1,10.6,9.31,34,17.0
2026-03-26 19:47:00,6.0,10.9,8.82,11,6.0
2026-03-26 19:47:21,6.1,10.6,9.25,54,28.0
2026-03-26 19:48:10,6.4,11.4,8.7,7,3.0
2026-03-26 19:48:21,6.3,12.7,9.06,20,11.0
2026-03-26 19:48:35,6.1,10.6,8.55,23,12.0
2026-03-26 19:49:03,6.4,8.6,7.22,6,2.0
2026-03-26 19:49:17,6.5,10.7,9.12,23,12.0
2026-03-26 19:49:43,6.3,11.0,8.44,34,17.0
2026-03-26 19:50:05,6.5,6.5,6.5,1,0.0
2026-03-26 19:50:10,6.1,10.4,8.82,21,11.0
2026-03-26 19:50:25,6.4,11.9,9.73,7,3.0
2026-03-26 19:50:33,6.1,9.6,7.54,18,9.0
2026-03-26 19:51:57,6.2,9.3,8.0,3,1.0
2026-03-26 19:52:07,6.0,8.9,7.56,7,3.0
2026-03-26 19:52:28,6.3,7.8,7.16,5,2.0
2026-03-26 19:52:32,6.1,9.5,7.2,24,12.0
2026-03-26 19:53:15,6.1,9.2,8.26,8,4.0
2026-03-26 19:53:33,6.1,10.3,7.55,21,12.0
2026-03-26 19:54:03,6.1,8.8,7.9,16,8.0
2026-03-26 19:54:31,6.1,9.7,8.14,19,9.0
2026-03-26 19:55:14,6.1,8.4,7.64,32,16.0
2026-03-26 19:56:14,6.0,8.2,6.93,6,2.0
2026-03-26 19:56:42,6.1,10.2,8.44,60,31.0
2026-03-26 19:57:29,6.1,10.0,7.54,13,7.0
2026-03-26 19:57:38,6.0,10.1,7.97,56,29.0
2026-03-26 19:58:34,6.2,8.1,7.37,20,10.0
2026-03-26 19:59:22,6.3,6.3,6.3,1,0.0
2026-03-26 19:59:35,6.2,9.8,8.69,28,14.0
2026-03-26 20:00:10,6.5,11.0,9.42,10,5.0
2026-03-26 20:00:17,6.5,6.5,6.5,1,0.0
2026-03-26 20:00:36,6.0,8.8,8.02,9,4.0
2026-03-26 20:01:01,6.1,7.9,7.26,9,4.0
2026-03-26 20:01:23,6.1,6.1,6.1,1,0.0
2026-03-26 20:02:14,6.5,13.8,9.07,75,39.0
2026-03-26 20:03:01,6.0,8.0,7.35,27,13.0
2026-03-26 20:03:32,6.6,9.3,8.38,8,4.0
2026-03-26 20:04:11,6.3,6.3,6.3,1,0.0
2026-03-26 20:04:30,6.9,8.3,7.5,3,1.0
2026-03-26 20:04:48,6.3,9.5,8.2,6,3.0
2026-03-26 20:05:00,6.0,13.5,9.56,79,41.0
2026-03-26 20:05:54,6.4,8.9,7.59,12,5.0
2026-03-26 20:06:03,6.0,9.5,8.09,22,11.0
2026-03-26 20:06:18,6.4,8.7,7.78,20,10.0
2026-03-26 20:06:43,6.2,11.8,9.45,33,16.0
2026-03-26 20:07:15,6.0,9.4,8.3,21,10.0
2026-03-26 20:07:33,6.1,9.5,7.98,38,20.0
2026-03-26 20:08:08,6.2,9.1,8.01,28,14.0
2026-03-26 20:08:35,6.2,9.6,7.98,23,12.0
2026-03-26 20:09:06,6.1,13.3,9.45,32,16.0
2026-03-26 20:10:00,6.3,8.9,7.76,8,4.0
2026-03-26 20:10:43,6.1,8.1,7.31,11,6.0
2026-03-26 20:11:21,6.0,8.4,7.53,6,2.0
2026-03-26 20:11:54,6.4,12.7,9.35,19,10.0
2026-03-26 20:12:20,6.0,8.3,7.24,8,4.0
2026-03-26 20:12:45,6.1,8.3,7.41,18,9.0
2026-03-26 20:13:15,6.4,8.1,7.68,13,6.0
2026-03-26 20:13:52,6.3,11.3,8.46,7,3.0
2026-03-26 20:14:47,6.2,8.4,7.53,7,3.0
2026-03-26 20:15:36,6.2,8.5,7.7,22,11.0
2026-03-26 20:16:07,6.0,10.3,8.22,148,78.0
2026-03-26 20:17:40,6.0,9.0,6.99,16,8.0
2026-03-26 20:18:40,6.1,9.4,7.46,7,3.0
2026-03-26 20:18:51,6.1,9.1,7.59,14,7.0
2026-03-26 20:19:37,6.1,9.8,7.77,30,16.0
2026-03-26 20:19:59,6.2,9.6,8.17,19,10.0
2026-03-26 20:20:29,6.0,8.9,7.51,12,5.0
2026-03-26 20:20:45,6.1,12.1,8.69,54,27.0
2026-03-26 20:21:18,6.1,13.4,8.33,110,56.0
2026-03-26 20:22:38,6.0,8.3,7.42,8,4.0
2026-03-26 20:23:03,6.1,6.8,6.43,3,1.0
2026-03-26 20:23:14,6.2,8.3,7.53,14,7.0
2026-03-26 20:23:39,6.1,12.1,9.08,24,12.0
2026-03-26 20:23:57,6.4,12.7,10.09,30,16.0
2026-03-26 20:24:18,6.0,8.6,7.2,4,2.0
2026-03-26 20:24:50,6.0,11.3,8.77,126,66.0
2026-03-26 20:26:06,6.7,11.7,9.04,41,21.0
2026-03-26 20:26:52,6.1,9.8,7.68,23,11.0
2026-03-26 20:27:23,6.6,8.6,7.61,8,3.0
2026-03-26 20:27:35,6.1,9.0,7.87,15,7.0
2026-03-26 20:28:19,7.5,9.0,8.12,4,2.0
2026-03-26 20:28:29,6.1,9.0,7.6,57,29.0
2026-03-26 20:29:19,6.0,9.9,8.31,54,28.0
2026-03-26 20:30:20,7.1,8.7,7.73,3,1.0
2026-03-26 20:30:31,6.1,8.6,7.07,3,1.0
2026-03-26 20:30:39,6.2,9.4,7.83,34,17.0
2026-03-26 20:31:14,6.0,9.6,8.31,16,8.0
2026-03-26 20:32:26,6.2,9.2,8.23,11,5.0
2026-03-26 20:32:46,6.1,9.6,7.95,13,7.0
2026-03-26 20:33:23,6.1,8.7,7.67,38,20.0
2026-03-26 20:34:06,6.1,8.8,7.86,9,5.0
2026-03-26 20:34:40,6.0,10.8,7.97,23,12.0
2026-03-26 20:35:02,6.0,7.7,6.47,4,1.0
2026-03-26 20:35:20,6.0,8.6,7.81,36,18.0
2026-03-26 20:35:59,6.0,11.4,8.54,42,22.0
2026-03-26 20:36:37,6.1,11.6,8.74,42,21.0
2026-03-26 20:37:05,6.3,6.3,6.3,1,0.0
2026-03-26 20:37:07,6.2,6.3,6.25,2,1.0
2026-03-26 20:37:23,6.3,11.6,9.42,6,2.0
2026-03-26 20:37:28,6.3,9.9,8.76,32,16.0
2026-03-26 20:38:06,6.1,10.8,8.24,21,11.0
2026-03-26 20:38:27,7.1,7.1,7.1,1,0.0
2026-03-26 20:38:32,6.5,9.8,8.31,41,21.0
2026-03-26 20:39:34,6.2,9.4,8.1,21,11.0
2026-03-26 20:39:58,6.4,9.0,7.73,15,7.0
2026-03-26 20:40:09,6.1,9.0,8.01,31,15.0
2026-03-26 20:40:35,6.8,9.9,7.97,11,5.0
2026-03-26 20:40:43,6.2,10.8,8.3,14,7.0
2026-03-26 20:40:56,6.0,10.4,8.24,21,11.0
2026-03-26 20:41:21,6.2,9.7,7.89,38,19.0
2026-03-26 20:41:46,6.0,9.3,8.15,15,8.0
2026-03-26 20:43:20,6.2,10.3,8.11,20,10.0
2026-03-26 20:43:35,6.1,10.4,8.54,69,36.0
2026-03-26 20:44:21,6.6,13.6,10.84,23,12.0
2026-03-26 20:44:35,6.0,10.3,8.06,25,12.0
2026-03-26 20:52:15,6.2,10.6,8.81,177,92.0
2026-03-26 20:54:04,6.0,6.0,6.0,1,0.0
2026-03-26 20:54:30,6.1,9.7,8.46,30,16.0
2026-03-26 20:54:57,6.0,10.7,9.04,25,13.0
2026-03-26 20:55:33,6.1,7.1,6.53,7,4.0
2026-03-26 20:55:43,6.0,8.9,7.98,8,4.0
2026-03-26 20:55:53,6.2,7.5,6.73,3,1.0
2026-03-26 20:55:59,6.2,9.0,7.91,17,9.0
2026-03-26 20:56:14,6.5,10.8,9.43,33,17.0
2026-03-26 20:57:00,6.0,8.9,7.48,5,2.0
2026-03-26 20:57:57,6.1,10.2,7.94,21,11.0
2026-03-26 20:58:19,6.0,8.6,7.72,29,14.0
2026-03-26 21:00:00,6.0,6.2,6.1,2,1.0
2026-03-26 21:02:09,6.1,8.3,7.16,7,4.0
2026-03-26 21:02:36,6.2,9.6,8.34,16,8.0
2026-03-26 21:02:47,6.2,7.9,7.05,2,1.0
2026-03-26 21:03:08,6.1,10.3,8.57,9,5.0
2026-03-26 21:05:04,6.2,10.4,8.52,56,29.0
2026-03-26 21:07:31,6.2,9.3,8.09,7,3.0
2026-03-26 21:08:44,6.0,6.0,6.0,1,0.0
2026-03-26 21:09:03,6.1,8.0,7.25,8,4.0
2026-03-26 21:09:18,6.0,8.8,7.79,8,3.0
2026-03-26 21:10:00,6.2,7.9,7.05,2,1.0
2026-03-26 21:12:49,6.0,7.4,6.7,2,0.0
2026-03-26 21:14:12,6.7,6.7,6.7,1,0.0
2026-03-26 21:14:22,6.0,6.1,6.07,3,2.0
2026-03-26 21:14:40,6.1,9.2,8.16,11,5.0
2026-03-26 21:14:59,6.3,10.0,8.74,87,45.0
2026-03-26 21:16:00,6.1,10.0,8.16,31,16.0
2026-03-26 21:16:19,6.3,6.3,6.3,1,0.0
2026-03-26 21:17:01,6.0,11.1,9.59,14,6.0
2026-03-26 21:19:08,6.0,6.0,6.0,1,0.0
2026-03-26 21:20:09,6.0,7.3,6.53,6,3.0
2026-03-26 21:21:50,6.1,10.2,8.88,11,5.0
2026-03-26 21:24:36,6.3,10.1,9.04,73,38.0
2026-03-26 21:25:50,6.2,9.6,8.85,74,38.0
2026-03-26 21:32:38,6.1,8.7,7.29,7,3.0
2026-03-26 21:34:19,6.3,10.0,8.82,14,7.0
2026-03-26 21:34:39,6.1,9.0,7.27,9,5.0
2026-03-26 21:34:47,6.0,9.5,8.66,8,4.0
2026-03-26 21:39:18,6.2,6.2,6.2,1,0.0
2026-03-26 21:48:22,6.1,9.3,8.09,64,33.0
2026-03-26 21:49:01,6.1,6.2,6.15,2,1.0
2026-03-26 21:49:25,6.1,10.1,7.87,89,47.0
2026-03-26 21:50:43,6.1,10.6,8.75,31,16.0
2026-03-26 21:57:06,6.0,8.0,7.12,4,2.0
2026-03-26 21:58:51,6.8,9.1,7.67,3,1.0
2026-03-26 22:01:34,6.1,6.1,6.1,1,0.0
2026-03-26 22:01:36,6.1,6.1,6.1,1,0.0
2026-03-26 22:01:46,6.3,9.5,8.24,125,65.0
2026-03-26 22:03:43,6.3,6.3,6.3,1,0.0
2026-03-26 22:16:25,6.0,8.1,7.41,12,6.0
2026-03-26 22:16:34,6.2,9.2,8.15,89,46.0
2026-03-26 22:19:22,6.3,9.7,8.16,27,13.0
2026-03-26 22:19:47,7.1,13.9,10.36,34,17.0
2026-03-26 22:20:18,6.1,11.2,9.06,53,27.0
2026-03-26 22:21:13,6.1,10.3,8.6,107,55.0
2026-03-26 22:22:51,6.1,9.2,8.07,8,3.0
2026-03-26 22:23:37,7.2,8.2,7.7,2,0.0
2026-03-26 22:29:51,6.7,10.3,9.08,152,80.0
2026-03-26 22:31:20,6.4,9.8,8.07,18,9.0
2026-03-26 22:31:41,6.0,13.8,8.89,73,38.0
2026-03-26 22:32:38,6.1,12.1,9.03,130,68.0
2026-03-26 22:34:10,6.0,8.1,6.95,6,3.0
2026-03-26 22:34:42,6.3,10.0,8.85,50,26.0
2026-03-26 22:35:50,6.2,14.6,11.75,51,26.0
2026-03-26 22:36:20,6.1,9.9,7.91,35,18.0
2026-03-26 22:36:48,6.4,12.4,9.92,33,16.0
2026-03-26 22:37:55,6.1,8.9,7.76,23,12.0
2026-03-26 22:38:09,6.1,13.0,10.43,40,21.0
2026-03-26 22:38:40,6.0,9.7,8.2,8,3.0
2026-03-26 22:38:45,6.6,6.6,6.6,1,0.0
2026-03-26 22:40:17,6.1,9.4,7.88,15,7.0
2026-03-26 22:40:26,6.0,6.1,6.07,3,1.0
2026-03-26 22:44:26,6.0,9.1,8.12,19,9.0
2026-03-26 22:44:41,6.5,15.5,11.41,200,104.0
2026-03-26 22:46:28,6.1,13.9,10.14,61,32.0
2026-03-26 22:47:13,6.1,11.4,8.83,40,20.0
2026-03-26 22:47:46,6.2,9.6,7.69,9,4.0
2026-03-26 22:52:01,6.1,8.8,8.13,9,4.0
2026-03-26 22:53:36,6.1,10.0,8.32,64,33.0
2026-03-26 22:54:22,6.2,9.6,8.38,39,20.0
2026-03-26 22:55:00,6.0,9.5,8.0,39,20.0
2026-03-26 22:55:23,6.0,14.3,9.79,141,73.0
2026-03-26 23:00:40,6.0,8.3,7.24,35,17.0
2026-03-26 23:01:46,6.0,10.3,7.58,68,35.0
2026-03-26 23:05:42,6.1,12.2,8.65,74,38.0
2026-03-26 23:06:32,6.1,9.3,8.05,20,10.0
2026-03-26 23:07:14,6.0,10.7,9.03,31,16.0
2026-03-26 23:07:48,6.1,15.0,10.69,120,62.0
2026-03-26 23:08:56,6.0,8.0,7.41,16,8.0
2026-03-26 23:09:27,6.2,9.6,8.5,62,32.0
2026-03-26 23:10:07,6.2,8.5,7.82,6,3.0
2026-03-26 23:10:38,6.1,8.3,7.55,15,7.0
2026-03-26 23:10:49,6.1,13.3,9.29,61,31.0
2026-03-26 23:11:57,6.6,10.2,9.19,17,8.0
2026-03-26 23:12:38,6.1,12.1,9.6,14,6.0
2026-03-26 23:13:26,6.0,10.1,8.82,6,2.0
2026-03-26 23:14:12,6.2,9.1,7.74,9,4.0
2026-03-26 23:14:22,6.0,10.6,8.62,44,22.0
2026-03-26 23:14:55,6.0,10.6,8.83,30,16.0
2026-03-26 23:15:25,6.0,8.3,7.47,18,9.0
2026-03-26 23:15:49,6.1,11.0,9.02,69,36.0
2026-03-26 23:16:56,6.1,14.6,9.37,106,55.0
2026-03-26 23:18:27,6.5,10.0,9.23,18,9.0
2026-03-26 23:19:16,6.0,6.2,6.1,3,2.0
2026-03-26 23:22:11,6.1,9.8,8.65,11,5.0
2026-03-26 23:22:38,6.2,11.2,9.13,7,3.0
2026-03-26 23:23:09,6.1,12.2,9.66,40,21.0
2026-03-26 23:24:01,6.2,14.0,10.69,40,20.0
2026-03-26 23:24:35,6.2,10.3,8.25,13,7.0
2026-03-26 23:30:47,6.0,9.9,8.68,85,44.0
2026-03-26 23:33:19,6.1,9.6,8.53,7,3.0
2026-03-26 23:33:48,6.2,10.2,8.9,14,7.0
2026-03-26 23:34:31,6.3,15.4,10.52,65,33.0
2026-03-26 23:35:20,6.0,10.5,8.97,26,13.0
2026-03-26 23:37:23,6.1,10.4,8.38,125,65.0
2026-03-26 23:38:43,6.1,11.0,7.6,274,144.0
2026-03-26 23:41:32,6.0,12.5,10.74,13,6.0
2026-03-26 23:43:19,6.0,13.3,9.17,286,149.0
2026-03-26 23:46:01,6.1,9.2,7.48,12,5.0
2026-03-26 23:46:16,6.2,10.5,9.51,35,18.0
2026-03-26 23:47:16,6.1,10.3,9.5,22,11.0
2026-03-26 23:52:05,6.0,13.1,8.53,410,214.0
2026-03-26 23:55:41,6.0,6.0,6.0,1,0.0
2026-03-26 23:55:49,6.0,7.5,7.02,5,2.0
2026-03-26 23:55:54,6.0,7.8,7.06,17,9.0
2026-03-26 23:56:06,6.1,8.6,7.73,12,6.0
2026-03-27 00:00:29,6.0,12.9,8.45,189,97.0
2026-03-27 00:06:37,6.0,12.8,8.13,445,232.0
2026-03-27 00:12:08,6.4,10.4,9.1,39,20.0
2026-03-27 00:13:14,6.2,10.7,8.86,10,5.0
2026-03-27 00:13:21,6.2,6.2,6.2,1,0.0
2026-03-27 00:14:38,6.0,13.0,7.9,213,111.0
2026-03-27 00:17:38,6.3,6.3,6.3,1,0.0
2026-03-27 00:20:25,6.1,9.9,8.0,39,20.0
2026-03-27 00:27:30,6.0,8.1,6.99,13,6.0
2026-03-27 00:27:48,6.0,9.9,7.91,26,13.0
2026-03-27 00:34:08,6.2,9.8,7.97,148,77.0
2026-03-27 00:38:22,6.0,9.1,7.83,213,110.0
2026-03-27 00:40:52,6.0,8.6,7.66,68,35.0
2026-03-27 00:41:45,6.1,10.2,8.42,142,74.0
2026-03-27 00:44:16,6.3,9.5,7.88,79,41.0
2026-03-27 00:51:54,6.0,10.0,8.28,30,15.0
2026-03-27 00:52:39,6.0,10.5,7.79,36,18.0
2026-03-27 00:52:59,6.1,6.8,6.45,4,1.0
2026-03-27 00:54:00,6.1,10.4,8.07,112,58.0
2026-03-27 00:55:24,6.0,11.4,8.73,114,60.0
2026-03-27 00:56:37,6.1,10.2,8.19,50,26.0
2026-03-27 01:06:37,6.0,8.9,7.9,50,26.0
2026-03-27 01:10:41,6.0,9.6,7.6,129,68.0
2026-03-27 01:11:59,6.1,9.2,7.87,142,74.0
2026-03-27 01:13:33,6.3,9.6,8.26,79,41.0
2026-03-27 01:16:23,6.0,14.2,9.28,177,95.0
2026-03-27 01:19:26,6.7,11.5,8.64,134,72.0
2026-03-27 01:21:37,6.1,10.2,8.97,65,34.0
2026-03-27 01:22:31,6.3,9.0,7.8,28,14.0
2026-03-27 01:23:21,6.3,10.2,8.81,56,30.0
2026-03-27 01:39:01,6.0,9.9,8.23,38,20.0
2026-03-27 01:39:32,6.3,10.2,8.25,138,73.0
2026-03-27 01:40:54,6.6,11.3,9.49,107,57.0
2026-03-27 01:43:02,6.5,10.4,8.91,34,17.0
2026-03-27 01:52:28,6.0,10.5,8.77,40,20.0
2026-03-27 01:52:50,6.0,6.3,6.15,2,0.0
2026-03-27 01:52:53,6.0,12.5,9.18,294,154.0
2026-03-27 01:56:18,6.1,14.0,10.42,23,12.0
2026-03-27 01:56:46,6.3,10.2,8.66,5,2.0
2026-03-27 01:56:52,6.0,12.8,9.19,103,54.0
2026-03-27 01:57:54,6.0,6.7,6.36,5,2.0
2026-03-27 01:57:58,6.0,6.6,6.3,4,1.0
2026-03-27 01:58:05,6.0,6.0,6.0,1,0.0
2026-03-27 01:58:34,6.0,7.1,6.53,4,2.0
2026-03-27 01:58:51,6.0,10.3,8.64,21,10.0
2026-03-27 01:59:27,6.1,8.6,7.91,22,11.0
2026-03-27 01:59:51,6.0,10.1,8.21,63,33.0
2026-03-27 02:01:11,6.0,10.6,8.03,13,7.0
2026-03-27 02:02:16,6.1,9.9,8.41,58,31.0
2026-03-27 02:03:16,6.0,9.2,7.83,28,15.0
2026-03-27 02:04:06,6.1,10.0,8.14,14,7.0
2026-03-27 02:04:38,6.0,13.2,9.14,162,85.0
2026-03-27 02:06:31,6.1,9.4,7.91,16,8.0
2026-03-27 02:06:59,6.1,9.9,8.27,15,8.0
2026-03-27 02:07:10,6.1,9.7,8.51,17,8.0
2026-03-27 02:07:20,6.2,10.0,8.4,4,1.0
2026-03-27 02:07:32,6.1,9.2,7.41,35,18.0
2026-03-27 02:07:59,6.1,9.1,7.94,14,7.0
2026-03-27 02:08:28,6.3,11.5,9.14,8,3.0
2026-03-27 02:08:35,6.0,11.2,7.86,45,23.0
2026-03-27 02:09:46,6.0,8.7,7.81,32,16.0
2026-03-27 02:10:17,6.0,9.5,7.89,40,21.0
2026-03-27 02:10:57,6.0,8.0,7.22,23,12.0
2026-03-27 02:11:22,6.3,9.2,7.8,6,3.0
2026-03-27 02:13:04,6.3,9.2,7.69,136,72.0
2026-03-27 02:19:01,6.0,12.5,8.31,65,33.0
2026-03-27 02:28:51,6.5,6.5,6.5,1,0.0
2026-03-27 02:29:01,6.1,9.1,8.16,63,33.0
2026-03-27 02:29:56,6.0,8.9,7.93,46,24.0
2026-03-27 02:30:48,6.4,10.2,8.92,102,54.0
2026-03-27 02:38:02,6.3,6.3,6.3,1,0.0
2026-03-27 02:38:31,6.1,9.2,7.51,238,127.0
2026-03-27 02:41:01,6.0,6.0,6.0,1,0.0
2026-03-27 02:41:03,6.0,14.3,7.29,1233,660.0
2026-03-27 02:52:05,6.0,6.0,6.0,2,1.0
2026-03-27 02:52:23,6.0,10.0,8.7,37,19.0
2026-03-27 02:52:44,6.3,6.3,6.3,1,0.0
2026-03-27 02:52:55,6.1,10.2,9.17,208,109.0
2026-03-27 03:00:26,6.0,10.1,7.06,248,133.0
2026-03-27 03:04:14,6.0,14.1,10.14,638,335.0
2026-03-27 03:10:03,6.0,10.7,9.22,124,64.0
2026-03-27 03:12:22,6.1,10.9,7.85,36,18.0
2026-03-27 03:13:54,6.0,11.6,10.13,63,33.0
2026-03-27 03:15:16,6.0,8.7,7.37,758,397.0
2026-03-27 03:21:57,6.0,6.2,6.1,2,1.0
2026-03-27 03:22:15,6.0,9.1,7.92,166,87.0
2026-03-27 03:25:02,6.1,9.0,7.89,193,101.0
2026-03-27 03:27:47,6.1,10.1,8.05,84,43.0
2026-03-27 03:28:41,6.1,6.2,6.15,2,0.0
2026-03-27 03:28:54,6.1,11.5,8.53,161,84.0
2026-03-27 03:30:26,6.0,6.0,6.0,1,0.0
2026-03-27 03:30:30,6.0,11.5,9.24,99,51.0
2026-03-27 03:31:23,6.0,6.0,6.0,1,0.0
2026-03-27 03:55:20,6.0,11.0,8.11,105,55.0
2026-03-27 03:56:17,6.2,8.0,7.1,2,0.0
2026-03-27 03:56:25,6.0,9.2,8.12,41,21.0
2026-03-27 03:57:42,6.0,6.1,6.05,2,0.0
2026-03-27 04:05:55,6.0,6.4,6.2,2,1.0
2026-03-27 04:05:59,6.0,13.4,10.19,42,22.0
2026-03-27 04:06:23,6.0,6.1,6.05,2,1.0
2026-03-27 04:06:35,6.1,11.3,9.67,73,38.0
2026-03-27 04:11:04,6.0,7.4,6.6,3,1.0
2026-03-27 04:20:21,6.6,9.9,8.15,209,108.0
2026-03-27 04:22:30,6.1,13.0,8.46,118,61.0
2026-03-27 04:23:41,6.4,14.4,9.57,75,38.0
2026-03-27 04:45:35,6.0,11.5,8.36,49,26.0
2026-03-27 04:46:03,6.1,8.6,7.38,6,3.0
2026-03-27 04:46:24,6.0,12.2,8.4,50,26.0
2026-03-27 04:46:55,6.0,6.1,6.07,3,1.0
2026-03-27 04:47:13,6.2,6.2,6.2,1,0.0
2026-03-27 04:47:23,6.1,12.8,9.93,84,43.0
2026-03-27 04:49:17,6.1,9.4,8.77,55,28.0
2026-03-27 04:49:52,6.0,10.7,9.2,40,20.0
2026-03-27 04:50:35,6.2,9.9,8.75,71,37.0
2026-03-27 04:51:29,6.0,9.8,8.48,41,21.0
2026-03-27 04:59:35,6.2,9.9,8.23,220,115.0
2026-03-27 05:01:32,6.0,6.0,6.0,1,0.0
2026-03-27 05:04:25,6.0,10.0,8.25,117,61.0
2026-03-27 05:05:41,6.0,10.4,8.51,59,30.0
2026-03-27 05:06:28,6.2,11.6,8.82,68,36.0
2026-03-27 05:08:29,6.1,9.9,8.33,57,30.0
2026-03-27 05:09:19,6.1,9.7,8.68,104,54.0
2026-03-27 05:13:23,6.0,9.2,8.31,56,30.0
2026-03-27 05:14:06,6.0,9.2,8.07,22,11.0
2026-03-27 05:23:05,6.0,10.4,8.29,165,87.0
2026-03-27 05:29:10,6.1,9.9,8.7,82,43.0
2026-03-27 05:31:05,6.0,8.3,6.66,11,6.0
2026-03-27 05:31:36,6.1,11.3,8.53,19,9.0
2026-03-27 05:32:18,6.2,14.1,10.76,32,16.0
2026-03-27 05:32:45,6.1,10.1,8.86,39,19.0
2026-03-27 05:33:09,6.1,7.3,6.87,3,1.0
2026-03-27 05:33:13,6.3,9.5,8.17,12,6.0
2026-03-27 05:34:33,6.1,6.8,6.4,4,2.0
2026-03-27 05:34:50,6.0,6.6,6.3,2,0.0
2026-03-27 05:53:00,6.0,10.8,9.41,122,64.0
2026-03-27 05:54:56,6.1,10.5,8.85,69,35.0
2026-03-27 05:56:07,6.1,10.0,9.05,87,45.0
2026-03-27 05:57:14,6.1,9.9,8.7,23,12.0
2026-03-27 05:57:53,6.1,9.8,8.79,61,31.0
2026-03-27 06:07:24,6.0,11.2,9.54,113,59.0
2026-03-27 06:09:37,6.0,9.2,8.02,57,29.0
2026-03-27 06:10:23,6.6,11.1,9.16,24,12.0
2026-03-27 06:11:00,6.1,8.6,7.1,5,2.0
2026-03-27 06:11:19,6.0,6.0,6.0,1,0.0
2026-03-27 06:11:23,6.0,6.7,6.2,4,3.0
2026-03-27 06:12:06,6.0,8.0,6.67,3,1.0
2026-03-27 06:34:24,6.1,6.1,6.1,1,0.0
2026-03-27 06:34:26,6.0,6.5,6.25,2,1.0
2026-03-27 06:34:35,6.0,6.1,6.03,4,1.0
2026-03-27 06:34:50,6.1,11.4,9.52,52,27.0
2026-03-27 06:50:13,6.1,9.9,8.09,136,73.0
2026-03-27 06:51:39,6.1,10.1,7.73,20,10.0
2026-03-27 06:52:07,6.0,10.2,8.67,142,76.0
2026-03-27 06:53:33,6.6,10.2,8.32,40,21.0
2026-03-27 06:54:43,6.0,9.2,8.27,28,14.0
2026-03-27 06:55:25,6.1,13.6,10.08,30,15.0
2026-03-27 06:56:33,6.0,7.2,6.6,2,1.0
2026-03-27 06:56:38,6.1,6.8,6.4,4,2.0
2026-03-27 06:57:13,6.0,9.1,8.12,29,15.0
2026-03-27 06:57:49,6.1,9.9,8.01,13,7.0
2026-03-27 06:58:14,6.0,6.0,6.0,1,0.0
2026-03-27 06:58:25,6.1,9.6,8.21,11,5.0
2026-03-27 07:10:02,6.1,9.6,8.54,33,17.0
2026-03-27 07:10:21,6.1,6.1,6.1,1,0.0
2026-03-27 07:10:35,6.1,10.8,9.05,62,32.0
2026-03-27 07:11:59,6.1,13.3,9.13,68,35.0
2026-03-27 07:12:55,6.0,6.0,6.0,1,0.0
2026-03-27 07:13:02,6.4,6.4,6.4,1,0.0
2026-03-27 07:32:21,6.1,12.5,8.94,68,36.0
2026-03-27 07:33:13,6.0,8.9,7.73,71,37.0
2026-03-27 07:34:24,6.1,9.7,8.1,13,7.0
2026-03-27 07:36:36,6.2,9.5,8.58,29,15.0
2026-03-27 07:39:28,6.1,9.5,8.22,16,8.0
2026-03-27 07:39:42,6.0,6.0,6.0,1,0.0
2026-03-27 07:39:48,6.1,10.5,9.18,17,9.0
2026-03-27 07:40:07,6.0,11.4,10.16,57,29.0
2026-03-27 07:42:08,6.1,10.2,8.97,23,12.0
2026-03-27 07:42:44,6.0,11.8,9.84,101,52.0
2026-03-27 07:44:13,6.1,11.7,9.93,38,20.0
2026-03-27 07:50:04,6.2,8.4,7.81,21,11.0
2026-03-27 07:50:29,6.3,10.1,9.04,74,38.0
2026-03-27 07:52:40,6.0,9.6,8.45,72,37.0
2026-03-27 07:53:46,6.1,9.7,8.77,15,8.0
2026-03-27 08:09:06,6.0,10.0,8.24,79,41.0
2026-03-27 08:10:04,6.1,9.1,7.97,16,8.0
2026-03-27 08:21:27,6.0,7.9,6.67,427,222.0
2026-03-27 08:25:17,6.1,9.9,8.33,53,27.0
2026-03-27 08:44:15,6.0,8.9,7.1,13,8.0
2026-03-27 08:44:27,6.0,10.6,8.54,63,32.0
2026-03-27 08:46:09,6.1,8.7,7.86,33,17.0
2026-03-27 08:46:35,6.0,9.9,8.02,31,16.0
2026-03-27 08:47:33,6.0,9.0,7.66,21,10.0
2026-03-27 08:53:01,6.0,8.9,8.06,68,35.0
2026-03-27 08:53:52,6.0,9.6,8.39,18,9.0
2026-03-27 08:55:30,6.0,8.7,7.77,24,12.0
2026-03-27 08:56:20,6.0,8.7,7.77,18,9.0
2026-03-27 08:56:42,6.1,10.7,8.05,42,21.0
2026-03-27 08:57:45,6.0,9.4,8.26,28,15.0
2026-03-27 09:05:27,6.2,8.8,7.64,22,12.0
2026-03-27 09:05:42,6.1,9.4,8.49,19,10.0
2026-03-27 09:05:57,6.1,8.8,7.41,26,13.0
2026-03-27 09:06:55,6.2,9.9,8.5,9,4.0
2026-03-27 09:07:46,6.1,8.2,7.22,12,6.0
2026-03-27 09:08:00,6.0,9.3,7.97,20,9.0
2026-03-27 09:08:31,6.0,7.3,6.88,5,2.0
2026-03-27 09:08:35,6.1,9.8,8.63,23,12.0
2026-03-27 09:09:08,6.5,8.7,8.06,16,8.0
2026-03-27 09:09:22,6.0,10.3,9.2,21,11.0
2026-03-27 09:09:39,6.1,9.3,8.42,25,12.0
2026-03-27 09:12:03,6.0,9.9,8.01,29,14.0
2026-03-27 09:12:58,6.0,9.7,7.85,31,15.0
2026-03-27 09:13:30,6.1,10.6,9.14,25,12.0
2026-03-27 09:14:07,6.0,11.0,8.78,26,13.0
2026-03-27 09:15:01,6.1,10.2,7.94,19,10.0
2026-03-27 09:15:36,6.0,8.1,7.35,8,4.0
2026-03-27 09:16:32,6.0,6.0,6.0,1,0.0
2026-03-27 09:16:41,6.1,10.5,8.72,56,29.0
2026-03-27 09:17:29,6.2,9.5,8.37,34,17.0
2026-03-27 09:23:55,6.1,9.5,8.28,33,17.0
2026-03-27 09:24:21,6.1,9.4,7.95,23,12.0
2026-03-27 09:30:06,6.0,6.0,6.0,1,0.0
2026-03-27 09:30:13,6.2,9.0,7.86,38,19.0
2026-03-27 09:30:42,6.1,10.3,8.19,38,19.0
2026-03-27 09:32:28,6.2,8.5,7.66,27,14.0
2026-03-27 09:33:01,6.3,8.6,7.86,24,13.0
2026-03-27 09:34:24,6.2,10.1,7.95,19,9.0
2026-03-27 09:34:46,6.1,8.4,7.21,10,5.0
2026-03-27 09:34:59,6.1,6.1,6.1,1,0.0
2026-03-27 09:35:09,6.4,10.5,8.75,22,11.0
2026-03-27 09:35:24,6.1,6.1,6.1,1,0.0
2026-03-27 09:35:40,6.2,7.7,6.95,2,0.0
2026-03-27 09:35:53,6.0,8.9,8.21,28,14.0
2026-03-27 09:41:49,6.4,9.3,8.28,38,19.0
2026-03-27 09:42:21,6.0,9.1,7.76,20,10.0
2026-03-27 09:43:49,6.2,6.2,6.2,1,0.0
2026-03-27 09:45:41,6.1,6.1,6.1,1,0.0
2026-03-27 09:45:44,7.2,7.2,7.2,1,0.0
2026-03-27 09:45:49,6.3,9.9,8.93,40,20.0
2026-03-27 09:48:09,6.4,9.1,8.12,9,4.0
2026-03-27 09:48:36,6.6,6.6,6.6,1,0.0
2026-03-27 09:48:41,6.1,10.7,8.3,27,13.0
2026-03-27 09:49:24,6.0,8.1,7.22,11,6.0
2026-03-27 09:49:40,6.0,10.0,8.02,26,14.0
2026-03-27 09:50:18,6.1,12.1,8.52,100,52.0
2026-03-27 09:51:18,6.2,9.2,8.45,19,9.0
2026-03-27 09:52:28,6.3,10.4,8.12,21,11.0
2026-03-27 09:52:50,6.2,10.9,8.97,14,7.0
2026-03-27 09:53:17,6.1,10.2,9.07,12,6.0
2026-03-27 09:53:53,6.1,8.7,7.63,9,4.0
2026-03-27 09:54:39,6.2,8.7,7.45,11,5.0
2026-03-27 09:55:08,6.5,8.7,7.8,17,9.0
2026-03-27 09:55:33,6.1,9.2,7.96,23,12.0
2026-03-27 09:56:02,6.1,9.4,8.1,43,22.0
2026-03-27 09:56:59,6.1,10.6,8.37,52,27.0
2026-03-27 09:58:28,6.1,7.7,6.77,7,3.0
2026-03-27 09:58:36,6.3,10.9,9.1,30,15.0
2026-03-27 09:59:01,6.3,13.9,11.65,15,7.0
2026-03-27 09:59:27,6.0,9.3,8.11,10,5.0
2026-03-27 09:59:39,6.2,9.4,8.31,10,5.0
2026-03-27 10:00:00,6.4,9.4,8.31,12,6.0
2026-03-27 10:00:29,6.0,8.8,7.41,7,3.0
2026-03-27 10:00:39,6.2,9.9,8.87,11,5.0
2026-03-27 10:02:19,6.0,9.0,7.63,21,11.0
2026-03-27 10:03:03,6.1,10.4,8.08,18,9.0
2026-03-27 10:03:15,6.0,9.9,8.53,30,15.0
2026-03-27 10:04:02,6.2,9.1,8.22,14,7.0
2026-03-27 10:04:21,6.2,10.8,8.49,12,6.0
2026-03-27 10:06:08,6.0,8.4,7.66,18,9.0
2026-03-27 10:07:26,6.3,8.8,7.91,22,11.0
2026-03-27 10:08:48,6.2,10.2,8.04,62,33.0
2026-03-27 10:09:51,6.0,9.9,8.09,29,15.0
2026-03-27 10:10:09,6.4,10.3,8.73,20,10.0
2026-03-27 10:11:03,6.6,9.8,8.53,6,2.0
2026-03-27 10:11:17,6.0,8.8,7.69,9,4.0
2026-03-27 10:11:23,6.0,9.6,8.18,14,7.0
2026-03-27 10:11:58,6.1,6.1,6.1,3,2.0
2026-03-27 10:13:16,6.2,9.5,8.18,13,7.0
2026-03-27 10:13:37,6.1,9.7,8.25,30,15.0
2026-03-27 10:14:21,6.2,8.0,6.88,6,3.0
2026-03-27 10:14:41,7.0,9.6,8.59,7,3.0
2026-03-27 10:15:02,6.3,9.1,8.2,26,13.0
2026-03-27 10:15:48,6.1,9.4,8.3,18,9.0
2026-03-27 10:16:20,6.3,10.1,8.88,4,1.0
2026-03-27 10:16:28,6.2,10.1,8.47,13,6.0
2026-03-27 10:19:01,6.1,10.0,8.97,9,4.0
2026-03-27 10:19:26,6.1,6.4,6.25,2,0.0
2026-03-27 10:20:29,6.2,8.5,7.84,19,9.0
2026-03-27 10:20:48,6.0,8.3,7.52,17,8.0
2026-03-27 10:21:25,6.2,8.5,7.83,12,6.0
2026-03-27 10:22:12,6.1,8.9,7.7,8,3.0
2026-03-27 10:22:19,6.1,9.5,8.36,12,6.0
2026-03-27 10:22:41,6.0,9.0,7.61,10,5.0
2026-03-27 10:22:58,6.0,10.7,8.42,20,10.0
2026-03-27 10:23:27,6.2,9.8,8.09,8,4.0
2026-03-27 10:24:07,6.2,8.4,7.2,9,4.0
2026-03-27 10:24:44,6.0,8.8,7.45,8,4.0
2026-03-27 10:25:06,6.1,10.0,8.41,27,14.0
2026-03-27 10:25:38,6.2,11.5,8.89,71,37.0
2026-03-27 10:26:24,6.2,9.2,8.46,9,4.0
2026-03-27 10:26:35,6.1,10.2,8.63,44,23.0
2026-03-27 10:27:33,6.0,8.4,7.52,36,20.0
2026-03-27 10:29:22,6.4,9.3,8.45,11,6.0
2026-03-27 10:30:09,6.2,8.4,7.63,19,10.0
2026-03-27 10:30:35,6.4,10.2,8.38,22,11.0
2026-03-27 10:31:00,6.2,10.2,8.7,23,12.0
2026-03-27 10:32:05,6.3,11.9,9.85,24,12.0
2026-03-27 10:32:42,6.4,9.9,8.65,8,3.0
2026-03-27 10:33:23,6.2,10.5,8.96,15,7.0
2026-03-27 10:34:04,6.1,9.2,7.83,7,3.0
2026-03-27 10:34:42,6.1,10.7,8.64,13,7.0
2026-03-27 10:35:12,6.1,9.1,8.14,17,8.0
2026-03-27 10:35:26,6.0,13.0,10.03,24,12.0
2026-03-27 10:35:56,6.4,9.3,7.86,5,2.0
2026-03-27 10:36:04,6.5,10.4,8.71,12,6.0
2026-03-27 10:36:22,6.3,8.8,7.85,4,2.0
2026-03-27 10:36:41,6.2,9.1,7.7,5,3.0
2026-03-27 10:37:50,6.1,9.0,7.93,23,11.0
2026-03-27 10:38:14,6.5,12.1,10.06,14,7.0
2026-03-27 10:38:40,6.0,9.8,8.29,17,8.0
2026-03-27 10:39:15,6.3,12.3,9.41,41,22.0
2026-03-27 10:40:07,6.2,9.1,8.27,29,15.0
2026-03-27 10:40:31,6.1,9.5,8.5,13,7.0
2026-03-27 10:41:39,6.1,7.2,6.65,2,0.0
2026-03-27 10:42:30,6.4,10.3,8.78,13,6.0
2026-03-27 10:43:26,6.1,10.7,8.54,8,4.0
2026-03-27 10:44:34,6.1,8.5,7.58,16,8.0
2026-03-27 10:45:09,6.2,10.2,8.47,14,7.0
2026-03-27 10:45:26,6.0,8.2,6.98,9,5.0
2026-03-27 10:45:33,6.1,9.2,8.14,17,8.0
2026-03-27 10:45:52,6.1,6.4,6.25,2,1.0
2026-03-27 10:46:14,6.2,10.6,8.99,16,8.0
2026-03-27 10:46:58,6.1,11.9,8.71,41,21.0
2026-03-27 10:47:25,6.6,6.6,6.6,1,0.0
2026-03-27 10:48:00,6.1,10.4,8.14,23,11.0
2026-03-27 10:48:28,6.0,11.0,9.12,21,10.0
2026-03-27 10:49:09,6.1,9.6,8.3,33,17.0
2026-03-27 10:49:57,6.1,6.1,6.1,1,0.0
2026-03-27 10:50:07,6.3,10.8,8.82,29,14.0
2026-03-27 10:51:01,6.1,11.5,8.49,41,21.0
2026-03-27 10:51:37,6.7,9.6,8.15,11,5.0
2026-03-27 10:51:47,6.1,9.7,7.97,13,6.0
2026-03-27 10:52:25,6.0,8.6,7.91,28,15.0
2026-03-27 10:52:44,6.2,11.3,8.55,16,8.0
2026-03-27 10:53:37,6.1,8.7,7.97,30,15.0
2026-03-27 10:54:05,6.0,8.6,7.36,7,3.0
2026-03-27 10:54:39,6.1,11.3,8.64,38,19.0
2026-03-27 10:55:08,6.2,8.9,8.0,27,14.0
2026-03-27 10:55:25,6.1,6.1,6.1,2,0.0
2026-03-27 10:55:35,6.0,6.0,6.0,1,0.0
2026-03-27 10:55:50,6.4,6.9,6.65,2,0.0
2026-03-27 10:56:13,6.0,8.3,7.15,2,1.0
2026-03-27 10:56:31,6.5,9.2,8.26,28,14.0
2026-03-27 10:57:21,6.2,9.8,8.56,27,13.0
2026-03-27 10:58:22,6.1,9.9,8.74,42,21.0
2026-03-27 10:59:05,7.1,10.3,8.78,11,6.0
2026-03-27 10:59:22,6.0,10.4,8.1,20,10.0
2026-03-27 10:59:53,6.2,6.5,6.35,2,1.0
2026-03-27 11:00:12,6.4,10.9,8.61,21,11.0
2026-03-27 11:00:28,6.3,6.3,6.3,1,0.0
2026-03-27 11:00:30,6.6,6.6,6.6,1,0.0
2026-03-27 11:00:58,6.2,13.1,9.31,55,28.0
2026-03-27 11:01:48,6.4,9.5,7.8,7,3.0
2026-03-27 11:01:53,6.0,8.8,6.79,8,4.0
2026-03-27 11:02:13,6.1,6.2,6.13,3,1.0
2026-03-27 11:02:26,6.3,10.9,8.81,39,20.0
2026-03-27 11:04:42,6.0,8.3,7.58,13,6.0
2026-03-27 11:07:15,6.0,8.1,6.6,5,2.0
2026-03-27 11:07:21,6.1,10.3,8.65,16,8.0
2026-03-27 11:07:46,6.1,8.9,8.14,18,9.0
2026-03-27 11:09:33,6.2,10.1,8.66,32,16.0
2026-03-27 11:09:57,6.0,6.9,6.45,2,0.0
2026-03-27 11:10:05,6.0,10.7,8.5,31,16.0
2026-03-27 11:12:01,6.7,8.7,7.63,3,1.0
2026-03-27 11:12:21,6.8,9.9,8.48,49,25.0
2026-03-27 11:13:44,6.1,6.9,6.5,2,0.0
2026-03-27 11:14:49,6.4,9.7,8.45,21,10.0
2026-03-27 11:15:07,6.3,10.5,9.17,10,5.0
2026-03-27 11:15:14,6.2,10.1,8.56,22,11.0
2026-03-27 11:15:49,6.1,10.4,8.49,16,8.0
2026-03-27 11:16:26,6.1,10.2,7.96,31,16.0
2026-03-27 11:17:02,6.1,10.4,7.97,36,18.0
2026-03-27 11:18:03,6.1,11.5,8.9,115,59.0
2026-03-27 11:20:34,6.6,10.2,8.48,6,3.0
2026-03-27 11:21:10,7.6,8.7,8.15,2,0.0
2026-03-27 11:21:44,6.5,10.7,9.01,9,4.0
2026-03-27 11:22:06,6.1,11.1,9.18,75,40.0
2026-03-27 11:23:01,6.0,9.7,8.09,10,4.0
2026-03-27 11:23:35,6.0,7.6,6.7,4,1.0
2026-03-27 11:23:57,6.1,6.9,6.57,3,1.0
2026-03-27 11:24:06,6.1,6.1,6.1,1,0.0
2026-03-27 11:24:10,6.1,9.4,7.75,2,0.0
2026-03-27 11:24:23,6.1,6.3,6.2,2,0.0
2026-03-27 11:24:31,6.0,9.2,8.03,31,15.0
2026-03-27 11:25:04,6.1,7.8,7.0,3,1.0
2026-03-27 11:25:10,6.2,10.8,9.19,21,11.0
2026-03-27 11:25:42,6.1,10.6,8.31,15,8.0
2026-03-27 11:27:11,6.0,8.9,8.01,44,22.0
2026-03-27 11:27:35,6.2,11.3,8.72,46,24.0
2026-03-27 11:28:01,6.0,8.6,7.67,3,1.0
2026-03-27 11:29:33,6.5,8.4,7.33,6,3.0
2026-03-27 11:30:08,6.0,10.8,8.44,52,27.0
2026-03-27 11:32:24,6.2,10.6,8.72,60,31.0
2026-03-27 11:33:05,6.0,10.5,8.75,24,12.0
2026-03-27 11:33:40,6.1,11.3,8.59,13,7.0
2026-03-27 11:34:04,6.8,7.0,6.9,2,0.0
2026-03-27 11:34:11,6.4,10.9,8.9,10,5.0
2026-03-27 11:34:36,6.0,9.3,8.29,15,8.0
2026-03-27 11:35:11,6.0,10.2,8.11,16,8.0
2026-03-27 11:35:31,6.1,8.5,7.89,13,6.0
2026-03-27 11:36:16,6.0,9.8,8.1,24,12.0
2026-03-27 11:36:38,6.0,7.7,6.83,4,2.0
2026-03-27 11:36:46,6.3,11.1,9.03,27,14.0
2026-03-27 11:40:42,6.1,7.4,6.78,4,2.0
2026-03-27 11:40:49,6.8,13.6,9.8,31,16.0
2026-03-27 11:41:12,6.2,6.9,6.55,2,0.0
2026-03-27 11:41:21,6.0,12.5,9.55,16,8.0
2026-03-27 11:41:34,6.2,11.1,9.44,38,20.0
2026-03-27 11:42:48,6.0,7.4,6.5,3,1.0
2026-03-27 11:44:28,6.5,6.5,6.5,1,0.0
2026-03-27 11:44:55,6.3,6.3,6.3,1,0.0
2026-03-27 11:45:03,6.1,10.0,8.41,69,37.0
2026-03-27 11:46:54,6.1,9.7,8.79,26,13.0
2026-03-27 11:47:30,6.2,9.2,8.21,48,25.0
2026-03-27 11:48:09,6.1,9.6,8.01,21,10.0
2026-03-27 11:48:29,6.2,9.1,8.16,21,11.0
2026-03-27 11:49:22,6.9,8.2,7.43,3,1.0
2026-03-27 11:50:30,6.0,9.6,7.74,7,3.0
2026-03-27 11:51:03,6.0,9.4,8.32,32,17.0
2026-03-27 11:51:23,6.1,6.1,6.1,1,0.0
2026-03-27 11:51:36,6.0,8.9,8.0,14,6.0
2026-03-27 11:51:47,6.1,6.8,6.27,4,2.0
2026-03-27 11:52:13,6.1,11.2,8.92,109,57.0
2026-03-27 11:53:16,6.3,6.3,6.3,1,0.0
2026-03-27 11:53:50,8.9,9.2,9.03,3,1.0
2026-03-27 11:54:11,6.2,6.2,6.2,1,0.0
2026-03-27 11:54:24,6.1,6.1,6.1,1,0.0
2026-03-27 11:54:27,6.0,8.1,7.05,2,0.0
2026-03-27 11:54:39,6.6,9.9,8.29,8,4.0
2026-03-27 11:54:50,6.0,9.8,8.06,10,5.0
2026-03-27 11:56:08,6.2,9.1,7.25,8,3.0
2026-03-27 11:56:26,6.2,8.3,6.97,3,1.0
2026-03-27 11:56:47,6.4,6.4,6.4,1,0.0
2026-03-27 11:57:37,6.1,7.8,6.95,2,0.0
2026-03-27 11:58:27,6.2,7.4,6.8,2,0.0
2026-03-27 11:58:42,6.1,6.8,6.37,3,1.0
2026-03-27 11:58:45,6.1,7.8,6.95,2,0.0
2026-03-27 11:58:59,6.1,6.7,6.4,2,0.0
2026-03-27 11:59:01,6.0,10.8,9.02,55,29.0
2026-03-27 11:59:51,6.1,14.3,11.6,26,14.0
