#options: 1920x1080 fps=30/1 timebase=1/30 bitdepth=8 cabac=1 ref=1 deblock=1:0:0 analyse=0x1:0 me=dia subme=2 psy=1 psy_rd=1.00:0.00 mixed_ref=0 me_range=16 chroma_me=1 trellis=0 8x8dct=0 cqm=0 deadzone=21,11 fast_pskip=1 chroma_qp_offset=0 threads=18 lookahead_threads=6 sliced_threads=0 nr=0 decimate=1 interlaced=0 bluray_compat=0 constrained_intra=0 bframes=3 b_pyramid=2 b_adapt=1 b_bias=0 direct=1 weightb=1 open_gop=0 weightp=2 keyint=250 keyint_min=25 scenecut=40 intra_refresh=0 rc_lookahead=40 rc=abr mbtree=1 bitrate=323 ratetol=1.0 qcomp=0.60 qpmin=0 qpmax=69 qpstep=4 ip_ratio=1.40 aq=1:1.00
in:0 out:0 type:I dur:2 cpbdur:2 q:49.29 aq:38.79 tex:67044 mv:24850 misc:6234 imb:8160 pmb:0 smb:0 d:- ref:;
in:2 out:1 type:P dur:2 cpbdur:2 q:50.70 aq:40.00 tex:0 mv:0 misc:400 imb:0 pmb:0 smb:8160 d:- ref:0 ;
in:1 out:2 type:b dur:2 cpbdur:2 q:50.70 aq:50.00 tex:0 mv:0 misc:392 imb:0 pmb:0 smb:8160 d:- ref:0 ;
in:4 out:3 type:P dur:2 cpbdur:2 q:50.64 aq:40.00 tex:0 mv:0 misc:400 imb:0 pmb:0 smb:8160 d:- ref:0 ;
in:3 out:4 type:b dur:2 cpbdur:2 q:50.67 aq:50.00 tex:0 mv:0 misc:392 imb:0 pmb:0 smb:8160 d:- ref:0 ;
in:6 out:5 type:P dur:2 cpbdur:2 q:50.58 aq:40.00 tex:14 mv:3 misc:415 imb:0 pmb:1 smb:8159 d:- ref:0 ;
in:5 out:6 type:b dur:2 cpbdur:2 q:50.61 aq:50.00 tex:0 mv:0 misc:392 imb:0 pmb:0 smb:8160 d:- ref:0 ;
in:8 out:7 type:P dur:2 cpbdur:2 q:50.52 aq:40.00 tex:1 mv:5 misc:410 imb:0 pmb:1 smb:8159 d:- ref:0 ;
in:7 out:8 type:b dur:2 cpbdur:2 q:50.55 aq:50.00 tex:0 mv:0 misc:392 imb:0 pmb:0 smb:8160 d:- ref:0 ;
in:10 out:9 type:P dur:2 cpbdur:2 q:50.44 aq:40.00 tex:0 mv:0 misc:408 imb:0 pmb:0 smb:8160 d:- ref:0 ;
in:9 out:10 type:b dur:2 cpbdur:2 q:50.48 aq:49.00 tex:0 mv:0 misc:392 imb:0 pmb:0 smb:8160 d:- ref:0 ;
in:12 out:11 type:P dur:2 cpbdur:2 q:50.38 aq:40.98 tex:24 mv:5 misc:411 imb:0 pmb:1 smb:8159 d:- ref:0 ;
in:11 out:12 type:b dur:2 cpbdur:2 q:50.41 aq:49.00 tex:0 mv:0 misc:392 imb:0 pmb:0 smb:8160 d:- ref:0 ;
in:14 out:13 type:P dur:2 cpbdur:2 q:50.32 aq:40.00 tex:0 mv:0 misc:408 imb:0 pmb:0 smb:8160 d:- ref:0 ;
in:13 out:14 type:b dur:2 cpbdur:2 q:50.35 aq:49.00 tex:0 mv:0 misc:392 imb:0 pmb:0 smb:8160 d:- ref:0 ;
in:16 out:15 type:P dur:2 cpbdur:2 q:50.26 aq:40.21 tex:387 mv:25 misc:420 imb:2 pmb:2 smb:8156 d:- ref:0 ;
in:15 out:16 type:b dur:2 cpbdur:2 q:50.29 aq:49.00 tex:0 mv:5 misc:403 imb:0 pmb:2 smb:8158 d:- ref:0 ;
in:18 out:17 type:P dur:2 cpbdur:2 q:50.20 aq:43.11 tex:25 mv:10 misc:421 imb:0 pmb:2 smb:8158 d:- ref:0 ;
in:17 out:18 type:b dur:2 cpbdur:2 q:50.23 aq:49.00 tex:0 mv:0 misc:392 imb:0 pmb:0 smb:8160 d:- ref:0 ;
in:20 out:19 type:P dur:2 cpbdur:2 q:54.20 aq:45.00 tex:0 mv:0 misc:400 imb:0 pmb:0 smb:8160 d:- ref:0 ;
in:19 out:20 type:b dur:2 cpbdur:2 q:52.20 aq:51.00 tex:0 mv:0 misc:392 imb:0 pmb:0 smb:8160 d:- ref:0 ;
in:22 out:21 type:P dur:2 cpbdur:2 q:55.55 aq:47.00 tex:0 mv:0 misc:400 imb:0 pmb:0 smb:8160 d:- ref:0 ;
in:21 out:22 type:b dur:2 cpbdur:2 q:54.87 aq:51.00 tex:0 mv:0 misc:392 imb:0 pmb:0 smb:8160 d:- ref:0 ;
in:24 out:23 type:P dur:2 cpbdur:2 q:52.31 aq:42.00 tex:0 mv:0 misc:400 imb:0 pmb:0 smb:8160 d:- ref:0 ;
in:23 out:24 type:b dur:2 cpbdur:2 q:53.93 aq:51.00 tex:0 mv:0 misc:392 imb:0 pmb:0 smb:8160 d:- ref:0 ;
in:26 out:25 type:P dur:2 cpbdur:2 q:49.82 aq:39.00 tex:0 mv:0 misc:408 imb:0 pmb:0 smb:8160 d:- ref:0 ;
in:25 out:26 type:b dur:2 cpbdur:2 q:51.07 aq:50.00 tex:0 mv:0 misc:392 imb:0 pmb:0 smb:8160 d:- ref:0 ;
in:28 out:27 type:P dur:2 cpbdur:2 q:47.76 aq:40.13 tex:627 mv:246 misc:767 imb:4 pmb:57 smb:8099 d:- ref:0 ;
in:27 out:28 type:b dur:2 cpbdur:2 q:48.79 aq:48.00 tex:0 mv:0 misc:392 imb:0 pmb:0 smb:8160 d:- ref:0 ;
in:30 out:29 type:P dur:2 cpbdur:2 q:46.00 aq:38.87 tex:3164 mv:1008 misc:1652 imb:10 pmb:233 smb:7917 d:- ref:0 ;
in:29 out:30 type:b dur:2 cpbdur:2 q:46.88 aq:46.00 tex:0 mv:0 misc:392 imb:0 pmb:0 smb:8160 d:- ref:0 ;
in:32 out:31 type:P dur:2 cpbdur:2 q:44.50 aq:36.94 tex:9060 mv:2346 misc:2858 imb:32 pmb:530 smb:7598 d:- ref:0 ;
in:31 out:32 type:b dur:2 cpbdur:2 q:45.25 aq:44.00 tex:0 mv:0 misc:392 imb:0 pmb:0 smb:8160 d:- ref:0 ;
in:34 out:33 type:P dur:2 cpbdur:2 q:43.26 aq:35.44 tex:12552 mv:3014 misc:3498 imb:77 pmb:708 smb:7375 d:- ref:0 ;
in:33 out:34 type:b dur:2 cpbdur:2 q:43.88 aq:43.00 tex:0 mv:0 misc:392 imb:0 pmb:0 smb:8160 d:- ref:0 ;
in:36 out:35 type:P dur:2 cpbdur:2 q:42.16 aq:33.87 tex:14869 mv:3749 misc:4022 imb:115 pmb:834 smb:7211 d:- ref:0 ;
in:35 out:36 type:b dur:2 cpbdur:2 q:42.71 aq:42.00 tex:0 mv:0 misc:392 imb:0 pmb:0 smb:8160 d:- ref:0 ;
in:38 out:37 type:P dur:2 cpbdur:2 q:41.32 aq:32.90 tex:14358 mv:3731 misc:4071 imb:124 pmb:785 smb:7251 d:- ref:0 ;
in:37 out:38 type:b dur:2 cpbdur:2 q:41.74 aq:41.00 tex:0 mv:0 misc:392 imb:0 pmb:0 smb:8160 d:- ref:0 ;
in:40 out:39 type:P dur:2 cpbdur:2 q:40.68 aq:31.58 tex:14203 mv:3774 misc:4127 imb:163 pmb:785 smb:7212 d:- ref:0 ;
in:39 out:40 type:b dur:2 cpbdur:2 q:41.00 aq:40.00 tex:0 mv:0 misc:392 imb:0 pmb:0 smb:8160 d:- ref:0 ;
in:42 out:41 type:P dur:2 cpbdur:2 q:40.10 aq:31.59 tex:13522 mv:3281 misc:3909 imb:121 pmb:716 smb:7323 d:- ref:0 ;
in:41 out:42 type:b dur:2 cpbdur:2 q:40.39 aq:40.00 tex:0 mv:0 misc:392 imb:0 pmb:0 smb:8160 d:- ref:0 ;
in:44 out:43 type:P dur:2 cpbdur:2 q:39.56 aq:29.79 tex:14351 mv:3629 misc:4108 imb:164 pmb:768 smb:7228 d:- ref:0 ;
in:43 out:44 type:b dur:2 cpbdur:2 q:39.83 aq:39.00 tex:0 mv:0 misc:392 imb:0 pmb:0 smb:8160 d:- ref:0 ;
in:46 out:45 type:P dur:2 cpbdur:2 q:39.11 aq:29.89 tex:15850 mv:3444 misc:3962 imb:138 pmb:738 smb:7284 d:- ref:0 ;
in:45 out:46 type:b dur:2 cpbdur:2 q:39.34 aq:38.00 tex:1 mv:4 misc:403 imb:0 pmb:2 smb:8158 d:- ref:0 ;
in:48 out:47 type:P dur:2 cpbdur:2 q:38.95 aq:29.23 tex:10031 mv:2571 misc:3342 imb:127 pmb:490 smb:7543 d:- ref:0 ;
in:47 out:48 type:b dur:2 cpbdur:2 q:39.03 aq:38.00 tex:0 mv:0 misc:392 imb:0 pmb:0 smb:8160 d:- ref:0 ;
in:50 out:49 type:P dur:2 cpbdur:2 q:39.14 aq:30.15 tex:3531 mv:939 misc:1730 imb:38 pmb:189 smb:7933 d:- ref:0 ;
in:49 out:50 type:b dur:2 cpbdur:2 q:39.05 aq:38.00 tex:0 mv:0 misc:392 imb:0 pmb:0 smb:8160 d:- ref:0 ;
in:52 out:51 type:P dur:2 cpbdur:2 q:39.44 aq:29.75 tex:3114 mv:847 misc:1543 imb:42 pmb:153 smb:7965 d:- ref:0 ;
in:51 out:52 type:b dur:2 cpbdur:2 q:39.29 aq:38.00 tex:0 mv:0 misc:392 imb:0 pmb:0 smb:8160 d:- ref:0 ;
in:54 out:53 type:P dur:2 cpbdur:2 q:39.75 aq:29.39 tex:1199 mv:381 misc:956 imb:13 pmb:76 smb:8071 d:- ref:0 ;
in:53 out:54 type:b dur:2 cpbdur:2 q:39.59 aq:39.00 tex:0 mv:0 misc:392 imb:0 pmb:0 smb:8160 d:- ref:0 ;
in:56 out:55 type:P dur:2 cpbdur:2 q:40.01 aq:28.65 tex:1418 mv:537 misc:1085 imb:35 pmb:74 smb:8051 d:- ref:0 ;
in:55 out:56 type:b dur:2 cpbdur:2 q:39.88 aq:39.00 tex:0 mv:0 misc:392 imb:0 pmb:0 smb:8160 d:- ref:0 ;
in:58 out:57 type:P dur:2 cpbdur:2 q:40.17 aq:30.23 tex:837 mv:155 misc:712 imb:7 pmb:38 smb:8115 d:- ref:0 ;
in:57 out:58 type:b dur:2 cpbdur:2 q:40.09 aq:39.00 tex:0 mv:0 misc:392 imb:0 pmb:0 smb:8160 d:- ref:0 ;
in:60 out:59 type:P dur:2 cpbdur:2 q:40.22 aq:29.19 tex:937 mv:298 misc:845 imb:21 pmb:46 smb:8093 d:- ref:0 ;
in:59 out:60 type:b dur:2 cpbdur:2 q:40.20 aq:39.00 tex:0 mv:0 misc:392 imb:0 pmb:0 smb:8160 d:- ref:0 ;
in:62 out:61 type:P dur:2 cpbdur:2 q:40.23 aq:29.78 tex:599 mv:302 misc:739 imb:11 pmb:75 smb:8074 d:- ref:0 ;
in:61 out:62 type:b dur:2 cpbdur:2 q:40.23 aq:39.00 tex:0 mv:0 misc:392 imb:0 pmb:0 smb:8160 d:- ref:0 ;
in:64 out:63 type:P dur:2 cpbdur:2 q:40.24 aq:28.06 tex:999 mv:353 misc:904 imb:18 pmb:59 smb:8083 d:- ref:0 ;
in:63 out:64 type:b dur:2 cpbdur:2 q:40.24 aq:39.00 tex:0 mv:0 misc:392 imb:0 pmb:0 smb:8160 d:- ref:0 ;
in:66 out:65 type:P dur:2 cpbdur:2 q:40.04 aq:29.69 tex:859 mv:254 misc:791 imb:10 pmb:49 smb:8101 d:- ref:0 ;
in:65 out:66 type:b dur:2 cpbdur:2 q:40.14 aq:39.00 tex:0 mv:0 misc:392 imb:0 pmb:0 smb:8160 d:- ref:0 ;
in:68 out:67 type:P dur:2 cpbdur:2 q:39.63 aq:29.18 tex:2643 mv:785 misc:1484 imb:35 pmb:148 smb:7977 d:- ref:0 ;
in:67 out:68 type:b dur:2 cpbdur:2 q:39.83 aq:39.00 tex:0 mv:0 misc:392 imb:0 pmb:0 smb:8160 d:- ref:0 ;
in:70 out:69 type:P dur:2 cpbdur:2 q:39.22 aq:30.21 tex:3694 mv:918 misc:1828 imb:31 pmb:226 smb:7903 d:- ref:0 ;
in:69 out:70 type:b dur:2 cpbdur:2 q:39.43 aq:38.00 tex:0 mv:0 misc:392 imb:0 pmb:0 smb:8160 d:- ref:0 ;
in:72 out:71 type:P dur:2 cpbdur:2 q:38.70 aq:29.19 tex:7804 mv:2105 misc:2963 imb:98 pmb:419 smb:7643 d:- ref:0 ;
in:71 out:72 type:b dur:2 cpbdur:2 q:38.96 aq:38.00 tex:0 mv:0 misc:392 imb:0 pmb:0 smb:8160 d:- ref:0 ;
in:74 out:73 type:P dur:2 cpbdur:2 q:38.22 aq:28.71 tex:8644 mv:1983 misc:3093 imb:77 pmb:502 smb:7581 d:- ref:0 ;
in:73 out:74 type:b dur:2 cpbdur:2 q:38.46 aq:33.19 tex:53 mv:11 misc:416 imb:0 pmb:3 smb:8157 d:- ref:0 ;
in:76 out:75 type:P dur:2 cpbdur:2 q:37.75 aq:27.71 tex:14196 mv:2995 misc:3769 imb:129 pmb:645 smb:7386 d:- ref:0 ;
in:75 out:76 type:b dur:2 cpbdur:2 q:37.99 aq:30.23 tex:51 mv:19 misc:434 imb:0 pmb:6 smb:8154 d:- ref:0 ;
in:78 out:77 type:P dur:2 cpbdur:2 q:37.36 aq:28.08 tex:11764 mv:2518 misc:3542 imb:92 pmb:614 smb:7454 d:- ref:0 ;
in:77 out:78 type:b dur:2 cpbdur:2 q:37.56 aq:32.29 tex:29 mv:16 misc:403 imb:1 pmb:0 smb:8159 d:- ref:0 ;
in:80 out:79 type:P dur:2 cpbdur:2 q:37.00 aq:26.88 tex:15750 mv:3754 misc:4424 imb:184 pmb:786 smb:7190 d:- ref:0 ;
in:79 out:80 type:b dur:2 cpbdur:2 q:37.18 aq:30.26 tex:70 mv:74 misc:440 imb:2 pmb:4 smb:8154 d:- ref:0 ;
in:82 out:81 type:P dur:2 cpbdur:2 q:36.70 aq:27.80 tex:12711 mv:2535 misc:3714 imb:101 pmb:649 smb:7410 d:- ref:0 ;
in:81 out:82 type:b dur:2 cpbdur:2 q:36.85 aq:34.38 tex:58 mv:15 misc:431 imb:0 pmb:4 smb:8156 d:- ref:0 ;
in:84 out:83 type:P dur:2 cpbdur:2 q:36.39 aq:26.75 tex:16141 mv:3537 misc:4330 imb:169 pmb:770 smb:7221 d:- ref:0 ;
in:83 out:84 type:b dur:2 cpbdur:2 q:36.54 aq:34.18 tex:75 mv:36 misc:441 imb:1 pmb:6 smb:8153 d:- ref:0 ;
in:86 out:85 type:P dur:2 cpbdur:2 q:36.15 aq:27.28 tex:11126 mv:2731 misc:3655 imb:104 pmb:612 smb:7444 d:- ref:0 ;
in:85 out:86 type:b dur:2 cpbdur:2 q:36.27 aq:25.64 tex:74 mv:28 misc:434 imb:1 pmb:4 smb:8155 d:- ref:0 ;
in:88 out:87 type:P dur:2 cpbdur:2 q:35.98 aq:26.58 tex:11765 mv:2634 misc:3601 imb:116 pmb:585 smb:7459 d:- ref:0 ;
in:87 out:88 type:b dur:2 cpbdur:2 q:36.07 aq:33.13 tex:77 mv:18 misc:433 imb:0 pmb:5 smb:8155 d:- ref:0 ;
in:90 out:89 type:P dur:2 cpbdur:2 q:35.94 aq:27.11 tex:7710 mv:1638 misc:2988 imb:60 pmb:458 smb:7642 d:- ref:0 ;
in:89 out:90 type:b dur:2 cpbdur:2 q:35.96 aq:32.98 tex:62 mv:54 misc:428 imb:4 pmb:1 smb:8155 d:- ref:0 ;
in:92 out:91 type:P dur:2 cpbdur:2 q:35.95 aq:26.18 tex:10230 mv:2391 misc:3531 imb:142 pmb:506 smb:7512 d:- ref:0 ;
in:91 out:92 type:b dur:2 cpbdur:2 q:35.94 aq:33.06 tex:85 mv:30 misc:437 imb:1 pmb:4 smb:8155 d:- ref:0 ;
in:94 out:93 type:P dur:2 cpbdur:2 q:36.07 aq:26.60 tex:4431 mv:977 misc:1936 imb:40 pmb:232 smb:7888 d:- ref:0 ;
in:93 out:94 type:b dur:2 cpbdur:2 q:36.01 aq:32.90 tex:95 mv:15 misc:426 imb:0 pmb:4 smb:8156 d:- ref:0 ;
in:96 out:95 type:P dur:2 cpbdur:2 q:36.07 aq:26.15 tex:6307 mv:1473 misc:2444 imb:75 pmb:316 smb:7769 d:- ref:0 ;
in:95 out:96 type:b dur:2 cpbdur:2 q:36.07 aq:33.88 tex:40 mv:18 misc:414 imb:1 pmb:1 smb:8158 d:- ref:0 ;
in:98 out:97 type:P dur:2 cpbdur:2 q:36.14 aq:26.52 tex:3156 mv:712 misc:1596 imb:27 pmb:178 smb:7955 d:- ref:0 ;
in:97 out:98 type:b dur:2 cpbdur:2 q:36.11 aq:35.00 tex:0 mv:0 misc:392 imb:0 pmb:0 smb:8160 d:- ref:0 ;
in:100 out:99 type:P dur:2 cpbdur:2 q:36.13 aq:26.09 tex:4987 mv:1283 misc:2154 imb:73 pmb:250 smb:7837 d:- ref:0 ;
in:99 out:100 type:b dur:2 cpbdur:2 q:36.14 aq:34.43 tex:22 mv:28 misc:414 imb:1 pmb:1 smb:8158 d:- ref:0 ;
in:102 out:101 type:P dur:2 cpbdur:2 q:36.18 aq:26.93 tex:3133 mv:917 misc:1718 imb:41 pmb:197 smb:7922 d:- ref:0 ;
in:101 out:102 type:b dur:2 cpbdur:2 q:36.16 aq:32.86 tex:32 mv:6 misc:402 imb:0 pmb:1 smb:8159 d:- ref:0 ;
in:104 out:103 type:P dur:2 cpbdur:2 q:36.15 aq:26.53 tex:6561 mv:2312 misc:2687 imb:83 pmb:428 smb:7649 d:- ref:0 ;
in:103 out:104 type:b dur:2 cpbdur:2 q:36.17 aq:38.49 tex:114 mv:22 misc:408 imb:0 pmb:5 smb:8155 d:- ref:0 ;
in:106 out:105 type:P dur:2 cpbdur:2 q:36.14 aq:27.63 tex:7271 mv:1626 misc:1935 imb:50 pmb:294 smb:7816 d:- ref:0 ;
in:105 out:106 type:b dur:2 cpbdur:2 q:36.15 aq:33.88 tex:129 mv:70 misc:457 imb:0 pmb:15 smb:8145 d:- ref:0 ;
in:108 out:107 type:P dur:2 cpbdur:2 q:35.99 aq:26.66 tex:7051 mv:2275 misc:2626 imb:63 pmb:440 smb:7657 d:- ref:0 ;
in:107 out:108 type:b dur:2 cpbdur:2 q:36.07 aq:37.51 tex:266 mv:58 misc:420 imb:1 pmb:8 smb:8151 d:- ref:0 ;
in:110 out:109 type:P dur:2 cpbdur:2 q:35.88 aq:27.16 tex:5234 mv:1828 misc:2162 imb:33 pmb:355 smb:7772 d:- ref:0 ;
in:109 out:110 type:b dur:2 cpbdur:2 q:35.94 aq:33.45 tex:34 mv:32 misc:422 imb:0 pmb:4 smb:8156 d:- ref:0 ;
in:112 out:111 type:P dur:2 cpbdur:2 q:35.68 aq:26.69 tex:9345 mv:2839 misc:3080 imb:68 pmb:579 smb:7513 d:- ref:0 ;
in:111 out:112 type:b dur:2 cpbdur:2 q:35.78 aq:36.60 tex:27 mv:12 misc:409 imb:0 pmb:2 smb:8158 d:- ref:0 ;
in:114 out:113 type:P dur:2 cpbdur:2 q:35.53 aq:26.96 tex:7360 mv:2284 misc:2572 imb:54 pmb:438 smb:7668 d:- ref:0 ;
in:113 out:114 type:b dur:2 cpbdur:2 q:35.60 aq:35.00 tex:0 mv:7 misc:409 imb:0 pmb:2 smb:8158 d:- ref:0 ;
in:116 out:115 type:P dur:2 cpbdur:2 q:35.36 aq:26.38 tex:13418 mv:3288 misc:3550 imb:94 pmb:664 smb:7402 d:- ref:0 ;
in:115 out:116 type:b dur:2 cpbdur:2 q:35.44 aq:35.99 tex:286 mv:96 misc:442 imb:0 pmb:14 smb:8146 d:- ref:0 ;
in:118 out:117 type:P dur:2 cpbdur:2 q:35.24 aq:26.70 tex:7740 mv:2249 misc:2547 imb:52 pmb:435 smb:7673 d:- ref:0 ;
in:117 out:118 type:b dur:2 cpbdur:2 q:35.30 aq:35.97 tex:231 mv:75 misc:430 imb:1 pmb:10 smb:8149 d:- ref:0 ;
in:120 out:119 type:P dur:2 cpbdur:2 q:35.06 aq:25.88 tex:13211 mv:3467 misc:3738 imb:120 pmb:671 smb:7369 d:- ref:0 ;
in:119 out:120 type:b dur:2 cpbdur:2 q:35.15 aq:31.01 tex:269 mv:62 misc:453 imb:2 pmb:8 smb:8150 d:- ref:0 ;
in:122 out:121 type:P dur:2 cpbdur:2 q:34.95 aq:26.50 tex:8757 mv:2703 misc:2780 imb:67 pmb:476 smb:7617 d:- ref:0 ;
in:121 out:122 type:b dur:2 cpbdur:2 q:35.00 aq:34.00 tex:2 mv:13 misc:401 imb:0 pmb:2 smb:8158 d:- ref:0 ;
in:124 out:123 type:P dur:2 cpbdur:2 q:34.87 aq:26.19 tex:12589 mv:3441 misc:3498 imb:103 pmb:651 smb:7406 d:- ref:0 ;
in:123 out:124 type:b dur:2 cpbdur:2 q:34.91 aq:35.41 tex:72 mv:43 misc:437 imb:0 pmb:6 smb:8154 d:- ref:0 ;
in:126 out:125 type:P dur:2 cpbdur:2 q:34.83 aq:26.06 tex:7846 mv:1981 misc:2317 imb:46 pmb:390 smb:7724 d:- ref:0 ;
in:125 out:126 type:b dur:2 cpbdur:2 q:34.85 aq:35.56 tex:230 mv:70 misc:420 imb:0 pmb:9 smb:8151 d:- ref:0 ;
in:128 out:127 type:P dur:2 cpbdur:2 q:34.70 aq:26.48 tex:11474 mv:2803 misc:3083 imb:63 pmb:571 smb:7526 d:- ref:0 ;
in:127 out:128 type:b dur:2 cpbdur:2 q:34.76 aq:35.63 tex:274 mv:92 misc:442 imb:1 pmb:12 smb:8147 d:- ref:0 ;
in:130 out:129 type:P dur:2 cpbdur:2 q:34.65 aq:26.93 tex:9554 mv:2542 misc:2640 imb:39 pmb:508 smb:7613 d:- ref:0 ;
in:129 out:130 type:b dur:2 cpbdur:2 q:34.67 aq:33.36 tex:117 mv:53 misc:446 imb:0 pmb:10 smb:8150 d:- ref:0 ;
in:132 out:131 type:P dur:2 cpbdur:2 q:34.56 aq:25.81 tex:13009 mv:3226 misc:3373 imb:80 pmb:638 smb:7442 d:- ref:0 ;
in:131 out:132 type:b dur:2 cpbdur:2 q:34.60 aq:33.94 tex:149 mv:73 misc:458 imb:3 pmb:7 smb:8150 d:- ref:0 ;
in:134 out:133 type:P dur:2 cpbdur:2 q:34.56 aq:26.99 tex:7237 mv:2083 misc:2240 imb:45 pmb:379 smb:7736 d:- ref:0 ;
in:133 out:134 type:b dur:2 cpbdur:2 q:34.56 aq:35.90 tex:105 mv:51 misc:444 imb:1 pmb:6 smb:8153 d:- ref:0 ;
in:136 out:135 type:P dur:2 cpbdur:2 q:34.46 aq:26.47 tex:11857 mv:2393 misc:2870 imb:74 pmb:484 smb:7602 d:- ref:0 ;
in:135 out:136 type:b dur:2 cpbdur:2 q:34.51 aq:30.49 tex:97 mv:59 misc:452 imb:1 pmb:9 smb:8150 d:- ref:0 ;
in:138 out:137 type:P dur:2 cpbdur:2 q:34.47 aq:26.53 tex:8011 mv:1905 misc:2284 imb:42 pmb:395 smb:7723 d:- ref:0 ;
in:137 out:138 type:b dur:2 cpbdur:2 q:34.46 aq:35.91 tex:468 mv:121 misc:459 imb:2 pmb:13 smb:8145 d:- ref:0 ;
in:140 out:139 type:P dur:2 cpbdur:2 q:34.39 aq:26.32 tex:11084 mv:2356 misc:2872 imb:59 pmb:510 smb:7591 d:- ref:0 ;
in:139 out:140 type:b dur:2 cpbdur:2 q:34.43 aq:35.28 tex:246 mv:137 misc:441 imb:1 pmb:13 smb:8146 d:- ref:0 ;
in:142 out:141 type:P dur:2 cpbdur:2 q:34.36 aq:26.18 tex:7285 mv:1849 misc:2018 imb:33 pmb:359 smb:7768 d:- ref:0 ;
in:141 out:142 type:b dur:2 cpbdur:2 q:34.37 aq:34.82 tex:91 mv:55 misc:414 imb:0 pmb:8 smb:8152 d:- ref:0 ;
in:144 out:143 type:P dur:2 cpbdur:2 q:34.26 aq:25.86 tex:10419 mv:2108 misc:2585 imb:49 pmb:474 smb:7637 d:- ref:0 ;
in:143 out:144 type:b dur:2 cpbdur:2 q:34.31 aq:29.47 tex:140 mv:72 misc:460 imb:2 pmb:9 smb:8149 d:- ref:0 ;
in:146 out:145 type:P dur:2 cpbdur:2 q:34.24 aq:27.00 tex:6208 mv:1427 misc:1757 imb:20 pmb:301 smb:7839 d:- ref:0 ;
in:145 out:146 type:b dur:2 cpbdur:2 q:34.25 aq:33.86 tex:47 mv:36 misc:421 imb:2 pmb:2 smb:8156 d:- ref:0 ;
in:148 out:147 type:P dur:2 cpbdur:2 q:34.14 aq:27.38 tex:8382 mv:1711 misc:2091 imb:27 pmb:377 smb:7756 d:- ref:0 ;
in:147 out:148 type:b dur:2 cpbdur:2 q:34.19 aq:35.58 tex:60 mv:54 misc:422 imb:0 pmb:5 smb:8155 d:- ref:0 ;
in:152 out:149 type:P dur:2 cpbdur:2 q:34.07 aq:25.37 tex:31980 mv:7155 misc:5697 imb:238 pmb:1428 smb:6494 d:- ref:0 ;
in:150 out:150 type:B dur:2 cpbdur:2 q:34.11 aq:32.93 tex:366 mv:420 misc:622 imb:3 pmb:50 smb:8107 d:- ref:0 ;
in:149 out:151 type:b dur:2 cpbdur:2 q:34.12 aq:33.09 tex:403 mv:129 misc:460 imb:3 pmb:15 smb:8142 d:- ref:0 ;
in:151 out:152 type:b dur:2 cpbdur:2 q:34.09 aq:33.95 tex:255 mv:74 misc:447 imb:1 pmb:12 smb:8147 d:- ref:0 ;
in:154 out:153 type:P dur:2 cpbdur:2 q:34.76 aq:24.40 tex:10269 mv:2873 misc:3258 imb:116 pmb:531 smb:7513 d:- ref:0 ;
in:153 out:154 type:b dur:2 cpbdur:2 q:34.41 aq:33.67 tex:195 mv:103 misc:470 imb:2 pmb:12 smb:8146 d:- ref:0 ;
in:156 out:155 type:P dur:2 cpbdur:2 q:34.76 aq:25.68 tex:5007 mv:1561 misc:1896 imb:23 pmb:314 smb:7823 d:- ref:0 ;
in:155 out:156 type:b dur:2 cpbdur:2 q:34.76 aq:35.99 tex:86 mv:65 misc:441 imb:1 pmb:6 smb:8153 d:- ref:0 ;
in:158 out:157 type:P dur:2 cpbdur:2 q:34.69 aq:25.98 tex:9012 mv:2374 misc:2790 imb:70 pmb:470 smb:7620 d:- ref:0 ;
in:157 out:158 type:b dur:2 cpbdur:2 q:34.72 aq:29.63 tex:22 mv:22 misc:412 imb:1 pmb:1 smb:8158 d:- ref:0 ;
in:160 out:159 type:P dur:2 cpbdur:2 q:34.55 aq:25.46 tex:6559 mv:1925 misc:2260 imb:42 pmb:373 smb:7745 d:- ref:0 ;
in:159 out:160 type:b dur:2 cpbdur:2 q:34.62 aq:36.08 tex:27 mv:19 misc:426 imb:0 pmb:4 smb:8156 d:- ref:0 ;
in:162 out:161 type:P dur:2 cpbdur:2 q:34.49 aq:25.03 tex:10433 mv:2670 misc:2961 imb:66 pmb:536 smb:7558 d:- ref:0 ;
in:161 out:162 type:b dur:2 cpbdur:2 q:34.52 aq:34.43 tex:360 mv:126 misc:442 imb:1 pmb:14 smb:8145 d:- ref:0 ;
in:164 out:163 type:P dur:2 cpbdur:2 q:34.36 aq:25.77 tex:6553 mv:1756 misc:2251 imb:33 pmb:378 smb:7749 d:- ref:0 ;
in:163 out:164 type:b dur:2 cpbdur:2 q:34.43 aq:35.75 tex:236 mv:43 misc:417 imb:0 pmb:8 smb:8152 d:- ref:0 ;
in:166 out:165 type:P dur:2 cpbdur:2 q:34.29 aq:24.99 tex:12377 mv:2648 misc:2911 imb:72 pmb:510 smb:7578 d:- ref:0 ;
in:165 out:166 type:b dur:2 cpbdur:2 q:34.32 aq:34.66 tex:166 mv:146 misc:496 imb:1 pmb:22 smb:8137 d:- ref:0 ;
in:168 out:167 type:P dur:2 cpbdur:2 q:34.05 aq:25.64 tex:8618 mv:2068 misc:2722 imb:50 pmb:470 smb:7640 d:- ref:0 ;
in:167 out:168 type:b dur:2 cpbdur:2 q:34.17 aq:36.12 tex:90 mv:49 misc:421 imb:0 pmb:6 smb:8154 d:- ref:0 ;
in:170 out:169 type:P dur:2 cpbdur:2 q:33.83 aq:24.79 tex:15520 mv:3364 misc:3788 imb:98 pmb:738 smb:7324 d:- ref:0 ;
in:169 out:170 type:b dur:2 cpbdur:2 q:33.94 aq:34.96 tex:70 mv:135 misc:459 imb:2 pmb:13 smb:8145 d:- ref:0 ;
in:172 out:171 type:P dur:2 cpbdur:2 q:33.46 aq:24.54 tex:14628 mv:3210 misc:3842 imb:77 pmb:759 smb:7324 d:- ref:0 ;
in:171 out:172 type:b dur:2 cpbdur:2 q:33.65 aq:35.08 tex:28 mv:51 misc:433 imb:0 pmb:9 smb:8151 d:- ref:0 ;
in:174 out:173 type:P dur:2 cpbdur:2 q:33.33 aq:24.24 tex:19015 mv:3681 misc:4088 imb:93 pmb:829 smb:7238 d:- ref:0 ;
in:173 out:174 type:b dur:2 cpbdur:2 q:33.40 aq:33.10 tex:356 mv:115 misc:457 imb:1 pmb:15 smb:8144 d:- ref:0 ;
in:176 out:175 type:P dur:2 cpbdur:2 q:33.31 aq:24.24 tex:12810 mv:2591 misc:3287 imb:75 pmb:612 smb:7473 d:- ref:0 ;
in:175 out:176 type:b dur:2 cpbdur:2 q:33.32 aq:32.82 tex:257 mv:158 misc:449 imb:1 pmb:16 smb:8143 d:- ref:0 ;
in:178 out:177 type:P dur:2 cpbdur:2 q:33.24 aq:24.27 tex:17849 mv:3515 misc:3716 imb:90 pmb:773 smb:7297 d:- ref:0 ;
in:177 out:178 type:b dur:2 cpbdur:2 q:33.28 aq:34.60 tex:230 mv:100 misc:446 imb:0 pmb:12 smb:8148 d:- ref:0 ;
in:180 out:179 type:P dur:2 cpbdur:2 q:33.23 aq:24.54 tex:10651 mv:2419 misc:2786 imb:56 pmb:520 smb:7584 d:- ref:0 ;
in:179 out:180 type:b dur:2 cpbdur:2 q:33.24 aq:33.57 tex:145 mv:83 misc:444 imb:2 pmb:8 smb:8150 d:- ref:0 ;
in:182 out:181 type:P dur:2 cpbdur:2 q:33.18 aq:24.02 tex:17451 mv:3498 misc:3683 imb:107 pmb:744 smb:7309 d:- ref:0 ;
in:181 out:182 type:b dur:2 cpbdur:2 q:33.21 aq:33.88 tex:85 mv:63 misc:428 imb:0 pmb:7 smb:8153 d:- ref:0 ;
in:184 out:183 type:P dur:2 cpbdur:2 q:33.19 aq:24.35 tex:10807 mv:2683 misc:2830 imb:55 pmb:565 smb:7540 d:- ref:0 ;
in:183 out:184 type:b dur:2 cpbdur:2 q:33.18 aq:29.52 tex:69 mv:109 misc:446 imb:3 pmb:10 smb:8147 d:- ref:0 ;
in:186 out:185 type:P dur:2 cpbdur:2 q:33.17 aq:23.80 tex:16329 mv:3284 misc:3627 imb:104 pmb:690 smb:7366 d:- ref:0 ;
in:185 out:186 type:b dur:2 cpbdur:2 q:33.18 aq:31.93 tex:354 mv:151 misc:447 imb:1 pmb:15 smb:8144 d:- ref:0 ;
in:188 out:187 type:P dur:2 cpbdur:2 q:33.23 aq:24.94 tex:9470 mv:2062 misc:2420 imb:42 pmb:433 smb:7685 d:- ref:0 ;
in:187 out:188 type:b dur:2 cpbdur:2 q:33.20 aq:34.03 tex:332 mv:114 misc:466 imb:0 pmb:18 smb:8142 d:- ref:0 ;
in:190 out:189 type:P dur:2 cpbdur:2 q:33.24 aq:24.28 tex:14778 mv:3022 misc:3336 imb:78 pmb:653 smb:7429 d:- ref:0 ;
in:189 out:190 type:b dur:2 cpbdur:2 q:33.23 aq:33.36 tex:298 mv:149 misc:481 imb:1 pmb:14 smb:8145 d:- ref:0 ;
in:192 out:191 type:P dur:2 cpbdur:2 q:33.30 aq:25.18 tex:8431 mv:1893 misc:2468 imb:41 pmb:415 smb:7704 d:- ref:0 ;
in:191 out:192 type:b dur:2 cpbdur:2 q:33.27 aq:33.08 tex:100 mv:91 misc:441 imb:0 pmb:11 smb:8149 d:- ref:0 ;
in:194 out:193 type:P dur:2 cpbdur:2 q:33.28 aq:24.27 tex:14063 mv:2900 misc:3173 imb:79 pmb:622 smb:7459 d:- ref:0 ;
in:193 out:194 type:b dur:2 cpbdur:2 q:33.29 aq:35.12 tex:79 mv:59 misc:438 imb:1 pmb:6 smb:8153 d:- ref:0 ;
in:196 out:195 type:P dur:2 cpbdur:2 q:33.32 aq:25.03 tex:11547 mv:2019 misc:2346 imb:37 pmb:420 smb:7703 d:- ref:0 ;
in:195 out:196 type:b dur:2 cpbdur:2 q:33.30 aq:33.42 tex:112 mv:74 misc:462 imb:0 pmb:16 smb:8144 d:- ref:0 ;
in:198 out:197 type:P dur:2 cpbdur:2 q:33.27 aq:23.96 tex:13711 mv:2601 misc:3000 imb:67 pmb:581 smb:7512 d:- ref:0 ;
in:197 out:198 type:b dur:2 cpbdur:2 q:33.29 aq:33.59 tex:231 mv:133 misc:444 imb:0 pmb:15 smb:8145 d:- ref:0 ;
in:200 out:199 type:P dur:2 cpbdur:2 q:33.28 aq:24.10 tex:8212 mv:1898 misc:2194 imb:30 pmb:401 smb:7729 d:- ref:0 ;
in:199 out:200 type:b dur:2 cpbdur:2 q:33.27 aq:33.98 tex:349 mv:110 misc:437 imb:1 pmb:14 smb:8145 d:- ref:0 ;
in:202 out:201 type:P dur:2 cpbdur:2 q:33.22 aq:23.89 tex:15139 mv:2924 misc:3321 imb:81 pmb:648 smb:7431 d:- ref:0 ;
in:201 out:202 type:b dur:2 cpbdur:2 q:33.25 aq:33.18 tex:225 mv:93 misc:426 imb:0 pmb:9 smb:8151 d:- ref:0 ;
in:204 out:203 type:P dur:2 cpbdur:2 q:33.23 aq:24.62 tex:8911 mv:1976 misc:2313 imb:39 pmb:413 smb:7708 d:- ref:0 ;
in:203 out:204 type:b dur:2 cpbdur:2 q:33.23 aq:35.03 tex:83 mv:46 misc:423 imb:0 pmb:8 smb:8152 d:- ref:0 ;
in:206 out:205 type:P dur:2 cpbdur:2 q:33.16 aq:24.31 tex:14295 mv:2688 misc:3065 imb:55 pmb:602 smb:7503 d:- ref:0 ;
in:205 out:206 type:b dur:2 cpbdur:2 q:33.20 aq:33.44 tex:85 mv:51 misc:424 imb:1 pmb:5 smb:8154 d:- ref:0 ;
in:208 out:207 type:P dur:2 cpbdur:2 q:33.15 aq:24.69 tex:9575 mv:2030 misc:2331 imb:40 pmb:406 smb:7714 d:- ref:0 ;
in:207 out:208 type:b dur:2 cpbdur:2 q:33.15 aq:33.90 tex:116 mv:94 misc:454 imb:1 pmb:11 smb:8148 d:- ref:0 ;
in:210 out:209 type:P dur:2 cpbdur:2 q:33.08 aq:24.30 tex:15745 mv:2848 misc:3263 imb:75 pmb:615 smb:7470 d:- ref:0 ;
in:209 out:210 type:b dur:2 cpbdur:2 q:33.12 aq:32.68 tex:332 mv:162 misc:474 imb:0 pmb:22 smb:8138 d:- ref:0 ;
in:212 out:211 type:P dur:2 cpbdur:2 q:33.08 aq:23.93 tex:10534 mv:2142 misc:2428 imb:47 pmb:442 smb:7671 d:- ref:0 ;
in:211 out:212 type:b dur:2 cpbdur:2 q:33.08 aq:34.01 tex:379 mv:112 misc:437 imb:2 pmb:11 smb:8147 d:- ref:0 ;
in:214 out:213 type:P dur:2 cpbdur:2 q:33.03 aq:23.92 tex:15910 mv:2944 misc:3274 imb:80 pmb:635 smb:7445 d:- ref:0 ;
in:213 out:214 type:b dur:2 cpbdur:2 q:33.05 aq:34.48 tex:295 mv:111 misc:458 imb:1 pmb:13 smb:8146 d:- ref:0 ;
in:216 out:215 type:P dur:2 cpbdur:2 q:33.02 aq:24.63 tex:10633 mv:2087 misc:2344 imb:50 pmb:441 smb:7669 d:- ref:0 ;
in:215 out:216 type:b dur:2 cpbdur:2 q:33.03 aq:30.35 tex:124 mv:63 misc:437 imb:1 pmb:7 smb:8152 d:- ref:0 ;
in:218 out:217 type:P dur:2 cpbdur:2 q:32.93 aq:23.25 tex:16608 mv:3062 misc:3130 imb:89 pmb:618 smb:7453 d:- ref:0 ;
in:217 out:218 type:b dur:2 cpbdur:2 q:32.98 aq:35.03 tex:95 mv:80 misc:449 imb:1 pmb:10 smb:8149 d:- ref:0 ;
in:220 out:219 type:P dur:2 cpbdur:2 q:32.91 aq:24.15 tex:12522 mv:2270 misc:2576 imb:34 pmb:490 smb:7636 d:- ref:0 ;
in:219 out:220 type:b dur:2 cpbdur:2 q:32.92 aq:28.83 tex:67 mv:63 misc:438 imb:2 pmb:5 smb:8153 d:- ref:0 ;
in:222 out:221 type:P dur:2 cpbdur:2 q:32.86 aq:23.99 tex:19282 mv:3203 misc:3507 imb:92 pmb:730 smb:7338 d:- ref:0 ;
in:221 out:222 type:b dur:2 cpbdur:2 q:32.89 aq:34.08 tex:307 mv:53 misc:408 imb:0 pmb:10 smb:8150 d:- ref:0 ;
in:224 out:223 type:P dur:2 cpbdur:2 q:32.89 aq:24.64 tex:11551 mv:1696 misc:2329 imb:29 pmb:415 smb:7716 d:- ref:0 ;
in:223 out:224 type:b dur:2 cpbdur:2 q:32.87 aq:33.63 tex:114 mv:41 misc:405 imb:1 pmb:4 smb:8155 d:- ref:0 ;
in:226 out:225 type:P dur:2 cpbdur:2 q:32.82 aq:23.73 tex:19537 mv:2605 misc:3082 imb:85 pmb:603 smb:7472 d:- ref:0 ;
in:225 out:226 type:b dur:2 cpbdur:2 q:32.85 aq:32.00 tex:1 mv:14 misc:409 imb:0 pmb:5 smb:8155 d:- ref:0 ;
in:228 out:227 type:P dur:2 cpbdur:2 q:32.83 aq:23.39 tex:10127 mv:1517 misc:2364 imb:23 pmb:416 smb:7721 d:- ref:0 ;
in:227 out:228 type:b dur:2 cpbdur:2 q:32.83 aq:31.81 tex:87 mv:60 misc:429 imb:2 pmb:3 smb:8155 d:- ref:0 ;
in:230 out:229 type:P dur:2 cpbdur:2 q:32.79 aq:24.06 tex:17110 mv:2569 misc:3401 imb:66 pmb:677 smb:7417 d:- ref:0 ;
in:229 out:230 type:b dur:2 cpbdur:2 q:32.81 aq:33.68 tex:266 mv:66 misc:436 imb:3 pmb:6 smb:8151 d:- ref:0 ;
in:232 out:231 type:P dur:2 cpbdur:2 q:32.80 aq:23.57 tex:13120 mv:1855 misc:2393 imb:32 pmb:450 smb:7678 d:- ref:0 ;
in:231 out:232 type:b dur:2 cpbdur:2 q:32.80 aq:34.08 tex:232 mv:57 misc:415 imb:0 pmb:9 smb:8151 d:- ref:0 ;
in:234 out:233 type:P dur:2 cpbdur:2 q:32.79 aq:23.46 tex:19599 mv:2724 misc:3253 imb:70 pmb:656 smb:7434 d:- ref:0 ;
in:233 out:234 type:b dur:2 cpbdur:2 q:32.80 aq:24.86 tex:30 mv:54 misc:420 imb:5 pmb:0 smb:8155 d:- ref:0 ;
in:236 out:235 type:P dur:2 cpbdur:2 q:32.84 aq:24.36 tex:9584 mv:1345 misc:2175 imb:24 pmb:362 smb:7774 d:- ref:0 ;
in:235 out:236 type:b dur:2 cpbdur:2 q:32.81 aq:31.99 tex:29 mv:23 misc:412 imb:0 pmb:5 smb:8155 d:- ref:0 ;
in:238 out:237 type:P dur:2 cpbdur:2 q:32.79 aq:23.69 tex:15784 mv:2139 misc:3101 imb:63 pmb:588 smb:7509 d:- ref:0 ;
in:237 out:238 type:b dur:2 cpbdur:2 q:32.81 aq:32.00 tex:0 mv:0 misc:384 imb:0 pmb:0 smb:8160 d:- ref:0 ;
in:240 out:239 type:P dur:2 cpbdur:2 q:32.79 aq:23.54 tex:9005 mv:1150 misc:2317 imb:31 pmb:370 smb:7759 d:- ref:0 ;
in:239 out:240 type:b dur:2 cpbdur:2 q:32.79 aq:24.36 tex:83 mv:53 misc:432 imb:4 pmb:2 smb:8154 d:- ref:0 ;
in:242 out:241 type:P dur:2 cpbdur:2 q:32.73 aq:23.64 tex:16196 mv:2087 misc:3037 imb:61 pmb:579 smb:7520 d:- ref:0 ;
in:241 out:242 type:b dur:2 cpbdur:2 q:32.76 aq:31.94 tex:44 mv:17 misc:403 imb:1 pmb:1 smb:8158 d:- ref:0 ;
in:244 out:243 type:P dur:2 cpbdur:2 q:32.74 aq:23.86 tex:9707 mv:1098 misc:2259 imb:27 pmb:365 smb:7768 d:- ref:0 ;
in:243 out:244 type:b dur:2 cpbdur:2 q:32.73 aq:31.96 tex:27 mv:5 misc:392 imb:0 pmb:1 smb:8159 d:- ref:0 ;
in:246 out:245 type:P dur:2 cpbdur:2 q:32.68 aq:23.11 tex:15499 mv:2200 misc:3245 imb:63 pmb:609 smb:7488 d:- ref:0 ;
in:245 out:246 type:b dur:2 cpbdur:2 q:32.71 aq:31.93 tex:18 mv:12 misc:394 imb:1 pmb:0 smb:8159 d:- ref:0 ;
in:248 out:247 type:P dur:2 cpbdur:2 q:32.70 aq:24.11 tex:8351 mv:1010 misc:2095 imb:21 pmb:337 smb:7802 d:- ref:0 ;
in:247 out:248 type:b dur:2 cpbdur:2 q:32.69 aq:31.95 tex:20 mv:27 misc:409 imb:2 pmb:1 smb:8157 d:- ref:0 ;
in:249 out:249 type:P dur:2 cpbdur:2 q:32.65 aq:31.95 tex:84 mv:42 misc:450 imb:4 pmb:2 smb:8154 d:- ref:0 ;
in:250 out:250 type:I dur:2 cpbdur:2 q:29.96 aq:20.78 tex:461534 mv:137179 misc:695 imb:8160 pmb:0 smb:0 d:- ref:;
in:252 out:251 type:P dur:2 cpbdur:2 q:37.00 aq:29.76 tex:191 mv:29 misc:476 imb:0 pmb:9 smb:8151 d:- ref:0 ;
in:251 out:252 type:b dur:2 cpbdur:2 q:37.00 aq:36.00 tex:0 mv:0 misc:392 imb:0 pmb:0 smb:8160 d:- ref:0 ;
in:254 out:253 type:P dur:2 cpbdur:2 q:36.85 aq:28.42 tex:264 mv:97 misc:535 imb:5 pmb:13 smb:8142 d:- ref:0 ;
in:253 out:254 type:b dur:2 cpbdur:2 q:36.93 aq:36.00 tex:0 mv:0 misc:392 imb:0 pmb:0 smb:8160 d:- ref:0 ;
in:256 out:255 type:P dur:2 cpbdur:2 q:36.75 aq:30.01 tex:3233 mv:102 misc:553 imb:4 pmb:19 smb:8137 d:- ref:0 ;
in:255 out:256 type:b dur:2 cpbdur:2 q:36.80 aq:36.00 tex:2 mv:10 misc:412 imb:0 pmb:5 smb:8155 d:- ref:0 ;
in:258 out:257 type:P dur:2 cpbdur:2 q:36.60 aq:24.73 tex:704 mv:178 misc:662 imb:6 pmb:35 smb:8119 d:- ref:0 ;
in:257 out:258 type:b dur:2 cpbdur:2 q:36.67 aq:36.00 tex:0 mv:0 misc:392 imb:0 pmb:0 smb:8160 d:- ref:0 ;
in:260 out:259 type:P dur:2 cpbdur:2 q:36.50 aq:30.40 tex:562 mv:53 misc:553 imb:0 pmb:20 smb:8140 d:- ref:0 ;
in:259 out:260 type:b dur:2 cpbdur:2 q:36.55 aq:35.00 tex:0 mv:0 misc:392 imb:0 pmb:0 smb:8160 d:- ref:0 ;
in:262 out:261 type:P dur:2 cpbdur:2 q:36.34 aq:27.41 tex:1091 mv:185 misc:708 imb:4 pmb:44 smb:8112 d:- ref:0 ;
in:261 out:262 type:b dur:2 cpbdur:2 q:36.42 aq:35.00 tex:0 mv:0 misc:392 imb:0 pmb:0 smb:8160 d:- ref:0 ;
in:264 out:263 type:P dur:2 cpbdur:2 q:36.22 aq:27.55 tex:692 mv:154 misc:634 imb:6 pmb:29 smb:8125 d:- ref:0 ;
in:263 out:264 type:b dur:2 cpbdur:2 q:36.28 aq:35.00 tex:0 mv:0 misc:392 imb:0 pmb:0 smb:8160 d:- ref:0 ;
in:266 out:265 type:P dur:2 cpbdur:2 q:36.07 aq:23.93 tex:1162 mv:227 misc:795 imb:15 pmb:47 smb:8098 d:- ref:0 ;
in:265 out:266 type:b dur:2 cpbdur:2 q:36.15 aq:35.00 tex:0 mv:0 misc:392 imb:0 pmb:0 smb:8160 d:- ref:0 ;
in:268 out:267 type:P dur:2 cpbdur:2 q:35.95 aq:28.88 tex:1155 mv:183 misc:710 imb:2 pmb:48 smb:8110 d:- ref:0 ;
in:267 out:268 type:b dur:2 cpbdur:2 q:36.01 aq:35.00 tex:0 mv:0 misc:392 imb:0 pmb:0 smb:8160 d:- ref:0 ;
in:270 out:269 type:P dur:2 cpbdur:2 q:35.26 aq:23.97 tex:3663 mv:761 misc:1328 imb:27 pmb:157 smb:7976 d:- ref:0 ;
in:269 out:270 type:b dur:2 cpbdur:2 q:35.60 aq:33.98 tex:23 mv:6 misc:403 imb:0 pmb:1 smb:8159 d:- ref:0 ;
in:272 out:271 type:P dur:2 cpbdur:2 q:35.15 aq:28.59 tex:1970 mv:278 misc:896 imb:5 pmb:82 smb:8073 d:- ref:0 ;
in:271 out:272 type:b dur:2 cpbdur:2 q:35.21 aq:34.00 tex:0 mv:0 misc:392 imb:0 pmb:0 smb:8160 d:- ref:0 ;
in:274 out:273 type:P dur:2 cpbdur:2 q:35.04 aq:25.53 tex:2921 mv:560 misc:1215 imb:17 pmb:131 smb:8012 d:- ref:0 ;
in:273 out:274 type:b dur:2 cpbdur:2 q:35.10 aq:34.00 tex:0 mv:0 misc:392 imb:0 pmb:0 smb:8160 d:- ref:0 ;
in:276 out:275 type:P dur:2 cpbdur:2 q:34.91 aq:25.24 tex:1774 mv:274 misc:912 imb:6 pmb:77 smb:8077 d:- ref:0 ;
in:275 out:276 type:b dur:2 cpbdur:2 q:34.97 aq:34.00 tex:0 mv:0 misc:392 imb:0 pmb:0 smb:8160 d:- ref:0 ;
in:278 out:277 type:P dur:2 cpbdur:2 q:34.81 aq:24.52 tex:3673 mv:576 misc:1295 imb:18 pmb:142 smb:8000 d:- ref:0 ;
in:277 out:278 type:b dur:2 cpbdur:2 q:34.86 aq:34.00 tex:27 mv:6 misc:407 imb:0 pmb:1 smb:8159 d:- ref:0 ;
in:280 out:279 type:P dur:2 cpbdur:2 q:34.71 aq:26.87 tex:2222 mv:383 misc:995 imb:9 pmb:96 smb:8055 d:- ref:0 ;
in:279 out:280 type:b dur:2 cpbdur:2 q:34.76 aq:34.00 tex:0 mv:0 misc:392 imb:0 pmb:0 smb:8160 d:- ref:0 ;
in:282 out:281 type:P dur:2 cpbdur:2 q:34.61 aq:24.32 tex:4122 mv:712 misc:1446 imb:23 pmb:173 smb:7964 d:- ref:0 ;
in:281 out:282 type:b dur:2 cpbdur:2 q:34.66 aq:34.00 tex:0 mv:0 misc:392 imb:0 pmb:0 smb:8160 d:- ref:0 ;
in:284 out:283 type:P dur:2 cpbdur:2 q:34.51 aq:24.58 tex:2476 mv:464 misc:1116 imb:17 pmb:107 smb:8036 d:- ref:0 ;
in:283 out:284 type:b dur:2 cpbdur:2 q:34.56 aq:32.95 tex:26 mv:5 misc:393 imb:0 pmb:1 smb:8159 d:- ref:0 ;
in:286 out:285 type:P dur:2 cpbdur:2 q:34.39 aq:25.88 tex:5459 mv:894 misc:1703 imb:37 pmb:203 smb:7920 d:- ref:0 ;
in:285 out:286 type:b dur:2 cpbdur:2 q:34.45 aq:33.85 tex:32 mv:14 misc:410 imb:0 pmb:5 smb:8155 d:- ref:0 ;
in:288 out:287 type:P dur:2 cpbdur:2 q:34.28 aq:23.94 tex:2693 mv:413 misc:1094 imb:15 pmb:103 smb:8042 d:- ref:0 ;
in:287 out:288 type:b dur:2 cpbdur:2 q:34.34 aq:33.00 tex:0 mv:0 misc:384 imb:0 pmb:0 smb:8160 d:- ref:0 ;
in:290 out:289 type:P dur:2 cpbdur:2 q:34.17 aq:24.43 tex:4276 mv:715 misc:1545 imb:28 pmb:173 smb:7959 d:- ref:0 ;
in:289 out:290 type:b dur:2 cpbdur:2 q:34.22 aq:33.00 tex:0 mv:0 misc:384 imb:0 pmb:0 smb:8160 d:- ref:0 ;
in:292 out:291 type:P dur:2 cpbdur:2 q:34.06 aq:25.54 tex:2556 mv:395 misc:1113 imb:11 pmb:115 smb:8034 d:- ref:0 ;
in:291 out:292 type:b dur:2 cpbdur:2 q:34.11 aq:33.00 tex:0 mv:0 misc:384 imb:0 pmb:0 smb:8160 d:- ref:0 ;
in:294 out:293 type:P dur:2 cpbdur:2 q:33.96 aq:24.42 tex:6784 mv:1530 misc:1958 imb:27 pmb:328 smb:7805 d:- ref:0 ;
in:293 out:294 type:b dur:2 cpbdur:2 q:34.01 aq:35.54 tex:414 mv:80 misc:442 imb:1 pmb:12 smb:8147 d:- ref:0 ;
in:296 out:295 type:P dur:2 cpbdur:2 q:33.88 aq:24.80 tex:6851 mv:1737 misc:1660 imb:35 pmb:307 smb:7818 d:- ref:0 ;
in:295 out:296 type:b dur:2 cpbdur:2 q:33.92 aq:34.28 tex:156 mv:113 misc:411 imb:0 pmb:15 smb:8145 d:- ref:0 ;
in:298 out:297 type:P dur:2 cpbdur:2 q:33.79 aq:24.59 tex:9746 mv:1972 misc:2210 imb:44 pmb:392 smb:7724 d:- ref:0 ;
in:297 out:298 type:b dur:2 cpbdur:2 q:33.84 aq:33.51 tex:101 mv:54 misc:413 imb:0 pmb:9 smb:8151 d:- ref:0 ;
in:300 out:299 type:P dur:2 cpbdur:2 q:33.70 aq:25.02 tex:6354 mv:1613 misc:1737 imb:21 pmb:305 smb:7834 d:- ref:0 ;
in:299 out:300 type:b dur:2 cpbdur:2 q:33.75 aq:35.09 tex:114 mv:52 misc:426 imb:0 pmb:7 smb:8153 d:- ref:0 ;
in:302 out:301 type:P dur:2 cpbdur:2 q:33.62 aq:24.84 tex:9341 mv:1845 misc:2206 imb:36 pmb:391 smb:7733 d:- ref:0 ;
in:301 out:302 type:b dur:2 cpbdur:2 q:33.66 aq:30.73 tex:53 mv:77 misc:430 imb:1 pmb:6 smb:8153 d:- ref:0 ;
in:304 out:303 type:P dur:2 cpbdur:2 q:33.57 aq:24.23 tex:7232 mv:1519 misc:1833 imb:23 pmb:322 smb:7815 d:- ref:0 ;
in:303 out:304 type:b dur:2 cpbdur:2 q:33.59 aq:35.68 tex:173 mv:42 misc:433 imb:0 pmb:6 smb:8154 d:- ref:0 ;
in:306 out:305 type:P dur:2 cpbdur:2 q:33.49 aq:25.12 tex:11043 mv:2258 misc:2411 imb:39 pmb:473 smb:7648 d:- ref:0 ;
in:305 out:306 type:b dur:2 cpbdur:2 q:33.53 aq:35.23 tex:403 mv:164 misc:449 imb:2 pmb:15 smb:8143 d:- ref:0 ;
in:308 out:307 type:P dur:2 cpbdur:2 q:33.44 aq:25.06 tex:8239 mv:1890 misc:1847 imb:26 pmb:361 smb:7773 d:- ref:0 ;
in:307 out:308 type:b dur:2 cpbdur:2 q:33.47 aq:34.71 tex:158 mv:151 misc:459 imb:1 pmb:15 smb:8144 d:- ref:0 ;
in:310 out:309 type:P dur:2 cpbdur:2 q:33.37 aq:25.07 tex:11382 mv:2532 misc:2462 imb:42 pmb:481 smb:7637 d:- ref:0 ;
in:309 out:310 type:b dur:2 cpbdur:2 q:33.41 aq:35.01 tex:174 mv:84 misc:430 imb:1 pmb:10 smb:8149 d:- ref:0 ;
in:312 out:311 type:P dur:2 cpbdur:2 q:33.31 aq:25.53 tex:8337 mv:1805 misc:1906 imb:28 pmb:351 smb:7781 d:- ref:0 ;
in:311 out:312 type:b dur:2 cpbdur:2 q:33.34 aq:31.91 tex:40 mv:62 misc:434 imb:1 pmb:5 smb:8154 d:- ref:0 ;
in:314 out:313 type:P dur:2 cpbdur:2 q:33.26 aq:23.64 tex:11973 mv:2587 misc:2648 imb:53 pmb:521 smb:7586 d:- ref:0 ;
in:313 out:314 type:b dur:2 cpbdur:2 q:33.29 aq:33.08 tex:74 mv:29 misc:417 imb:1 pmb:3 smb:8156 d:- ref:0 ;
in:316 out:315 type:P dur:2 cpbdur:2 q:33.23 aq:26.44 tex:10668 mv:1528 misc:1916 imb:24 pmb:335 smb:7801 d:- ref:0 ;
in:315 out:316 type:b dur:2 cpbdur:2 q:33.25 aq:33.51 tex:60 mv:33 misc:427 imb:0 pmb:9 smb:8151 d:- ref:0 ;
in:318 out:317 type:P dur:2 cpbdur:2 q:33.18 aq:24.27 tex:12609 mv:2225 misc:2694 imb:61 pmb:492 smb:7607 d:- ref:0 ;
in:317 out:318 type:b dur:2 cpbdur:2 q:33.21 aq:30.48 tex:228 mv:61 misc:431 imb:2 pmb:5 smb:8153 d:- ref:0 ;
in:320 out:319 type:P dur:2 cpbdur:2 q:33.14 aq:24.32 tex:9096 mv:1916 misc:2132 imb:43 pmb:377 smb:7740 d:- ref:0 ;
in:319 out:320 type:b dur:2 cpbdur:2 q:33.16 aq:33.27 tex:441 mv:62 misc:433 imb:2 pmb:8 smb:8150 d:- ref:0 ;
in:322 out:321 type:P dur:2 cpbdur:2 q:33.09 aq:24.14 tex:13586 mv:2665 misc:2701 imb:70 pmb:542 smb:7548 d:- ref:0 ;
in:321 out:322 type:b dur:2 cpbdur:2 q:33.12 aq:35.19 tex:150 mv:106 misc:432 imb:1 pmb:10 smb:8149 d:- ref:0 ;
in:324 out:323 type:P dur:2 cpbdur:2 q:33.07 aq:25.27 tex:8548 mv:1759 misc:1981 imb:30 pmb:374 smb:7756 d:- ref:0 ;
in:323 out:324 type:b dur:2 cpbdur:2 q:33.08 aq:33.53 tex:413 mv:76 misc:423 imb:1 pmb:9 smb:8150 d:- ref:0 ;
in:326 out:325 type:P dur:2 cpbdur:2 q:33.02 aq:24.16 tex:12669 mv:2423 misc:2708 imb:43 pmb:532 smb:7585 d:- ref:0 ;
in:325 out:326 type:b dur:2 cpbdur:2 q:33.04 aq:33.95 tex:187 mv:40 misc:429 imb:0 pmb:9 smb:8151 d:- ref:0 ;
in:328 out:327 type:P dur:2 cpbdur:2 q:32.98 aq:25.51 tex:9483 mv:1905 misc:2180 imb:32 pmb:412 smb:7716 d:- ref:0 ;
in:327 out:328 type:b dur:2 cpbdur:2 q:33.00 aq:25.56 tex:23 mv:34 misc:415 imb:2 pmb:2 smb:8156 d:- ref:0 ;
in:330 out:329 type:P dur:2 cpbdur:2 q:32.94 aq:23.63 tex:14808 mv:2799 misc:2937 imb:80 pmb:585 smb:7495 d:- ref:0 ;
in:329 out:330 type:b dur:2 cpbdur:2 q:32.96 aq:34.82 tex:109 mv:61 misc:438 imb:4 pmb:4 smb:8152 d:- ref:0 ;
in:332 out:331 type:P dur:2 cpbdur:2 q:32.93 aq:23.83 tex:10992 mv:2442 misc:2454 imb:38 pmb:489 smb:7633 d:- ref:0 ;
in:331 out:332 type:b dur:2 cpbdur:2 q:32.93 aq:33.53 tex:139 mv:37 misc:432 imb:2 pmb:4 smb:8154 d:- ref:0 ;
in:334 out:333 type:P dur:2 cpbdur:2 q:32.91 aq:23.50 tex:16615 mv:3469 misc:3212 imb:89 pmb:711 smb:7360 d:- ref:0 ;
in:333 out:334 type:b dur:2 cpbdur:2 q:32.92 aq:32.93 tex:91 mv:69 misc:440 imb:4 pmb:5 smb:8151 d:- ref:0 ;
in:336 out:335 type:P dur:2 cpbdur:2 q:32.90 aq:24.48 tex:10642 mv:2206 misc:2400 imb:36 pmb:458 smb:7666 d:- ref:0 ;
in:335 out:336 type:b dur:2 cpbdur:2 q:32.90 aq:34.96 tex:166 mv:39 misc:419 imb:0 pmb:7 smb:8153 d:- ref:0 ;
in:338 out:337 type:P dur:2 cpbdur:2 q:32.86 aq:23.01 tex:16136 mv:3044 misc:3044 imb:66 pmb:620 smb:7474 d:- ref:0 ;
in:337 out:338 type:b dur:2 cpbdur:2 q:32.88 aq:33.06 tex:417 mv:81 misc:430 imb:4 pmb:6 smb:8150 d:- ref:0 ;
in:340 out:339 type:P dur:2 cpbdur:2 q:32.84 aq:24.23 tex:10049 mv:1905 misc:2334 imb:38 pmb:403 smb:7719 d:- ref:0 ;
in:339 out:340 type:b dur:2 cpbdur:2 q:32.85 aq:31.99 tex:205 mv:88 misc:443 imb:1 pmb:9 smb:8150 d:- ref:0 ;
in:342 out:341 type:P dur:2 cpbdur:2 q:32.78 aq:24.15 tex:13158 mv:2802 misc:2936 imb:70 pmb:571 smb:7519 d:- ref:0 ;
in:341 out:342 type:b dur:2 cpbdur:2 q:32.81 aq:33.46 tex:454 mv:112 misc:458 imb:2 pmb:14 smb:8144 d:- ref:0 ;
in:344 out:343 type:P dur:2 cpbdur:2 q:32.76 aq:24.65 tex:10370 mv:2083 misc:2315 imb:32 pmb:438 smb:7690 d:- ref:0 ;
in:343 out:344 type:b dur:2 cpbdur:2 q:32.77 aq:33.00 tex:254 mv:60 misc:438 imb:1 pmb:9 smb:8150 d:- ref:0 ;
in:346 out:345 type:P dur:2 cpbdur:2 q:32.73 aq:24.30 tex:17452 mv:2947 misc:3177 imb:74 pmb:640 smb:7446 d:- ref:0 ;
in:345 out:346 type:b dur:2 cpbdur:2 q:32.75 aq:34.34 tex:107 mv:58 misc:443 imb:2 pmb:9 smb:8149 d:- ref:0 ;
in:348 out:347 type:P dur:2 cpbdur:2 q:32.74 aq:24.70 tex:9448 mv:2024 misc:2288 imb:43 pmb:430 smb:7687 d:- ref:0 ;
in:347 out:348 type:b dur:2 cpbdur:2 q:32.74 aq:28.50 tex:70 mv:21 misc:413 imb:1 pmb:2 smb:8157 d:- ref:0 ;
in:350 out:349 type:P dur:2 cpbdur:2 q:32.69 aq:23.66 tex:13676 mv:2616 misc:2876 imb:67 pmb:554 smb:7539 d:- ref:0 ;
in:349 out:350 type:b dur:2 cpbdur:2 q:32.72 aq:34.40 tex:146 mv:68 misc:458 imb:3 pmb:8 smb:8149 d:- ref:0 ;
in:352 out:351 type:P dur:2 cpbdur:2 q:32.69 aq:23.83 tex:9743 mv:1932 misc:2253 imb:48 pmb:387 smb:7725 d:- ref:0 ;
in:351 out:352 type:b dur:2 cpbdur:2 q:32.69 aq:29.74 tex:76 mv:38 misc:422 imb:1 pmb:5 smb:8154 d:- ref:0 ;
in:354 out:353 type:P dur:2 cpbdur:2 q:32.65 aq:24.40 tex:14322 mv:2489 misc:2853 imb:47 pmb:564 smb:7549 d:- ref:0 ;
in:353 out:354 type:b dur:2 cpbdur:2 q:32.67 aq:31.57 tex:256 mv:123 misc:461 imb:5 pmb:6 smb:8149 d:- ref:0 ;
in:356 out:355 type:P dur:2 cpbdur:2 q:32.66 aq:24.39 tex:8670 mv:1673 misc:2025 imb:29 pmb:358 smb:7773 d:- ref:0 ;
in:355 out:356 type:b dur:2 cpbdur:2 q:32.65 aq:34.25 tex:444 mv:96 misc:444 imb:3 pmb:9 smb:8148 d:- ref:0 ;
in:358 out:357 type:P dur:2 cpbdur:2 q:32.62 aq:23.41 tex:15754 mv:2655 misc:2927 imb:80 pmb:577 smb:7503 d:- ref:0 ;
in:357 out:358 type:b dur:2 cpbdur:2 q:32.64 aq:33.09 tex:420 mv:126 misc:438 imb:1 pmb:14 smb:8145 d:- ref:0 ;
in:360 out:359 type:P dur:2 cpbdur:2 q:32.62 aq:24.04 tex:9514 mv:1820 misc:2138 imb:27 pmb:397 smb:7736 d:- ref:0 ;
in:359 out:360 type:b dur:2 cpbdur:2 q:32.62 aq:33.01 tex:351 mv:71 misc:450 imb:0 pmb:13 smb:8147 d:- ref:0 ;
in:362 out:361 type:P dur:2 cpbdur:2 q:32.58 aq:23.67 tex:16272 mv:2554 misc:3022 imb:60 pmb:606 smb:7494 d:- ref:0 ;
in:361 out:362 type:b dur:2 cpbdur:2 q:32.60 aq:33.00 tex:212 mv:48 misc:428 imb:2 pmb:6 smb:8152 d:- ref:0 ;
in:364 out:363 type:P dur:2 cpbdur:2 q:32.59 aq:23.38 tex:10138 mv:1936 misc:2238 imb:53 pmb:410 smb:7697 d:- ref:0 ;
in:363 out:364 type:b dur:2 cpbdur:2 q:32.59 aq:31.00 tex:2 mv:33 misc:413 imb:0 pmb:3 smb:8157 d:- ref:0 ;
in:366 out:365 type:P dur:2 cpbdur:2 q:32.55 aq:23.11 tex:16778 mv:2716 misc:2994 imb:78 pmb:603 smb:7479 d:- ref:0 ;
in:365 out:366 type:b dur:2 cpbdur:2 q:32.57 aq:28.17 tex:22 mv:46 misc:420 imb:3 pmb:1 smb:8156 d:- ref:0 ;
in:368 out:367 type:P dur:2 cpbdur:2 q:32.55 aq:23.89 tex:8116 mv:1747 misc:2057 imb:41 pmb:343 smb:7776 d:- ref:0 ;
in:367 out:368 type:b dur:2 cpbdur:2 q:32.55 aq:30.76 tex:149 mv:54 misc:453 imb:3 pmb:5 smb:8152 d:- ref:0 ;
in:370 out:369 type:P dur:2 cpbdur:2 q:32.50 aq:23.74 tex:15470 mv:2568 misc:2898 imb:71 pmb:597 smb:7492 d:- ref:0 ;
in:369 out:370 type:b dur:2 cpbdur:2 q:32.52 aq:32.99 tex:99 mv:39 misc:430 imb:1 pmb:5 smb:8154 d:- ref:0 ;
in:372 out:371 type:P dur:2 cpbdur:2 q:32.47 aq:23.80 tex:9316 mv:1675 misc:2097 imb:46 pmb:350 smb:7764 d:- ref:0 ;
in:371 out:372 type:b dur:2 cpbdur:2 q:32.48 aq:25.03 tex:187 mv:59 misc:426 imb:2 pmb:4 smb:8154 d:- ref:0 ;
in:374 out:373 type:P dur:2 cpbdur:2 q:32.43 aq:23.59 tex:15539 mv:2756 misc:2993 imb:85 pmb:576 smb:7499 d:- ref:0 ;
in:373 out:374 type:b dur:2 cpbdur:2 q:32.45 aq:32.42 tex:389 mv:138 misc:449 imb:3 pmb:11 smb:8146 d:- ref:0 ;
in:376 out:375 type:P dur:2 cpbdur:2 q:32.45 aq:23.85 tex:12260 mv:1793 misc:2059 imb:31 pmb:392 smb:7737 d:- ref:0 ;
in:375 out:376 type:b dur:2 cpbdur:2 q:32.44 aq:30.66 tex:595 mv:147 misc:482 imb:1 pmb:20 smb:8139 d:- ref:0 ;
in:378 out:377 type:P dur:2 cpbdur:2 q:32.41 aq:23.12 tex:16052 mv:2681 misc:2947 imb:77 pmb:584 smb:7499 d:- ref:0 ;
in:377 out:378 type:b dur:2 cpbdur:2 q:32.43 aq:27.30 tex:569 mv:123 misc:476 imb:2 pmb:16 smb:8142 d:- ref:0 ;
in:380 out:379 type:P dur:2 cpbdur:2 q:32.40 aq:23.65 tex:9817 mv:1694 misc:2073 imb:38 pmb:369 smb:7753 d:- ref:0 ;
in:379 out:380 type:b dur:2 cpbdur:2 q:32.40 aq:29.42 tex:340 mv:92 misc:456 imb:6 pmb:7 smb:8147 d:- ref:0 ;
in:382 out:381 type:P dur:2 cpbdur:2 q:32.36 aq:23.38 tex:15630 mv:2618 misc:2944 imb:75 pmb:596 smb:7489 d:- ref:0 ;
in:381 out:382 type:b dur:2 cpbdur:2 q:32.38 aq:29.86 tex:175 mv:49 misc:448 imb:3 pmb:5 smb:8152 d:- ref:0 ;
in:384 out:383 type:P dur:2 cpbdur:2 q:32.37 aq:23.03 tex:10485 mv:1770 misc:2097 imb:38 pmb:386 smb:7736 d:- ref:0 ;
in:383 out:384 type:b dur:2 cpbdur:2 q:32.37 aq:33.02 tex:164 mv:45 misc:447 imb:2 pmb:7 smb:8151 d:- ref:0 ;
in:386 out:385 type:P dur:2 cpbdur:2 q:32.33 aq:23.50 tex:16698 mv:2466 misc:2940 imb:72 pmb:577 smb:7511 d:- ref:0 ;
in:385 out:386 type:b dur:2 cpbdur:2 q:32.35 aq:30.00 tex:185 mv:71 misc:456 imb:4 pmb:6 smb:8150 d:- ref:0 ;
in:388 out:387 type:P dur:2 cpbdur:2 q:32.35 aq:24.61 tex:10078 mv:1529 misc:1873 imb:30 pmb:345 smb:7785 d:- ref:0 ;
in:387 out:388 type:b dur:2 cpbdur:2 q:32.34 aq:33.10 tex:146 mv:52 misc:442 imb:2 pmb:7 smb:8151 d:- ref:0 ;
in:390 out:389 type:P dur:2 cpbdur:2 q:32.30 aq:24.07 tex:16206 mv:2447 misc:2539 imb:60 pmb:548 smb:7552 d:- ref:0 ;
in:389 out:390 type:b dur:2 cpbdur:2 q:32.33 aq:34.23 tex:233 mv:101 misc:442 imb:2 pmb:9 smb:8149 d:- ref:0 ;
in:392 out:391 type:P dur:2 cpbdur:2 q:32.28 aq:23.73 tex:10751 mv:1655 misc:1938 imb:24 pmb:365 smb:7771 d:- ref:0 ;
in:391 out:392 type:b dur:2 cpbdur:2 q:32.29 aq:33.00 tex:480 mv:82 misc:438 imb:3 pmb:9 smb:8148 d:- ref:0 ;
in:394 out:393 type:P dur:2 cpbdur:2 q:32.25 aq:23.77 tex:17782 mv:2460 misc:2670 imb:58 pmb:591 smb:7511 d:- ref:0 ;
in:393 out:394 type:b dur:2 cpbdur:2 q:32.27 aq:28.96 tex:337 mv:102 misc:465 imb:1 pmb:14 smb:8145 d:- ref:0 ;
in:396 out:395 type:P dur:2 cpbdur:2 q:32.26 aq:23.85 tex:12032 mv:1676 misc:1836 imb:18 pmb:377 smb:7765 d:- ref:0 ;
in:395 out:396 type:b dur:2 cpbdur:2 q:32.26 aq:30.65 tex:391 mv:125 misc:436 imb:1 pmb:12 smb:8147 d:- ref:0 ;
in:398 out:397 type:P dur:2 cpbdur:2 q:32.22 aq:24.80 tex:18403 mv:2141 misc:2368 imb:27 pmb:544 smb:7589 d:- ref:0 ;
in:397 out:398 type:b dur:2 cpbdur:2 q:32.24 aq:28.94 tex:312 mv:105 misc:471 imb:2 pmb:12 smb:8146 d:- ref:0 ;
in:402 out:399 type:P dur:2 cpbdur:2 q:32.20 aq:23.57 tex:42764 mv:5553 misc:4675 imb:176 pmb:1300 smb:6684 d:- ref:0 ;
in:400 out:400 type:B dur:2 cpbdur:2 q:32.21 aq:30.01 tex:303 mv:118 misc:547 imb:5 pmb:20 smb:8135 d:- ref:0 ;
in:399 out:401 type:b dur:2 cpbdur:2 q:32.21 aq:28.05 tex:210 mv:68 misc:450 imb:4 pmb:7 smb:8149 d:- ref:0 ;
in:401 out:402 type:b dur:2 cpbdur:2 q:32.20 aq:30.86 tex:41 mv:22 misc:401 imb:2 pmb:0 smb:8158 d:- ref:0 ;
in:404 out:403 type:P dur:2 cpbdur:2 q:32.78 aq:22.89 tex:12611 mv:1831 misc:3006 imb:94 pmb:477 smb:7589 d:- ref:0 ;
in:403 out:404 type:b dur:2 cpbdur:2 q:32.49 aq:30.93 tex:46 mv:15 misc:419 imb:0 pmb:4 smb:8156 d:- ref:0 ;
in:406 out:405 type:P dur:2 cpbdur:2 q:32.78 aq:23.77 tex:7833 mv:695 misc:1680 imb:26 pmb:218 smb:7916 d:- ref:0 ;
in:405 out:406 type:b dur:2 cpbdur:2 q:32.78 aq:29.65 tex:28 mv:19 misc:409 imb:1 pmb:4 smb:8155 d:- ref:0 ;
in:408 out:407 type:P dur:2 cpbdur:2 q:32.79 aq:24.03 tex:12424 mv:1577 misc:2687 imb:46 pmb:462 smb:7652 d:- ref:0 ;
in:407 out:408 type:b dur:2 cpbdur:2 q:32.79 aq:31.91 tex:47 mv:32 misc:409 imb:2 pmb:2 smb:8156 d:- ref:0 ;
in:410 out:409 type:P dur:2 cpbdur:2 q:32.73 aq:24.82 tex:6832 mv:701 misc:1755 imb:17 pmb:249 smb:7894 d:- ref:0 ;
in:409 out:410 type:b dur:2 cpbdur:2 q:32.76 aq:31.94 tex:23 mv:26 misc:407 imb:2 pmb:1 smb:8157 d:- ref:0 ;
in:412 out:411 type:P dur:2 cpbdur:2 q:32.75 aq:22.64 tex:12854 mv:1498 misc:2752 imb:66 pmb:454 smb:7640 d:- ref:0 ;
in:411 out:412 type:b dur:2 cpbdur:2 q:32.74 aq:29.59 tex:62 mv:32 misc:418 imb:2 pmb:2 smb:8156 d:- ref:0 ;
in:414 out:413 type:P dur:2 cpbdur:2 q:32.72 aq:23.13 tex:7180 mv:855 misc:1885 imb:30 pmb:269 smb:7861 d:- ref:0 ;
in:413 out:414 type:b dur:2 cpbdur:2 q:32.74 aq:32.77 tex:47 mv:37 misc:420 imb:3 pmb:1 smb:8156 d:- ref:0 ;
in:416 out:415 type:P dur:2 cpbdur:2 q:32.74 aq:22.92 tex:12041 mv:1648 misc:2751 imb:73 pmb:453 smb:7634 d:- ref:0 ;
in:415 out:416 type:b dur:2 cpbdur:2 q:32.73 aq:31.95 tex:48 mv:30 misc:410 imb:2 pmb:2 smb:8156 d:- ref:0 ;
in:418 out:417 type:P dur:2 cpbdur:2 q:32.53 aq:23.35 tex:8204 mv:1058 misc:2218 imb:43 pmb:321 smb:7796 d:- ref:0 ;
in:417 out:418 type:b dur:2 cpbdur:2 q:32.64 aq:31.92 tex:18 mv:12 misc:394 imb:1 pmb:0 smb:8159 d:- ref:0 ;
in:420 out:419 type:P dur:2 cpbdur:2 q:32.39 aq:22.93 tex:15561 mv:1908 misc:3075 imb:76 pmb:560 smb:7524 d:- ref:0 ;
in:419 out:420 type:b dur:2 cpbdur:2 q:32.46 aq:31.96 tex:20 mv:21 misc:399 imb:2 pmb:0 smb:8158 d:- ref:0 ;
in:422 out:421 type:P dur:2 cpbdur:2 q:32.13 aq:24.32 tex:9225 mv:948 misc:2187 imb:28 pmb:339 smb:7793 d:- ref:0 ;
in:421 out:422 type:b dur:2 cpbdur:2 q:32.26 aq:23.07 tex:56 mv:61 misc:427 imb:3 pmb:3 smb:8154 d:- ref:0 ;
in:424 out:423 type:P dur:2 cpbdur:2 q:32.04 aq:23.65 tex:16395 mv:1903 misc:3174 imb:70 pmb:575 smb:7515 d:- ref:0 ;
in:423 out:424 type:b dur:2 cpbdur:2 q:32.08 aq:23.50 tex:61 mv:8 misc:403 imb:0 pmb:2 smb:8158 d:- ref:0 ;
in:426 out:425 type:P dur:2 cpbdur:2 q:32.00 aq:23.31 tex:9136 mv:1086 misc:2234 imb:35 pmb:346 smb:7779 d:- ref:0 ;
in:425 out:426 type:b dur:2 cpbdur:2 q:32.02 aq:29.00 tex:63 mv:19 misc:414 imb:1 pmb:2 smb:8157 d:- ref:0 ;
in:428 out:427 type:P dur:2 cpbdur:2 q:31.94 aq:22.67 tex:18067 mv:2139 misc:3394 imb:81 pmb:649 smb:7430 d:- ref:0 ;
in:427 out:428 type:b dur:2 cpbdur:2 q:31.97 aq:29.90 tex:126 mv:51 misc:447 imb:2 pmb:6 smb:8152 d:- ref:0 ;
in:430 out:429 type:P dur:2 cpbdur:2 q:31.92 aq:23.94 tex:10639 mv:1188 misc:2405 imb:36 pmb:394 smb:7730 d:- ref:0 ;
in:429 out:430 type:b dur:2 cpbdur:2 q:31.93 aq:22.56 tex:31 mv:33 misc:408 imb:3 pmb:0 smb:8157 d:- ref:0 ;
in:432 out:431 type:P dur:2 cpbdur:2 q:31.87 aq:22.13 tex:18046 mv:2020 misc:3214 imb:75 pmb:603 smb:7482 d:- ref:0 ;
in:431 out:432 type:b dur:2 cpbdur:2 q:31.89 aq:24.76 tex:73 mv:78 misc:441 imb:3 pmb:5 smb:8152 d:- ref:0 ;
in:434 out:433 type:P dur:2 cpbdur:2 q:31.85 aq:22.97 tex:9484 mv:1228 misc:2336 imb:40 pmb:374 smb:7746 d:- ref:0 ;
in:433 out:434 type:b dur:2 cpbdur:2 q:31.86 aq:23.94 tex:85 mv:59 misc:432 imb:5 pmb:1 smb:8154 d:- ref:0 ;
in:436 out:435 type:P dur:2 cpbdur:2 q:31.81 aq:22.64 tex:20814 mv:2194 misc:3392 imb:86 pmb:655 smb:7419 d:- ref:0 ;
in:435 out:436 type:b dur:2 cpbdur:2 q:31.83 aq:30.70 tex:132 mv:46 misc:438 imb:2 pmb:7 smb:8151 d:- ref:0 ;
in:438 out:437 type:P dur:2 cpbdur:2 q:31.83 aq:23.65 tex:8449 mv:1087 misc:2248 imb:35 pmb:338 smb:7787 d:- ref:0 ;
in:437 out:438 type:b dur:2 cpbdur:2 q:31.82 aq:30.92 tex:81 mv:23 misc:416 imb:1 pmb:3 smb:8156 d:- ref:0 ;
in:440 out:439 type:P dur:2 cpbdur:2 q:31.80 aq:22.54 tex:17217 mv:2096 misc:3391 imb:77 pmb:607 smb:7476 d:- ref:0 ;
in:439 out:440 type:b dur:2 cpbdur:2 q:31.82 aq:31.63 tex:98 mv:34 misc:428 imb:2 pmb:3 smb:8155 d:- ref:0 ;
in:442 out:441 type:P dur:2 cpbdur:2 q:31.82 aq:22.95 tex:8746 mv:1081 misc:2253 imb:41 pmb:322 smb:7797 d:- ref:0 ;
in:441 out:442 type:b dur:2 cpbdur:2 q:31.81 aq:30.93 tex:95 mv:23 misc:410 imb:1 pmb:3 smb:8156 d:- ref:0 ;
in:444 out:443 type:P dur:2 cpbdur:2 q:31.80 aq:22.60 tex:18460 mv:2158 misc:3422 imb:71 pmb:655 smb:7434 d:- ref:0 ;
in:443 out:444 type:b dur:2 cpbdur:2 q:31.81 aq:30.93 tex:89 mv:41 misc:422 imb:2 pmb:3 smb:8155 d:- ref:0 ;
in:446 out:445 type:P dur:2 cpbdur:2 q:31.83 aq:23.07 tex:10353 mv:1134 misc:2377 imb:30 pmb:376 smb:7754 d:- ref:0 ;
in:445 out:446 type:b dur:2 cpbdur:2 q:31.81 aq:19.17 tex:103 mv:49 misc:432 imb:4 pmb:2 smb:8154 d:- ref:0 ;
in:448 out:447 type:P dur:2 cpbdur:2 q:31.79 aq:22.80 tex:18726 mv:1972 misc:3294 imb:73 pmb:623 smb:7464 d:- ref:0 ;
in:447 out:448 type:b dur:2 cpbdur:2 q:31.81 aq:27.68 tex:71 mv:41 misc:424 imb:3 pmb:2 smb:8155 d:- ref:0 ;
in:450 out:449 type:P dur:2 cpbdur:2 q:31.80 aq:22.96 tex:9275 mv:1023 misc:2214 imb:27 pmb:346 smb:7787 d:- ref:0 ;
in:449 out:450 type:b dur:2 cpbdur:2 q:31.80 aq:23.26 tex:54 mv:46 misc:428 imb:4 pmb:1 smb:8155 d:- ref:0 ;
in:452 out:451 type:P dur:2 cpbdur:2 q:31.76 aq:22.71 tex:18045 mv:2073 misc:3258 imb:67 pmb:633 smb:7460 d:- ref:0 ;
in:451 out:452 type:b dur:2 cpbdur:2 q:31.78 aq:28.85 tex:125 mv:42 misc:433 imb:2 pmb:5 smb:8153 d:- ref:0 ;
in:454 out:453 type:P dur:2 cpbdur:2 q:31.79 aq:22.99 tex:9834 mv:1137 misc:2285 imb:48 pmb:353 smb:7759 d:- ref:0 ;
in:453 out:454 type:b dur:2 cpbdur:2 q:31.77 aq:31.64 tex:142 mv:46 misc:436 imb:1 pmb:6 smb:8153 d:- ref:0 ;
in:456 out:455 type:P dur:2 cpbdur:2 q:31.76 aq:22.27 tex:20041 mv:2267 misc:3580 imb:74 pmb:701 smb:7385 d:- ref:0 ;
in:455 out:456 type:b dur:2 cpbdur:2 q:31.77 aq:26.69 tex:86 mv:39 misc:427 imb:1 pmb:4 smb:8155 d:- ref:0 ;
in:458 out:457 type:P dur:2 cpbdur:2 q:31.80 aq:22.81 tex:9724 mv:1063 misc:2293 imb:35 pmb:360 smb:7765 d:- ref:0 ;
in:457 out:458 type:b dur:2 cpbdur:2 q:31.78 aq:32.01 tex:77 mv:31 misc:420 imb:2 pmb:2 smb:8156 d:- ref:0 ;
in:460 out:459 type:P dur:2 cpbdur:2 q:31.74 aq:22.16 tex:18705 mv:2195 misc:3428 imb:76 pmb:633 smb:7451 d:- ref:0 ;
in:459 out:460 type:b dur:2 cpbdur:2 q:31.77 aq:24.25 tex:77 mv:41 misc:418 imb:2 pmb:3 smb:8155 d:- ref:0 ;
in:462 out:461 type:P dur:2 cpbdur:2 q:31.75 aq:23.25 tex:9989 mv:1057 misc:2290 imb:38 pmb:346 smb:7776 d:- ref:0 ;
in:461 out:462 type:b dur:2 cpbdur:2 q:31.74 aq:23.36 tex:104 mv:29 misc:427 imb:1 pmb:5 smb:8154 d:- ref:0 ;
in:464 out:463 type:P dur:2 cpbdur:2 q:31.70 aq:22.60 tex:18905 mv:2068 misc:3347 imb:63 pmb:642 smb:7455 d:- ref:0 ;
in:463 out:464 type:b dur:2 cpbdur:2 q:31.72 aq:19.22 tex:77 mv:25 misc:418 imb:1 pmb:3 smb:8156 d:- ref:0 ;
in:466 out:465 type:P dur:2 cpbdur:2 q:31.70 aq:23.04 tex:11944 mv:1104 misc:2304 imb:31 pmb:371 smb:7758 d:- ref:0 ;
in:465 out:466 type:b dur:2 cpbdur:2 q:31.70 aq:28.84 tex:59 mv:48 misc:437 imb:3 pmb:6 smb:8151 d:- ref:0 ;
in:468 out:467 type:P dur:2 cpbdur:2 q:31.67 aq:22.18 tex:19534 mv:2299 misc:3511 imb:72 pmb:678 smb:7410 d:- ref:0 ;
in:467 out:468 type:b dur:2 cpbdur:2 q:31.68 aq:23.57 tex:42 mv:33 misc:413 imb:3 pmb:0 smb:8157 d:- ref:0 ;
in:470 out:469 type:P dur:2 cpbdur:2 q:31.68 aq:23.35 tex:10233 mv:962 misc:2261 imb:35 pmb:350 smb:7775 d:- ref:0 ;
in:469 out:470 type:b dur:2 cpbdur:2 q:31.68 aq:23.20 tex:62 mv:38 misc:420 imb:3 pmb:1 smb:8156 d:- ref:0 ;
in:472 out:471 type:P dur:2 cpbdur:2 q:31.63 aq:23.08 tex:19338 mv:2019 misc:3339 imb:59 pmb:654 smb:7447 d:- ref:0 ;
in:471 out:472 type:b dur:2 cpbdur:2 q:31.66 aq:28.83 tex:132 mv:46 misc:438 imb:3 pmb:4 smb:8153 d:- ref:0 ;
in:474 out:473 type:P dur:2 cpbdur:2 q:31.63 aq:22.66 tex:10331 mv:1067 misc:2370 imb:29 pmb:381 smb:7750 d:- ref:0 ;
in:473 out:474 type:b dur:2 cpbdur:2 q:31.63 aq:30.93 tex:97 mv:54 misc:433 imb:4 pmb:3 smb:8153 d:- ref:0 ;
in:476 out:475 type:P dur:2 cpbdur:2 q:31.60 aq:22.13 tex:21827 mv:2367 misc:3574 imb:91 pmb:714 smb:7355 d:- ref:0 ;
in:475 out:476 type:b dur:2 cpbdur:2 q:31.62 aq:29.00 tex:74 mv:29 misc:417 imb:1 pmb:3 smb:8156 d:- ref:0 ;
in:478 out:477 type:P dur:2 cpbdur:2 q:31.62 aq:22.76 tex:9516 mv:1138 misc:2274 imb:39 pmb:352 smb:7769 d:- ref:0 ;
in:477 out:478 type:b dur:2 cpbdur:2 q:31.61 aq:28.52 tex:88 mv:37 misc:435 imb:2 pmb:4 smb:8154 d:- ref:0 ;
in:480 out:479 type:P dur:2 cpbdur:2 q:31.59 aq:22.61 tex:20567 mv:2507 misc:3534 imb:81 pmb:728 smb:7351 d:- ref:0 ;
in:479 out:480 type:b dur:2 cpbdur:2 q:31.61 aq:20.66 tex:129 mv:61 misc:458 imb:4 pmb:5 smb:8151 d:- ref:0 ;
in:482 out:481 type:P dur:2 cpbdur:2 q:31.61 aq:23.86 tex:9424 mv:1210 misc:2230 imb:33 pmb:343 smb:7784 d:- ref:0 ;
in:481 out:482 type:b dur:2 cpbdur:2 q:31.60 aq:26.72 tex:173 mv:48 misc:435 imb:3 pmb:4 smb:8153 d:- ref:0 ;
in:484 out:483 type:P dur:2 cpbdur:2 q:31.57 aq:22.22 tex:20141 mv:2251 misc:3448 imb:72 pmb:675 smb:7413 d:- ref:0 ;
in:483 out:484 type:b dur:2 cpbdur:2 q:31.59 aq:20.74 tex:53 mv:40 misc:419 imb:3 pmb:2 smb:8155 d:- ref:0 ;
in:486 out:485 type:P dur:2 cpbdur:2 q:31.57 aq:23.26 tex:9664 mv:1103 misc:2393 imb:39 pmb:358 smb:7763 d:- ref:0 ;
in:485 out:486 type:b dur:2 cpbdur:2 q:31.57 aq:20.52 tex:90 mv:58 misc:436 imb:4 pmb:3 smb:8153 d:- ref:0 ;
in:488 out:487 type:P dur:2 cpbdur:2 q:31.53 aq:22.65 tex:22158 mv:2488 misc:3586 imb:90 pmb:732 smb:7338 d:- ref:0 ;
in:487 out:488 type:b dur:2 cpbdur:2 q:31.55 aq:28.87 tex:206 mv:61 misc:445 imb:4 pmb:4 smb:8152 d:- ref:0 ;
in:490 out:489 type:P dur:2 cpbdur:2 q:31.55 aq:22.66 tex:11361 mv:1186 misc:2421 imb:40 pmb:395 smb:7725 d:- ref:0 ;
in:489 out:490 type:b dur:2 cpbdur:2 q:31.54 aq:30.94 tex:97 mv:15 misc:416 imb:0 pmb:4 smb:8156 d:- ref:0 ;
in:492 out:491 type:P dur:2 cpbdur:2 q:31.51 aq:22.42 tex:22433 mv:2438 misc:3585 imb:86 pmb:730 smb:7344 d:- ref:0 ;
in:491 out:492 type:b dur:2 cpbdur:2 q:31.53 aq:28.59 tex:76 mv:40 misc:428 imb:3 pmb:2 smb:8155 d:- ref:0 ;
in:494 out:493 type:P dur:2 cpbdur:2 q:31.55 aq:23.18 tex:10247 mv:1125 misc:2268 imb:36 pmb:359 smb:7765 d:- ref:0 ;
in:493 out:494 type:b dur:2 cpbdur:2 q:31.53 aq:28.88 tex:142 mv:43 misc:447 imb:1 pmb:9 smb:8150 d:- ref:0 ;
in:496 out:495 type:P dur:2 cpbdur:2 q:31.50 aq:22.36 tex:23281 mv:2298 misc:3501 imb:87 pmb:669 smb:7404 d:- ref:0 ;
in:495 out:496 type:b dur:2 cpbdur:2 q:31.52 aq:22.04 tex:113 mv:45 misc:442 imb:2 pmb:8 smb:8150 d:- ref:0 ;
in:498 out:497 type:P dur:2 cpbdur:2 q:31.53 aq:22.95 tex:9371 mv:1060 misc:2257 imb:38 pmb:344 smb:7778 d:- ref:0 ;
in:497 out:498 type:b dur:2 cpbdur:2 q:31.51 aq:24.10 tex:94 mv:59 misc:439 imb:3 pmb:4 smb:8153 d:- ref:0 ;
in:499 out:499 type:P dur:2 cpbdur:2 q:31.50 aq:27.19 tex:112 mv:49 misc:463 imb:6 pmb:1 smb:8153 d:- ref:0 ;
in:500 out:500 type:I dur:2 cpbdur:2 q:28.70 aq:19.59 tex:549631 mv:147484 misc:693 imb:8160 pmb:0 smb:0 d:- ref:;
in:502 out:501 type:P dur:2 cpbdur:2 q:34.38 aq:26.00 tex:1796 mv:187 misc:817 imb:11 pmb:53 smb:8096 d:- ref:0 ;
in:501 out:502 type:b dur:2 cpbdur:2 q:34.38 aq:31.65 tex:28 mv:43 misc:417 imb:4 pmb:0 smb:8156 d:- ref:0 ;
in:504 out:503 type:P dur:2 cpbdur:2 q:34.28 aq:24.18 tex:3812 mv:606 misc:1358 imb:42 pmb:128 smb:7990 d:- ref:0 ;
in:503 out:504 type:b dur:2 cpbdur:2 q:34.33 aq:32.97 tex:21 mv:11 misc:392 imb:1 pmb:0 smb:8159 d:- ref:0 ;
in:506 out:505 type:P dur:2 cpbdur:2 q:34.25 aq:25.12 tex:2564 mv:343 misc:1005 imb:12 pmb:90 smb:8058 d:- ref:0 ;
in:505 out:506 type:b dur:2 cpbdur:2 q:34.27 aq:33.00 tex:0 mv:0 misc:384 imb:0 pmb:0 smb:8160 d:- ref:0 ;
in:508 out:507 type:P dur:2 cpbdur:2 q:34.16 aq:23.73 tex:4171 mv:677 misc:1520 imb:35 pmb:163 smb:7962 d:- ref:0 ;
in:507 out:508 type:b dur:2 cpbdur:2 q:34.21 aq:33.00 tex:0 mv:0 misc:384 imb:0 pmb:0 smb:8160 d:- ref:0 ;
in:510 out:509 type:P dur:2 cpbdur:2 q:34.13 aq:24.63 tex:2726 mv:444 misc:1142 imb:22 pmb:104 smb:8034 d:- ref:0 ;
in:509 out:510 type:b dur:2 cpbdur:2 q:34.15 aq:31.56 tex:22 mv:11 misc:399 imb:1 pmb:0 smb:8159 d:- ref:0 ;
in:512 out:511 type:P dur:2 cpbdur:2 q:34.04 aq:23.20 tex:5237 mv:959 misc:1788 imb:60 pmb:202 smb:7898 d:- ref:0 ;
in:511 out:512 type:b dur:2 cpbdur:2 q:34.09 aq:32.94 tex:19 mv:23 misc:398 imb:2 pmb:0 smb:8158 d:- ref:0 ;
in:514 out:513 type:P dur:2 cpbdur:2 q:34.02 aq:24.78 tex:3071 mv:368 misc:1145 imb:7 pmb:120 smb:8033 d:- ref:0 ;
in:513 out:514 type:b dur:2 cpbdur:2 q:34.03 aq:31.66 tex:21 mv:12 misc:399 imb:1 pmb:0 smb:8159 d:- ref:0 ;
in:516 out:515 type:P dur:2 cpbdur:2 q:33.92 aq:23.06 tex:5536 mv:898 misc:1822 imb:46 pmb:226 smb:7888 d:- ref:0 ;
in:515 out:516 type:b dur:2 cpbdur:2 q:33.97 aq:32.89 tex:29 mv:22 misc:405 imb:2 pmb:0 smb:8158 d:- ref:0 ;
in:518 out:517 type:P dur:2 cpbdur:2 q:33.85 aq:24.26 tex:3605 mv:468 misc:1191 imb:14 pmb:123 smb:8023 d:- ref:0 ;
in:517 out:518 type:b dur:2 cpbdur:2 q:33.89 aq:33.85 tex:23 mv:6 misc:395 imb:0 pmb:1 smb:8159 d:- ref:0 ;
in:520 out:519 type:P dur:2 cpbdur:2 q:33.87 aq:23.07 tex:4781 mv:863 misc:1708 imb:36 pmb:208 smb:7916 d:- ref:0 ;
in:519 out:520 type:b dur:2 cpbdur:2 q:33.86 aq:32.95 tex:43 mv:28 misc:401 imb:2 pmb:1 smb:8157 d:- ref:0 ;
in:522 out:521 type:P dur:2 cpbdur:2 q:33.80 aq:25.03 tex:3377 mv:437 misc:1194 imb:17 pmb:119 smb:8024 d:- ref:0 ;
in:521 out:522 type:b dur:2 cpbdur:2 q:33.84 aq:32.98 tex:23 mv:12 misc:397 imb:1 pmb:0 smb:8159 d:- ref:0 ;
in:524 out:523 type:P dur:2 cpbdur:2 q:33.72 aq:23.46 tex:6600 mv:942 misc:1890 imb:48 pmb:238 smb:7874 d:- ref:0 ;
in:523 out:524 type:b dur:2 cpbdur:2 q:33.76 aq:33.00 tex:0 mv:0 misc:384 imb:0 pmb:0 smb:8160 d:- ref:0 ;
in:526 out:525 type:P dur:2 cpbdur:2 q:33.65 aq:25.33 tex:6749 mv:518 misc:1381 imb:10 pmb:181 smb:7969 d:- ref:0 ;
in:525 out:526 type:b dur:2 cpbdur:2 q:33.69 aq:32.57 tex:20 mv:24 misc:420 imb:1 pmb:5 smb:8154 d:- ref:0 ;
in:528 out:527 type:P dur:2 cpbdur:2 q:33.59 aq:23.78 tex:7690 mv:984 misc:2094 imb:55 pmb:275 smb:7830 d:- ref:0 ;
in:527 out:528 type:b dur:2 cpbdur:2 q:33.62 aq:32.97 tex:15 mv:17 misc:408 imb:1 pmb:1 smb:8158 d:- ref:0 ;
in:530 out:529 type:P dur:2 cpbdur:2 q:33.54 aq:25.22 tex:4703 mv:568 misc:1489 imb:20 pmb:175 smb:7965 d:- ref:0 ;
in:529 out:530 type:b dur:2 cpbdur:2 q:33.57 aq:33.00 tex:0 mv:0 misc:384 imb:0 pmb:0 smb:8160 d:- ref:0 ;
in:532 out:531 type:P dur:2 cpbdur:2 q:33.48 aq:24.06 tex:7505 mv:1150 misc:2081 imb:42 pmb:299 smb:7819 d:- ref:0 ;
in:531 out:532 type:b dur:2 cpbdur:2 q:33.51 aq:32.94 tex:38 mv:17 misc:401 imb:1 pmb:1 smb:8158 d:- ref:0 ;
in:534 out:533 type:P dur:2 cpbdur:2 q:33.44 aq:25.94 tex:3974 mv:508 misc:1398 imb:16 pmb:161 smb:7983 d:- ref:0 ;
in:533 out:534 type:b dur:2 cpbdur:2 q:33.46 aq:32.85 tex:34 mv:8 misc:398 imb:0 pmb:2 smb:8158 d:- ref:0 ;
in:536 out:535 type:P dur:2 cpbdur:2 q:33.38 aq:23.15 tex:6714 mv:955 misc:1923 imb:33 pmb:265 smb:7862 d:- ref:0 ;
in:535 out:536 type:b dur:2 cpbdur:2 q:33.41 aq:31.93 tex:18 mv:11 misc:395 imb:1 pmb:0 smb:8159 d:- ref:0 ;
in:538 out:537 type:P dur:2 cpbdur:2 q:33.32 aq:24.56 tex:5093 mv:565 misc:1470 imb:20 pmb:180 smb:7960 d:- ref:0 ;
in:537 out:538 type:b dur:2 cpbdur:2 q:33.35 aq:31.97 tex:36 mv:16 misc:404 imb:1 pmb:1 smb:8158 d:- ref:0 ;
in:540 out:539 type:P dur:2 cpbdur:2 q:33.25 aq:23.83 tex:8197 mv:1065 misc:2042 imb:42 pmb:297 smb:7821 d:- ref:0 ;
in:539 out:540 type:b dur:2 cpbdur:2 q:33.28 aq:31.96 tex:27 mv:5 misc:392 imb:0 pmb:1 smb:8159 d:- ref:0 ;
in:542 out:541 type:P dur:2 cpbdur:2 q:33.20 aq:24.53 tex:5157 mv:572 misc:1503 imb:20 pmb:188 smb:7952 d:- ref:0 ;
in:541 out:542 type:b dur:2 cpbdur:2 q:33.22 aq:31.94 tex:20 mv:12 misc:392 imb:1 pmb:0 smb:8159 d:- ref:0 ;
in:544 out:543 type:P dur:2 cpbdur:2 q:33.15 aq:23.47 tex:9121 mv:1175 misc:2264 imb:49 pmb:346 smb:7765 d:- ref:0 ;
in:543 out:544 type:b dur:2 cpbdur:2 q:33.17 aq:31.97 tex:48 mv:17 misc:399 imb:1 pmb:1 smb:8158 d:- ref:0 ;
in:546 out:545 type:P dur:2 cpbdur:2 q:33.10 aq:24.44 tex:6112 mv:688 misc:1688 imb:26 pmb:224 smb:7910 d:- ref:0 ;
in:545 out:546 type:b dur:2 cpbdur:2 q:33.12 aq:31.96 tex:26 mv:23 misc:399 imb:2 pmb:0 smb:8158 d:- ref:0 ;
in:548 out:547 type:P dur:2 cpbdur:2 q:33.04 aq:23.49 tex:8994 mv:1269 misc:2321 imb:45 pmb:349 smb:7766 d:- ref:0 ;
in:547 out:548 type:b dur:2 cpbdur:2 q:33.07 aq:31.97 tex:49 mv:8 misc:407 imb:0 pmb:2 smb:8158 d:- ref:0 ;
in:550 out:549 type:P dur:2 cpbdur:2 q:33.00 aq:24.98 tex:4960 mv:573 misc:1459 imb:13 pmb:187 smb:7960 d:- ref:0 ;
in:549 out:550 type:b dur:2 cpbdur:2 q:33.02 aq:31.98 tex:25 mv:10 misc:405 imb:0 pmb:2 smb:8158 d:- ref:0 ;
in:552 out:551 type:P dur:2 cpbdur:2 q:32.92 aq:24.38 tex:9597 mv:1334 misc:2325 imb:35 pmb:385 smb:7740 d:- ref:0 ;
in:551 out:552 type:b dur:2 cpbdur:2 q:32.96 aq:32.00 tex:0 mv:0 misc:384 imb:0 pmb:0 smb:8160 d:- ref:0 ;
in:554 out:553 type:P dur:2 cpbdur:2 q:32.86 aq:23.58 tex:5507 mv:673 misc:1596 imb:17 pmb:208 smb:7935 d:- ref:0 ;
in:553 out:554 type:b dur:2 cpbdur:2 q:32.89 aq:32.00 tex:45 mv:8 misc:403 imb:0 pmb:2 smb:8158 d:- ref:0 ;
in:556 out:555 type:P dur:2 cpbdur:2 q:32.82 aq:23.53 tex:17016 mv:1492 misc:2580 imb:69 pmb:416 smb:7675 d:- ref:0 ;
in:555 out:556 type:b dur:2 cpbdur:2 q:32.84 aq:31.90 tex:37 mv:19 misc:416 imb:0 pmb:8 smb:8152 d:- ref:0 ;
in:558 out:557 type:P dur:2 cpbdur:2 q:32.81 aq:24.40 tex:5342 mv:723 misc:1623 imb:20 pmb:223 smb:7917 d:- ref:0 ;
in:557 out:558 type:b dur:2 cpbdur:2 q:32.82 aq:32.98 tex:75 mv:25 misc:420 imb:0 pmb:4 smb:8156 d:- ref:0 ;
in:560 out:559 type:P dur:2 cpbdur:2 q:32.77 aq:23.41 tex:11157 mv:1595 misc:2648 imb:58 pmb:429 smb:7673 d:- ref:0 ;
in:559 out:560 type:b dur:2 cpbdur:2 q:32.79 aq:31.97 tex:27 mv:8 misc:405 imb:0 pmb:2 smb:8158 d:- ref:0 ;
in:562 out:561 type:P dur:2 cpbdur:2 q:32.74 aq:24.13 tex:5802 mv:756 misc:1674 imb:18 pmb:239 smb:7903 d:- ref:0 ;
in:561 out:562 type:b dur:2 cpbdur:2 q:32.75 aq:31.94 tex:51 mv:28 misc:409 imb:2 pmb:1 smb:8157 d:- ref:0 ;
in:564 out:563 type:P dur:2 cpbdur:2 q:32.69 aq:23.21 tex:11220 mv:1282 misc:2370 imb:35 pmb:408 smb:7717 d:- ref:0 ;
in:563 out:564 type:b dur:2 cpbdur:2 q:32.72 aq:31.85 tex:38 mv:16 misc:402 imb:1 pmb:1 smb:8158 d:- ref:0 ;
in:566 out:565 type:P dur:2 cpbdur:2 q:32.66 aq:23.67 tex:6289 mv:736 misc:1759 imb:21 pmb:242 smb:7897 d:- ref:0 ;
in:565 out:566 type:b dur:2 cpbdur:2 q:32.67 aq:32.00 tex:0 mv:0 misc:384 imb:0 pmb:0 smb:8160 d:- ref:0 ;
in:568 out:567 type:P dur:2 cpbdur:2 q:32.62 aq:23.23 tex:12940 mv:1609 misc:2675 imb:55 pmb:469 smb:7636 d:- ref:0 ;
in:567 out:568 type:b dur:2 cpbdur:2 q:32.64 aq:31.94 tex:64 mv:18 misc:406 imb:1 pmb:1 smb:8158 d:- ref:0 ;
in:570 out:569 type:P dur:2 cpbdur:2 q:32.62 aq:24.29 tex:5463 mv:687 misc:1634 imb:22 pmb:207 smb:7931 d:- ref:0 ;
in:569 out:570 type:b dur:2 cpbdur:2 q:32.62 aq:31.93 tex:20 mv:11 misc:393 imb:1 pmb:0 smb:8159 d:- ref:0 ;
in:572 out:571 type:P dur:2 cpbdur:2 q:32.55 aq:23.96 tex:12787 mv:1393 misc:2604 imb:65 pmb:432 smb:7663 d:- ref:0 ;
in:571 out:572 type:b dur:2 cpbdur:2 q:32.58 aq:31.97 tex:44 mv:11 misc:409 imb:0 pmb:3 smb:8157 d:- ref:0 ;
in:574 out:573 type:P dur:2 cpbdur:2 q:32.53 aq:24.06 tex:5623 mv:744 misc:1713 imb:22 pmb:223 smb:7915 d:- ref:0 ;
in:573 out:574 type:b dur:2 cpbdur:2 q:32.54 aq:31.94 tex:35 mv:16 misc:405 imb:1 pmb:1 smb:8158 d:- ref:0 ;
in:576 out:575 type:P dur:2 cpbdur:2 q:32.47 aq:23.86 tex:11879 mv:1381 misc:2628 imb:49 pmb:430 smb:7681 d:- ref:0 ;
in:575 out:576 type:b dur:2 cpbdur:2 q:32.50 aq:30.94 tex:46 mv:19 misc:407 imb:1 pmb:2 smb:8157 d:- ref:0 ;
in:578 out:577 type:P dur:2 cpbdur:2 q:32.44 aq:23.44 tex:6078 mv:868 misc:1902 imb:22 pmb:254 smb:7884 d:- ref:0 ;
in:577 out:578 type:b dur:2 cpbdur:2 q:32.46 aq:22.23 tex:50 mv:27 misc:411 imb:1 pmb:2 smb:8157 d:- ref:0 ;
in:580 out:579 type:P dur:2 cpbdur:2 q:32.42 aq:23.02 tex:14002 mv:1958 misc:3040 imb:66 pmb:517 smb:7577 d:- ref:0 ;
in:579 out:580 type:b dur:2 cpbdur:2 q:32.43 aq:30.93 tex:39 mv:17 misc:400 imb:1 pmb:1 smb:8158 d:- ref:0 ;
in:582 out:581 type:P dur:2 cpbdur:2 q:32.43 aq:23.62 tex:6989 mv:787 misc:1912 imb:29 pmb:264 smb:7867 d:- ref:0 ;
in:581 out:582 type:b dur:2 cpbdur:2 q:32.43 aq:31.00 tex:20 mv:5 misc:399 imb:0 pmb:1 smb:8159 d:- ref:0 ;
in:584 out:583 type:P dur:2 cpbdur:2 q:32.38 aq:23.48 tex:13487 mv:1612 misc:2805 imb:65 pmb:475 smb:7620 d:- ref:0 ;
in:583 out:584 type:b dur:2 cpbdur:2 q:32.41 aq:30.77 tex:83 mv:49 misc:436 imb:2 pmb:5 smb:8153 d:- ref:0 ;
in:586 out:585 type:P dur:2 cpbdur:2 q:32.36 aq:24.41 tex:7922 mv:829 misc:1841 imb:22 pmb:253 smb:7885 d:- ref:0 ;
in:585 out:586 type:b dur:2 cpbdur:2 q:32.37 aq:28.22 tex:42 mv:76 misc:442 imb:4 pmb:6 smb:8150 d:- ref:0 ;
in:588 out:587 type:P dur:2 cpbdur:2 q:32.31 aq:23.81 tex:13484 mv:1548 misc:2728 imb:41 pmb:499 smb:7620 d:- ref:0 ;
in:587 out:588 type:b dur:2 cpbdur:2 q:32.33 aq:27.39 tex:105 mv:50 misc:437 imb:4 pmb:2 smb:8154 d:- ref:0 ;
in:590 out:589 type:P dur:2 cpbdur:2 q:32.29 aq:22.97 tex:7820 mv:1001 misc:1931 imb:34 pmb:276 smb:7850 d:- ref:0 ;
in:589 out:590 type:b dur:2 cpbdur:2 q:32.30 aq:29.78 tex:88 mv:30 misc:434 imb:1 pmb:5 smb:8154 d:- ref:0 ;
in:592 out:591 type:P dur:2 cpbdur:2 q:32.24 aq:22.50 tex:16074 mv:1865 misc:3053 imb:73 pmb:561 smb:7526 d:- ref:0 ;
in:591 out:592 type:b dur:2 cpbdur:2 q:32.26 aq:26.92 tex:118 mv:50 misc:432 imb:4 pmb:2 smb:8154 d:- ref:0 ;
in:594 out:593 type:P dur:2 cpbdur:2 q:32.23 aq:24.06 tex:7930 mv:840 misc:1958 imb:24 pmb:289 smb:7847 d:- ref:0 ;
in:593 out:594 type:b dur:2 cpbdur:2 q:32.24 aq:30.31 tex:117 mv:26 misc:425 imb:1 pmb:4 smb:8155 d:- ref:0 ;
in:596 out:595 type:P dur:2 cpbdur:2 q:32.16 aq:23.09 tex:14868 mv:1854 misc:2982 imb:58 pmb:532 smb:7570 d:- ref:0 ;
in:595 out:596 type:b dur:2 cpbdur:2 q:32.20 aq:29.93 tex:58 mv:46 misc:416 imb:2 pmb:2 smb:8156 d:- ref:0 ;
in:598 out:597 type:P dur:2 cpbdur:2 q:32.12 aq:24.08 tex:8454 mv:928 misc:2042 imb:20 pmb:347 smb:7793 d:- ref:0 ;
in:597 out:598 type:b dur:2 cpbdur:2 q:32.14 aq:29.79 tex:85 mv:45 misc:430 imb:3 pmb:3 smb:8154 d:- ref:0 ;
in:600 out:599 type:P dur:2 cpbdur:2 q:32.06 aq:23.37 tex:14639 mv:1650 misc:2863 imb:51 pmb:519 smb:7590 d:- ref:0 ;
in:599 out:600 type:b dur:2 cpbdur:2 q:32.09 aq:26.81 tex:63 mv:31 misc:418 imb:2 pmb:2 smb:8156 d:- ref:0 ;
in:602 out:601 type:P dur:2 cpbdur:2 q:32.03 aq:22.66 tex:8682 mv:1068 misc:2074 imb:31 pmb:334 smb:7795 d:- ref:0 ;
in:601 out:602 type:b dur:2 cpbdur:2 q:32.04 aq:30.92 tex:176 mv:62 misc:450 imb:4 pmb:6 smb:8150 d:- ref:0 ;
in:604 out:603 type:P dur:2 cpbdur:2 q:32.01 aq:22.85 tex:17228 mv:2046 misc:3182 imb:70 pmb:604 smb:7486 d:- ref:0 ;
in:603 out:604 type:b dur:2 cpbdur:2 q:32.02 aq:31.00 tex:0 mv:0 misc:384 imb:0 pmb:0 smb:8160 d:- ref:0 ;
in:606 out:605 type:P dur:2 cpbdur:2 q:32.03 aq:23.48 tex:9137 mv:920 misc:2095 imb:28 pmb:322 smb:7810 d:- ref:0 ;
in:605 out:606 type:b dur:2 cpbdur:2 q:32.02 aq:18.70 tex:63 mv:33 misc:416 imb:2 pmb:2 smb:8156 d:- ref:0 ;
in:608 out:607 type:P dur:2 cpbdur:2 q:31.99 aq:22.69 tex:16122 mv:1937 misc:3213 imb:67 pmb:577 smb:7516 d:- ref:0 ;
in:607 out:608 type:b dur:2 cpbdur:2 q:32.01 aq:23.35 tex:65 mv:32 misc:423 imb:1 pmb:3 smb:8156 d:- ref:0 ;
in:610 out:609 type:P dur:2 cpbdur:2 q:31.99 aq:23.50 tex:7870 mv:857 misc:2017 imb:24 pmb:304 smb:7832 d:- ref:0 ;
in:609 out:610 type:b dur:2 cpbdur:2 q:31.99 aq:23.53 tex:113 mv:98 misc:461 imb:8 pmb:3 smb:8149 d:- ref:0 ;
in:612 out:611 type:P dur:2 cpbdur:2 q:31.94 aq:22.38 tex:14463 mv:1646 misc:2835 imb:54 pmb:510 smb:7596 d:- ref:0 ;
in:611 out:612 type:b dur:2 cpbdur:2 q:31.96 aq:30.88 tex:29 mv:23 misc:404 imb:2 pmb:0 smb:8158 d:- ref:0 ;
in:614 out:613 type:P dur:2 cpbdur:2 q:31.92 aq:23.22 tex:7533 mv:906 misc:1993 imb:27 pmb:284 smb:7849 d:- ref:0 ;
in:613 out:614 type:b dur:2 cpbdur:2 q:31.93 aq:23.50 tex:49 mv:40 misc:415 imb:4 pmb:0 smb:8156 d:- ref:0 ;
in:616 out:615 type:P dur:2 cpbdur:2 q:31.90 aq:22.94 tex:18268 mv:1882 misc:3002 imb:70 pmb:546 smb:7544 d:- ref:0 ;
in:615 out:616 type:b dur:2 cpbdur:2 q:31.91 aq:31.93 tex:99 mv:50 misc:435 imb:1 pmb:8 smb:8151 d:- ref:0 ;
in:618 out:617 type:P dur:2 cpbdur:2 q:31.92 aq:23.59 tex:8038 mv:855 misc:1971 imb:24 pmb:307 smb:7829 d:- ref:0 ;
in:617 out:618 type:b dur:2 cpbdur:2 q:31.91 aq:31.00 tex:0 mv:4 misc:396 imb:0 pmb:1 smb:8159 d:- ref:0 ;
in:620 out:619 type:P dur:2 cpbdur:2 q:31.89 aq:22.57 tex:17523 mv:2021 misc:3416 imb:91 pmb:614 smb:7455 d:- ref:0 ;
in:619 out:620 type:b dur:2 cpbdur:2 q:31.91 aq:26.98 tex:114 mv:73 misc:445 imb:3 pmb:6 smb:8151 d:- ref:0 ;
in:622 out:621 type:P dur:2 cpbdur:2 q:31.90 aq:23.46 tex:9583 mv:964 misc:2093 imb:25 pmb:332 smb:7803 d:- ref:0 ;
in:621 out:622 type:b dur:2 cpbdur:2 q:31.89 aq:30.62 tex:145 mv:29 misc:434 imb:1 pmb:5 smb:8154 d:- ref:0 ;
in:624 out:623 type:P dur:2 cpbdur:2 q:31.86 aq:22.25 tex:18143 mv:1853 misc:3156 imb:66 pmb:602 smb:7492 d:- ref:0 ;
in:623 out:624 type:b dur:2 cpbdur:2 q:31.88 aq:30.93 tex:76 mv:51 misc:441 imb:3 pmb:5 smb:8152 d:- ref:0 ;
in:626 out:625 type:P dur:2 cpbdur:2 q:31.86 aq:22.91 tex:8133 mv:899 misc:1960 imb:37 pmb:279 smb:7844 d:- ref:0 ;
in:625 out:626 type:b dur:2 cpbdur:2 q:31.86 aq:30.96 tex:62 mv:30 misc:412 imb:2 pmb:2 smb:8156 d:- ref:0 ;
in:628 out:627 type:P dur:2 cpbdur:2 q:31.81 aq:22.94 tex:15508 mv:1651 misc:2865 imb:65 pmb:501 smb:7594 d:- ref:0 ;
in:627 out:628 type:b dur:2 cpbdur:2 q:31.84 aq:25.09 tex:124 mv:46 misc:446 imb:3 pmb:4 smb:8153 d:- ref:0 ;
in:630 out:629 type:P dur:2 cpbdur:2 q:31.81 aq:23.45 tex:8699 mv:755 misc:1906 imb:22 pmb:278 smb:7860 d:- ref:0 ;
in:629 out:630 type:b dur:2 cpbdur:2 q:31.81 aq:29.78 tex:88 mv:46 misc:434 imb:3 pmb:3 smb:8154 d:- ref:0 ;
in:632 out:631 type:P dur:2 cpbdur:2 q:31.76 aq:22.61 tex:17685 mv:1844 misc:3063 imb:73 pmb:574 smb:7513 d:- ref:0 ;
in:631 out:632 type:b dur:2 cpbdur:2 q:31.78 aq:29.05 tex:111 mv:41 misc:440 imb:1 pmb:6 smb:8153 d:- ref:0 ;
in:634 out:633 type:P dur:2 cpbdur:2 q:31.75 aq:23.66 tex:10500 mv:1073 misc:2195 imb:43 pmb:342 smb:7775 d:- ref:0 ;
in:633 out:634 type:b dur:2 cpbdur:2 q:31.76 aq:30.92 tex:73 mv:34 misc:421 imb:2 pmb:3 smb:8155 d:- ref:0 ;
in:636 out:635 type:P dur:2 cpbdur:2 q:31.70 aq:23.06 tex:17602 mv:1773 misc:2841 imb:52 pmb:546 smb:7562 d:- ref:0 ;
in:635 out:636 type:b dur:2 cpbdur:2 q:31.73 aq:26.30 tex:151 mv:88 misc:449 imb:8 pmb:2 smb:8150 d:- ref:0 ;
in:638 out:637 type:P dur:2 cpbdur:2 q:31.70 aq:23.26 tex:8735 mv:833 misc:1976 imb:35 pmb:289 smb:7836 d:- ref:0 ;
in:637 out:638 type:b dur:2 cpbdur:2 q:31.70 aq:27.32 tex:129 mv:78 misc:449 imb:6 pmb:4 smb:8150 d:- ref:0 ;
in:640 out:639 type:P dur:2 cpbdur:2 q:31.65 aq:23.74 tex:15286 mv:1555 misc:2743 imb:40 pmb:524 smb:7596 d:- ref:0 ;
in:639 out:640 type:b dur:2 cpbdur:2 q:31.68 aq:26.85 tex:128 mv:75 misc:453 imb:6 pmb:3 smb:8151 d:- ref:0 ;
in:642 out:641 type:P dur:2 cpbdur:2 q:31.64 aq:24.28 tex:8790 mv:793 misc:1913 imb:27 pmb:295 smb:7838 d:- ref:0 ;
in:641 out:642 type:b dur:2 cpbdur:2 q:31.65 aq:30.93 tex:89 mv:46 misc:425 imb:3 pmb:3 smb:8154 d:- ref:0 ;
in:644 out:643 type:P dur:2 cpbdur:2 q:31.63 aq:23.49 tex:16393 mv:1564 misc:2731 imb:48 pmb:515 smb:7597 d:- ref:0 ;
in:643 out:644 type:b dur:2 cpbdur:2 q:31.64 aq:30.93 tex:66 mv:54 misc:432 imb:4 pmb:3 smb:8153 d:- ref:0 ;
in:646 out:645 type:P dur:2 cpbdur:2 q:31.65 aq:23.20 tex:11968 mv:834 misc:1926 imb:33 pmb:321 smb:7806 d:- ref:0 ;
in:645 out:646 type:b dur:2 cpbdur:2 q:31.64 aq:27.21 tex:166 mv:85 misc:469 imb:6 pmb:8 smb:8146 d:- ref:0 ;
in:648 out:647 type:P dur:2 cpbdur:2 q:31.63 aq:23.46 tex:16930 mv:1365 misc:2609 imb:32 pmb:525 smb:7603 d:- ref:0 ;
in:647 out:648 type:b dur:2 cpbdur:2 q:31.64 aq:30.96 tex:60 mv:50 misc:410 imb:1 pmb:3 smb:8156 d:- ref:0 ;
in:652 out:649 type:P dur:2 cpbdur:2 q:31.62 aq:23.09 tex:38517 mv:4320 misc:4979 imb:130 pmb:1281 smb:6749 d:- ref:0 ;
in:650 out:650 type:B dur:2 cpbdur:2 q:31.62 aq:30.24 tex:382 mv:113 misc:513 imb:8 pmb:10 smb:8142 d:- ref:0 ;
in:649 out:651 type:b dur:2 cpbdur:2 q:31.62 aq:28.21 tex:232 mv:114 misc:478 imb:4 pmb:11 smb:8145 d:- ref:0 ;
in:651 out:652 type:b dur:2 cpbdur:2 q:31.62 aq:30.93 tex:72 mv:36 misc:420 imb:2 pmb:3 smb:8155 d:- ref:0 ;
in:654 out:653 type:P dur:2 cpbdur:2 q:32.10 aq:22.34 tex:15335 mv:2173 misc:3548 imb:124 pmb:572 smb:7464 d:- ref:0 ;
in:653 out:654 type:b dur:2 cpbdur:2 q:31.86 aq:27.67 tex:87 mv:40 misc:425 imb:3 pmb:2 smb:8155 d:- ref:0 ;
in:656 out:655 type:P dur:2 cpbdur:2 q:32.11 aq:23.31 tex:6928 mv:814 misc:1874 imb:24 pmb:255 smb:7881 d:- ref:0 ;
in:655 out:656 type:b dur:2 cpbdur:2 q:32.10 aq:30.38 tex:100 mv:54 misc:430 imb:4 pmb:2 smb:8154 d:- ref:0 ;
in:658 out:657 type:P dur:2 cpbdur:2 q:32.11 aq:23.31 tex:14867 mv:1881 misc:3060 imb:90 pmb:516 smb:7554 d:- ref:0 ;
in:657 out:658 type:b dur:2 cpbdur:2 q:32.11 aq:23.64 tex:44 mv:45 misc:431 imb:4 pmb:1 smb:8155 d:- ref:0 ;
in:660 out:659 type:P dur:2 cpbdur:2 q:32.05 aq:22.96 tex:8303 mv:933 misc:2148 imb:40 pmb:307 smb:7813 d:- ref:0 ;
in:659 out:660 type:b dur:2 cpbdur:2 q:32.08 aq:30.89 tex:88 mv:59 misc:429 imb:3 pmb:3 smb:8154 d:- ref:0 ;
in:662 out:661 type:P dur:2 cpbdur:2 q:32.05 aq:22.41 tex:17509 mv:2231 misc:3460 imb:110 pmb:606 smb:7444 d:- ref:0 ;
in:661 out:662 type:b dur:2 cpbdur:2 q:32.05 aq:19.45 tex:77 mv:37 misc:422 imb:3 pmb:1 smb:8156 d:- ref:0 ;
in:664 out:663 type:P dur:2 cpbdur:2 q:32.01 aq:23.28 tex:9210 mv:1020 misc:2130 imb:36 pmb:316 smb:7808 d:- ref:0 ;
in:663 out:664 type:b dur:2 cpbdur:2 q:32.03 aq:30.93 tex:65 mv:49 misc:422 imb:4 pmb:2 smb:8154 d:- ref:0 ;
in:666 out:665 type:P dur:2 cpbdur:2 q:32.03 aq:23.10 tex:16163 mv:1921 misc:3092 imb:80 pmb:551 smb:7529 d:- ref:0 ;
in:665 out:666 type:b dur:2 cpbdur:2 q:32.02 aq:30.94 tex:48 mv:22 misc:418 imb:1 pmb:3 smb:8156 d:- ref:0 ;
in:668 out:667 type:P dur:2 cpbdur:2 q:31.82 aq:22.95 tex:9381 mv:1106 misc:2289 imb:44 pmb:332 smb:7784 d:- ref:0 ;
in:667 out:668 type:b dur:2 cpbdur:2 q:31.93 aq:29.77 tex:113 mv:55 misc:440 imb:4 pmb:3 smb:8153 d:- ref:0 ;
in:670 out:669 type:P dur:2 cpbdur:2 q:31.72 aq:22.45 tex:19355 mv:2151 misc:3462 imb:68 pmb:677 smb:7415 d:- ref:0 ;
in:669 out:670 type:b dur:2 cpbdur:2 q:31.77 aq:26.02 tex:94 mv:41 misc:425 imb:3 pmb:2 smb:8155 d:- ref:0 ;
in:672 out:671 type:P dur:2 cpbdur:2 q:31.52 aq:22.82 tex:10797 mv:1415 misc:2588 imb:45 pmb:417 smb:7698 d:- ref:0 ;
in:671 out:672 type:b dur:2 cpbdur:2 q:31.62 aq:23.53 tex:132 mv:72 misc:436 imb:4 pmb:5 smb:8151 d:- ref:0 ;
in:674 out:673 type:P dur:2 cpbdur:2 q:31.47 aq:22.38 tex:21635 mv:2519 misc:3790 imb:95 pmb:733 smb:7332 d:- ref:0 ;
in:673 out:674 type:b dur:2 cpbdur:2 q:31.50 aq:24.92 tex:154 mv:55 misc:447 imb:4 pmb:4 smb:8152 d:- ref:0 ;
in:676 out:675 type:P dur:2 cpbdur:2 q:31.49 aq:22.60 tex:13121 mv:1492 misc:2723 imb:54 pmb:433 smb:7673 d:- ref:0 ;
in:675 out:676 type:b dur:2 cpbdur:2 q:31.48 aq:18.54 tex:72 mv:40 misc:432 imb:2 pmb:6 smb:8152 d:- ref:0 ;
in:678 out:677 type:P dur:2 cpbdur:2 q:31.46 aq:22.13 tex:21095 mv:2179 misc:3638 imb:78 pmb:709 smb:7373 d:- ref:0 ;
in:677 out:678 type:b dur:2 cpbdur:2 q:31.47 aq:28.69 tex:132 mv:66 misc:442 imb:5 pmb:4 smb:8151 d:- ref:0 ;
in:680 out:679 type:P dur:2 cpbdur:2 q:31.47 aq:22.71 tex:11418 mv:1288 misc:2526 imb:41 pmb:420 smb:7699 d:- ref:0 ;
in:679 out:680 type:b dur:2 cpbdur:2 q:31.46 aq:27.96 tex:150 mv:51 misc:439 imb:3 pmb:5 smb:8152 d:- ref:0 ;
in:682 out:681 type:P dur:2 cpbdur:2 q:31.43 aq:22.38 tex:19159 mv:2535 misc:3538 imb:79 pmb:698 smb:7383 d:- ref:0 ;
in:681 out:682 type:b dur:2 cpbdur:2 q:31.45 aq:27.48 tex:71 mv:47 misc:426 imb:4 pmb:1 smb:8155 d:- ref:0 ;
in:684 out:683 type:P dur:2 cpbdur:2 q:31.44 aq:22.47 tex:11439 mv:1332 misc:2525 imb:56 pmb:409 smb:7695 d:- ref:0 ;
in:683 out:684 type:b dur:2 cpbdur:2 q:31.44 aq:29.12 tex:172 mv:62 misc:446 imb:4 pmb:6 smb:8150 d:- ref:0 ;
in:686 out:685 type:P dur:2 cpbdur:2 q:31.42 aq:22.20 tex:21014 mv:2511 misc:3731 imb:97 pmb:731 smb:7332 d:- ref:0 ;
in:685 out:686 type:b dur:2 cpbdur:2 q:31.43 aq:29.12 tex:187 mv:59 misc:450 imb:4 pmb:6 smb:8150 d:- ref:0 ;
in:688 out:687 type:P dur:2 cpbdur:2 q:31.45 aq:23.15 tex:9205 mv:1281 misc:2474 imb:44 pmb:364 smb:7752 d:- ref:0 ;
in:687 out:688 type:b dur:2 cpbdur:2 q:31.44 aq:22.73 tex:116 mv:34 misc:426 imb:2 pmb:3 smb:8155 d:- ref:0 ;
in:690 out:689 type:P dur:2 cpbdur:2 q:31.43 aq:22.08 tex:19277 mv:2328 misc:3539 imb:97 pmb:657 smb:7406 d:- ref:0 ;
in:689 out:690 type:b dur:2 cpbdur:2 q:31.44 aq:24.52 tex:104 mv:50 misc:430 imb:4 pmb:2 smb:8154 d:- ref:0 ;
in:692 out:691 type:P dur:2 cpbdur:2 q:31.45 aq:21.97 tex:10325 mv:1158 misc:2397 imb:46 pmb:366 smb:7748 d:- ref:0 ;
in:691 out:692 type:b dur:2 cpbdur:2 q:31.44 aq:29.96 tex:27 mv:5 misc:392 imb:0 pmb:1 smb:8159 d:- ref:0 ;
in:694 out:693 type:P dur:2 cpbdur:2 q:31.43 aq:21.80 tex:18341 mv:2114 misc:3473 imb:83 pmb:642 smb:7435 d:- ref:0 ;
in:693 out:694 type:b dur:2 cpbdur:2 q:31.44 aq:30.87 tex:105 mv:59 misc:444 imb:3 pmb:5 smb:8152 d:- ref:0 ;
in:696 out:695 type:P dur:2 cpbdur:2 q:31.44 aq:22.80 tex:9208 mv:1164 misc:2348 imb:50 pmb:333 smb:7777 d:- ref:0 ;
in:695 out:696 type:b dur:2 cpbdur:2 q:31.43 aq:24.35 tex:123 mv:67 misc:442 imb:4 pmb:3 smb:8153 d:- ref:0 ;
in:698 out:697 type:P dur:2 cpbdur:2 q:31.42 aq:22.50 tex:18038 mv:2252 misc:3462 imb:97 pmb:614 smb:7449 d:- ref:0 ;
in:697 out:698 type:b dur:2 cpbdur:2 q:31.43 aq:29.90 tex:37 mv:21 misc:406 imb:2 pmb:0 smb:8158 d:- ref:0 ;
in:700 out:699 type:P dur:2 cpbdur:2 q:31.44 aq:23.55 tex:14526 mv:2066 misc:2656 imb:51 pmb:499 smb:7610 d:- ref:0 ;
in:699 out:700 type:b dur:2 cpbdur:2 q:31.43 aq:29.95 tex:103 mv:65 misc:448 imb:1 pmb:8 smb:8151 d:- ref:0 ;
in:702 out:701 type:P dur:2 cpbdur:2 q:31.42 aq:22.41 tex:25658 mv:3926 misc:3760 imb:100 pmb:868 smb:7192 d:- ref:0 ;
in:701 out:702 type:b dur:2 cpbdur:2 q:31.43 aq:30.71 tex:604 mv:151 misc:485 imb:3 pmb:18 smb:8139 d:- ref:0 ;
in:704 out:703 type:P dur:2 cpbdur:2 q:31.45 aq:23.21 tex:13702 mv:2176 misc:2530 imb:52 pmb:480 smb:7628 d:- ref:0 ;
in:703 out:704 type:b dur:2 cpbdur:2 q:31.43 aq:23.69 tex:531 mv:234 misc:507 imb:4 pmb:23 smb:8133 d:- ref:0 ;
in:706 out:705 type:P dur:2 cpbdur:2 q:31.42 aq:22.38 tex:26466 mv:3580 misc:3626 imb:121 pmb:786 smb:7253 d:- ref:0 ;
in:705 out:706 type:b dur:2 cpbdur:2 q:31.43 aq:30.85 tex:453 mv:260 misc:535 imb:3 pmb:30 smb:8127 d:- ref:0 ;
in:708 out:707 type:P dur:2 cpbdur:2 q:31.45 aq:22.83 tex:15991 mv:2565 misc:2900 imb:58 pmb:586 smb:7516 d:- ref:0 ;
in:707 out:708 type:b dur:2 cpbdur:2 q:31.43 aq:32.49 tex:204 mv:158 misc:478 imb:3 pmb:13 smb:8144 d:- ref:0 ;
in:710 out:709 type:P dur:2 cpbdur:2 q:31.45 aq:22.65 tex:26174 mv:4172 misc:3782 imb:97 pmb:905 smb:7158 d:- ref:0 ;
in:709 out:710 type:b dur:2 cpbdur:2 q:31.45 aq:24.13 tex:226 mv:161 misc:493 imb:6 pmb:12 smb:8142 d:- ref:0 ;
in:712 out:711 type:P dur:2 cpbdur:2 q:31.48 aq:23.37 tex:15891 mv:2461 misc:2656 imb:37 pmb:568 smb:7555 d:- ref:0 ;
in:711 out:712 type:b dur:2 cpbdur:2 q:31.46 aq:25.70 tex:497 mv:185 misc:510 imb:4 pmb:21 smb:8135 d:- ref:0 ;
in:714 out:713 type:P dur:2 cpbdur:2 q:31.45 aq:22.40 tex:27229 mv:3746 misc:3609 imb:94 pmb:850 smb:7216 d:- ref:0 ;
in:713 out:714 type:b dur:2 cpbdur:2 q:31.47 aq:30.61 tex:517 mv:281 misc:522 imb:4 pmb:27 smb:8129 d:- ref:0 ;
in:716 out:715 type:P dur:2 cpbdur:2 q:31.46 aq:23.11 tex:15538 mv:2578 misc:2716 imb:50 pmb:549 smb:7561 d:- ref:0 ;
in:715 out:716 type:b dur:2 cpbdur:2 q:31.45 aq:30.65 tex:329 mv:212 misc:491 imb:3 pmb:22 smb:8135 d:- ref:0 ;
in:718 out:717 type:P dur:2 cpbdur:2 q:31.46 aq:22.50 tex:23710 mv:3666 misc:3624 imb:88 pmb:824 smb:7248 d:- ref:0 ;
in:717 out:718 type:b dur:2 cpbdur:2 q:31.46 aq:31.29 tex:405 mv:206 misc:517 imb:4 pmb:20 smb:8136 d:- ref:0 ;
in:720 out:719 type:P dur:2 cpbdur:2 q:31.52 aq:22.41 tex:13924 mv:2248 misc:2748 imb:55 pmb:512 smb:7593 d:- ref:0 ;
in:719 out:720 type:b dur:2 cpbdur:2 q:31.49 aq:28.65 tex:401 mv:155 misc:516 imb:4 pmb:19 smb:8137 d:- ref:0 ;
in:722 out:721 type:P dur:2 cpbdur:2 q:31.51 aq:22.40 tex:24687 mv:3650 misc:3559 imb:82 pmb:842 smb:7236 d:- ref:0 ;
in:721 out:722 type:b dur:2 cpbdur:2 q:31.51 aq:25.65 tex:307 mv:190 misc:495 imb:8 pmb:14 smb:8138 d:- ref:0 ;
in:724 out:723 type:P dur:2 cpbdur:2 q:31.56 aq:22.72 tex:14030 mv:2347 misc:2615 imb:58 pmb:506 smb:7596 d:- ref:0 ;
in:723 out:724 type:b dur:2 cpbdur:2 q:31.53 aq:26.82 tex:377 mv:213 misc:498 imb:5 pmb:20 smb:8135 d:- ref:0 ;
in:726 out:725 type:P dur:2 cpbdur:2 q:31.55 aq:22.74 tex:24536 mv:3853 misc:3691 imb:109 pmb:829 smb:7222 d:- ref:0 ;
in:725 out:726 type:b dur:2 cpbdur:2 q:31.55 aq:30.58 tex:740 mv:196 misc:504 imb:3 pmb:24 smb:8133 d:- ref:0 ;
in:728 out:727 type:P dur:2 cpbdur:2 q:31.59 aq:23.29 tex:13515 mv:2460 misc:2593 imb:47 pmb:528 smb:7585 d:- ref:0 ;
in:727 out:728 type:b dur:2 cpbdur:2 q:31.57 aq:27.66 tex:137 mv:180 misc:499 imb:3 pmb:18 smb:8139 d:- ref:0 ;
in:730 out:729 type:P dur:2 cpbdur:2 q:31.60 aq:22.26 tex:23824 mv:3694 misc:3690 imb:109 pmb:821 smb:7230 d:- ref:0 ;
in:729 out:730 type:b dur:2 cpbdur:2 q:31.59 aq:23.91 tex:85 mv:140 misc:479 imb:4 pmb:11 smb:8145 d:- ref:0 ;
in:732 out:731 type:P dur:2 cpbdur:2 q:31.66 aq:22.88 tex:13242 mv:2154 misc:2564 imb:52 pmb:476 smb:7632 d:- ref:0 ;
in:731 out:732 type:b dur:2 cpbdur:2 q:31.63 aq:33.41 tex:238 mv:163 misc:495 imb:2 pmb:18 smb:8140 d:- ref:0 ;
in:734 out:733 type:P dur:2 cpbdur:2 q:31.65 aq:22.49 tex:21721 mv:3342 misc:3273 imb:109 pmb:704 smb:7347 d:- ref:0 ;
in:733 out:734 type:b dur:2 cpbdur:2 q:31.66 aq:25.71 tex:601 mv:245 misc:498 imb:6 pmb:20 smb:8134 d:- ref:0 ;
in:736 out:735 type:P dur:2 cpbdur:2 q:31.67 aq:22.96 tex:16138 mv:2431 misc:2559 imb:56 pmb:507 smb:7597 d:- ref:0 ;
in:735 out:736 type:b dur:2 cpbdur:2 q:31.66 aq:30.27 tex:510 mv:246 misc:508 imb:4 pmb:28 smb:8128 d:- ref:0 ;
in:738 out:737 type:P dur:2 cpbdur:2 q:31.66 aq:22.79 tex:22161 mv:3438 misc:3489 imb:102 pmb:743 smb:7315 d:- ref:0 ;
in:737 out:738 type:b dur:2 cpbdur:2 q:31.66 aq:32.33 tex:462 mv:222 misc:492 imb:3 pmb:23 smb:8134 d:- ref:0 ;
in:740 out:739 type:P dur:2 cpbdur:2 q:31.71 aq:22.77 tex:12757 mv:2172 misc:2527 imb:59 pmb:475 smb:7626 d:- ref:0 ;
in:739 out:740 type:b dur:2 cpbdur:2 q:31.69 aq:30.13 tex:250 mv:114 misc:468 imb:1 pmb:17 smb:8142 d:- ref:0 ;
in:742 out:741 type:P dur:2 cpbdur:2 q:31.71 aq:22.20 tex:22327 mv:3618 misc:3671 imb:110 pmb:776 smb:7274 d:- ref:0 ;
in:741 out:742 type:b dur:2 cpbdur:2 q:31.71 aq:25.84 tex:279 mv:169 misc:512 imb:4 pmb:22 smb:8134 d:- ref:0 ;
in:744 out:743 type:P dur:2 cpbdur:2 q:31.75 aq:22.97 tex:12682 mv:2114 misc:2332 imb:43 pmb:450 smb:7667 d:- ref:0 ;
in:743 out:744 type:b dur:2 cpbdur:2 q:31.73 aq:25.67 tex:390 mv:214 misc:508 imb:7 pmb:20 smb:8133 d:- ref:0 ;
in:746 out:745 type:P dur:2 cpbdur:2 q:31.72 aq:22.81 tex:23669 mv:3397 misc:3574 imb:125 pmb:760 smb:7275 d:- ref:0 ;
in:745 out:746 type:b dur:2 cpbdur:2 q:31.74 aq:26.46 tex:414 mv:222 misc:508 imb:4 pmb:22 smb:8134 d:- ref:0 ;
in:748 out:747 type:P dur:2 cpbdur:2 q:31.75 aq:23.27 tex:12317 mv:2505 misc:2410 imb:58 pmb:493 smb:7609 d:- ref:0 ;
in:747 out:748 type:b dur:2 cpbdur:2 q:31.74 aq:28.90 tex:379 mv:211 misc:506 imb:4 pmb:23 smb:8133 d:- ref:0 ;
in:749 out:749 type:P dur:2 cpbdur:2 q:31.75 aq:25.86 tex:714 mv:483 misc:779 imb:14 pmb:76 smb:8070 d:- ref:0 ;
in:750 out:750 type:I dur:2 cpbdur:2 q:28.72 aq:19.70 tex:522959 mv:145176 misc:713 imb:8160 pmb:0 smb:0 d:- ref:;
in:752 out:751 type:P dur:2 cpbdur:2 q:33.70 aq:25.36 tex:4321 mv:995 misc:1244 imb:17 pmb:178 smb:7965 d:- ref:0 ;
in:751 out:752 type:b dur:2 cpbdur:2 q:33.70 aq:32.98 tex:49 mv:41 misc:430 imb:1 pmb:5 smb:8154 d:- ref:0 ;
in:754 out:753 type:P dur:2 cpbdur:2 q:33.66 aq:23.43 tex:8720 mv:2001 misc:2183 imb:66 pmb:344 smb:7750 d:- ref:0 ;
in:753 out:754 type:b dur:2 cpbdur:2 q:33.68 aq:29.56 tex:60 mv:72 misc:436 imb:2 pmb:5 smb:8153 d:- ref:0 ;
in:756 out:755 type:P dur:2 cpbdur:2 q:33.64 aq:25.62 tex:5201 mv:1245 misc:1466 imb:18 pmb:224 smb:7918 d:- ref:0 ;
in:755 out:756 type:b dur:2 cpbdur:2 q:33.65 aq:33.62 tex:428 mv:117 misc:423 imb:1 pmb:14 smb:8145 d:- ref:0 ;
in:758 out:757 type:P dur:2 cpbdur:2 q:33.58 aq:23.22 tex:8977 mv:1798 misc:2153 imb:58 pmb:346 smb:7756 d:- ref:0 ;
in:757 out:758 type:b dur:2 cpbdur:2 q:33.61 aq:34.18 tex:346 mv:124 misc:426 imb:1 pmb:16 smb:8143 d:- ref:0 ;
in:760 out:759 type:P dur:2 cpbdur:2 q:33.56 aq:24.84 tex:6790 mv:1583 misc:1699 imb:36 pmb:285 smb:7839 d:- ref:0 ;
in:759 out:760 type:b dur:2 cpbdur:2 q:33.57 aq:30.09 tex:220 mv:129 misc:459 imb:1 pmb:15 smb:8144 d:- ref:0 ;
in:762 out:761 type:P dur:2 cpbdur:2 q:33.51 aq:23.09 tex:10209 mv:2088 misc:2399 imb:85 pmb:373 smb:7702 d:- ref:0 ;
in:761 out:762 type:b dur:2 cpbdur:2 q:33.54 aq:34.55 tex:150 mv:72 misc:442 imb:0 pmb:9 smb:8151 d:- ref:0 ;
in:764 out:763 type:P dur:2 cpbdur:2 q:33.52 aq:23.39 tex:6498 mv:1443 misc:1739 imb:26 pmb:287 smb:7847 d:- ref:0 ;
in:763 out:764 type:b dur:2 cpbdur:2 q:33.52 aq:35.08 tex:30 mv:37 misc:413 imb:0 pmb:4 smb:8156 d:- ref:0 ;
in:766 out:765 type:P dur:2 cpbdur:2 q:33.47 aq:23.92 tex:11830 mv:2124 misc:2350 imb:64 pmb:405 smb:7691 d:- ref:0 ;
in:765 out:766 type:b dur:2 cpbdur:2 q:33.49 aq:33.30 tex:63 mv:62 misc:435 imb:0 pmb:9 smb:8151 d:- ref:0 ;
in:768 out:767 type:P dur:2 cpbdur:2 q:33.44 aq:24.54 tex:7191 mv:1570 misc:1775 imb:34 pmb:299 smb:7827 d:- ref:0 ;
in:767 out:768 type:b dur:2 cpbdur:2 q:33.46 aq:33.64 tex:475 mv:86 misc:447 imb:2 pmb:13 smb:8145 d:- ref:0 ;
in:770 out:769 type:P dur:2 cpbdur:2 q:33.64 aq:23.86 tex:9306 mv:1865 misc:2189 imb:56 pmb:361 smb:7743 d:- ref:0 ;
in:769 out:770 type:b dur:2 cpbdur:2 q:33.54 aq:34.09 tex:350 mv:147 misc:439 imb:2 pmb:15 smb:8143 d:- ref:0 ;
in:772 out:771 type:P dur:2 cpbdur:2 q:33.61 aq:22.17 tex:6740 mv:1607 misc:1653 imb:33 pmb:282 smb:7845 d:- ref:0 ;
in:771 out:772 type:b dur:2 cpbdur:2 q:33.63 aq:34.63 tex:185 mv:112 misc:455 imb:0 pmb:14 smb:8146 d:- ref:0 ;
in:774 out:773 type:P dur:2 cpbdur:2 q:33.58 aq:23.50 tex:9882 mv:2029 misc:2345 imb:60 pmb:415 smb:7685 d:- ref:0 ;
in:773 out:774 type:b dur:2 cpbdur:2 q:33.60 aq:34.93 tex:134 mv:104 misc:458 imb:2 pmb:9 smb:8149 d:- ref:0 ;
in:776 out:775 type:P dur:2 cpbdur:2 q:33.57 aq:24.73 tex:5396 mv:1376 misc:1620 imb:22 pmb:256 smb:7882 d:- ref:0 ;
in:775 out:776 type:b dur:2 cpbdur:2 q:33.57 aq:28.92 tex:46 mv:24 misc:410 imb:1 pmb:2 smb:8157 d:- ref:0 ;
in:778 out:777 type:P dur:2 cpbdur:2 q:33.53 aq:23.25 tex:9985 mv:2358 misc:2369 imb:59 pmb:435 smb:7666 d:- ref:0 ;
in:777 out:778 type:b dur:2 cpbdur:2 q:33.55 aq:33.00 tex:2 mv:23 misc:407 imb:0 pmb:4 smb:8156 d:- ref:0 ;
in:780 out:779 type:P dur:2 cpbdur:2 q:33.51 aq:24.48 tex:7553 mv:1415 misc:1768 imb:34 pmb:281 smb:7845 d:- ref:0 ;
in:779 out:780 type:b dur:2 cpbdur:2 q:33.52 aq:34.54 tex:362 mv:108 misc:442 imb:1 pmb:15 smb:8144 d:- ref:0 ;
in:782 out:781 type:P dur:2 cpbdur:2 q:33.47 aq:23.07 tex:10513 mv:2459 misc:2612 imb:96 pmb:435 smb:7629 d:- ref:0 ;
in:781 out:782 type:b dur:2 cpbdur:2 q:33.49 aq:34.48 tex:292 mv:135 misc:453 imb:1 pmb:19 smb:8140 d:- ref:0 ;
in:784 out:783 type:P dur:2 cpbdur:2 q:33.45 aq:24.53 tex:6662 mv:1726 misc:1764 imb:48 pmb:288 smb:7824 d:- ref:0 ;
in:783 out:784 type:b dur:2 cpbdur:2 q:33.46 aq:33.49 tex:237 mv:89 misc:450 imb:1 pmb:13 smb:8146 d:- ref:0 ;
in:786 out:785 type:P dur:2 cpbdur:2 q:33.41 aq:23.16 tex:10797 mv:2239 misc:2588 imb:101 pmb:414 smb:7645 d:- ref:0 ;
in:785 out:786 type:b dur:2 cpbdur:2 q:33.43 aq:35.73 tex:109 mv:69 misc:446 imb:0 pmb:9 smb:8151 d:- ref:0 ;
in:788 out:787 type:P dur:2 cpbdur:2 q:33.39 aq:24.22 tex:7134 mv:1820 misc:1926 imb:46 pmb:317 smb:7797 d:- ref:0 ;
in:787 out:788 type:b dur:2 cpbdur:2 q:33.40 aq:32.06 tex:54 mv:76 misc:438 imb:1 pmb:6 smb:8153 d:- ref:0 ;
in:790 out:789 type:P dur:2 cpbdur:2 q:33.36 aq:23.68 tex:12096 mv:2748 misc:2844 imb:111 pmb:493 smb:7556 d:- ref:0 ;
in:789 out:790 type:b dur:2 cpbdur:2 q:33.37 aq:31.90 tex:113 mv:86 misc:457 imb:0 pmb:13 smb:8147 d:- ref:0 ;
in:792 out:791 type:P dur:2 cpbdur:2 q:33.34 aq:23.43 tex:7526 mv:1703 misc:1883 imb:40 pmb:319 smb:7801 d:- ref:0 ;
in:791 out:792 type:b dur:2 cpbdur:2 q:33.35 aq:31.85 tex:316 mv:183 misc:461 imb:2 pmb:19 smb:8139 d:- ref:0 ;
in:794 out:793 type:P dur:2 cpbdur:2 q:33.30 aq:22.92 tex:12474 mv:2697 misc:2861 imb:111 pmb:478 smb:7571 d:- ref:0 ;
in:793 out:794 type:b dur:2 cpbdur:2 q:33.32 aq:26.80 tex:329 mv:135 misc:448 imb:2 pmb:14 smb:8144 d:- ref:0 ;
in:796 out:795 type:P dur:2 cpbdur:2 q:33.29 aq:23.42 tex:10434 mv:1716 misc:1970 imb:37 pmb:331 smb:7792 d:- ref:0 ;
in:795 out:796 type:b dur:2 cpbdur:2 q:33.29 aq:29.05 tex:236 mv:133 misc:479 imb:6 pmb:11 smb:8143 d:- ref:0 ;
in:798 out:797 type:P dur:2 cpbdur:2 q:33.26 aq:23.72 tex:10984 mv:2433 misc:2807 imb:112 pmb:438 smb:7610 d:- ref:0 ;
in:797 out:798 type:b dur:2 cpbdur:2 q:33.28 aq:34.55 tex:98 mv:56 misc:422 imb:0 pmb:7 smb:8153 d:- ref:0 ;
in:800 out:799 type:P dur:2 cpbdur:2 q:33.26 aq:23.70 tex:6239 mv:1563 misc:1758 imb:38 pmb:289 smb:7833 d:- ref:0 ;
in:799 out:800 type:b dur:2 cpbdur:2 q:33.26 aq:32.75 tex:221 mv:96 misc:467 imb:3 pmb:9 smb:8148 d:- ref:0 ;
in:802 out:801 type:P dur:2 cpbdur:2 q:33.22 aq:23.98 tex:11280 mv:2521 misc:2759 imb:94 pmb:466 smb:7600 d:- ref:0 ;
in:801 out:802 type:b dur:2 cpbdur:2 q:33.24 aq:31.98 tex:52 mv:48 misc:428 imb:0 pmb:10 smb:8150 d:- ref:0 ;
in:804 out:803 type:P dur:2 cpbdur:2 q:33.20 aq:23.99 tex:8501 mv:1808 misc:1883 imb:45 pmb:321 smb:7794 d:- ref:0 ;
in:803 out:804 type:b dur:2 cpbdur:2 q:33.21 aq:34.13 tex:218 mv:89 misc:429 imb:1 pmb:11 smb:8148 d:- ref:0 ;
in:806 out:805 type:P dur:2 cpbdur:2 q:33.17 aq:22.72 tex:12505 mv:2630 misc:2673 imb:103 pmb:471 smb:7586 d:- ref:0 ;
in:805 out:806 type:b dur:2 cpbdur:2 q:33.19 aq:33.90 tex:298 mv:100 misc:442 imb:1 pmb:13 smb:8146 d:- ref:0 ;
in:808 out:807 type:P dur:2 cpbdur:2 q:33.16 aq:24.28 tex:8359 mv:1716 misc:1853 imb:30 pmb:355 smb:7775 d:- ref:0 ;
in:807 out:808 type:b dur:2 cpbdur:2 q:33.16 aq:33.48 tex:214 mv:57 misc:417 imb:1 pmb:5 smb:8154 d:- ref:0 ;
in:810 out:809 type:P dur:2 cpbdur:2 q:33.13 aq:23.90 tex:13859 mv:2613 misc:2736 imb:89 pmb:493 smb:7578 d:- ref:0 ;
in:809 out:810 type:b dur:2 cpbdur:2 q:33.14 aq:34.51 tex:150 mv:82 misc:448 imb:2 pmb:8 smb:8150 d:- ref:0 ;
in:812 out:811 type:P dur:2 cpbdur:2 q:33.13 aq:24.30 tex:8532 mv:1765 misc:1919 imb:28 pmb:349 smb:7783 d:- ref:0 ;
in:811 out:812 type:b dur:2 cpbdur:2 q:33.13 aq:28.76 tex:105 mv:45 misc:426 imb:2 pmb:4 smb:8154 d:- ref:0 ;
in:814 out:813 type:P dur:2 cpbdur:2 q:33.11 aq:23.66 tex:14923 mv:2669 misc:2824 imb:100 pmb:529 smb:7531 d:- ref:0 ;
in:813 out:814 type:b dur:2 cpbdur:2 q:33.12 aq:34.02 tex:77 mv:58 misc:417 imb:0 pmb:9 smb:8151 d:- ref:0 ;
in:816 out:815 type:P dur:2 cpbdur:2 q:33.10 aq:24.18 tex:12052 mv:1786 misc:2122 imb:43 pmb:380 smb:7737 d:- ref:0 ;
in:815 out:816 type:b dur:2 cpbdur:2 q:33.10 aq:32.71 tex:239 mv:111 misc:442 imb:3 pmb:12 smb:8145 d:- ref:0 ;
in:818 out:817 type:P dur:2 cpbdur:2 q:33.07 aq:23.31 tex:16797 mv:2704 misc:2979 imb:85 pmb:593 smb:7482 d:- ref:0 ;
in:817 out:818 type:b dur:2 cpbdur:2 q:33.08 aq:31.70 tex:43 mv:21 misc:408 imb:1 pmb:2 smb:8157 d:- ref:0 ;
in:820 out:819 type:P dur:2 cpbdur:2 q:33.07 aq:23.64 tex:8126 mv:1113 misc:1833 imb:34 pmb:280 smb:7846 d:- ref:0 ;
in:819 out:820 type:b dur:2 cpbdur:2 q:33.07 aq:31.98 tex:18 mv:11 misc:395 imb:1 pmb:0 smb:8159 d:- ref:0 ;
in:822 out:821 type:P dur:2 cpbdur:2 q:33.03 aq:23.84 tex:12923 mv:1924 misc:2521 imb:51 pmb:463 smb:7646 d:- ref:0 ;
in:821 out:822 type:b dur:2 cpbdur:2 q:33.05 aq:28.12 tex:86 mv:47 misc:435 imb:3 pmb:3 smb:8154 d:- ref:0 ;
in:824 out:823 type:P dur:2 cpbdur:2 q:33.00 aq:23.41 tex:9685 mv:1164 misc:1895 imb:32 pmb:321 smb:7807 d:- ref:0 ;
in:823 out:824 type:b dur:2 cpbdur:2 q:33.02 aq:31.97 tex:17 mv:36 misc:419 imb:1 pmb:5 smb:8154 d:- ref:0 ;
in:826 out:825 type:P dur:2 cpbdur:2 q:32.97 aq:24.08 tex:13624 mv:1751 misc:2673 imb:67 pmb:440 smb:7653 d:- ref:0 ;
in:825 out:826 type:b dur:2 cpbdur:2 q:32.99 aq:32.00 tex:1 mv:10 misc:397 imb:0 pmb:4 smb:8156 d:- ref:0 ;
in:828 out:827 type:P dur:2 cpbdur:2 q:32.96 aq:24.41 tex:7369 mv:834 misc:1789 imb:22 pmb:262 smb:7876 d:- ref:0 ;
in:827 out:828 type:b dur:2 cpbdur:2 q:32.96 aq:32.00 tex:0 mv:0 misc:384 imb:0 pmb:0 smb:8160 d:- ref:0 ;
in:830 out:829 type:P dur:2 cpbdur:2 q:32.92 aq:23.69 tex:12901 mv:1709 misc:2766 imb:49 pmb:486 smb:7625 d:- ref:0 ;
in:829 out:830 type:b dur:2 cpbdur:2 q:32.94 aq:31.94 tex:19 mv:11 misc:394 imb:1 pmb:0 smb:8159 d:- ref:0 ;
in:832 out:831 type:P dur:2 cpbdur:2 q:32.92 aq:25.24 tex:7442 mv:927 misc:1895 imb:19 pmb:281 smb:7860 d:- ref:0 ;
in:831 out:832 type:b dur:2 cpbdur:2 q:32.92 aq:31.99 tex:20 mv:11 misc:393 imb:1 pmb:0 smb:8159 d:- ref:0 ;
in:834 out:833 type:P dur:2 cpbdur:2 q:32.91 aq:22.82 tex:11665 mv:1450 misc:2629 imb:49 pmb:427 smb:7684 d:- ref:0 ;
in:833 out:834 type:b dur:2 cpbdur:2 q:32.91 aq:30.80 tex:27 mv:5 misc:392 imb:0 pmb:1 smb:8159 d:- ref:0 ;
in:836 out:835 type:P dur:2 cpbdur:2 q:32.93 aq:23.11 tex:7179 mv:901 misc:1808 imb:36 pmb:246 smb:7878 d:- ref:0 ;
in:835 out:836 type:b dur:2 cpbdur:2 q:32.92 aq:32.00 tex:0 mv:4 misc:396 imb:0 pmb:1 smb:8159 d:- ref:0 ;
in:838 out:837 type:P dur:2 cpbdur:2 q:32.92 aq:23.27 tex:12554 mv:1859 misc:2851 imb:67 pmb:476 smb:7617 d:- ref:0 ;
in:837 out:838 type:b dur:2 cpbdur:2 q:32.92 aq:32.00 tex:1 mv:2 misc:397 imb:0 pmb:1 smb:8159 d:- ref:0 ;
in:840 out:839 type:P dur:2 cpbdur:2 q:32.94 aq:23.76 tex:6100 mv:802 misc:1738 imb:20 pmb:240 smb:7900 d:- ref:0 ;
in:839 out:840 type:b dur:2 cpbdur:2 q:32.93 aq:31.91 tex:34 mv:16 misc:398 imb:1 pmb:1 smb:8158 d:- ref:0 ;
in:842 out:841 type:P dur:2 cpbdur:2 q:32.91 aq:23.49 tex:12192 mv:1635 misc:2629 imb:54 pmb:450 smb:7656 d:- ref:0 ;
in:841 out:842 type:b dur:2 cpbdur:2 q:32.92 aq:31.97 tex:65 mv:32 misc:415 imb:2 pmb:2 smb:8156 d:- ref:0 ;
in:844 out:843 type:P dur:2 cpbdur:2 q:32.90 aq:24.10 tex:5903 mv:815 misc:1690 imb:24 pmb:229 smb:7907 d:- ref:0 ;
in:843 out:844 type:b dur:2 cpbdur:2 q:32.91 aq:30.18 tex:74 mv:33 misc:421 imb:2 pmb:2 smb:8156 d:- ref:0 ;
in:846 out:845 type:P dur:2 cpbdur:2 q:32.86 aq:23.38 tex:10804 mv:1630 misc:2622 imb:58 pmb:425 smb:7677 d:- ref:0 ;
in:845 out:846 type:b dur:2 cpbdur:2 q:32.88 aq:31.90 tex:40 mv:17 misc:399 imb:1 pmb:1 smb:8158 d:- ref:0 ;
in:848 out:847 type:P dur:2 cpbdur:2 q:32.83 aq:23.23 tex:8313 mv:941 misc:1826 imb:25 pmb:267 smb:7868 d:- ref:0 ;
in:847 out:848 type:b dur:2 cpbdur:2 q:32.85 aq:23.82 tex:29 mv:57 misc:434 imb:3 pmb:5 smb:8152 d:- ref:0 ;
in:850 out:849 type:P dur:2 cpbdur:2 q:32.79 aq:23.66 tex:13090 mv:1850 misc:2748 imb:64 pmb:493 smb:7603 d:- ref:0 ;
in:849 out:850 type:b dur:2 cpbdur:2 q:32.81 aq:31.97 tex:44 mv:16 misc:404 imb:1 pmb:1 smb:8158 d:- ref:0 ;
in:852 out:851 type:P dur:2 cpbdur:2 q:32.75 aq:23.48 tex:8087 mv:1005 misc:1924 imb:27 pmb:297 smb:7836 d:- ref:0 ;
in:851 out:852 type:b dur:2 cpbdur:2 q:32.77 aq:32.00 tex:0 mv:0 misc:384 imb:0 pmb:0 smb:8160 d:- ref:0 ;
in:854 out:853 type:P dur:2 cpbdur:2 q:32.70 aq:23.83 tex:12779 mv:1625 misc:2588 imb:57 pmb:444 smb:7659 d:- ref:0 ;
in:853 out:854 type:b dur:2 cpbdur:2 q:32.72 aq:22.13 tex:30 mv:22 misc:404 imb:2 pmb:0 smb:8158 d:- ref:0 ;
in:856 out:855 type:P dur:2 cpbdur:2 q:32.67 aq:23.91 tex:11293 mv:977 misc:1954 imb:31 pmb:279 smb:7850 d:- ref:0 ;
in:855 out:856 type:b dur:2 cpbdur:2 q:32.68 aq:31.97 tex:44 mv:28 misc:416 imb:1 pmb:6 smb:8153 d:- ref:0 ;
in:858 out:857 type:P dur:2 cpbdur:2 q:32.63 aq:23.22 tex:12345 mv:1733 misc:2730 imb:50 pmb:494 smb:7616 d:- ref:0 ;
in:857 out:858 type:b dur:2 cpbdur:2 q:32.65 aq:31.97 tex:55 mv:8 misc:401 imb:0 pmb:2 smb:8158 d:- ref:0 ;
in:860 out:859 type:P dur:2 cpbdur:2 q:32.62 aq:24.13 tex:6989 mv:842 misc:1921 imb:30 pmb:263 smb:7867 d:- ref:0 ;
in:859 out:860 type:b dur:2 cpbdur:2 q:32.63 aq:31.95 tex:53 mv:27 misc:408 imb:2 pmb:1 smb:8157 d:- ref:0 ;
in:862 out:861 type:P dur:2 cpbdur:2 q:32.59 aq:23.39 tex:11527 mv:1697 misc:2760 imb:46 pmb:475 smb:7639 d:- ref:0 ;
in:861 out:862 type:b dur:2 cpbdur:2 q:32.60 aq:31.96 tex:14 mv:12 misc:390 imb:1 pmb:0 smb:8159 d:- ref:0 ;
in:864 out:863 type:P dur:2 cpbdur:2 q:32.58 aq:23.95 tex:6650 mv:847 misc:1791 imb:28 pmb:259 smb:7873 d:- ref:0 ;
in:863 out:864 type:b dur:2 cpbdur:2 q:32.58 aq:32.00 tex:0 mv:0 misc:384 imb:0 pmb:0 smb:8160 d:- ref:0 ;
in:866 out:865 type:P dur:2 cpbdur:2 q:32.55 aq:23.32 tex:12618 mv:1763 misc:2971 imb:64 pmb:507 smb:7589 d:- ref:0 ;
in:865 out:866 type:b dur:2 cpbdur:2 q:32.56 aq:31.95 tex:73 mv:34 misc:413 imb:2 pmb:3 smb:8155 d:- ref:0 ;
in:868 out:867 type:P dur:2 cpbdur:2 q:32.54 aq:24.14 tex:7111 mv:839 misc:1858 imb:23 pmb:269 smb:7868 d:- ref:0 ;
in:867 out:868 type:b dur:2 cpbdur:2 q:32.55 aq:31.95 tex:59 mv:44 misc:425 imb:2 pmb:4 smb:8154 d:- ref:0 ;
in:870 out:869 type:P dur:2 cpbdur:2 q:32.51 aq:23.34 tex:12662 mv:1592 misc:2586 imb:52 pmb:461 smb:7647 d:- ref:0 ;
in:869 out:870 type:b dur:2 cpbdur:2 q:32.53 aq:32.00 tex:0 mv:0 misc:384 imb:0 pmb:0 smb:8160 d:- ref:0 ;
in:872 out:871 type:P dur:2 cpbdur:2 q:32.49 aq:23.53 tex:6652 mv:776 misc:1692 imb:27 pmb:226 smb:7907 d:- ref:0 ;
in:871 out:872 type:b dur:2 cpbdur:2 q:32.50 aq:31.94 tex:28 mv:9 misc:403 imb:0 pmb:2 smb:8158 d:- ref:0 ;
in:874 out:873 type:P dur:2 cpbdur:2 q:32.47 aq:23.42 tex:12810 mv:1519 misc:2703 imb:55 pmb:446 smb:7659 d:- ref:0 ;
in:873 out:874 type:b dur:2 cpbdur:2 q:32.48 aq:32.00 tex:0 mv:0 misc:384 imb:0 pmb:0 smb:8160 d:- ref:0 ;
in:876 out:875 type:P dur:2 cpbdur:2 q:32.45 aq:24.89 tex:6536 mv:635 misc:1693 imb:14 pmb:238 smb:7908 d:- ref:0 ;
in:875 out:876 type:b dur:2 cpbdur:2 q:32.46 aq:29.41 tex:102 mv:41 misc:417 imb:3 pmb:2 smb:8155 d:- ref:0 ;
in:878 out:877 type:P dur:2 cpbdur:2 q:32.40 aq:23.62 tex:11836 mv:1466 misc:2554 imb:45 pmb:432 smb:7683 d:- ref:0 ;
in:877 out:878 type:b dur:2 cpbdur:2 q:32.43 aq:19.37 tex:61 mv:46 misc:429 imb:4 pmb:1 smb:8155 d:- ref:0 ;
in:880 out:879 type:P dur:2 cpbdur:2 q:32.38 aq:24.02 tex:6158 mv:772 misc:1726 imb:19 pmb:236 smb:7905 d:- ref:0 ;
in:879 out:880 type:b dur:2 cpbdur:2 q:32.39 aq:24.77 tex:58 mv:27 misc:411 imb:2 pmb:1 smb:8157 d:- ref:0 ;
in:882 out:881 type:P dur:2 cpbdur:2 q:32.34 aq:23.52 tex:11754 mv:1465 misc:2645 imb:49 pmb:445 smb:7666 d:- ref:0 ;
in:881 out:882 type:b dur:2 cpbdur:2 q:32.36 aq:30.96 tex:60 mv:11 misc:409 imb:0 pmb:3 smb:8157 d:- ref:0 ;
in:884 out:883 type:P dur:2 cpbdur:2 q:32.31 aq:23.00 tex:5908 mv:779 misc:1737 imb:25 pmb:243 smb:7892 d:- ref:0 ;
in:883 out:884 type:b dur:2 cpbdur:2 q:32.33 aq:30.95 tex:59 mv:24 misc:421 imb:1 pmb:4 smb:8155 d:- ref:0 ;
in:886 out:885 type:P dur:2 cpbdur:2 q:32.28 aq:23.90 tex:13053 mv:1428 misc:2639 imb:55 pmb:440 smb:7665 d:- ref:0 ;
in:885 out:886 type:b dur:2 cpbdur:2 q:32.30 aq:30.96 tex:29 mv:33 misc:418 imb:0 pmb:6 smb:8154 d:- ref:0 ;
in:888 out:887 type:P dur:2 cpbdur:2 q:32.28 aq:22.85 tex:4722 mv:696 misc:1510 imb:29 pmb:188 smb:7943 d:- ref:0 ;
in:887 out:888 type:b dur:2 cpbdur:2 q:32.28 aq:25.88 tex:55 mv:27 misc:414 imb:2 pmb:1 smb:8157 d:- ref:0 ;
in:890 out:889 type:P dur:2 cpbdur:2 q:32.23 aq:23.89 tex:10103 mv:1228 misc:2461 imb:50 pmb:368 smb:7742 d:- ref:0 ;
in:889 out:890 type:b dur:2 cpbdur:2 q:32.25 aq:28.29 tex:86 mv:37 misc:421 imb:3 pmb:1 smb:8156 d:- ref:0 ;
in:892 out:891 type:P dur:2 cpbdur:2 q:32.21 aq:24.25 tex:6584 mv:683 misc:1717 imb:19 pmb:242 smb:7899 d:- ref:0 ;
in:891 out:892 type:b dur:2 cpbdur:2 q:32.22 aq:29.74 tex:46 mv:32 misc:410 imb:3 pmb:0 smb:8157 d:- ref:0 ;
in:894 out:893 type:P dur:2 cpbdur:2 q:32.18 aq:24.54 tex:14075 mv:1963 misc:2482 imb:44 pmb:486 smb:7630 d:- ref:0 ;
in:893 out:894 type:b dur:2 cpbdur:2 q:32.19 aq:32.17 tex:330 mv:180 misc:466 imb:2 pmb:16 smb:8142 d:- ref:0 ;
in:896 out:895 type:P dur:2 cpbdur:2 q:32.16 aq:24.55 tex:10595 mv:1640 misc:1893 imb:22 pmb:380 smb:7758 d:- ref:0 ;
in:895 out:896 type:b dur:2 cpbdur:2 q:32.17 aq:32.49 tex:458 mv:165 misc:481 imb:1 pmb:23 smb:8136 d:- ref:0 ;
in:898 out:897 type:P dur:2 cpbdur:2 q:32.13 aq:24.55 tex:15138 mv:2113 misc:2381 imb:28 pmb:523 smb:7609 d:- ref:0 ;
in:897 out:898 type:b dur:2 cpbdur:2 q:32.15 aq:31.99 tex:117 mv:43 misc:424 imb:1 pmb:5 smb:8154 d:- ref:0 ;
in:902 out:899 type:P dur:2 cpbdur:2 q:32.11 aq:23.70 tex:32821 mv:5166 misc:4637 imb:152 pmb:1133 smb:6875 d:- ref:0 ;
in:900 out:900 type:B dur:2 cpbdur:2 q:32.12 aq:29.92 tex:1040 mv:524 misc:684 imb:6 pmb:67 smb:8087 d:- ref:0 ;
in:899 out:901 type:b dur:2 cpbdur:2 q:32.12 aq:24.76 tex:315 mv:156 misc:513 imb:4 pmb:18 smb:8138 d:- ref:0 ;
in:901 out:902 type:b dur:2 cpbdur:2 q:32.11 aq:33.61 tex:157 mv:115 misc:472 imb:0 pmb:14 smb:8146 d:- ref:0 ;
in:904 out:903 type:P dur:2 cpbdur:2 q:32.42 aq:22.15 tex:16827 mv:3322 misc:3643 imb:138 pmb:661 smb:7361 d:- ref:0 ;
in:903 out:904 type:b dur:2 cpbdur:2 q:32.26 aq:33.32 tex:499 mv:157 misc:456 imb:2 pmb:16 smb:8142 d:- ref:0 ;
in:906 out:905 type:P dur:2 cpbdur:2 q:32.43 aq:23.46 tex:10768 mv:2187 misc:2493 imb:40 pmb:463 smb:7657 d:- ref:0 ;
in:905 out:906 type:b dur:2 cpbdur:2 q:32.43 aq:31.16 tex:258 mv:132 misc:442 imb:2 pmb:15 smb:8143 d:- ref:0 ;
in:908 out:907 type:P dur:2 cpbdur:2 q:32.44 aq:22.95 tex:18257 mv:3276 misc:3395 imb:101 pmb:685 smb:7374 d:- ref:0 ;
in:907 out:908 type:b dur:2 cpbdur:2 q:32.44 aq:33.05 tex:230 mv:98 misc:424 imb:1 pmb:11 smb:8148 d:- ref:0 ;
in:910 out:909 type:P dur:2 cpbdur:2 q:32.42 aq:24.29 tex:9892 mv:2045 misc:2231 imb:37 pmb:425 smb:7698 d:- ref:0 ;
in:909 out:910 type:b dur:2 cpbdur:2 q:32.43 aq:31.35 tex:116 mv:92 misc:448 imb:2 pmb:7 smb:8151 d:- ref:0 ;
in:912 out:911 type:P dur:2 cpbdur:2 q:32.41 aq:22.88 tex:17901 mv:3053 misc:3086 imb:89 pmb:641 smb:7430 d:- ref:0 ;
in:911 out:912 type:b dur:2 cpbdur:2 q:32.42 aq:31.95 tex:101 mv:74 misc:449 imb:4 pmb:5 smb:8151 d:- ref:0 ;
in:914 out:913 type:P dur:2 cpbdur:2 q:32.39 aq:23.37 tex:10329 mv:2028 misc:2307 imb:43 pmb:418 smb:7699 d:- ref:0 ;
in:913 out:914 type:b dur:2 cpbdur:2 q:32.40 aq:21.25 tex:149 mv:81 misc:450 imb:3 pmb:8 smb:8149 d:- ref:0 ;
in:916 out:915 type:P dur:2 cpbdur:2 q:32.41 aq:23.55 tex:19309 mv:3185 misc:3290 imb:78 pmb:681 smb:7401 d:- ref:0 ;
in:915 out:916 type:b dur:2 cpbdur:2 q:32.40 aq:32.07 tex:434 mv:133 misc:457 imb:2 pmb:19 smb:8139 d:- ref:0 ;
in:918 out:917 type:P dur:2 cpbdur:2 q:32.26 aq:22.99 tex:12330 mv:2091 misc:2411 imb:44 pmb:456 smb:7660 d:- ref:0 ;
in:917 out:918 type:b dur:2 cpbdur:2 q:32.33 aq:32.86 tex:264 mv:99 misc:453 imb:2 pmb:13 smb:8145 d:- ref:0 ;
in:920 out:919 type:P dur:2 cpbdur:2 q:32.20 aq:23.05 tex:19995 mv:3347 misc:3426 imb:88 pmb:736 smb:7336 d:- ref:0 ;
in:919 out:920 type:b dur:2 cpbdur:2 q:32.23 aq:31.85 tex:472 mv:120 misc:456 imb:0 pmb:17 smb:8143 d:- ref:0 ;
in:922 out:921 type:P dur:2 cpbdur:2 q:32.07 aq:23.52 tex:14185 mv:2326 misc:2689 imb:48 pmb:523 smb:7589 d:- ref:0 ;
in:921 out:922 type:b dur:2 cpbdur:2 q:32.13 aq:32.32 tex:316 mv:107 misc:457 imb:3 pmb:11 smb:8146 d:- ref:0 ;
in:924 out:923 type:P dur:2 cpbdur:2 q:32.03 aq:22.60 tex:21011 mv:3434 misc:3627 imb:88 pmb:771 smb:7301 d:- ref:0 ;
in:923 out:924 type:b dur:2 cpbdur:2 q:32.05 aq:30.20 tex:113 mv:108 misc:467 imb:5 pmb:8 smb:8147 d:- ref:0 ;
in:926 out:925 type:P dur:2 cpbdur:2 q:32.04 aq:23.57 tex:13518 mv:2240 misc:2506 imb:39 pmb:486 smb:7635 d:- ref:0 ;
in:925 out:926 type:b dur:2 cpbdur:2 q:32.03 aq:32.90 tex:104 mv:56 misc:448 imb:2 pmb:7 smb:8151 d:- ref:0 ;
in:928 out:927 type:P dur:2 cpbdur:2 q:32.02 aq:23.19 tex:22290 mv:3492 misc:3498 imb:101 pmb:787 smb:7272 d:- ref:0 ;
in:927 out:928 type:b dur:2 cpbdur:2 q:32.03 aq:33.04 tex:129 mv:45 misc:426 imb:0 pmb:7 smb:8153 d:- ref:0 ;
in:930 out:929 type:P dur:2 cpbdur:2 q:32.04 aq:23.79 tex:11843 mv:1940 misc:2473 imb:31 pmb:451 smb:7678 d:- ref:0 ;
in:929 out:930 type:b dur:2 cpbdur:2 q:32.03 aq:32.33 tex:155 mv:55 misc:446 imb:1 pmb:8 smb:8151 d:- ref:0 ;
in:932 out:931 type:P dur:2 cpbdur:2 q:32.02 aq:23.00 tex:19950 mv:3029 misc:3429 imb:81 pmb:721 smb:7358 d:- ref:0 ;
in:931 out:932 type:b dur:2 cpbdur:2 q:32.03 aq:30.73 tex:384 mv:121 misc:511 imb:3 pmb:19 smb:8138 d:- ref:0 ;
in:934 out:933 type:P dur:2 cpbdur:2 q:32.03 aq:23.26 tex:11911 mv:2001 misc:2328 imb:46 pmb:419 smb:7695 d:- ref:0 ;
in:933 out:934 type:b dur:2 cpbdur:2 q:32.03 aq:28.40 tex:459 mv:93 misc:448 imb:3 pmb:9 smb:8148 d:- ref:0 ;
in:936 out:935 type:P dur:2 cpbdur:2 q:32.02 aq:23.53 tex:21733 mv:3428 misc:3415 imb:92 pmb:721 smb:7347 d:- ref:0 ;
in:935 out:936 type:b dur:2 cpbdur:2 q:32.03 aq:32.72 tex:166 mv:73 misc:441 imb:0 pmb:9 smb:8151 d:- ref:0 ;
in:938 out:937 type:P dur:2 cpbdur:2 q:32.04 aq:21.81 tex:11622 mv:1927 misc:2379 imb:39 pmb:438 smb:7683 d:- ref:0 ;
in:937 out:938 type:b dur:2 cpbdur:2 q:32.03 aq:33.45 tex:437 mv:110 misc:461 imb:2 pmb:15 smb:8143 d:- ref:0 ;
in:940 out:939 type:P dur:2 cpbdur:2 q:32.04 aq:23.28 tex:19728 mv:3098 misc:3438 imb:90 pmb:691 smb:7379 d:- ref:0 ;
in:939 out:940 type:b dur:2 cpbdur:2 q:32.04 aq:28.87 tex:213 mv:88 misc:467 imb:5 pmb:9 smb:8146 d:- ref:0 ;
in:942 out:941 type:P dur:2 cpbdur:2 q:32.07 aq:23.81 tex:10738 mv:1842 misc:2316 imb:39 pmb:420 smb:7701 d:- ref:0 ;
in:941 out:942 type:b dur:2 cpbdur:2 q:32.05 aq:24.54 tex:86 mv:66 misc:448 imb:5 pmb:3 smb:8152 d:- ref:0 ;
in:944 out:943 type:P dur:2 cpbdur:2 q:32.06 aq:23.14 tex:18938 mv:3139 misc:3443 imb:105 pmb:673 smb:7382 d:- ref:0 ;
in:943 out:944 type:b dur:2 cpbdur:2 q:32.06 aq:32.23 tex:131 mv:25 misc:428 imb:1 pmb:4 smb:8155 d:- ref:0 ;
in:946 out:945 type:P dur:2 cpbdur:2 q:32.08 aq:23.14 tex:13384 mv:1940 misc:2444 imb:54 pmb:435 smb:7671 d:- ref:0 ;
in:945 out:946 type:b dur:2 cpbdur:2 q:32.07 aq:27.16 tex:247 mv:115 misc:486 imb:4 pmb:14 smb:8142 d:- ref:0 ;
in:948 out:947 type:P dur:2 cpbdur:2 q:32.07 aq:22.61 tex:19636 mv:2884 misc:3312 imb:79 pmb:684 smb:7397 d:- ref:0 ;
in:947 out:948 type:b dur:2 cpbdur:2 q:32.08 aq:26.67 tex:224 mv:116 misc:492 imb:7 pmb:10 smb:8143 d:- ref:0 ;
in:950 out:949 type:P dur:2 cpbdur:2 q:32.09 aq:23.04 tex:11845 mv:1968 misc:2339 imb:46 pmb:444 smb:7670 d:- ref:0 ;
in:949 out:950 type:b dur:2 cpbdur:2 q:32.08 aq:33.64 tex:193 mv:44 misc:427 imb:1 pmb:5 smb:8154 d:- ref:0 ;
in:952 out:951 type:P dur:2 cpbdur:2 q:32.08 aq:22.46 tex:20708 mv:3137 misc:3411 imb:96 pmb:703 smb:7361 d:- ref:0 ;
in:951 out:952 type:b dur:2 cpbdur:2 q:32.08 aq:31.62 tex:552 mv:98 misc:446 imb:3 pmb:9 smb:8148 d:- ref:0 ;
in:954 out:953 type:P dur:2 cpbdur:2 q:32.10 aq:23.10 tex:11665 mv:1961 misc:2382 imb:42 pmb:430 smb:7688 d:- ref:0 ;
in:953 out:954 type:b dur:2 cpbdur:2 q:32.09 aq:29.54 tex:224 mv:101 misc:451 imb:3 pmb:8 smb:8149 d:- ref:0 ;
in:956 out:955 type:P dur:2 cpbdur:2 q:32.08 aq:22.99 tex:18398 mv:2748 misc:3110 imb:80 pmb:628 smb:7452 d:- ref:0 ;
in:955 out:956 type:b dur:2 cpbdur:2 q:32.09 aq:32.33 tex:512 mv:115 misc:453 imb:2 pmb:13 smb:8145 d:- ref:0 ;
in:958 out:957 type:P dur:2 cpbdur:2 q:32.09 aq:23.68 tex:12245 mv:2069 misc:2462 imb:60 pmb:451 smb:7649 d:- ref:0 ;
in:957 out:958 type:b dur:2 cpbdur:2 q:32.08 aq:24.16 tex:324 mv:58 misc:450 imb:1 pmb:10 smb:8149 d:- ref:0 ;
in:960 out:959 type:P dur:2 cpbdur:2 q:32.08 aq:22.50 tex:19289 mv:3391 misc:3400 imb:125 pmb:666 smb:7369 d:- ref:0 ;
in:959 out:960 type:b dur:2 cpbdur:2 q:32.08 aq:25.77 tex:167 mv:109 misc:492 imb:9 pmb:6 smb:8145 d:- ref:0 ;
in:962 out:961 type:P dur:2 cpbdur:2 q:32.10 aq:23.86 tex:11193 mv:2130 misc:2501 imb:65 pmb:435 smb:7660 d:- ref:0 ;
in:961 out:962 type:b dur:2 cpbdur:2 q:32.09 aq:29.90 tex:143 mv:121 misc:488 imb:5 pmb:9 smb:8146 d:- ref:0 ;
in:964 out:963 type:P dur:2 cpbdur:2 q:32.09 aq:22.91 tex:19156 mv:3206 misc:3342 imb:111 pmb:677 smb:7372 d:- ref:0 ;
in:963 out:964 type:b dur:2 cpbdur:2 q:32.09 aq:28.45 tex:94 mv:51 misc:431 imb:2 pmb:5 smb:8153 d:- ref:0 ;
in:966 out:965 type:P dur:2 cpbdur:2 q:32.10 aq:22.83 tex:14143 mv:2633 misc:2792 imb:83 pmb:535 smb:7542 d:- ref:0 ;
in:965 out:966 type:b dur:2 cpbdur:2 q:32.09 aq:32.27 tex:173 mv:102 misc:469 imb:3 pmb:10 smb:8147 d:- ref:0 ;
in:968 out:967 type:P dur:2 cpbdur:2 q:32.10 aq:22.61 tex:20000 mv:3400 misc:3528 imb:139 pmb:691 smb:7330 d:- ref:0 ;
in:967 out:968 type:b dur:2 cpbdur:2 q:32.10 aq:27.48 tex:325 mv:106 misc:481 imb:5 pmb:9 smb:8146 d:- ref:0 ;
in:970 out:969 type:P dur:2 cpbdur:2 q:32.12 aq:23.31 tex:11843 mv:2286 misc:2695 imb:81 pmb:466 smb:7613 d:- ref:0 ;
in:969 out:970 type:b dur:2 cpbdur:2 q:32.11 aq:26.96 tex:530 mv:115 misc:459 imb:4 pmb:10 smb:8146 d:- ref:0 ;
in:972 out:971 type:P dur:2 cpbdur:2 q:32.10 aq:23.11 tex:17453 mv:2917 misc:3230 imb:78 pmb:643 smb:7439 d:- ref:0 ;
in:971 out:972 type:b dur:2 cpbdur:2 q:32.11 aq:23.97 tex:509 mv:133 misc:486 imb:3 pmb:16 smb:8141 d:- ref:0 ;
in:974 out:973 type:P dur:2 cpbdur:2 q:32.11 aq:23.15 tex:11677 mv:2264 misc:2531 imb:70 pmb:447 smb:7643 d:- ref:0 ;
in:973 out:974 type:b dur:2 cpbdur:2 q:32.11 aq:31.51 tex:402 mv:131 misc:475 imb:6 pmb:12 smb:8142 d:- ref:0 ;
in:976 out:975 type:P dur:2 cpbdur:2 q:32.10 aq:23.28 tex:20693 mv:3201 misc:3378 imb:108 pmb:678 smb:7374 d:- ref:0 ;
in:975 out:976 type:b dur:2 cpbdur:2 q:32.11 aq:32.50 tex:434 mv:158 misc:496 imb:4 pmb:15 smb:8141 d:- ref:0 ;
in:978 out:977 type:P dur:2 cpbdur:2 q:32.12 aq:24.26 tex:11734 mv:2269 misc:2557 imb:67 pmb:449 smb:7644 d:- ref:0 ;
in:977 out:978 type:b dur:2 cpbdur:2 q:32.11 aq:23.32 tex:93 mv:79 misc:460 imb:5 pmb:4 smb:8151 d:- ref:0 ;
in:980 out:979 type:P dur:2 cpbdur:2 q:32.11 aq:23.09 tex:18029 mv:3102 misc:3173 imb:104 pmb:650 smb:7406 d:- ref:0 ;
in:979 out:980 type:b dur:2 cpbdur:2 q:32.11 aq:24.03 tex:134 mv:88 misc:466 imb:5 pmb:5 smb:8150 d:- ref:0 ;
in:982 out:981 type:P dur:2 cpbdur:2 q:32.13 aq:23.25 tex:10374 mv:2217 misc:2473 imb:49 pmb:449 smb:7662 d:- ref:0 ;
in:981 out:982 type:b dur:2 cpbdur:2 q:32.12 aq:31.92 tex:140 mv:70 misc:454 imb:3 pmb:7 smb:8150 d:- ref:0 ;
in:984 out:983 type:P dur:2 cpbdur:2 q:32.12 aq:22.45 tex:17839 mv:3074 misc:3207 imb:112 pmb:632 smb:7416 d:- ref:0 ;
in:983 out:984 type:b dur:2 cpbdur:2 q:32.12 aq:31.61 tex:177 mv:51 misc:452 imb:2 pmb:7 smb:8151 d:- ref:0 ;
in:986 out:985 type:P dur:2 cpbdur:2 q:32.12 aq:22.99 tex:12232 mv:2440 misc:2560 imb:55 pmb:487 smb:7618 d:- ref:0 ;
in:985 out:986 type:b dur:2 cpbdur:2 q:32.12 aq:28.76 tex:231 mv:56 misc:425 imb:1 pmb:6 smb:8153 d:- ref:0 ;
in:988 out:987 type:P dur:2 cpbdur:2 q:32.12 aq:23.32 tex:20691 mv:3409 misc:3348 imb:103 pmb:719 smb:7338 d:- ref:0 ;
in:987 out:988 type:b dur:2 cpbdur:2 q:32.12 aq:31.12 tex:612 mv:92 misc:464 imb:3 pmb:14 smb:8143 d:- ref:0 ;
in:990 out:989 type:P dur:2 cpbdur:2 q:32.14 aq:23.04 tex:12782 mv:2558 misc:2684 imb:70 pmb:491 smb:7599 d:- ref:0 ;
in:989 out:990 type:b dur:2 cpbdur:2 q:32.13 aq:26.26 tex:591 mv:135 misc:482 imb:4 pmb:16 smb:8140 d:- ref:0 ;
in:992 out:991 type:P dur:2 cpbdur:2 q:32.12 aq:22.97 tex:20762 mv:3267 misc:3139 imb:78 pmb:696 smb:7386 d:- ref:0 ;
in:991 out:992 type:b dur:2 cpbdur:2 q:32.13 aq:32.98 tex:354 mv:144 misc:446 imb:1 pmb:14 smb:8145 d:- ref:0 ;
in:994 out:993 type:P dur:2 cpbdur:2 q:32.14 aq:23.10 tex:12055 mv:2420 misc:2517 imb:60 pmb:474 smb:7626 d:- ref:0 ;
in:993 out:994 type:b dur:2 cpbdur:2 q:32.13 aq:26.03 tex:299 mv:81 misc:428 imb:2 pmb:9 smb:8149 d:- ref:0 ;
in:996 out:995 type:P dur:2 cpbdur:2 q:32.13 aq:22.42 tex:21546 mv:3591 misc:3343 imb:103 pmb:743 smb:7314 d:- ref:0 ;
in:995 out:996 type:b dur:2 cpbdur:2 q:32.13 aq:32.52 tex:119 mv:43 misc:430 imb:3 pmb:3 smb:8154 d:- ref:0 ;
in:998 out:997 type:P dur:2 cpbdur:2 q:32.14 aq:22.98 tex:12987 mv:2511 misc:2598 imb:58 pmb:502 smb:7600 d:- ref:0 ;
in:997 out:998 type:b dur:2 cpbdur:2 q:32.13 aq:34.29 tex:31 mv:32 misc:417 imb:0 pmb:4 smb:8156 d:- ref:0 ;
in:999 out:999 type:P dur:2 cpbdur:2 q:32.13 aq:28.42 tex:208 mv:217 misc:607 imb:4 pmb:34 smb:8122 d:- ref:0 ;
in:1000 out:1000 type:I dur:2 cpbdur:2 q:29.21 aq:20.11 tex:494304 mv:142536 misc:664 imb:8160 pmb:0 smb:0 d:- ref:;
in:1002 out:1001 type:P dur:2 cpbdur:2 q:33.56 aq:26.11 tex:5901 mv:830 misc:1253 imb:13 pmb:185 smb:7962 d:- ref:0 ;
in:1001 out:1002 type:b dur:2 cpbdur:2 q:33.56 aq:33.43 tex:105 mv:29 misc:410 imb:1 pmb:3 smb:8156 d:- ref:0 ;
in:1004 out:1003 type:P dur:2 cpbdur:2 q:33.53 aq:23.53 tex:11454 mv:1789 misc:2149 imb:50 pmb:378 smb:7732 d:- ref:0 ;
in:1003 out:1004 type:b dur:2 cpbdur:2 q:33.55 aq:33.26 tex:92 mv:61 misc:439 imb:2 pmb:6 smb:8152 d:- ref:0 ;
in:1006 out:1005 type:P dur:2 cpbdur:2 q:33.53 aq:23.52 tex:9627 mv:1035 misc:1730 imb:27 pmb:284 smb:7849 d:- ref:0 ;
in:1005 out:1006 type:b dur:2 cpbdur:2 q:33.53 aq:30.17 tex:64 mv:30 misc:426 imb:1 pmb:6 smb:8153 d:- ref:0 ;
in:1008 out:1007 type:P dur:2 cpbdur:2 q:33.50 aq:23.73 tex:10771 mv:1579 misc:2338 imb:54 pmb:387 smb:7719 d:- ref:0 ;
in:1007 out:1008 type:b dur:2 cpbdur:2 q:33.51 aq:32.00 tex:0 mv:0 misc:384 imb:0 pmb:0 smb:8160 d:- ref:0 ;
in:1010 out:1009 type:P dur:2 cpbdur:2 q:33.50 aq:25.25 tex:5419 mv:586 misc:1467 imb:14 pmb:193 smb:7953 d:- ref:0 ;
in:1009 out:1010 type:b dur:2 cpbdur:2 q:33.50 aq:32.00 tex:0 mv:0 misc:384 imb:0 pmb:0 smb:8160 d:- ref:0 ;
in:1012 out:1011 type:P dur:2 cpbdur:2 q:33.45 aq:24.64 tex:9241 mv:1117 misc:2090 imb:35 pmb:333 smb:7792 d:- ref:0 ;
in:1011 out:1012 type:b dur:2 cpbdur:2 q:33.48 aq:31.96 tex:33 mv:17 misc:398 imb:1 pmb:1 smb:8158 d:- ref:0 ;
in:1014 out:1013 type:P dur:2 cpbdur:2 q:33.43 aq:23.73 tex:5340 mv:694 misc:1558 imb:19 pmb:200 smb:7941 d:- ref:0 ;
in:1013 out:1014 type:b dur:2 cpbdur:2 q:33.44 aq:32.00 tex:0 mv:0 misc:384 imb:0 pmb:0 smb:8160 d:- ref:0 ;
in:1016 out:1015 type:P dur:2 cpbdur:2 q:33.40 aq:24.41 tex:9530 mv:1277 misc:2377 imb:54 pmb:358 smb:7748 d:- ref:0 ;
in:1015 out:1016 type:b dur:2 cpbdur:2 q:33.42 aq:31.97 tex:14 mv:12 misc:398 imb:1 pmb:0 smb:8159 d:- ref:0 ;
in:1018 out:1017 type:P dur:2 cpbdur:2 q:33.37 aq:24.33 tex:5852 mv:709 misc:1591 imb:17 pmb:218 smb:7925 d:- ref:0 ;
in:1017 out:1018 type:b dur:2 cpbdur:2 q:33.38 aq:31.95 tex:13 mv:11 misc:392 imb:1 pmb:0 smb:8159 d:- ref:0 ;
in:1020 out:1019 type:P dur:2 cpbdur:2 q:33.61 aq:23.27 tex:7284 mv:972 misc:1904 imb:50 pmb:261 smb:7849 d:- ref:0 ;
in:1019 out:1020 type:b dur:2 cpbdur:2 q:33.49 aq:31.99 tex:47 mv:9 misc:400 imb:0 pmb:2 smb:8158 d:- ref:0 ;
in:1022 out:1021 type:P dur:2 cpbdur:2 q:33.59 aq:26.07 tex:4211 mv:540 misc:1377 imb:14 pmb:181 smb:7965 d:- ref:0 ;
in:1021 out:1022 type:b dur:2 cpbdur:2 q:33.60 aq:32.98 tex:26 mv:24 misc:398 imb:0 pmb:2 smb:8158 d:- ref:0 ;
in:1024 out:1023 type:P dur:2 cpbdur:2 q:33.55 aq:24.20 tex:7965 mv:1087 misc:2044 imb:31 pmb:313 smb:7816 d:- ref:0 ;
in:1023 out:1024 type:b dur:2 cpbdur:2 q:33.57 aq:31.96 tex:13 mv:11 misc:392 imb:1 pmb:0 smb:8159 d:- ref:0 ;
in:1026 out:1025 type:P dur:2 cpbdur:2 q:33.52 aq:25.37 tex:3847 mv:510 misc:1347 imb:15 pmb:164 smb:7981 d:- ref:0 ;
in:1025 out:1026 type:b dur:2 cpbdur:2 q:33.54 aq:33.08 tex:56 mv:11 misc:413 imb:0 pmb:3 smb:8157 d:- ref:0 ;
in:1028 out:1027 type:P dur:2 cpbdur:2 q:33.48 aq:23.66 tex:7176 mv:1045 misc:1963 imb:43 pmb:274 smb:7843 d:- ref:0 ;
in:1027 out:1028 type:b dur:2 cpbdur:2 q:33.50 aq:32.00 tex:0 mv:0 misc:384 imb:0 pmb:0 smb:8160 d:- ref:0 ;
in:1030 out:1029 type:P dur:2 cpbdur:2 q:33.46 aq:23.89 tex:4998 mv:550 misc:1500 imb:19 pmb:184 smb:7957 d:- ref:0 ;
in:1029 out:1030 type:b dur:2 cpbdur:2 q:33.47 aq:31.98 tex:15 mv:12 misc:397 imb:1 pmb:0 smb:8159 d:- ref:0 ;
in:1032 out:1031 type:P dur:2 cpbdur:2 q:33.43 aq:24.03 tex:9002 mv:1098 misc:2196 imb:46 pmb:336 smb:7778 d:- ref:0 ;
in:1031 out:1032 type:b dur:2 cpbdur:2 q:33.44 aq:31.96 tex:13 mv:12 misc:391 imb:1 pmb:0 smb:8159 d:- ref:0 ;
in:1034 out:1033 type:P dur:2 cpbdur:2 q:33.41 aq:24.64 tex:4912 mv:575 misc:1537 imb:14 pmb:198 smb:7948 d:- ref:0 ;
in:1033 out:1034 type:b dur:2 cpbdur:2 q:33.42 aq:32.00 tex:0 mv:0 misc:384 imb:0 pmb:0 smb:8160 d:- ref:0 ;
in:1036 out:1035 type:P dur:2 cpbdur:2 q:33.36 aq:23.79 tex:10476 mv:1076 misc:2112 imb:36 pmb:322 smb:7802 d:- ref:0 ;
in:1035 out:1036 type:b dur:2 cpbdur:2 q:33.39 aq:31.96 tex:20 mv:39 misc:413 imb:1 pmb:5 smb:8154 d:- ref:0 ;
in:1038 out:1037 type:P dur:2 cpbdur:2 q:33.33 aq:23.74 tex:4115 mv:539 misc:1378 imb:20 pmb:154 smb:7986 d:- ref:0 ;
in:1037 out:1038 type:b dur:2 cpbdur:2 q:33.35 aq:31.96 tex:42 mv:24 misc:398 imb:0 pmb:3 smb:8157 d:- ref:0 ;
in:1040 out:1039 type:P dur:2 cpbdur:2 q:33.29 aq:23.59 tex:9481 mv:1366 misc:2281 imb:48 pmb:370 smb:7742 d:- ref:0 ;
in:1039 out:1040 type:b dur:2 cpbdur:2 q:33.31 aq:32.00 tex:0 mv:0 misc:384 imb:0 pmb:0 smb:8160 d:- ref:0 ;
in:1042 out:1041 type:P dur:2 cpbdur:2 q:33.27 aq:24.39 tex:5712 mv:657 misc:1575 imb:22 pmb:200 smb:7938 d:- ref:0 ;
in:1041 out:1042 type:b dur:2 cpbdur:2 q:33.28 aq:32.87 tex:23 mv:7 misc:402 imb:0 pmb:2 smb:8158 d:- ref:0 ;
in:1044 out:1043 type:P dur:2 cpbdur:2 q:33.24 aq:23.59 tex:9569 mv:1286 misc:2289 imb:56 pmb:355 smb:7749 d:- ref:0 ;
in:1043 out:1044 type:b dur:2 cpbdur:2 q:33.26 aq:31.94 tex:56 mv:27 misc:413 imb:0 pmb:4 smb:8156 d:- ref:0 ;
in:1046 out:1045 type:P dur:2 cpbdur:2 q:33.22 aq:22.98 tex:5400 mv:664 misc:1568 imb:15 pmb:213 smb:7932 d:- ref:0 ;
in:1045 out:1046 type:b dur:2 cpbdur:2 q:33.23 aq:31.94 tex:18 mv:11 misc:395 imb:1 pmb:0 smb:8159 d:- ref:0 ;
in:1048 out:1047 type:P dur:2 cpbdur:2 q:33.18 aq:23.36 tex:9463 mv:1291 misc:2318 imb:48 pmb:356 smb:7756 d:- ref:0 ;
in:1047 out:1048 type:b dur:2 cpbdur:2 q:33.20 aq:29.35 tex:37 mv:17 misc:402 imb:1 pmb:1 smb:8158 d:- ref:0 ;
in:1050 out:1049 type:P dur:2 cpbdur:2 q:33.15 aq:22.93 tex:5079 mv:758 misc:1611 imb:23 pmb:204 smb:7933 d:- ref:0 ;
in:1049 out:1050 type:b dur:2 cpbdur:2 q:33.17 aq:31.96 tex:32 mv:16 misc:400 imb:1 pmb:1 smb:8158 d:- ref:0 ;
in:1052 out:1051 type:P dur:2 cpbdur:2 q:33.12 aq:22.96 tex:9271 mv:1361 misc:2424 imb:61 pmb:356 smb:7743 d:- ref:0 ;
in:1051 out:1052 type:b dur:2 cpbdur:2 q:33.14 aq:31.94 tex:15 mv:11 misc:398 imb:1 pmb:0 smb:8159 d:- ref:0 ;
in:1054 out:1053 type:P dur:2 cpbdur:2 q:33.11 aq:23.81 tex:5245 mv:685 misc:1518 imb:16 pmb:200 smb:7944 d:- ref:0 ;
in:1053 out:1054 type:b dur:2 cpbdur:2 q:33.12 aq:31.95 tex:17 mv:12 misc:395 imb:1 pmb:0 smb:8159 d:- ref:0 ;
in:1056 out:1055 type:P dur:2 cpbdur:2 q:33.07 aq:23.34 tex:9369 mv:1190 misc:2345 imb:41 pmb:366 smb:7753 d:- ref:0 ;
in:1055 out:1056 type:b dur:2 cpbdur:2 q:33.09 aq:31.91 tex:30 mv:33 misc:409 imb:3 pmb:0 smb:8157 d:- ref:0 ;
in:1058 out:1057 type:P dur:2 cpbdur:2 q:33.04 aq:24.86 tex:4905 mv:701 misc:1562 imb:17 pmb:198 smb:7945 d:- ref:0 ;
in:1057 out:1058 type:b dur:2 cpbdur:2 q:33.05 aq:32.00 tex:0 mv:0 misc:384 imb:0 pmb:0 smb:8160 d:- ref:0 ;
in:1060 out:1059 type:P dur:2 cpbdur:2 q:32.99 aq:23.46 tex:9735 mv:1371 misc:2366 imb:43 pmb:370 smb:7747 d:- ref:0 ;
in:1059 out:1060 type:b dur:2 cpbdur:2 q:33.02 aq:32.00 tex:1 mv:13 misc:394 imb:0 pmb:1 smb:8159 d:- ref:0 ;
in:1062 out:1061 type:P dur:2 cpbdur:2 q:32.96 aq:24.26 tex:5397 mv:653 misc:1558 imb:16 pmb:202 smb:7942 d:- ref:0 ;
in:1061 out:1062 type:b dur:2 cpbdur:2 q:32.98 aq:32.00 tex:0 mv:0 misc:384 imb:0 pmb:0 smb:8160 d:- ref:0 ;
in:1064 out:1063 type:P dur:2 cpbdur:2 q:32.92 aq:24.18 tex:10445 mv:1343 misc:2500 imb:52 pmb:399 smb:7709 d:- ref:0 ;
in:1063 out:1064 type:b dur:2 cpbdur:2 q:32.94 aq:32.81 tex:86 mv:27 misc:423 imb:0 pmb:5 smb:8155 d:- ref:0 ;
in:1066 out:1065 type:P dur:2 cpbdur:2 q:32.90 aq:23.90 tex:7369 mv:708 misc:1659 imb:22 pmb:217 smb:7921 d:- ref:0 ;
in:1065 out:1066 type:b dur:2 cpbdur:2 q:32.91 aq:32.00 tex:1 mv:10 misc:397 imb:0 pmb:4 smb:8156 d:- ref:0 ;
in:1068 out:1067 type:P dur:2 cpbdur:2 q:32.87 aq:23.64 tex:10780 mv:1361 misc:2507 imb:42 pmb:420 smb:7698 d:- ref:0 ;
in:1067 out:1068 type:b dur:2 cpbdur:2 q:32.89 aq:31.91 tex:23 mv:33 misc:408 imb:3 pmb:0 smb:8157 d:- ref:0 ;
in:1070 out:1069 type:P dur:2 cpbdur:2 q:32.85 aq:24.27 tex:5307 mv:599 misc:1526 imb:18 pmb:193 smb:7949 d:- ref:0 ;
in:1069 out:1070 type:b dur:2 cpbdur:2 q:32.86 aq:31.95 tex:66 mv:12 misc:410 imb:0 pmb:3 smb:8157 d:- ref:0 ;
in:1072 out:1071 type:P dur:2 cpbdur:2 q:32.81 aq:23.26 tex:9689 mv:1311 misc:2296 imb:40 pmb:369 smb:7751 d:- ref:0 ;
in:1071 out:1072 type:b dur:2 cpbdur:2 q:32.83 aq:31.97 tex:28 mv:5 misc:391 imb:0 pmb:1 smb:8159 d:- ref:0 ;
in:1074 out:1073 type:P dur:2 cpbdur:2 q:32.78 aq:23.73 tex:6026 mv:698 misc:1724 imb:21 pmb:239 smb:7900 d:- ref:0 ;
in:1073 out:1074 type:b dur:2 cpbdur:2 q:32.79 aq:31.93 tex:40 mv:26 misc:414 imb:2 pmb:1 smb:8157 d:- ref:0 ;
in:1076 out:1075 type:P dur:2 cpbdur:2 q:32.76 aq:23.73 tex:11589 mv:1473 misc:2594 imb:52 pmb:427 smb:7681 d:- ref:0 ;
in:1075 out:1076 type:b dur:2 cpbdur:2 q:32.77 aq:31.95 tex:60 mv:20 misc:408 imb:1 pmb:2 smb:8157 d:- ref:0 ;
in:1078 out:1077 type:P dur:2 cpbdur:2 q:32.75 aq:23.45 tex:5823 mv:845 misc:1740 imb:27 pmb:234 smb:7899 d:- ref:0 ;
in:1077 out:1078 type:b dur:2 cpbdur:2 q:32.75 aq:31.93 tex:45 mv:22 misc:405 imb:0 pmb:3 smb:8157 d:- ref:0 ;
in:1080 out:1079 type:P dur:2 cpbdur:2 q:32.71 aq:23.84 tex:11518 mv:1331 misc:2503 imb:40 pmb:410 smb:7710 d:- ref:0 ;
in:1079 out:1080 type:b dur:2 cpbdur:2 q:32.73 aq:31.94 tex:95 mv:36 misc:421 imb:2 pmb:3 smb:8155 d:- ref:0 ;
in:1082 out:1081 type:P dur:2 cpbdur:2 q:32.70 aq:23.79 tex:6290 mv:697 misc:1733 imb:22 pmb:233 smb:7905 d:- ref:0 ;
in:1081 out:1082 type:b dur:2 cpbdur:2 q:32.71 aq:32.00 tex:0 mv:0 misc:384 imb:0 pmb:0 smb:8160 d:- ref:0 ;
in:1084 out:1083 type:P dur:2 cpbdur:2 q:32.67 aq:23.53 tex:13004 mv:1586 misc:2618 imb:47 pmb:485 smb:7628 d:- ref:0 ;
in:1083 out:1084 type:b dur:2 cpbdur:2 q:32.68 aq:25.90 tex:167 mv:44 misc:437 imb:3 pmb:3 smb:8154 d:- ref:0 ;
in:1086 out:1085 type:P dur:2 cpbdur:2 q:32.65 aq:24.53 tex:6304 mv:744 misc:1768 imb:18 pmb:242 smb:7900 d:- ref:0 ;
in:1085 out:1086 type:b dur:2 cpbdur:2 q:32.66 aq:31.93 tex:29 mv:15 misc:404 imb:1 pmb:1 smb:8158 d:- ref:0 ;
in:1088 out:1087 type:P dur:2 cpbdur:2 q:32.62 aq:23.31 tex:12283 mv:1547 misc:2626 imb:54 pmb:455 smb:7651 d:- ref:0 ;
in:1087 out:1088 type:b dur:2 cpbdur:2 q:32.63 aq:29.95 tex:47 mv:16 misc:401 imb:1 pmb:1 smb:8158 d:- ref:0 ;
in:1090 out:1089 type:P dur:2 cpbdur:2 q:32.60 aq:23.60 tex:6392 mv:808 misc:1800 imb:22 pmb:244 smb:7894 d:- ref:0 ;
in:1089 out:1090 type:b dur:2 cpbdur:2 q:32.61 aq:31.95 tex:41 mv:9 misc:406 imb:0 pmb:2 smb:8158 d:- ref:0 ;
in:1092 out:1091 type:P dur:2 cpbdur:2 q:32.58 aq:23.17 tex:11744 mv:1428 misc:2604 imb:41 pmb:439 smb:7680 d:- ref:0 ;
in:1091 out:1092 type:b dur:2 cpbdur:2 q:32.59 aq:31.92 tex:50 mv:30 misc:416 imb:2 pmb:2 smb:8156 d:- ref:0 ;
in:1094 out:1093 type:P dur:2 cpbdur:2 q:32.57 aq:23.39 tex:6247 mv:857 misc:1808 imb:28 pmb:246 smb:7886 d:- ref:0 ;
in:1093 out:1094 type:b dur:2 cpbdur:2 q:32.57 aq:31.94 tex:23 mv:22 misc:403 imb:2 pmb:0 smb:8158 d:- ref:0 ;
in:1096 out:1095 type:P dur:2 cpbdur:2 q:32.54 aq:23.09 tex:15540 mv:1714 misc:2930 imb:66 pmb:501 smb:7593 d:- ref:0 ;
in:1095 out:1096 type:b dur:2 cpbdur:2 q:32.55 aq:30.98 tex:35 mv:25 misc:420 imb:1 pmb:5 smb:8154 d:- ref:0 ;
in:1098 out:1097 type:P dur:2 cpbdur:2 q:32.54 aq:24.73 tex:7148 mv:781 misc:1823 imb:17 pmb:274 smb:7869 d:- ref:0 ;
in:1097 out:1098 type:b dur:2 cpbdur:2 q:32.54 aq:30.95 tex:76 mv:37 misc:423 imb:1 pmb:4 smb:8155 d:- ref:0 ;
in:1100 out:1099 type:P dur:2 cpbdur:2 q:32.50 aq:23.05 tex:12159 mv:1415 misc:2514 imb:53 pmb:436 smb:7671 d:- ref:0 ;
in:1099 out:1100 type:b dur:2 cpbdur:2 q:32.52 aq:32.97 tex:32 mv:5 misc:395 imb:0 pmb:1 smb:8159 d:- ref:0 ;
in:1102 out:1101 type:P dur:2 cpbdur:2 q:32.48 aq:22.60 tex:5679 mv:752 misc:1737 imb:19 pmb:233 smb:7908 d:- ref:0 ;
in:1101 out:1102 type:b dur:2 cpbdur:2 q:32.49 aq:18.05 tex:40 mv:19 misc:413 imb:1 pmb:2 smb:8157 d:- ref:0 ;
in:1104 out:1103 type:P dur:2 cpbdur:2 q:32.45 aq:22.97 tex:12436 mv:1521 misc:2691 imb:54 pmb:455 smb:7651 d:- ref:0 ;
in:1103 out:1104 type:b dur:2 cpbdur:2 q:32.47 aq:24.60 tex:124 mv:39 misc:429 imb:2 pmb:4 smb:8154 d:- ref:0 ;
in:1106 out:1105 type:P dur:2 cpbdur:2 q:32.44 aq:23.76 tex:6997 mv:851 misc:1896 imb:26 pmb:266 smb:7868 d:- ref:0 ;
in:1105 out:1106 type:b dur:2 cpbdur:2 q:32.45 aq:31.94 tex:60 mv:34 misc:418 imb:1 pmb:3 smb:8156 d:- ref:0 ;
in:1108 out:1107 type:P dur:2 cpbdur:2 q:32.41 aq:23.36 tex:12839 mv:1503 misc:2698 imb:48 pmb:466 smb:7646 d:- ref:0 ;
in:1107 out:1108 type:b dur:2 cpbdur:2 q:32.43 aq:31.92 tex:62 mv:23 misc:411 imb:1 pmb:3 smb:8156 d:- ref:0 ;
in:1110 out:1109 type:P dur:2 cpbdur:2 q:32.39 aq:23.64 tex:8091 mv:883 misc:2018 imb:35 pmb:293 smb:7832 d:- ref:0 ;
in:1109 out:1110 type:b dur:2 cpbdur:2 q:32.40 aq:31.92 tex:69 mv:39 misc:420 imb:3 pmb:2 smb:8155 d:- ref:0 ;
in:1112 out:1111 type:P dur:2 cpbdur:2 q:32.35 aq:23.18 tex:13929 mv:1597 misc:2802 imb:61 pmb:480 smb:7619 d:- ref:0 ;
in:1111 out:1112 type:b dur:2 cpbdur:2 q:32.37 aq:30.68 tex:108 mv:50 misc:426 imb:4 pmb:2 smb:8154 d:- ref:0 ;
in:1114 out:1113 type:P dur:2 cpbdur:2 q:32.34 aq:23.54 tex:6771 mv:818 misc:1827 imb:19 pmb:259 smb:7882 d:- ref:0 ;
in:1113 out:1114 type:b dur:2 cpbdur:2 q:32.34 aq:30.19 tex:115 mv:45 misc:432 imb:3 pmb:3 smb:8154 d:- ref:0 ;
in:1116 out:1115 type:P dur:2 cpbdur:2 q:32.30 aq:23.11 tex:12587 mv:1432 misc:2565 imb:52 pmb:441 smb:7667 d:- ref:0 ;
in:1115 out:1116 type:b dur:2 cpbdur:2 q:32.32 aq:30.07 tex:64 mv:45 misc:419 imb:4 pmb:1 smb:8155 d:- ref:0 ;
in:1118 out:1117 type:P dur:2 cpbdur:2 q:32.29 aq:24.09 tex:8039 mv:834 misc:1863 imb:19 pmb:285 smb:7856 d:- ref:0 ;
in:1117 out:1118 type:b dur:2 cpbdur:2 q:32.30 aq:30.96 tex:53 mv:24 misc:419 imb:1 pmb:3 smb:8156 d:- ref:0 ;
in:1120 out:1119 type:P dur:2 cpbdur:2 q:32.26 aq:23.67 tex:13326 mv:1299 misc:2639 imb:59 pmb:446 smb:7655 d:- ref:0 ;
in:1119 out:1120 type:b dur:2 cpbdur:2 q:32.27 aq:30.98 tex:31 mv:8 misc:401 imb:0 pmb:2 smb:8158 d:- ref:0 ;
in:1122 out:1121 type:P dur:2 cpbdur:2 q:32.24 aq:23.58 tex:7219 mv:926 misc:1903 imb:32 pmb:269 smb:7859 d:- ref:0 ;
in:1121 out:1122 type:b dur:2 cpbdur:2 q:32.25 aq:30.88 tex:97 mv:52 misc:435 imb:3 pmb:5 smb:8152 d:- ref:0 ;
in:1124 out:1123 type:P dur:2 cpbdur:2 q:32.22 aq:22.90 tex:14193 mv:1828 misc:2931 imb:69 pmb:521 smb:7570 d:- ref:0 ;
in:1123 out:1124 type:b dur:2 cpbdur:2 q:32.23 aq:30.92 tex:67 mv:22 misc:415 imb:1 pmb:3 smb:8156 d:- ref:0 ;
in:1126 out:1125 type:P dur:2 cpbdur:2 q:32.21 aq:24.05 tex:9219 mv:794 misc:1779 imb:28 pmb:243 smb:7889 d:- ref:0 ;
in:1125 out:1126 type:b dur:2 cpbdur:2 q:32.21 aq:23.65 tex:63 mv:93 misc:452 imb:5 pmb:6 smb:8149 d:- ref:0 ;
in:1128 out:1127 type:P dur:2 cpbdur:2 q:32.18 aq:24.00 tex:13949 mv:1470 misc:2717 imb:41 pmb:489 smb:7630 d:- ref:0 ;
in:1127 out:1128 type:b dur:2 cpbdur:2 q:32.20 aq:31.96 tex:64 mv:23 misc:417 imb:1 pmb:3 smb:8156 d:- ref:0 ;
in:1130 out:1129 type:P dur:2 cpbdur:2 q:32.17 aq:25.07 tex:7585 mv:850 misc:1901 imb:27 pmb:266 smb:7867 d:- ref:0 ;
in:1129 out:1130 type:b dur:2 cpbdur:2 q:32.18 aq:31.00 tex:0 mv:0 misc:384 imb:0 pmb:0 smb:8160 d:- ref:0 ;
in:1132 out:1131 type:P dur:2 cpbdur:2 q:32.15 aq:23.07 tex:14390 mv:1585 misc:2689 imb:56 pmb:499 smb:7605 d:- ref:0 ;
in:1131 out:1132 type:b dur:2 cpbdur:2 q:32.16 aq:30.98 tex:24 mv:5 misc:395 imb:0 pmb:1 smb:8159 d:- ref:0 ;
in:1134 out:1133 type:P dur:2 cpbdur:2 q:32.15 aq:23.92 tex:6713 mv:776 misc:1743 imb:31 pmb:238 smb:7891 d:- ref:0 ;
in:1133 out:1134 type:b dur:2 cpbdur:2 q:32.15 aq:30.93 tex:99 mv:69 misc:440 imb:3 pmb:6 smb:8151 d:- ref:0 ;
in:1136 out:1135 type:P dur:2 cpbdur:2 q:32.13 aq:23.78 tex:12767 mv:1341 misc:2516 imb:55 pmb:421 smb:7684 d:- ref:0 ;
in:1135 out:1136 type:b dur:2 cpbdur:2 q:32.14 aq:29.55 tex:106 mv:25 misc:421 imb:1 pmb:4 smb:8155 d:- ref:0 ;
in:1138 out:1137 type:P dur:2 cpbdur:2 q:32.12 aq:23.02 tex:7198 mv:754 misc:1768 imb:27 pmb:250 smb:7883 d:- ref:0 ;
in:1137 out:1138 type:b dur:2 cpbdur:2 q:32.12 aq:24.14 tex:78 mv:68 misc:446 imb:4 pmb:4 smb:8152 d:- ref:0 ;
in:1140 out:1139 type:P dur:2 cpbdur:2 q:32.09 aq:23.55 tex:13434 mv:1256 misc:2614 imb:49 pmb:447 smb:7664 d:- ref:0 ;
in:1139 out:1140 type:b dur:2 cpbdur:2 q:32.11 aq:30.98 tex:26 mv:4 misc:394 imb:0 pmb:1 smb:8159 d:- ref:0 ;
in:1142 out:1141 type:P dur:2 cpbdur:2 q:32.09 aq:24.61 tex:8379 mv:848 misc:1941 imb:28 pmb:297 smb:7835 d:- ref:0 ;
in:1141 out:1142 type:b dur:2 cpbdur:2 q:32.09 aq:30.92 tex:79 mv:32 misc:417 imb:2 pmb:3 smb:8155 d:- ref:0 ;
in:1144 out:1143 type:P dur:2 cpbdur:2 q:32.06 aq:23.96 tex:12970 mv:1089 misc:2325 imb:27 pmb:431 smb:7702 d:- ref:0 ;
in:1143 out:1144 type:b dur:2 cpbdur:2 q:32.08 aq:23.95 tex:69 mv:52 misc:423 imb:3 pmb:2 smb:8155 d:- ref:0 ;
in:1146 out:1145 type:P dur:2 cpbdur:2 q:32.05 aq:24.86 tex:7459 mv:588 misc:1569 imb:15 pmb:223 smb:7922 d:- ref:0 ;
in:1145 out:1146 type:b dur:2 cpbdur:2 q:32.06 aq:29.96 tex:96 mv:17 misc:415 imb:0 pmb:5 smb:8155 d:- ref:0 ;
in:1148 out:1147 type:P dur:2 cpbdur:2 q:32.01 aq:25.08 tex:11785 mv:1088 misc:2175 imb:13 pmb:408 smb:7739 d:- ref:0 ;
in:1147 out:1148 type:b dur:2 cpbdur:2 q:32.03 aq:30.97 tex:25 mv:5 misc:394 imb:0 pmb:1 smb:8159 d:- ref:0 ;
in:1152 out:1149 type:P dur:2 cpbdur:2 q:31.97 aq:23.40 tex:32316 mv:3785 misc:4643 imb:106 pmb:1114 smb:6940 d:- ref:0 ;
in:1150 out:1150 type:B dur:2 cpbdur:2 q:31.99 aq:28.66 tex:327 mv:85 misc:492 imb:4 pmb:13 smb:8143 d:- ref:0 ;
in:1149 out:1151 type:b dur:2 cpbdur:2 q:32.00 aq:30.21 tex:138 mv:57 misc:461 imb:3 pmb:7 smb:8150 d:- ref:0 ;
in:1151 out:1152 type:b dur:2 cpbdur:2 q:31.98 aq:23.66 tex:22 mv:11 misc:399 imb:1 pmb:0 smb:8159 d:- ref:0 ;
in:1154 out:1153 type:P dur:2 cpbdur:2 q:32.32 aq:22.34 tex:15873 mv:2308 misc:3563 imb:127 pmb:578 smb:7455 d:- ref:0 ;
in:1153 out:1154 type:b dur:2 cpbdur:2 q:32.15 aq:24.38 tex:77 mv:20 misc:415 imb:1 pmb:2 smb:8157 d:- ref:0 ;
in:1156 out:1155 type:P dur:2 cpbdur:2 q:32.32 aq:23.06 tex:10161 mv:962 misc:1973 imb:41 pmb:259 smb:7860 d:- ref:0 ;
in:1155 out:1156 type:b dur:2 cpbdur:2 q:32.32 aq:27.68 tex:29 mv:46 misc:437 imb:3 pmb:6 smb:8151 d:- ref:0 ;
in:1158 out:1157 type:P dur:2 cpbdur:2 q:32.31 aq:22.87 tex:13696 mv:1752 misc:2928 imb:69 pmb:496 smb:7595 d:- ref:0 ;
in:1157 out:1158 type:b dur:2 cpbdur:2 q:32.32 aq:30.88 tex:32 mv:11 misc:397 imb:1 pmb:0 smb:8159 d:- ref:0 ;
in:1160 out:1159 type:P dur:2 cpbdur:2 q:32.28 aq:24.02 tex:6774 mv:763 misc:1863 imb:22 pmb:253 smb:7885 d:- ref:0 ;
in:1159 out:1160 type:b dur:2 cpbdur:2 q:32.30 aq:30.97 tex:61 mv:12 misc:407 imb:0 pmb:3 smb:8157 d:- ref:0 ;
in:1162 out:1161 type:P dur:2 cpbdur:2 q:32.28 aq:22.29 tex:14461 mv:1856 misc:3003 imb:69 pmb:524 smb:7567 d:- ref:0 ;
in:1161 out:1162 type:b dur:2 cpbdur:2 q:32.28 aq:30.95 tex:26 mv:5 misc:393 imb:0 pmb:1 smb:8159 d:- ref:0 ;
in:1164 out:1163 type:P dur:2 cpbdur:2 q:32.26 aq:23.49 tex:8542 mv:1034 misc:2152 imb:33 pmb:317 smb:7810 d:- ref:0 ;
in:1163 out:1164 type:b dur:2 cpbdur:2 q:32.27 aq:30.92 tex:19 mv:11 misc:394 imb:1 pmb:0 smb:8159 d:- ref:0 ;
in:1166 out:1165 type:P dur:2 cpbdur:2 q:32.27 aq:22.87 tex:14315 mv:1766 misc:2975 imb:61 pmb:526 smb:7573 d:- ref:0 ;
in:1165 out:1166 type:b dur:2 cpbdur:2 q:32.27 aq:29.36 tex:74 mv:8 misc:406 imb:0 pmb:2 smb:8158 d:- ref:0 ;
in:1168 out:1167 type:P dur:2 cpbdur:2 q:32.12 aq:23.49 tex:9154 mv:1218 misc:2380 imb:34 pmb:367 smb:7759 d:- ref:0 ;
in:1167 out:1168 type:b dur:2 cpbdur:2 q:32.20 aq:29.27 tex:91 mv:44 misc:433 imb:3 pmb:3 smb:8154 d:- ref:0 ;
in:1170 out:1169 type:P dur:2 cpbdur:2 q:32.00 aq:22.79 tex:17431 mv:1965 misc:3132 imb:70 pmb:601 smb:7489 d:- ref:0 ;
in:1169 out:1170 type:b dur:2 cpbdur:2 q:32.06 aq:26.08 tex:77 mv:31 misc:420 imb:2 pmb:2 smb:8156 d:- ref:0 ;
in:1172 out:1171 type:P dur:2 cpbdur:2 q:31.86 aq:23.12 tex:9672 mv:1220 misc:2372 imb:40 pmb:363 smb:7757 d:- ref:0 ;
in:1171 out:1172 type:b dur:2 cpbdur:2 q:31.93 aq:31.64 tex:90 mv:31 misc:415 imb:2 pmb:2 smb:8156 d:- ref:0 ;
in:1174 out:1173 type:P dur:2 cpbdur:2 q:31.83 aq:22.97 tex:18376 mv:2292 misc:3476 imb:78 pmb:673 smb:7409 d:- ref:0 ;
in:1173 out:1174 type:b dur:2 cpbdur:2 q:31.85 aq:30.98 tex:67 mv:8 misc:405 imb:0 pmb:2 smb:8158 d:- ref:0 ;
in:1176 out:1175 type:P dur:2 cpbdur:2 q:31.83 aq:23.22 tex:8984 mv:1122 misc:2270 imb:38 pmb:339 smb:7783 d:- ref:0 ;
in:1175 out:1176 type:b dur:2 cpbdur:2 q:31.83 aq:18.51 tex:48 mv:26 misc:406 imb:1 pmb:2 smb:8157 d:- ref:0 ;
in:1178 out:1177 type:P dur:2 cpbdur:2 q:31.81 aq:22.26 tex:19810 mv:2482 misc:3532 imb:95 pmb:691 smb:7374 d:- ref:0 ;
in:1177 out:1178 type:b dur:2 cpbdur:2 q:31.82 aq:31.92 tex:108 mv:49 misc:435 imb:3 pmb:4 smb:8153 d:- ref:0 ;
in:1180 out:1179 type:P dur:2 cpbdur:2 q:31.81 aq:22.59 tex:10711 mv:1188 misc:2389 imb:43 pmb:381 smb:7736 d:- ref:0 ;
in:1179 out:1180 type:b dur:2 cpbdur:2 q:31.81 aq:30.41 tex:46 mv:17 misc:401 imb:1 pmb:1 smb:8158 d:- ref:0 ;
in:1182 out:1181 type:P dur:2 cpbdur:2 q:31.79 aq:22.37 tex:21513 mv:2417 misc:3502 imb:83 pmb:710 smb:7367 d:- ref:0 ;
in:1181 out:1182 type:b dur:2 cpbdur:2 q:31.80 aq:30.82 tex:86 mv:33 misc:417 imb:2 pmb:3 smb:8155 d:- ref:0 ;
in:1184 out:1183 type:P dur:2 cpbdur:2 q:31.79 aq:22.84 tex:8636 mv:990 misc:2086 imb:29 pmb:310 smb:7821 d:- ref:0 ;
in:1183 out:1184 type:b dur:2 cpbdur:2 q:31.79 aq:23.93 tex:80 mv:51 misc:437 imb:2 pmb:5 smb:8153 d:- ref:0 ;
in:1186 out:1185 type:P dur:2 cpbdur:2 q:31.77 aq:23.33 tex:17635 mv:1915 misc:3162 imb:61 pmb:592 smb:7507 d:- ref:0 ;
in:1185 out:1186 type:b dur:2 cpbdur:2 q:31.78 aq:26.77 tex:52 mv:47 misc:429 imb:3 pmb:5 smb:8152 d:- ref:0 ;
in:1188 out:1187 type:P dur:2 cpbdur:2 q:31.78 aq:22.18 tex:9609 mv:890 misc:2133 imb:34 pmb:313 smb:7813 d:- ref:0 ;
in:1187 out:1188 type:b dur:2 cpbdur:2 q:31.77 aq:27.72 tex:199 mv:61 misc:452 imb:4 pmb:5 smb:8151 d:- ref:0 ;
in:1190 out:1189 type:P dur:2 cpbdur:2 q:31.76 aq:22.63 tex:19435 mv:2158 misc:3383 imb:86 pmb:635 smb:7439 d:- ref:0 ;
in:1189 out:1190 type:b dur:2 cpbdur:2 q:31.77 aq:28.38 tex:61 mv:24 misc:427 imb:1 pmb:4 smb:8155 d:- ref:0 ;
in:1192 out:1191 type:P dur:2 cpbdur:2 q:31.77 aq:22.97 tex:10768 mv:1118 misc:2250 imb:28 pmb:383 smb:7749 d:- ref:0 ;
in:1191 out:1192 type:b dur:2 cpbdur:2 q:31.76 aq:31.68 tex:158 mv:48 misc:442 imb:3 pmb:5 smb:8152 d:- ref:0 ;
in:1194 out:1193 type:P dur:2 cpbdur:2 q:31.74 aq:22.68 tex:20496 mv:2031 misc:3321 imb:68 pmb:681 smb:7411 d:- ref:0 ;
in:1193 out:1194 type:b dur:2 cpbdur:2 q:31.75 aq:26.20 tex:131 mv:29 misc:424 imb:1 pmb:5 smb:8154 d:- ref:0 ;
in:1196 out:1195 type:P dur:2 cpbdur:2 q:31.74 aq:22.66 tex:9875 mv:1030 misc:2095 imb:41 pmb:318 smb:7801 d:- ref:0 ;
in:1195 out:1196 type:b dur:2 cpbdur:2 q:31.74 aq:25.92 tex:181 mv:68 misc:439 imb:5 pmb:4 smb:8151 d:- ref:0 ;
in:1198 out:1197 type:P dur:2 cpbdur:2 q:31.72 aq:22.30 tex:19927 mv:2308 misc:3461 imb:84 pmb:686 smb:7390 d:- ref:0 ;
in:1197 out:1198 type:b dur:2 cpbdur:2 q:31.73 aq:22.26 tex:144 mv:84 misc:468 imb:7 pmb:4 smb:8149 d:- ref:0 ;
in:1200 out:1199 type:P dur:2 cpbdur:2 q:31.73 aq:22.71 tex:9240 mv:1079 misc:2169 imb:51 pmb:315 smb:7794 d:- ref:0 ;
in:1199 out:1200 type:b dur:2 cpbdur:2 q:31.72 aq:30.91 tex:42 mv:40 misc:414 imb:2 pmb:2 smb:8156 d:- ref:0 ;
in:1202 out:1201 type:P dur:2 cpbdur:2 q:31.71 aq:22.34 tex:18759 mv:2111 misc:3410 imb:77 pmb:653 smb:7430 d:- ref:0 ;
in:1201 out:1202 type:b dur:2 cpbdur:2 q:31.72 aq:31.89 tex:66 mv:45 misc:433 imb:3 pmb:3 smb:8154 d:- ref:0 ;
in:1204 out:1203 type:P dur:2 cpbdur:2 q:31.72 aq:22.65 tex:9951 mv:1025 misc:2152 imb:35 pmb:331 smb:7794 d:- ref:0 ;
in:1203 out:1204 type:b dur:2 cpbdur:2 q:31.72 aq:19.46 tex:57 mv:27 misc:412 imb:2 pmb:1 smb:8157 d:- ref:0 ;
in:1206 out:1205 type:P dur:2 cpbdur:2 q:31.69 aq:22.83 tex:17321 mv:1998 misc:3161 imb:82 pmb:591 smb:7487 d:- ref:0 ;
in:1205 out:1206 type:b dur:2 cpbdur:2 q:31.71 aq:29.66 tex:46 mv:36 misc:422 imb:1 pmb:3 smb:8156 d:- ref:0 ;
in:1208 out:1207 type:P dur:2 cpbdur:2 q:31.69 aq:22.75 tex:10204 mv:1103 misc:2301 imb:42 pmb:353 smb:7765 d:- ref:0 ;
in:1207 out:1208 type:b dur:2 cpbdur:2 q:31.69 aq:29.53 tex:222 mv:87 misc:467 imb:6 pmb:7 smb:8147 d:- ref:0 ;
in:1210 out:1209 type:P dur:2 cpbdur:2 q:31.67 aq:22.72 tex:19410 mv:2167 misc:3335 imb:72 pmb:669 smb:7419 d:- ref:0 ;
in:1209 out:1210 type:b dur:2 cpbdur:2 q:31.68 aq:30.94 tex:29 mv:7 misc:404 imb:0 pmb:2 smb:8158 d:- ref:0 ;
in:1212 out:1211 type:P dur:2 cpbdur:2 q:31.68 aq:22.93 tex:10201 mv:1050 misc:2245 imb:36 pmb:358 smb:7766 d:- ref:0 ;
in:1211 out:1212 type:b dur:2 cpbdur:2 q:31.68 aq:29.57 tex:200 mv:67 misc:461 imb:4 pmb:6 smb:8150 d:- ref:0 ;
in:1214 out:1213 type:P dur:2 cpbdur:2 q:31.66 aq:22.37 tex:19779 mv:2099 misc:3378 imb:75 pmb:645 smb:7440 d:- ref:0 ;
in:1213 out:1214 type:b dur:2 cpbdur:2 q:31.67 aq:33.33 tex:180 mv:79 misc:461 imb:5 pmb:8 smb:8147 d:- ref:0 ;
in:1216 out:1215 type:P dur:2 cpbdur:2 q:31.68 aq:23.26 tex:11519 mv:1129 misc:2200 imb:42 pmb:332 smb:7786 d:- ref:0 ;
in:1215 out:1216 type:b dur:2 cpbdur:2 q:31.67 aq:31.92 tex:58 mv:22 misc:432 imb:0 pmb:8 smb:8152 d:- ref:0 ;
in:1218 out:1217 type:P dur:2 cpbdur:2 q:31.66 aq:22.71 tex:19158 mv:1997 misc:3189 imb:71 pmb:625 smb:7464 d:- ref:0 ;
in:1217 out:1218 type:b dur:2 cpbdur:2 q:31.67 aq:29.40 tex:144 mv:53 misc:435 imb:4 pmb:3 smb:8153 d:- ref:0 ;
in:1220 out:1219 type:P dur:2 cpbdur:2 q:31.67 aq:23.34 tex:10660 mv:1109 misc:2327 imb:37 pmb:379 smb:7744 d:- ref:0 ;
in:1219 out:1220 type:b dur:2 cpbdur:2 q:31.66 aq:22.87 tex:52 mv:37 misc:423 imb:3 pmb:1 smb:8156 d:- ref:0 ;
in:1222 out:1221 type:P dur:2 cpbdur:2 q:31.66 aq:22.14 tex:19480 mv:2169 misc:3335 imb:73 pmb:685 smb:7402 d:- ref:0 ;
in:1221 out:1222 type:b dur:2 cpbdur:2 q:31.66 aq:24.26 tex:88 mv:51 misc:437 imb:3 pmb:3 smb:8154 d:- ref:0 ;
in:1224 out:1223 type:P dur:2 cpbdur:2 q:31.68 aq:23.49 tex:9626 mv:952 misc:2118 imb:42 pmb:322 smb:7796 d:- ref:0 ;
in:1223 out:1224 type:b dur:2 cpbdur:2 q:31.67 aq:18.73 tex:103 mv:36 misc:437 imb:2 pmb:4 smb:8154 d:- ref:0 ;
in:1226 out:1225 type:P dur:2 cpbdur:2 q:31.66 aq:22.52 tex:18133 mv:1950 misc:3133 imb:70 pmb:587 smb:7503 d:- ref:0 ;
in:1225 out:1226 type:b dur:2 cpbdur:2 q:31.67 aq:29.74 tex:90 mv:45 misc:433 imb:3 pmb:3 smb:8154 d:- ref:0 ;
in:1228 out:1227 type:P dur:2 cpbdur:2 q:31.67 aq:23.27 tex:9451 mv:1047 misc:2158 imb:28 pmb:341 smb:7791 d:- ref:0 ;
in:1227 out:1228 type:b dur:2 cpbdur:2 q:31.66 aq:30.93 tex:51 mv:21 misc:408 imb:1 pmb:2 smb:8157 d:- ref:0 ;
in:1230 out:1229 type:P dur:2 cpbdur:2 q:31.64 aq:22.61 tex:18040 mv:1794 misc:3078 imb:53 pmb:602 smb:7505 d:- ref:0 ;
in:1229 out:1230 type:b dur:2 cpbdur:2 q:31.65 aq:26.19 tex:155 mv:47 misc:438 imb:3 pmb:4 smb:8153 d:- ref:0 ;
in:1232 out:1231 type:P dur:2 cpbdur:2 q:31.65 aq:23.48 tex:8897 mv:943 misc:2096 imb:36 pmb:310 smb:7814 d:- ref:0 ;
in:1231 out:1232 type:b dur:2 cpbdur:2 q:31.64 aq:19.20 tex:114 mv:66 misc:452 imb:5 pmb:4 smb:8151 d:- ref:0 ;
in:1234 out:1233 type:P dur:2 cpbdur:2 q:31.62 aq:23.06 tex:16522 mv:1704 misc:2886 imb:56 pmb:564 smb:7540 d:- ref:0 ;
in:1233 out:1234 type:b dur:2 cpbdur:2 q:31.63 aq:19.89 tex:53 mv:51 misc:432 imb:3 pmb:2 smb:8155 d:- ref:0 ;
in:1236 out:1235 type:P dur:2 cpbdur:2 q:31.62 aq:23.32 tex:9086 mv:1016 misc:2154 imb:26 pmb:338 smb:7796 d:- ref:0 ;
in:1235 out:1236 type:b dur:2 cpbdur:2 q:31.62 aq:23.95 tex:89 mv:28 misc:427 imb:1 pmb:4 smb:8155 d:- ref:0 ;
in:1238 out:1237 type:P dur:2 cpbdur:2 q:31.62 aq:22.42 tex:18157 mv:1935 misc:3212 imb:62 pmb:627 smb:7471 d:- ref:0 ;
in:1237 out:1238 type:b dur:2 cpbdur:2 q:31.62 aq:25.54 tex:110 mv:27 misc:423 imb:1 pmb:5 smb:8154 d:- ref:0 ;
in:1240 out:1239 type:P dur:2 cpbdur:2 q:31.64 aq:22.55 tex:10212 mv:1206 misc:2374 imb:44 pmb:376 smb:7740 d:- ref:0 ;
in:1239 out:1240 type:b dur:2 cpbdur:2 q:31.63 aq:30.96 tex:50 mv:34 misc:420 imb:1 pmb:4 smb:8155 d:- ref:0 ;
in:1242 out:1241 type:P dur:2 cpbdur:2 q:31.64 aq:22.33 tex:20215 mv:2358 misc:3443 imb:88 pmb:693 smb:7379 d:- ref:0 ;
in:1241 out:1242 type:b dur:2 cpbdur:2 q:31.64 aq:29.49 tex:179 mv:89 misc:452 imb:3 pmb:10 smb:8147 d:- ref:0 ;
in:1244 out:1243 type:P dur:2 cpbdur:2 q:31.68 aq:23.21 tex:11114 mv:1184 misc:2414 imb:41 pmb:401 smb:7718 d:- ref:0 ;
in:1243 out:1244 type:b dur:2 cpbdur:2 q:31.66 aq:23.65 tex:80 mv:52 misc:428 imb:4 pmb:2 smb:8154 d:- ref:0 ;
in:1246 out:1245 type:P dur:2 cpbdur:2 q:31.66 aq:22.62 tex:19855 mv:2021 misc:3164 imb:80 pmb:588 smb:7492 d:- ref:0 ;
in:1245 out:1246 type:b dur:2 cpbdur:2 q:31.67 aq:20.38 tex:73 mv:42 misc:437 imb:2 pmb:7 smb:8151 d:- ref:0 ;
in:1248 out:1247 type:P dur:2 cpbdur:2 q:31.68 aq:23.45 tex:9180 mv:975 misc:2269 imb:33 pmb:347 smb:7780 d:- ref:0 ;
in:1247 out:1248 type:b dur:2 cpbdur:2 q:31.67 aq:21.22 tex:132 mv:103 misc:461 imb:6 pmb:6 smb:8148 d:- ref:0 ;
in:1249 out:1249 type:P dur:2 cpbdur:2 q:31.66 aq:18.08 tex:193 mv:97 misc:502 imb:15 pmb:1 smb:8144 d:- ref:0 ;
in:1250 out:1250 type:I dur:2 cpbdur:2 q:28.76 aq:19.81 tex:533843 mv:144364 misc:689 imb:8160 pmb:0 smb:0 d:- ref:;
in:1252 out:1251 type:P dur:2 cpbdur:2 q:33.01 aq:24.28 tex:3520 mv:465 misc:1159 imb:24 pmb:112 smb:8024 d:- ref:0 ;
in:1251 out:1252 type:b dur:2 cpbdur:2 q:33.01 aq:31.97 tex:101 mv:45 misc:422 imb:2 pmb:3 smb:8155 d:- ref:0 ;
in:1254 out:1253 type:P dur:2 cpbdur:2 q:32.96 aq:24.17 tex:8289 mv:1292 misc:2251 imb:58 pmb:321 smb:7781 d:- ref:0 ;
in:1253 out:1254 type:b dur:2 cpbdur:2 q:32.98 aq:32.76 tex:96 mv:51 misc:429 imb:4 pmb:2 smb:8154 d:- ref:0 ;
in:1256 out:1255 type:P dur:2 cpbdur:2 q:32.93 aq:23.90 tex:5220 mv:777 misc:1611 imb:29 pmb:192 smb:7939 d:- ref:0 ;
in:1255 out:1256 type:b dur:2 cpbdur:2 q:32.95 aq:29.98 tex:77 mv:38 misc:421 imb:3 pmb:1 smb:8156 d:- ref:0 ;
in:1258 out:1257 type:P dur:2 cpbdur:2 q:32.88 aq:23.24 tex:11401 mv:1421 misc:2458 imb:57 pmb:415 smb:7688 d:- ref:0 ;
in:1257 out:1258 type:b dur:2 cpbdur:2 q:32.91 aq:31.89 tex:21 mv:11 misc:392 imb:1 pmb:0 smb:8159 d:- ref:0 ;
in:1260 out:1259 type:P dur:2 cpbdur:2 q:32.85 aq:25.55 tex:7097 mv:747 misc:1772 imb:18 pmb:251 smb:7891 d:- ref:0 ;
in:1259 out:1260 type:b dur:2 cpbdur:2 q:32.87 aq:31.72 tex:60 mv:43 misc:425 imb:3 pmb:3 smb:8154 d:- ref:0 ;
in:1262 out:1261 type:P dur:2 cpbdur:2 q:32.83 aq:23.16 tex:11562 mv:1689 misc:2669 imb:63 pmb:449 smb:7648 d:- ref:0 ;
in:1261 out:1262 type:b dur:2 cpbdur:2 q:32.84 aq:31.97 tex:79 mv:15 misc:418 imb:0 pmb:4 smb:8156 d:- ref:0 ;
in:1264 out:1263 type:P dur:2 cpbdur:2 q:32.83 aq:24.37 tex:7453 mv:997 misc:1942 imb:27 pmb:279 smb:7854 d:- ref:0 ;
in:1263 out:1264 type:b dur:2 cpbdur:2 q:32.83 aq:32.00 tex:0 mv:0 misc:384 imb:0 pmb:0 smb:8160 d:- ref:0 ;
in:1266 out:1265 type:P dur:2 cpbdur:2 q:32.81 aq:22.71 tex:12130 mv:1709 misc:2713 imb:80 pmb:431 smb:7649 d:- ref:0 ;
in:1265 out:1266 type:b dur:2 cpbdur:2 q:32.82 aq:31.56 tex:59 mv:37 misc:416 imb:3 pmb:1 smb:8156 d:- ref:0 ;
in:1268 out:1267 type:P dur:2 cpbdur:2 q:32.83 aq:22.55 tex:6546 mv:899 misc:1747 imb:32 pmb:264 smb:7864 d:- ref:0 ;
in:1267 out:1268 type:b dur:2 cpbdur:2 q:32.82 aq:31.97 tex:45 mv:20 misc:407 imb:1 pmb:2 smb:8157 d:- ref:0 ;
in:1270 out:1269 type:P dur:2 cpbdur:2 q:33.07 aq:23.58 tex:8154 mv:1214 misc:2152 imb:51 pmb:307 smb:7802 d:- ref:0 ;
in:1269 out:1270 type:b dur:2 cpbdur:2 q:32.95 aq:31.96 tex:26 mv:5 misc:393 imb:0 pmb:1 smb:8159 d:- ref:0 ;
in:1272 out:1271 type:P dur:2 cpbdur:2 q:33.05 aq:23.72 tex:4219 mv:495 misc:1342 imb:20 pmb:153 smb:7987 d:- ref:0 ;
in:1271 out:1272 type:b dur:2 cpbdur:2 q:33.06 aq:31.97 tex:27 mv:5 misc:392 imb:0 pmb:1 smb:8159 d:- ref:0 ;
in:1274 out:1273 type:P dur:2 cpbdur:2 q:33.01 aq:23.20 tex:9143 mv:1248 misc:2297 imb:48 pmb:348 smb:7764 d:- ref:0 ;
in:1273 out:1274 type:b dur:2 cpbdur:2 q:33.03 aq:30.39 tex:62 mv:38 misc:420 imb:3 pmb:1 smb:8156 d:- ref:0 ;
in:1276 out:1275 type:P dur:2 cpbdur:2 q:32.99 aq:24.84 tex:6857 mv:763 misc:1644 imb:28 pmb:218 smb:7914 d:- ref:0 ;
in:1275 out:1276 type:b dur:2 cpbdur:2 q:33.00 aq:27.10 tex:60 mv:26 misc:418 imb:1 pmb:4 smb:8155 d:- ref:0 ;
in:1278 out:1277 type:P dur:2 cpbdur:2 q:32.94 aq:23.92 tex:9300 mv:1348 misc:2368 imb:51 pmb:350 smb:7759 d:- ref:0 ;
in:1277 out:1278 type:b dur:2 cpbdur:2 q:32.97 aq:32.00 tex:0 mv:0 misc:384 imb:0 pmb:0 smb:8160 d:- ref:0 ;
in:1280 out:1279 type:P dur:2 cpbdur:2 q:32.91 aq:23.61 tex:5545 mv:582 misc:1569 imb:22 pmb:196 smb:7942 d:- ref:0 ;
in:1279 out:1280 type:b dur:2 cpbdur:2 q:32.93 aq:31.98 tex:25 mv:11 misc:396 imb:1 pmb:0 smb:8159 d:- ref:0 ;
in:1282 out:1281 type:P dur:2 cpbdur:2 q:32.86 aq:23.57 tex:9624 mv:1226 misc:2334 imb:54 pmb:345 smb:7761 d:- ref:0 ;
in:1281 out:1282 type:b dur:2 cpbdur:2 q:32.89 aq:31.96 tex:67 mv:8 misc:397 imb:0 pmb:2 smb:8158 d:- ref:0 ;
in:1284 out:1283 type:P dur:2 cpbdur:2 q:32.82 aq:24.83 tex:5963 mv:749 misc:1688 imb:14 pmb:235 smb:7911 d:- ref:0 ;
in:1283 out:1284 type:b dur:2 cpbdur:2 q:32.84 aq:33.80 tex:114 mv:29 misc:425 imb:1 pmb:5 smb:8154 d:- ref:0 ;
in:1286 out:1285 type:P dur:2 cpbdur:2 q:32.79 aq:23.71 tex:10030 mv:1451 misc:2367 imb:41 pmb:393 smb:7726 d:- ref:0 ;
in:1285 out:1286 type:b dur:2 cpbdur:2 q:32.81 aq:32.00 tex:0 mv:0 misc:384 imb:0 pmb:0 smb:8160 d:- ref:0 ;
in:1288 out:1287 type:P dur:2 cpbdur:2 q:32.77 aq:23.34 tex:5497 mv:717 misc:1642 imb:29 pmb:201 smb:7930 d:- ref:0 ;
in:1287 out:1288 type:b dur:2 cpbdur:2 q:32.78 aq:28.61 tex:19 mv:24 misc:405 imb:1 pmb:1 smb:8158 d:- ref:0 ;
in:1290 out:1289 type:P dur:2 cpbdur:2 q:32.74 aq:23.00 tex:10556 mv:1549 misc:2583 imb:78 pmb:406 smb:7676 d:- ref:0 ;
in:1289 out:1290 type:b dur:2 cpbdur:2 q:32.75 aq:30.61 tex:46 mv:17 misc:401 imb:1 pmb:1 smb:8158 d:- ref:0 ;
in:1292 out:1291 type:P dur:2 cpbdur:2 q:32.72 aq:23.95 tex:6049 mv:766 misc:1705 imb:22 pmb:227 smb:7911 d:- ref:0 ;
in:1291 out:1292 type:b dur:2 cpbdur:2 q:32.73 aq:31.95 tex:29 mv:16 misc:403 imb:1 pmb:1 smb:8158 d:- ref:0 ;
in:1294 out:1293 type:P dur:2 cpbdur:2 q:32.70 aq:23.92 tex:9766 mv:1404 misc:2550 imb:65 pmb:381 smb:7714 d:- ref:0 ;
in:1293 out:1294 type:b dur:2 cpbdur:2 q:32.71 aq:30.41 tex:87 mv:52 misc:429 imb:4 pmb:2 smb:8154 d:- ref:0 ;
in:1296 out:1295 type:P dur:2 cpbdur:2 q:32.69 aq:23.71 tex:6289 mv:725 misc:1698 imb:29 pmb:224 smb:7907 d:- ref:0 ;
in:1295 out:1296 type:b dur:2 cpbdur:2 q:32.69 aq:31.99 tex:27 mv:5 misc:392 imb:0 pmb:1 smb:8159 d:- ref:0 ;
in:1298 out:1297 type:P dur:2 cpbdur:2 q:32.66 aq:23.33 tex:10067 mv:1410 misc:2499 imb:55 pmb:378 smb:7727 d:- ref:0 ;
in:1297 out:1298 type:b dur:2 cpbdur:2 q:32.67 aq:31.94 tex:67 mv:12 misc:409 imb:0 pmb:3 smb:8157 d:- ref:0 ;
in:1300 out:1299 type:P dur:2 cpbdur:2 q:32.64 aq:24.28 tex:5146 mv:657 misc:1637 imb:18 pmb:208 smb:7934 d:- ref:0 ;
in:1299 out:1300 type:b dur:2 cpbdur:2 q:32.65 aq:27.75 tex:101 mv:45 misc:430 imb:3 pmb:3 smb:8154 d:- ref:0 ;
in:1302 out:1301 type:P dur:2 cpbdur:2 q:32.61 aq:23.87 tex:9266 mv:1354 misc:2396 imb:49 pmb:363 smb:7748 d:- ref:0 ;
in:1301 out:1302 type:b dur:2 cpbdur:2 q:32.63 aq:31.95 tex:50 mv:9 misc:405 imb:0 pmb:2 smb:8158 d:- ref:0 ;
in:1304 out:1303 type:P dur:2 cpbdur:2 q:32.58 aq:23.17 tex:8115 mv:1284 misc:2049 imb:27 pmb:325 smb:7808 d:- ref:0 ;
in:1303 out:1304 type:b dur:2 cpbdur:2 q:32.60 aq:32.00 tex:0 mv:7 misc:393 imb:0 pmb:1 smb:8159 d:- ref:0 ;
in:1306 out:1305 type:P dur:2 cpbdur:2 q:32.55 aq:24.05 tex:18296 mv:2887 misc:2905 imb:56 pmb:626 smb:7478 d:- ref:0 ;
in:1305 out:1306 type:b dur:2 cpbdur:2 q:32.57 aq:33.60 tex:52 mv:59 misc:425 imb:0 pmb:9 smb:8151 d:- ref:0 ;
in:1308 out:1307 type:P dur:2 cpbdur:2 q:32.55 aq:24.24 tex:9028 mv:1785 misc:2059 imb:33 pmb:383 smb:7744 d:- ref:0 ;
in:1307 out:1308 type:b dur:2 cpbdur:2 q:32.55 aq:34.75 tex:112 mv:58 misc:422 imb:0 pmb:6 smb:8154 d:- ref:0 ;
in:1310 out:1309 type:P dur:2 cpbdur:2 q:32.52 aq:23.77 tex:15122 mv:2564 misc:2890 imb:64 pmb:569 smb:7527 d:- ref:0 ;
in:1309 out:1310 type:b dur:2 cpbdur:2 q:32.53 aq:33.95 tex:325 mv:106 misc:433 imb:2 pmb:11 smb:8147 d:- ref:0 ;
in:1312 out:1311 type:P dur:2 cpbdur:2 q:32.51 aq:23.78 tex:10449 mv:2044 misc:2139 imb:46 pmb:399 smb:7715 d:- ref:0 ;
in:1311 out:1312 type:b dur:2 cpbdur:2 q:32.51 aq:34.12 tex:259 mv:126 misc:431 imb:1 pmb:14 smb:8145 d:- ref:0 ;
in:1314 out:1313 type:P dur:2 cpbdur:2 q:32.48 aq:23.48 tex:17229 mv:2982 misc:2917 imb:53 pmb:625 smb:7482 d:- ref:0 ;
in:1313 out:1314 type:b dur:2 cpbdur:2 q:32.50 aq:28.74 tex:263 mv:145 misc:472 imb:3 pmb:16 smb:8141 d:- ref:0 ;
in:1316 out:1315 type:P dur:2 cpbdur:2 q:32.47 aq:24.03 tex:10693 mv:2078 misc:2261 imb:41 pmb:438 smb:7681 d:- ref:0 ;
in:1315 out:1316 type:b dur:2 cpbdur:2 q:32.48 aq:32.58 tex:176 mv:109 misc:475 imb:2 pmb:12 smb:8146 d:- ref:0 ;
in:1318 out:1317 type:P dur:2 cpbdur:2 q:32.45 aq:23.45 tex:17070 mv:2934 misc:3012 imb:75 pmb:639 smb:7446 d:- ref:0 ;
in:1317 out:1318 type:b dur:2 cpbdur:2 q:32.46 aq:30.35 tex:95 mv:129 misc:464 imb:1 pmb:11 smb:8148 d:- ref:0 ;
in:1320 out:1319 type:P dur:2 cpbdur:2 q:32.45 aq:24.66 tex:11400 mv:1996 misc:2148 imb:36 pmb:416 smb:7708 d:- ref:0 ;
in:1319 out:1320 type:b dur:2 cpbdur:2 q:32.45 aq:31.51 tex:191 mv:136 misc:481 imb:2 pmb:15 smb:8143 d:- ref:0 ;
in:1322 out:1321 type:P dur:2 cpbdur:2 q:32.43 aq:23.09 tex:17626 mv:3105 misc:3133 imb:90 pmb:631 smb:7439 d:- ref:0 ;
in:1321 out:1322 type:b dur:2 cpbdur:2 q:32.44 aq:32.86 tex:272 mv:151 misc:473 imb:1 pmb:19 smb:8140 d:- ref:0 ;
in:1324 out:1323 type:P dur:2 cpbdur:2 q:32.44 aq:24.25 tex:9899 mv:2074 misc:2219 imb:33 pmb:410 smb:7717 d:- ref:0 ;
in:1323 out:1324 type:b dur:2 cpbdur:2 q:32.44 aq:29.81 tex:670 mv:182 misc:476 imb:5 pmb:20 smb:8135 d:- ref:0 ;
in:1326 out:1325 type:P dur:2 cpbdur:2 q:32.43 aq:23.41 tex:17432 mv:3008 misc:3144 imb:71 pmb:646 smb:7443 d:- ref:0 ;
in:1325 out:1326 type:b dur:2 cpbdur:2 q:32.44 aq:29.65 tex:212 mv:159 misc:493 imb:5 pmb:15 smb:8140 d:- ref:0 ;
in:1328 out:1327 type:P dur:2 cpbdur:2 q:32.43 aq:24.14 tex:10155 mv:1970 misc:2283 imb:39 pmb:419 smb:7702 d:- ref:0 ;
in:1327 out:1328 type:b dur:2 cpbdur:2 q:32.43 aq:30.95 tex:238 mv:124 misc:502 imb:4 pmb:13 smb:8143 d:- ref:0 ;
in:1330 out:1329 type:P dur:2 cpbdur:2 q:32.42 aq:23.16 tex:17074 mv:2977 misc:3117 imb:84 pmb:634 smb:7442 d:- ref:0 ;
in:1329 out:1330 type:b dur:2 cpbdur:2 q:32.42 aq:27.09 tex:99 mv:116 misc:457 imb:1 pmb:15 smb:8144 d:- ref:0 ;
in:1332 out:1331 type:P dur:2 cpbdur:2 q:32.43 aq:23.16 tex:11580 mv:2142 misc:2254 imb:38 pmb:428 smb:7694 d:- ref:0 ;
in:1331 out:1332 type:b dur:2 cpbdur:2 q:32.42 aq:31.81 tex:536 mv:157 misc:451 imb:1 pmb:20 smb:8139 d:- ref:0 ;
in:1334 out:1333 type:P dur:2 cpbdur:2 q:32.41 aq:23.51 tex:16965 mv:2732 misc:2951 imb:61 pmb:611 smb:7488 d:- ref:0 ;
in:1333 out:1334 type:b dur:2 cpbdur:2 q:32.42 aq:32.46 tex:404 mv:164 misc:480 imb:1 pmb:23 smb:8136 d:- ref:0 ;
in:1336 out:1335 type:P dur:2 cpbdur:2 q:32.41 aq:23.89 tex:12105 mv:2027 misc:2204 imb:34 pmb:421 smb:7705 d:- ref:0 ;
in:1335 out:1336 type:b dur:2 cpbdur:2 q:32.41 aq:32.54 tex:299 mv:196 misc:497 imb:2 pmb:21 smb:8137 d:- ref:0 ;
in:1338 out:1337 type:P dur:2 cpbdur:2 q:32.39 aq:23.98 tex:15766 mv:2720 misc:3034 imb:78 pmb:595 smb:7487 d:- ref:0 ;
in:1337 out:1338 type:b dur:2 cpbdur:2 q:32.40 aq:32.56 tex:85 mv:55 misc:436 imb:0 pmb:8 smb:8152 d:- ref:0 ;
in:1340 out:1339 type:P dur:2 cpbdur:2 q:32.39 aq:23.62 tex:10642 mv:2060 misc:2322 imb:39 pmb:419 smb:7702 d:- ref:0 ;
in:1339 out:1340 type:b dur:2 cpbdur:2 q:32.39 aq:34.48 tex:236 mv:79 misc:461 imb:1 pmb:11 smb:8148 d:- ref:0 ;
in:1342 out:1341 type:P dur:2 cpbdur:2 q:32.38 aq:23.71 tex:17088 mv:2871 misc:2977 imb:78 pmb:611 smb:7471 d:- ref:0 ;
in:1341 out:1342 type:b dur:2 cpbdur:2 q:32.39 aq:28.83 tex:435 mv:124 misc:481 imb:3 pmb:16 smb:8141 d:- ref:0 ;
in:1344 out:1343 type:P dur:2 cpbdur:2 q:32.39 aq:23.86 tex:11759 mv:2059 misc:2254 imb:48 pmb:424 smb:7688 d:- ref:0 ;
in:1343 out:1344 type:b dur:2 cpbdur:2 q:32.38 aq:26.90 tex:377 mv:185 misc:486 imb:4 pmb:19 smb:8137 d:- ref:0 ;
in:1346 out:1345 type:P dur:2 cpbdur:2 q:32.37 aq:23.07 tex:16289 mv:3284 misc:3139 imb:99 pmb:622 smb:7439 d:- ref:0 ;
in:1345 out:1346 type:b dur:2 cpbdur:2 q:32.38 aq:34.32 tex:317 mv:169 misc:466 imb:4 pmb:15 smb:8141 d:- ref:0 ;
in:1348 out:1347 type:P dur:2 cpbdur:2 q:32.37 aq:24.30 tex:10553 mv:1909 misc:2050 imb:26 pmb:404 smb:7730 d:- ref:0 ;
in:1347 out:1348 type:b dur:2 cpbdur:2 q:32.37 aq:33.40 tex:154 mv:106 misc:460 imb:3 pmb:9 smb:8148 d:- ref:0 ;
in:1350 out:1349 type:P dur:2 cpbdur:2 q:32.35 aq:23.29 tex:17403 mv:3189 misc:3328 imb:102 pmb:652 smb:7406 d:- ref:0 ;
in:1349 out:1350 type:b dur:2 cpbdur:2 q:32.36 aq:25.38 tex:225 mv:134 misc:497 imb:5 pmb:13 smb:8142 d:- ref:0 ;
in:1352 out:1351 type:P dur:2 cpbdur:2 q:32.36 aq:23.20 tex:9196 mv:2054 misc:2230 imb:43 pmb:402 smb:7715 d:- ref:0 ;
in:1351 out:1352 type:b dur:2 cpbdur:2 q:32.36 aq:29.63 tex:97 mv:116 misc:459 imb:3 pmb:8 smb:8149 d:- ref:0 ;
in:1354 out:1353 type:P dur:2 cpbdur:2 q:32.36 aq:23.03 tex:16839 mv:3066 misc:3319 imb:91 pmb:651 smb:7418 d:- ref:0 ;
in:1353 out:1354 type:b dur:2 cpbdur:2 q:32.36 aq:31.49 tex:524 mv:184 misc:500 imb:5 pmb:19 smb:8136 d:- ref:0 ;
in:1356 out:1355 type:P dur:2 cpbdur:2 q:32.36 aq:23.35 tex:11123 mv:1949 misc:2304 imb:42 pmb:411 smb:7707 d:- ref:0 ;
in:1355 out:1356 type:b dur:2 cpbdur:2 q:32.36 aq:32.64 tex:458 mv:269 misc:513 imb:2 pmb:29 smb:8129 d:- ref:0 ;
in:1358 out:1357 type:P dur:2 cpbdur:2 q:32.35 aq:22.43 tex:17980 mv:3515 misc:3425 imb:121 pmb:671 smb:7368 d:- ref:0 ;
in:1357 out:1358 type:b dur:2 cpbdur:2 q:32.36 aq:29.53 tex:339 mv:121 misc:468 imb:3 pmb:17 smb:8140 d:- ref:0 ;
in:1360 out:1359 type:P dur:2 cpbdur:2 q:32.35 aq:22.92 tex:10466 mv:2181 misc:2401 imb:63 pmb:411 smb:7686 d:- ref:0 ;
in:1359 out:1360 type:b dur:2 cpbdur:2 q:32.35 aq:32.47 tex:143 mv:146 misc:495 imb:2 pmb:14 smb:8144 d:- ref:0 ;
in:1362 out:1361 type:P dur:2 cpbdur:2 q:32.34 aq:22.73 tex:17416 mv:3102 misc:3354 imb:124 pmb:624 smb:7412 d:- ref:0 ;
in:1361 out:1362 type:b dur:2 cpbdur:2 q:32.35 aq:30.21 tex:153 mv:44 misc:459 imb:1 pmb:8 smb:8151 d:- ref:0 ;
in:1364 out:1363 type:P dur:2 cpbdur:2 q:32.35 aq:24.04 tex:12005 mv:2150 misc:2437 imb:46 pmb:470 smb:7644 d:- ref:0 ;
in:1363 out:1364 type:b dur:2 cpbdur:2 q:32.35 aq:28.34 tex:135 mv:148 misc:485 imb:6 pmb:9 smb:8145 d:- ref:0 ;
in:1366 out:1365 type:P dur:2 cpbdur:2 q:32.34 aq:23.04 tex:19248 mv:3408 misc:3488 imb:123 pmb:692 smb:7345 d:- ref:0 ;
in:1365 out:1366 type:b dur:2 cpbdur:2 q:32.35 aq:31.58 tex:524 mv:155 misc:505 imb:4 pmb:23 smb:8133 d:- ref:0 ;
in:1368 out:1367 type:P dur:2 cpbdur:2 q:32.36 aq:23.23 tex:10950 mv:2068 misc:2230 imb:48 pmb:406 smb:7706 d:- ref:0 ;
in:1367 out:1368 type:b dur:2 cpbdur:2 q:32.35 aq:33.60 tex:501 mv:194 misc:505 imb:5 pmb:20 smb:8135 d:- ref:0 ;
in:1370 out:1369 type:P dur:2 cpbdur:2 q:32.34 aq:22.04 tex:18190 mv:3199 misc:3339 imb:125 pmb:638 smb:7397 d:- ref:0 ;
in:1369 out:1370 type:b dur:2 cpbdur:2 q:32.35 aq:29.21 tex:162 mv:154 misc:476 imb:2 pmb:16 smb:8142 d:- ref:0 ;
in:1372 out:1371 type:P dur:2 cpbdur:2 q:32.34 aq:23.37 tex:10332 mv:1660 misc:2168 imb:45 pmb:380 smb:7735 d:- ref:0 ;
in:1371 out:1372 type:b dur:2 cpbdur:2 q:32.34 aq:27.57 tex:175 mv:118 misc:499 imb:3 pmb:14 smb:8143 d:- ref:0 ;
in:1374 out:1373 type:P dur:2 cpbdur:2 q:32.33 aq:23.10 tex:15981 mv:2762 misc:3073 imb:89 pmb:594 smb:7477 d:- ref:0 ;
in:1373 out:1374 type:b dur:2 cpbdur:2 q:32.34 aq:33.59 tex:202 mv:61 misc:441 imb:2 pmb:9 smb:8149 d:- ref:0 ;
in:1376 out:1375 type:P dur:2 cpbdur:2 q:32.34 aq:23.62 tex:10607 mv:2060 misc:2205 imb:51 pmb:406 smb:7703 d:- ref:0 ;
in:1375 out:1376 type:b dur:2 cpbdur:2 q:32.33 aq:24.00 tex:65 mv:68 misc:451 imb:1 pmb:9 smb:8150 d:- ref:0 ;
in:1378 out:1377 type:P dur:2 cpbdur:2 q:32.32 aq:23.23 tex:16188 mv:2760 misc:3116 imb:106 pmb:571 smb:7483 d:- ref:0 ;
in:1377 out:1378 type:b dur:2 cpbdur:2 q:32.33 aq:22.95 tex:485 mv:137 misc:474 imb:4 pmb:17 smb:8139 d:- ref:0 ;
in:1380 out:1379 type:P dur:2 cpbdur:2 q:32.32 aq:23.17 tex:11222 mv:1766 misc:2028 imb:39 pmb:391 smb:7730 d:- ref:0 ;
in:1379 out:1380 type:b dur:2 cpbdur:2 q:32.32 aq:28.47 tex:481 mv:217 misc:486 imb:3 pmb:20 smb:8137 d:- ref:0 ;
in:1382 out:1381 type:P dur:2 cpbdur:2 q:32.31 aq:23.29 tex:17220 mv:3172 misc:3104 imb:82 pmb:655 smb:7423 d:- ref:0 ;
in:1381 out:1382 type:b dur:2 cpbdur:2 q:32.32 aq:33.23 tex:173 mv:149 misc:470 imb:0 pmb:15 smb:8145 d:- ref:0 ;
in:1384 out:1383 type:P dur:2 cpbdur:2 q:32.32 aq:23.91 tex:11402 mv:1909 misc:2257 imb:49 pmb:408 smb:7703 d:- ref:0 ;
in:1383 out:1384 type:b dur:2 cpbdur:2 q:32.32 aq:32.50 tex:155 mv:176 misc:477 imb:3 pmb:13 smb:8144 d:- ref:0 ;
in:1386 out:1385 type:P dur:2 cpbdur:2 q:32.31 aq:23.50 tex:15542 mv:2675 misc:3015 imb:88 pmb:564 smb:7508 d:- ref:0 ;
in:1385 out:1386 type:b dur:2 cpbdur:2 q:32.31 aq:25.44 tex:229 mv:94 misc:485 imb:5 pmb:9 smb:8146 d:- ref:0 ;
in:1388 out:1387 type:P dur:2 cpbdur:2 q:32.32 aq:23.56 tex:10246 mv:2028 misc:2062 imb:40 pmb:401 smb:7719 d:- ref:0 ;
in:1387 out:1388 type:b dur:2 cpbdur:2 q:32.32 aq:30.76 tex:113 mv:116 misc:475 imb:3 pmb:11 smb:8146 d:- ref:0 ;
in:1390 out:1389 type:P dur:2 cpbdur:2 q:32.31 aq:23.57 tex:16964 mv:2579 misc:3049 imb:77 pmb:600 smb:7483 d:- ref:0 ;
in:1389 out:1390 type:b dur:2 cpbdur:2 q:32.31 aq:23.66 tex:551 mv:239 misc:514 imb:6 pmb:24 smb:8130 d:- ref:0 ;
in:1392 out:1391 type:P dur:2 cpbdur:2 q:32.31 aq:24.91 tex:11282 mv:1856 misc:2054 imb:36 pmb:395 smb:7729 d:- ref:0 ;
in:1391 out:1392 type:b dur:2 cpbdur:2 q:32.31 aq:29.43 tex:553 mv:156 misc:483 imb:5 pmb:19 smb:8136 d:- ref:0 ;
in:1394 out:1393 type:P dur:2 cpbdur:2 q:32.30 aq:24.42 tex:16248 mv:2500 misc:2556 imb:66 pmb:516 smb:7578 d:- ref:0 ;
in:1393 out:1394 type:b dur:2 cpbdur:2 q:32.30 aq:34.18 tex:216 mv:126 misc:466 imb:3 pmb:15 smb:8142 d:- ref:0 ;
in:1396 out:1395 type:P dur:2 cpbdur:2 q:32.29 aq:24.41 tex:12569 mv:1853 misc:1874 imb:42 pmb:361 smb:7757 d:- ref:0 ;
in:1395 out:1396 type:b dur:2 cpbdur:2 q:32.30 aq:31.41 tex:187 mv:87 misc:462 imb:2 pmb:12 smb:8146 d:- ref:0 ;
in:1398 out:1397 type:P dur:2 cpbdur:2 q:32.28 aq:25.21 tex:15563 mv:2012 misc:2313 imb:43 pmb:482 smb:7635 d:- ref:0 ;
in:1397 out:1398 type:b dur:2 cpbdur:2 q:32.29 aq:31.23 tex:180 mv:84 misc:488 imb:1 pmb:15 smb:8144 d:- ref:0 ;
in:1402 out:1399 type:P dur:2 cpbdur:2 q:32.27 aq:23.60 tex:39247 mv:6185 misc:4568 imb:220 pmb:1197 smb:6743 d:- ref:0 ;
in:1400 out:1400 type:B dur:2 cpbdur:2 q:32.27 aq:29.89 tex:993 mv:507 misc:724 imb:10 pmb:63 smb:8087 d:- ref:0 ;
in:1399 out:1401 type:b dur:2 cpbdur:2 q:32.28 aq:28.47 tex:332 mv:199 misc:549 imb:6 pmb:19 smb:8135 d:- ref:0 ;
in:1401 out:1402 type:b dur:2 cpbdur:2 q:32.27 aq:33.00 tex:327 mv:95 misc:434 imb:1 pmb:9 smb:8150 d:- ref:0 ;
in:1404 out:1403 type:P dur:2 cpbdur:2 q:32.57 aq:22.44 tex:20840 mv:3630 misc:4018 imb:180 pmb:732 smb:7248 d:- ref:0 ;
in:1403 out:1404 type:b dur:2 cpbdur:2 q:32.42 aq:28.68 tex:131 mv:69 misc:448 imb:3 pmb:5 smb:8152 d:- ref:0 ;
in:1406 out:1405 type:P dur:2 cpbdur:2 q:32.59 aq:23.50 tex:10742 mv:1247 misc:2147 imb:33 pmb:351 smb:7776 d:- ref:0 ;
in:1405 out:1406 type:b dur:2 cpbdur:2 q:32.58 aq:31.89 tex:72 mv:72 misc:432 imb:5 pmb:5 smb:8150 d:- ref:0 ;
in:1408 out:1407 type:P dur:2 cpbdur:2 q:32.59 aq:22.82 tex:14869 mv:2106 misc:2953 imb:64 pmb:557 smb:7539 d:- ref:0 ;
in:1407 out:1408 type:b dur:2 cpbdur:2 q:32.59 aq:31.92 tex:38 mv:34 misc:424 imb:2 pmb:3 smb:8155 d:- ref:0 ;
in:1410 out:1409 type:P dur:2 cpbdur:2 q:32.57 aq:23.86 tex:8959 mv:1096 misc:1977 imb:38 pmb:294 smb:7828 d:- ref:0 ;
in:1409 out:1410 type:b dur:2 cpbdur:2 q:32.58 aq:30.25 tex:29 mv:28 misc:415 imb:2 pmb:2 smb:8156 d:- ref:0 ;
in:1412 out:1411 type:P dur:2 cpbdur:2 q:32.58 aq:23.31 tex:14617 mv:1936 misc:2895 imb:76 pmb:532 smb:7552 d:- ref:0 ;
in:1411 out:1412 type:b dur:2 cpbdur:2 q:32.57 aq:31.94 tex:75 mv:28 misc:409 imb:2 pmb:1 smb:8157 d:- ref:0 ;
in:1414 out:1413 type:P dur:2 cpbdur:2 q:32.56 aq:23.02 tex:7771 mv:1060 misc:2001 imb:34 pmb:298 smb:7828 d:- ref:0 ;
in:1413 out:1414 type:b dur:2 cpbdur:2 q:32.57 aq:32.00 tex:0 mv:0 misc:384 imb:0 pmb:0 smb:8160 d:- ref:0 ;
in:1416 out:1415 type:P dur:2 cpbdur:2 q:32.57 aq:23.20 tex:16308 mv:2029 misc:2983 imb:74 pmb:555 smb:7531 d:- ref:0 ;
in:1415 out:1416 type:b dur:2 cpbdur:2 q:32.56 aq:32.71 tex:63 mv:53 misc:420 imb:1 pmb:4 smb:8155 d:- ref:0 ;
in:1418 out:1417 type:P dur:2 cpbdur:2 q:32.47 aq:23.69 tex:8695 mv:1063 misc:2170 imb:36 pmb:328 smb:7796 d:- ref:0 ;
in:1417 out:1418 type:b dur:2 cpbdur:2 q:32.52 aq:31.93 tex:52 mv:21 misc:407 imb:1 pmb:2 smb:8157 d:- ref:0 ;
in:1420 out:1419 type:P dur:2 cpbdur:2 q:32.37 aq:23.23 tex:17137 mv:2156 misc:3211 imb:75 pmb:604 smb:7481 d:- ref:0 ;
in:1419 out:1420 type:b dur:2 cpbdur:2 q:32.42 aq:27.91 tex:113 mv:64 misc:447 imb:5 pmb:3 smb:8152 d:- ref:0 ;
in:1422 out:1421 type:P dur:2 cpbdur:2 q:32.27 aq:22.51 tex:10103 mv:1323 misc:2294 imb:49 pmb:350 smb:7761 d:- ref:0 ;
in:1421 out:1422 type:b dur:2 cpbdur:2 q:32.32 aq:32.00 tex:0 mv:0 misc:384 imb:0 pmb:0 smb:8160 d:- ref:0 ;
in:1424 out:1423 type:P dur:2 cpbdur:2 q:32.23 aq:23.08 tex:16649 mv:1880 misc:3111 imb:74 pmb:554 smb:7532 d:- ref:0 ;
in:1423 out:1424 type:b dur:2 cpbdur:2 q:32.25 aq:28.12 tex:118 mv:49 misc:441 imb:3 pmb:4 smb:8153 d:- ref:0 ;
in:1426 out:1425 type:P dur:2 cpbdur:2 q:32.23 aq:23.53 tex:10716 mv:951 misc:2005 imb:32 pmb:293 smb:7835 d:- ref:0 ;
in:1425 out:1426 type:b dur:2 cpbdur:2 q:32.23 aq:30.93 tex:40 mv:38 misc:426 imb:2 pmb:5 smb:8153 d:- ref:0 ;
in:1428 out:1427 type:P dur:2 cpbdur:2 q:32.21 aq:23.08 tex:14610 mv:1916 misc:2994 imb:60 pmb:543 smb:7557 d:- ref:0 ;
in:1427 out:1428 type:b dur:2 cpbdur:2 q:32.22 aq:23.14 tex:62 mv:22 misc:420 imb:1 pmb:3 smb:8156 d:- ref:0 ;
in:1430 out:1429 type:P dur:2 cpbdur:2 q:32.21 aq:22.98 tex:9450 mv:1221 misc:2241 imb:36 pmb:350 smb:7774 d:- ref:0 ;
in:1429 out:1430 type:b dur:2 cpbdur:2 q:32.21 aq:30.94 tex:28 mv:8 misc:404 imb:0 pmb:2 smb:8158 d:- ref:0 ;
in:1432 out:1431 type:P dur:2 cpbdur:2 q:32.19 aq:22.20 tex:18868 mv:2428 misc:3464 imb:103 pmb:677 smb:7380 d:- ref:0 ;
in:1431 out:1432 type:b dur:2 cpbdur:2 q:32.20 aq:29.83 tex:43 mv:38 misc:423 imb:3 pmb:1 smb:8156 d:- ref:0 ;
in:1434 out:1433 type:P dur:2 cpbdur:2 q:32.20 aq:23.65 tex:8450 mv:1009 misc:2061 imb:34 pmb:315 smb:7811 d:- ref:0 ;
in:1433 out:1434 type:b dur:2 cpbdur:2 q:32.20 aq:22.44 tex:136 mv:98 misc:462 imb:5 pmb:6 smb:8149 d:- ref:0 ;
in:1436 out:1435 type:P dur:2 cpbdur:2 q:32.18 aq:22.84 tex:16687 mv:2022 misc:3107 imb:80 pmb:574 smb:7506 d:- ref:0 ;
in:1435 out:1436 type:b dur:2 cpbdur:2 q:32.19 aq:31.90 tex:28 mv:5 misc:399 imb:0 pmb:1 smb:8159 d:- ref:0 ;
in:1438 out:1437 type:P dur:2 cpbdur:2 q:32.18 aq:22.37 tex:7488 mv:946 misc:1942 imb:28 pmb:282 smb:7850 d:- ref:0 ;
in:1437 out:1438 type:b dur:2 cpbdur:2 q:32.18 aq:27.77 tex:70 mv:32 misc:418 imb:2 pmb:2 smb:8156 d:- ref:0 ;
in:1440 out:1439 type:P dur:2 cpbdur:2 q:32.16 aq:22.54 tex:17508 mv:2375 misc:3461 imb:114 pmb:607 smb:7439 d:- ref:0 ;
in:1439 out:1440 type:b dur:2 cpbdur:2 q:32.17 aq:23.07 tex:76 mv:63 misc:437 imb:4 pmb:2 smb:8154 d:- ref:0 ;
in:1442 out:1441 type:P dur:2 cpbdur:2 q:32.18 aq:22.70 tex:8524 mv:1101 misc:2079 imb:35 pmb:313 smb:7812 d:- ref:0 ;
in:1441 out:1442 type:b dur:2 cpbdur:2 q:32.17 aq:30.91 tex:38 mv:22 misc:404 imb:2 pmb:0 smb:8158 d:- ref:0 ;
in:1444 out:1443 type:P dur:2 cpbdur:2 q:32.16 aq:22.68 tex:18227 mv:2181 misc:3272 imb:83 pmb:620 smb:7457 d:- ref:0 ;
in:1443 out:1444 type:b dur:2 cpbdur:2 q:32.17 aq:31.00 tex:18 mv:8 misc:406 imb:0 pmb:2 smb:8158 d:- ref:0 ;
in:1446 out:1445 type:P dur:2 cpbdur:2 q:32.15 aq:24.40 tex:8002 mv:914 misc:2004 imb:35 pmb:288 smb:7837 d:- ref:0 ;
in:1445 out:1446 type:b dur:2 cpbdur:2 q:32.16 aq:31.69 tex:79 mv:26 misc:423 imb:1 pmb:4 smb:8155 d:- ref:0 ;
in:1448 out:1447 type:P dur:2 cpbdur:2 q:32.13 aq:23.05 tex:15368 mv:2077 misc:3147 imb:71 pmb:554 smb:7535 d:- ref:0 ;
in:1447 out:1448 type:b dur:2 cpbdur:2 q:32.14 aq:30.79 tex:93 mv:54 misc:437 imb:4 pmb:3 smb:8153 d:- ref:0 ;
in:1450 out:1449 type:P dur:2 cpbdur:2 q:32.12 aq:22.71 tex:8394 mv:1043 misc:2107 imb:27 pmb:318 smb:7815 d:- ref:0 ;
in:1449 out:1450 type:b dur:2 cpbdur:2 q:32.12 aq:29.88 tex:64 mv:33 misc:415 imb:1 pmb:3 smb:8156 d:- ref:0 ;
in:1452 out:1451 type:P dur:2 cpbdur:2 q:32.10 aq:23.00 tex:17089 mv:2451 misc:3284 imb:79 pmb:631 smb:7450 d:- ref:0 ;
in:1451 out:1452 type:b dur:2 cpbdur:2 q:32.11 aq:21.42 tex:101 mv:84 misc:447 imb:4 pmb:5 smb:8151 d:- ref:0 ;
in:1454 out:1453 type:P dur:2 cpbdur:2 q:32.11 aq:23.27 tex:9017 mv:817 misc:1854 imb:27 pmb:283 smb:7850 d:- ref:0 ;
in:1453 out:1454 type:b dur:2 cpbdur:2 q:32.10 aq:28.22 tex:23 mv:14 misc:403 imb:1 pmb:1 smb:8158 d:- ref:0 ;
in:1456 out:1455 type:P dur:2 cpbdur:2 q:32.08 aq:23.37 tex:20991 mv:1926 misc:3179 imb:56 pmb:614 smb:7490 d:- ref:0 ;
in:1455 out:1456 type:b dur:2 cpbdur:2 q:32.09 aq:20.57 tex:41 mv:42 misc:429 imb:2 pmb:6 smb:8152 d:- ref:0 ;
in:1458 out:1457 type:P dur:2 cpbdur:2 q:32.09 aq:23.33 tex:9159 mv:1053 misc:2172 imb:32 pmb:334 smb:7794 d:- ref:0 ;
in:1457 out:1458 type:b dur:2 cpbdur:2 q:32.09 aq:30.91 tex:68 mv:36 misc:424 imb:2 pmb:3 smb:8155 d:- ref:0 ;
in:1460 out:1459 type:P dur:2 cpbdur:2 q:32.07 aq:22.47 tex:18126 mv:2166 misc:3228 imb:83 pmb:617 smb:7460 d:- ref:0 ;
in:1459 out:1460 type:b dur:2 cpbdur:2 q:32.08 aq:25.98 tex:126 mv:40 misc:442 imb:2 pmb:5 smb:8153 d:- ref:0 ;
in:1462 out:1461 type:P dur:2 cpbdur:2 q:32.08 aq:23.72 tex:9138 mv:1034 misc:2140 imb:26 pmb:329 smb:7805 d:- ref:0 ;
in:1461 out:1462 type:b dur:2 cpbdur:2 q:32.07 aq:27.70 tex:71 mv:72 misc:449 imb:4 pmb:4 smb:8152 d:- ref:0 ;
in:1464 out:1463 type:P dur:2 cpbdur:2 q:32.06 aq:22.76 tex:17417 mv:2052 misc:3195 imb:77 pmb:580 smb:7503 d:- ref:0 ;
in:1463 out:1464 type:b dur:2 cpbdur:2 q:32.07 aq:19.92 tex:77 mv:69 misc:446 imb:4 pmb:3 smb:8153 d:- ref:0 ;
in:1466 out:1465 type:P dur:2 cpbdur:2 q:32.07 aq:22.68 tex:8865 mv:900 misc:1947 imb:25 pmb:302 smb:7833 d:- ref:0 ;
in:1465 out:1466 type:b dur:2 cpbdur:2 q:32.06 aq:25.59 tex:157 mv:72 misc:459 imb:5 pmb:6 smb:8149 d:- ref:0 ;
in:1468 out:1467 type:P dur:2 cpbdur:2 q:32.05 aq:22.73 tex:16753 mv:1980 misc:3163 imb:86 pmb:559 smb:7515 d:- ref:0 ;
in:1467 out:1468 type:b dur:2 cpbdur:2 q:32.06 aq:26.83 tex:149 mv:104 misc:467 imb:8 pmb:6 smb:8146 d:- ref:0 ;
in:1470 out:1469 type:P dur:2 cpbdur:2 q:32.05 aq:23.06 tex:10463 mv:1045 misc:2276 imb:30 pmb:356 smb:7774 d:- ref:0 ;
in:1469 out:1470 type:b dur:2 cpbdur:2 q:32.05 aq:27.94 tex:78 mv:54 misc:428 imb:3 pmb:2 smb:8155 d:- ref:0 ;
in:1472 out:1471 type:P dur:2 cpbdur:2 q:32.04 aq:22.07 tex:17504 mv:2219 misc:3317 imb:95 pmb:609 smb:7456 d:- ref:0 ;
in:1471 out:1472 type:b dur:2 cpbdur:2 q:32.04 aq:24.98 tex:86 mv:43 misc:431 imb:3 pmb:3 smb:8154 d:- ref:0 ;
in:1474 out:1473 type:P dur:2 cpbdur:2 q:32.05 aq:23.77 tex:7164 mv:937 misc:1931 imb:21 pmb:294 smb:7845 d:- ref:0 ;
in:1473 out:1474 type:b dur:2 cpbdur:2 q:32.04 aq:21.02 tex:45 mv:16 misc:403 imb:1 pmb:1 smb:8158 d:- ref:0 ;
in:1476 out:1475 type:P dur:2 cpbdur:2 q:32.02 aq:23.16 tex:16131 mv:1898 misc:3243 imb:74 pmb:567 smb:7519 d:- ref:0 ;
in:1475 out:1476 type:b dur:2 cpbdur:2 q:32.03 aq:30.34 tex:87 mv:52 misc:429 imb:4 pmb:2 smb:8154 d:- ref:0 ;
in:1478 out:1477 type:P dur:2 cpbdur:2 q:32.02 aq:22.77 tex:8887 mv:1033 misc:2160 imb:43 pmb:312 smb:7805 d:- ref:0 ;
in:1477 out:1478 type:b dur:2 cpbdur:2 q:32.02 aq:23.57 tex:66 mv:42 misc:428 imb:3 pmb:2 smb:8155 d:- ref:0 ;
in:1480 out:1479 type:P dur:2 cpbdur:2 q:32.00 aq:22.91 tex:16751 mv:1958 misc:3219 imb:71 pmb:577 smb:7512 d:- ref:0 ;
in:1479 out:1480 type:b dur:2 cpbdur:2 q:32.01 aq:29.73 tex:93 mv:24 misc:419 imb:1 pmb:3 smb:8156 d:- ref:0 ;
in:1482 out:1481 type:P dur:2 cpbdur:2 q:32.00 aq:23.73 tex:7768 mv:836 misc:2044 imb:27 pmb:289 smb:7844 d:- ref:0 ;
in:1481 out:1482 type:b dur:2 cpbdur:2 q:32.00 aq:30.91 tex:66 mv:22 misc:416 imb:1 pmb:3 smb:8156 d:- ref:0 ;
in:1484 out:1483 type:P dur:2 cpbdur:2 q:31.98 aq:22.96 tex:14984 mv:1958 misc:3130 imb:67 pmb:555 smb:7538 d:- ref:0 ;
in:1483 out:1484 type:b dur:2 cpbdur:2 q:31.99 aq:23.86 tex:92 mv:41 misc:427 imb:3 pmb:2 smb:8155 d:- ref:0 ;
in:1486 out:1485 type:P dur:2 cpbdur:2 q:31.98 aq:24.36 tex:8351 mv:928 misc:2009 imb:32 pmb:281 smb:7847 d:- ref:0 ;
in:1485 out:1486 type:b dur:2 cpbdur:2 q:31.98 aq:23.15 tex:72 mv:39 misc:425 imb:2 pmb:5 smb:8153 d:- ref:0 ;
in:1488 out:1487 type:P dur:2 cpbdur:2 q:31.96 aq:23.30 tex:13401 mv:1744 misc:2951 imb:65 pmb:485 smb:7610 d:- ref:0 ;
in:1487 out:1488 type:b dur:2 cpbdur:2 q:31.97 aq:23.66 tex:48 mv:27 misc:413 imb:2 pmb:1 smb:8157 d:- ref:0 ;
in:1490 out:1489 type:P dur:2 cpbdur:2 q:31.96 aq:23.91 tex:7027 mv:901 misc:1904 imb:22 pmb:269 smb:7869 d:- ref:0 ;
in:1489 out:1490 type:b dur:2 cpbdur:2 q:31.96 aq:23.51 tex:100 mv:54 misc:422 imb:4 pmb:2 smb:8154 d:- ref:0 ;
in:1492 out:1491 type:P dur:2 cpbdur:2 q:31.94 aq:22.89 tex:13257 mv:1955 misc:3004 imb:62 pmb:520 smb:7578 d:- ref:0 ;
in:1491 out:1492 type:b dur:2 cpbdur:2 q:31.95 aq:30.93 tex:88 mv:55 misc:433 imb:1 pmb:6 smb:8153 d:- ref:0 ;
in:1494 out:1493 type:P dur:2 cpbdur:2 q:31.95 aq:23.70 tex:12249 mv:1788 misc:2211 imb:41 pmb:404 smb:7715 d:- ref:0 ;
in:1493 out:1494 type:b dur:2 cpbdur:2 q:31.94 aq:31.50 tex:693 mv:199 misc:484 imb:4 pmb:17 smb:8139 d:- ref:0 ;
in:1496 out:1495 type:P dur:2 cpbdur:2 q:31.93 aq:23.26 tex:19345 mv:2985 misc:3310 imb:74 pmb:678 smb:7408 d:- ref:0 ;
in:1495 out:1496 type:b dur:2 cpbdur:2 q:31.94 aq:33.73 tex:188 mv:83 misc:457 imb:2 pmb:10 smb:8148 d:- ref:0 ;
in:1498 out:1497 type:P dur:2 cpbdur:2 q:31.94 aq:22.94 tex:13145 mv:2001 misc:2422 imb:45 pmb:451 smb:7664 d:- ref:0 ;
in:1497 out:1498 type:b dur:2 cpbdur:2 q:31.94 aq:33.94 tex:89 mv:59 misc:436 imb:1 pmb:6 smb:8153 d:- ref:0 ;
in:1499 out:1499 type:P dur:2 cpbdur:2 q:31.92 aq:31.50 tex:498 mv:351 misc:679 imb:9 pmb:52 smb:8099 d:- ref:0 ;
in:1500 out:1500 type:I dur:2 cpbdur:2 q:29.09 aq:20.05 tex:498602 mv:142610 misc:676 imb:8160 pmb:0 smb:0 d:- ref:;
in:1502 out:1501 type:P dur:2 cpbdur:2 q:33.04 aq:24.09 tex:5522 mv:1155 misc:1347 imb:23 pmb:213 smb:7924 d:- ref:0 ;
in:1501 out:1502 type:b dur:2 cpbdur:2 q:33.04 aq:30.71 tex:236 mv:148 misc:480 imb:4 pmb:17 smb:8139 d:- ref:0 ;
in:1504 out:1503 type:P dur:2 cpbdur:2 q:33.01 aq:23.57 tex:12012 mv:2455 misc:2509 imb:74 pmb:488 smb:7598 d:- ref:0 ;
in:1503 out:1504 type:b dur:2 cpbdur:2 q:33.03 aq:29.22 tex:385 mv:157 misc:450 imb:2 pmb:15 smb:8143 d:- ref:0 ;
in:1506 out:1505 type:P dur:2 cpbdur:2 q:32.99 aq:24.39 tex:8356 mv:1704 misc:2044 imb:42 pmb:341 smb:7777 d:- ref:0 ;
in:1505 out:1506 type:b dur:2 cpbdur:2 q:33.00 aq:30.70 tex:397 mv:100 misc:439 imb:1 pmb:12 smb:8147 d:- ref:0 ;
in:1508 out:1507 type:P dur:2 cpbdur:2 q:32.96 aq:23.21 tex:13973 mv:2739 misc:2904 imb:85 pmb:541 smb:7534 d:- ref:0 ;
in:1507 out:1508 type:b dur:2 cpbdur:2 q:32.98 aq:31.94 tex:62 mv:115 misc:455 imb:1 pmb:9 smb:8150 d:- ref:0 ;
in:1510 out:1509 type:P dur:2 cpbdur:2 q:32.95 aq:23.96 tex:9159 mv:1848 misc:2041 imb:36 pmb:384 smb:7740 d:- ref:0 ;
in:1509 out:1510 type:b dur:2 cpbdur:2 q:32.96 aq:31.94 tex:23 mv:71 misc:442 imb:2 pmb:5 smb:8153 d:- ref:0 ;
in:1512 out:1511 type:P dur:2 cpbdur:2 q:32.93 aq:23.12 tex:14648 mv:2684 misc:2860 imb:88 pmb:539 smb:7533 d:- ref:0 ;
in:1511 out:1512 type:b dur:2 cpbdur:2 q:32.94 aq:32.05 tex:100 mv:100 misc:464 imb:2 pmb:11 smb:8147 d:- ref:0 ;
in:1514 out:1513 type:P dur:2 cpbdur:2 q:32.92 aq:24.40 tex:8104 mv:1798 misc:1938 imb:49 pmb:334 smb:7777 d:- ref:0 ;
in:1513 out:1514 type:b dur:2 cpbdur:2 q:32.93 aq:32.59 tex:191 mv:101 misc:444 imb:0 pmb:15 smb:8145 d:- ref:0 ;
in:1516 out:1515 type:P dur:2 cpbdur:2 q:32.90 aq:23.55 tex:15947 mv:2701 misc:2864 imb:86 pmb:544 smb:7530 d:- ref:0 ;
in:1515 out:1516 type:b dur:2 cpbdur:2 q:32.91 aq:33.74 tex:406 mv:146 misc:448 imb:0 pmb:20 smb:8140 d:- ref:0 ;
in:1518 out:1517 type:P dur:2 cpbdur:2 q:32.89 aq:23.78 tex:8617 mv:1815 misc:2064 imb:39 pmb:356 smb:7765 d:- ref:0 ;
in:1517 out:1518 type:b dur:2 cpbdur:2 q:32.90 aq:34.35 tex:316 mv:105 misc:451 imb:1 pmb:17 smb:8142 d:- ref:0 ;
in:1520 out:1519 type:P dur:2 cpbdur:2 q:33.12 aq:23.48 tex:11064 mv:2397 misc:2563 imb:58 pmb:463 smb:7639 d:- ref:0 ;
in:1519 out:1520 type:b dur:2 cpbdur:2 q:33.00 aq:29.55 tex:106 mv:66 misc:436 imb:2 pmb:6 smb:8152 d:- ref:0 ;
in:1522 out:1521 type:P dur:2 cpbdur:2 q:33.11 aq:24.75 tex:8120 mv:1497 misc:1847 imb:26 pmb:327 smb:7807 d:- ref:0 ;
in:1521 out:1522 type:b dur:2 cpbdur:2 q:33.12 aq:35.66 tex:37 mv:22 misc:405 imb:0 pmb:2 smb:8158 d:- ref:0 ;
in:1524 out:1523 type:P dur:2 cpbdur:2 q:33.09 aq:24.01 tex:11714 mv:2143 misc:2495 imb:60 pmb:445 smb:7655 d:- ref:0 ;
in:1523 out:1524 type:b dur:2 cpbdur:2 q:33.10 aq:34.75 tex:210 mv:48 misc:446 imb:1 pmb:9 smb:8150 d:- ref:0 ;
in:1526 out:1525 type:P dur:2 cpbdur:2 q:33.08 aq:24.63 tex:8592 mv:1621 misc:1955 imb:24 pmb:348 smb:7788 d:- ref:0 ;
in:1525 out:1526 type:b dur:2 cpbdur:2 q:33.08 aq:33.48 tex:95 mv:31 misc:426 imb:0 pmb:6 smb:8154 d:- ref:0 ;
in:1528 out:1527 type:P dur:2 cpbdur:2 q:33.06 aq:23.69 tex:12168 mv:2296 misc:2656 imb:57 pmb:485 smb:7618 d:- ref:0 ;
in:1527 out:1528 type:b dur:2 cpbdur:2 q:33.07 aq:34.63 tex:182 mv:83 misc:431 imb:2 pmb:6 smb:8152 d:- ref:0 ;
in:1530 out:1529 type:P dur:2 cpbdur:2 q:33.06 aq:25.01 tex:8385 mv:1737 misc:2014 imb:28 pmb:353 smb:7779 d:- ref:0 ;
in:1529 out:1530 type:b dur:2 cpbdur:2 q:33.06 aq:33.63 tex:426 mv:81 misc:429 imb:1 pmb:10 smb:8149 d:- ref:0 ;
in:1532 out:1531 type:P dur:2 cpbdur:2 q:33.04 aq:23.79 tex:12359 mv:2337 misc:2576 imb:69 pmb:477 smb:7614 d:- ref:0 ;
in:1531 out:1532 type:b dur:2 cpbdur:2 q:33.05 aq:32.92 tex:273 mv:67 misc:444 imb:2 pmb:8 smb:8150 d:- ref:0 ;
in:1534 out:1533 type:P dur:2 cpbdur:2 q:33.04 aq:24.09 tex:8507 mv:1596 misc:1937 imb:26 pmb:370 smb:7764 d:- ref:0 ;
in:1533 out:1534 type:b dur:2 cpbdur:2 q:33.04 aq:34.64 tex:287 mv:81 misc:424 imb:0 pmb:14 smb:8146 d:- ref:0 ;
in:1536 out:1535 type:P dur:2 cpbdur:2 q:33.02 aq:23.83 tex:12672 mv:2312 misc:2600 imb:75 pmb:497 smb:7588 d:- ref:0 ;
in:1535 out:1536 type:b dur:2 cpbdur:2 q:33.03 aq:34.08 tex:79 mv:26 misc:415 imb:0 pmb:6 smb:8154 d:- ref:0 ;
in:1538 out:1537 type:P dur:2 cpbdur:2 q:33.01 aq:23.91 tex:8351 mv:1667 misc:1966 imb:29 pmb:339 smb:7792 d:- ref:0 ;
in:1537 out:1538 type:b dur:2 cpbdur:2 q:33.01 aq:34.79 tex:91 mv:51 misc:434 imb:2 pmb:5 smb:8153 d:- ref:0 ;
in:1540 out:1539 type:P dur:2 cpbdur:2 q:32.99 aq:23.13 tex:11896 mv:2449 misc:2583 imb:61 pmb:516 smb:7583 d:- ref:0 ;
in:1539 out:1540 type:b dur:2 cpbdur:2 q:33.00 aq:31.91 tex:23 mv:39 misc:410 imb:2 pmb:1 smb:8157 d:- ref:0 ;
in:1542 out:1541 type:P dur:2 cpbdur:2 q:32.98 aq:25.11 tex:7909 mv:1619 misc:1928 imb:36 pmb:321 smb:7803 d:- ref:0 ;
in:1541 out:1542 type:b dur:2 cpbdur:2 q:32.99 aq:35.00 tex:90 mv:21 misc:425 imb:0 pmb:5 smb:8155 d:- ref:0 ;
in:1544 out:1543 type:P dur:2 cpbdur:2 q:32.97 aq:23.03 tex:12939 mv:2145 misc:2708 imb:75 pmb:487 smb:7598 d:- ref:0 ;
in:1543 out:1544 type:b dur:2 cpbdur:2 q:32.97 aq:33.41 tex:131 mv:69 misc:448 imb:4 pmb:5 smb:8151 d:- ref:0 ;
in:1546 out:1545 type:P dur:2 cpbdur:2 q:32.95 aq:24.57 tex:9377 mv:1657 misc:1830 imb:31 pmb:315 smb:7814 d:- ref:0 ;
in:1545 out:1546 type:b dur:2 cpbdur:2 q:32.96 aq:32.91 tex:191 mv:89 misc:456 imb:2 pmb:12 smb:8146 d:- ref:0 ;
in:1548 out:1547 type:P dur:2 cpbdur:2 q:32.93 aq:23.93 tex:13129 mv:2476 misc:2627 imb:76 pmb:472 smb:7612 d:- ref:0 ;
in:1547 out:1548 type:b dur:2 cpbdur:2 q:32.94 aq:29.25 tex:415 mv:89 misc:416 imb:1 pmb:8 smb:8151 d:- ref:0 ;
in:1550 out:1549 type:P dur:2 cpbdur:2 q:32.92 aq:23.79 tex:8097 mv:1969 misc:2214 imb:55 pmb:354 smb:7751 d:- ref:0 ;
in:1549 out:1550 type:b dur:2 cpbdur:2 q:32.93 aq:34.20 tex:169 mv:43 misc:420 imb:0 pmb:6 smb:8154 d:- ref:0 ;
in:1552 out:1551 type:P dur:2 cpbdur:2 q:32.91 aq:23.32 tex:14121 mv:2756 misc:3035 imb:107 pmb:549 smb:7504 d:- ref:0 ;
in:1551 out:1552 type:b dur:2 cpbdur:2 q:32.92 aq:32.98 tex:412 mv:139 misc:457 imb:3 pmb:12 smb:8145 d:- ref:0 ;
in:1554 out:1553 type:P dur:2 cpbdur:2 q:32.91 aq:23.52 tex:8615 mv:1740 misc:2181 imb:45 pmb:352 smb:7763 d:- ref:0 ;
in:1553 out:1554 type:b dur:2 cpbdur:2 q:32.91 aq:32.47 tex:161 mv:49 misc:422 imb:1 pmb:6 smb:8153 d:- ref:0 ;
in:1556 out:1555 type:P dur:2 cpbdur:2 q:32.88 aq:23.89 tex:13645 mv:2391 misc:2756 imb:66 pmb:531 smb:7563 d:- ref:0 ;
in:1555 out:1556 type:b dur:2 cpbdur:2 q:32.90 aq:29.87 tex:39 mv:27 misc:414 imb:2 pmb:1 smb:8157 d:- ref:0 ;
in:1558 out:1557 type:P dur:2 cpbdur:2 q:32.87 aq:23.84 tex:8514 mv:1743 misc:2047 imb:31 pmb:374 smb:7755 d:- ref:0 ;
in:1557 out:1558 type:b dur:2 cpbdur:2 q:32.88 aq:35.85 tex:153 mv:16 misc:423 imb:0 pmb:5 smb:8155 d:- ref:0 ;
in:1560 out:1559 type:P dur:2 cpbdur:2 q:32.85 aq:23.88 tex:12368 mv:2358 misc:2666 imb:65 pmb:499 smb:7596 d:- ref:0 ;
in:1559 out:1560 type:b dur:2 cpbdur:2 q:32.86 aq:33.99 tex:82 mv:17 misc:413 imb:0 pmb:4 smb:8156 d:- ref:0 ;
in:1562 out:1561 type:P dur:2 cpbdur:2 q:32.85 aq:23.96 tex:8556 mv:1574 misc:2038 imb:37 pmb:337 smb:7786 d:- ref:0 ;
in:1561 out:1562 type:b dur:2 cpbdur:2 q:32.85 aq:33.51 tex:100 mv:28 misc:424 imb:0 pmb:5 smb:8155 d:- ref:0 ;
in:1564 out:1563 type:P dur:2 cpbdur:2 q:32.84 aq:23.62 tex:12940 mv:2513 misc:2883 imb:62 pmb:545 smb:7553 d:- ref:0 ;
in:1563 out:1564 type:b dur:2 cpbdur:2 q:32.85 aq:33.12 tex:246 mv:46 misc:420 imb:1 pmb:5 smb:8154 d:- ref:0 ;
in:1566 out:1565 type:P dur:2 cpbdur:2 q:32.84 aq:23.82 tex:7633 mv:1523 misc:1932 imb:38 pmb:309 smb:7813 d:- ref:0 ;
in:1565 out:1566 type:b dur:2 cpbdur:2 q:32.84 aq:30.26 tex:359 mv:123 misc:446 imb:3 pmb:10 smb:8147 d:- ref:0 ;
in:1568 out:1567 type:P dur:2 cpbdur:2 q:32.82 aq:23.44 tex:13417 mv:2439 misc:2768 imb:75 pmb:511 smb:7574 d:- ref:0 ;
in:1567 out:1568 type:b dur:2 cpbdur:2 q:32.83 aq:32.36 tex:331 mv:90 misc:435 imb:1 pmb:12 smb:8147 d:- ref:0 ;
in:1570 out:1569 type:P dur:2 cpbdur:2 q:32.82 aq:23.39 tex:8773 mv:1713 misc:2074 imb:43 pmb:360 smb:7757 d:- ref:0 ;
in:1569 out:1570 type:b dur:2 cpbdur:2 q:32.82 aq:33.48 tex:282 mv:113 misc:453 imb:2 pmb:12 smb:8146 d:- ref:0 ;
in:1572 out:1571 type:P dur:2 cpbdur:2 q:32.80 aq:23.31 tex:12989 mv:2203 misc:2768 imb:61 pmb:519 smb:7580 d:- ref:0 ;
in:1571 out:1572 type:b dur:2 cpbdur:2 q:32.81 aq:33.42 tex:234 mv:79 misc:431 imb:2 pmb:6 smb:8152 d:- ref:0 ;
in:1574 out:1573 type:P dur:2 cpbdur:2 q:32.80 aq:23.61 tex:8615 mv:1862 misc:2163 imb:44 pmb:362 smb:7754 d:- ref:0 ;
in:1573 out:1574 type:b dur:2 cpbdur:2 q:32.80 aq:31.94 tex:41 mv:20 misc:411 imb:1 pmb:2 smb:8157 d:- ref:0 ;
in:1576 out:1575 type:P dur:2 cpbdur:2 q:32.78 aq:23.25 tex:15606 mv:2571 misc:2871 imb:75 pmb:543 smb:7542 d:- ref:0 ;
in:1575 out:1576 type:b dur:2 cpbdur:2 q:32.79 aq:31.55 tex:112 mv:51 misc:453 imb:1 pmb:9 smb:8150 d:- ref:0 ;
in:1578 out:1577 type:P dur:2 cpbdur:2 q:32.78 aq:22.01 tex:8325 mv:1849 misc:2202 imb:43 pmb:377 smb:7740 d:- ref:0 ;
in:1577 out:1578 type:b dur:2 cpbdur:2 q:32.78 aq:34.44 tex:80 mv:22 misc:410 imb:1 pmb:2 smb:8157 d:- ref:0 ;
in:1580 out:1579 type:P dur:2 cpbdur:2 q:32.77 aq:23.15 tex:14336 mv:2657 misc:2951 imb:87 pmb:554 smb:7519 d:- ref:0 ;
in:1579 out:1580 type:b dur:2 cpbdur:2 q:32.77 aq:33.95 tex:58 mv:34 misc:412 imb:2 pmb:2 smb:8156 d:- ref:0 ;
in:1582 out:1581 type:P dur:2 cpbdur:2 q:32.77 aq:23.60 tex:8571 mv:1811 misc:2074 imb:35 pmb:362 smb:7763 d:- ref:0 ;
in:1581 out:1582 type:b dur:2 cpbdur:2 q:32.77 aq:35.12 tex:214 mv:38 misc:420 imb:0 pmb:5 smb:8155 d:- ref:0 ;
in:1584 out:1583 type:P dur:2 cpbdur:2 q:32.74 aq:24.15 tex:13989 mv:2519 misc:2812 imb:75 pmb:556 smb:7529 d:- ref:0 ;
in:1583 out:1584 type:b dur:2 cpbdur:2 q:32.76 aq:33.60 tex:304 mv:76 misc:404 imb:0 pmb:8 smb:8152 d:- ref:0 ;
in:1586 out:1585 type:P dur:2 cpbdur:2 q:32.74 aq:22.77 tex:8907 mv:2008 misc:2149 imb:38 pmb:367 smb:7755 d:- ref:0 ;
in:1585 out:1586 type:b dur:2 cpbdur:2 q:32.74 aq:33.59 tex:366 mv:79 misc:427 imb:1 pmb:8 smb:8151 d:- ref:0 ;
in:1588 out:1587 type:P dur:2 cpbdur:2 q:32.72 aq:23.62 tex:13944 mv:2374 misc:2722 imb:68 pmb:508 smb:7584 d:- ref:0 ;
in:1587 out:1588 type:b dur:2 cpbdur:2 q:32.73 aq:31.52 tex:209 mv:71 misc:440 imb:0 pmb:13 smb:8147 d:- ref:0 ;
in:1590 out:1589 type:P dur:2 cpbdur:2 q:32.71 aq:24.30 tex:8912 mv:1581 misc:2051 imb:35 pmb:340 smb:7785 d:- ref:0 ;
in:1589 out:1590 type:b dur:2 cpbdur:2 q:32.72 aq:34.78 tex:304 mv:60 misc:436 imb:1 pmb:8 smb:8151 d:- ref:0 ;
in:1592 out:1591 type:P dur:2 cpbdur:2 q:32.70 aq:23.75 tex:14255 mv:2272 misc:2793 imb:66 pmb:533 smb:7561 d:- ref:0 ;
in:1591 out:1592 type:b dur:2 cpbdur:2 q:32.71 aq:33.39 tex:198 mv:81 misc:465 imb:5 pmb:7 smb:8148 d:- ref:0 ;
in:1594 out:1593 type:P dur:2 cpbdur:2 q:32.70 aq:24.87 tex:9318 mv:1790 misc:2100 imb:51 pmb:359 smb:7750 d:- ref:0 ;
in:1593 out:1594 type:b dur:2 cpbdur:2 q:32.70 aq:35.09 tex:72 mv:30 misc:418 imb:1 pmb:3 smb:8156 d:- ref:0 ;
in:1596 out:1595 type:P dur:2 cpbdur:2 q:32.68 aq:23.11 tex:16305 mv:2598 misc:2905 imb:81 pmb:562 smb:7517 d:- ref:0 ;
in:1595 out:1596 type:b dur:2 cpbdur:2 q:32.69 aq:34.03 tex:111 mv:49 misc:440 imb:2 pmb:6 smb:8152 d:- ref:0 ;
in:1598 out:1597 type:P dur:2 cpbdur:2 q:32.67 aq:24.31 tex:11315 mv:1859 misc:2210 imb:49 pmb:407 smb:7704 d:- ref:0 ;
in:1597 out:1598 type:b dur:2 cpbdur:2 q:32.68 aq:32.16 tex:129 mv:36 misc:435 imb:0 pmb:8 smb:8152 d:- ref:0 ;
in:1600 out:1599 type:P dur:2 cpbdur:2 q:32.66 aq:22.71 tex:16313 mv:2632 misc:2983 imb:87 pmb:587 smb:7486 d:- ref:0 ;
in:1599 out:1600 type:b dur:2 cpbdur:2 q:32.67 aq:33.83 tex:180 mv:49 misc:419 imb:1 pmb:4 smb:8155 d:- ref:0 ;
in:1602 out:1601 type:P dur:2 cpbdur:2 q:32.66 aq:23.63 tex:11003 mv:1827 misc:2162 imb:35 pmb:401 smb:7724 d:- ref:0 ;
in:1601 out:1602 type:b dur:2 cpbdur:2 q:32.66 aq:32.55 tex:474 mv:98 misc:436 imb:2 pmb:10 smb:8148 d:- ref:0 ;
in:1604 out:1603 type:P dur:2 cpbdur:2 q:32.65 aq:23.76 tex:17972 mv:2585 misc:2803 imb:71 pmb:559 smb:7530 d:- ref:0 ;
in:1603 out:1604 type:b dur:2 cpbdur:2 q:32.65 aq:33.43 tex:406 mv:95 misc:451 imb:2 pmb:11 smb:8147 d:- ref:0 ;
in:1606 out:1605 type:P dur:2 cpbdur:2 q:32.64 aq:23.61 tex:14009 mv:1695 misc:2032 imb:30 pmb:378 smb:7752 d:- ref:0 ;
in:1605 out:1606 type:b dur:2 cpbdur:2 q:32.65 aq:32.03 tex:197 mv:77 misc:446 imb:0 pmb:13 smb:8147 d:- ref:0 ;
in:1608 out:1607 type:P dur:2 cpbdur:2 q:32.63 aq:23.43 tex:17387 mv:2454 misc:2815 imb:74 pmb:548 smb:7538 d:- ref:0 ;
in:1607 out:1608 type:b dur:2 cpbdur:2 q:32.64 aq:31.95 tex:14 mv:12 misc:398 imb:1 pmb:0 smb:8159 d:- ref:0 ;
in:1610 out:1609 type:P dur:2 cpbdur:2 q:32.62 aq:23.45 tex:9361 mv:1272 misc:2223 imb:38 pmb:352 smb:7770 d:- ref:0 ;
in:1609 out:1610 type:b dur:2 cpbdur:2 q:32.62 aq:30.11 tex:26 mv:23 misc:399 imb:2 pmb:0 smb:8158 d:- ref:0 ;
in:1612 out:1611 type:P dur:2 cpbdur:2 q:32.61 aq:22.63 tex:14343 mv:1789 misc:2724 imb:46 pmb:511 smb:7603 d:- ref:0 ;
in:1611 out:1612 type:b dur:2 cpbdur:2 q:32.61 aq:31.90 tex:59 mv:31 misc:414 imb:2 pmb:2 smb:8156 d:- ref:0 ;
in:1614 out:1613 type:P dur:2 cpbdur:2 q:32.61 aq:23.21 tex:8018 mv:997 misc:1977 imb:24 pmb:321 smb:7815 d:- ref:0 ;
in:1613 out:1614 type:b dur:2 cpbdur:2 q:32.61 aq:32.00 tex:0 mv:12 misc:396 imb:0 pmb:1 smb:8159 d:- ref:0 ;
in:1616 out:1615 type:P dur:2 cpbdur:2 q:32.60 aq:23.60 tex:12279 mv:1519 misc:2642 imb:52 pmb:454 smb:7654 d:- ref:0 ;
in:1615 out:1616 type:b dur:2 cpbdur:2 q:32.60 aq:28.48 tex:39 mv:16 misc:401 imb:1 pmb:1 smb:8158 d:- ref:0 ;
in:1618 out:1617 type:P dur:2 cpbdur:2 q:32.59 aq:23.50 tex:7639 mv:1002 misc:1919 imb:21 pmb:303 smb:7836 d:- ref:0 ;
in:1617 out:1618 type:b dur:2 cpbdur:2 q:32.59 aq:31.93 tex:46 mv:20 misc:406 imb:1 pmb:2 smb:8157 d:- ref:0 ;
in:1620 out:1619 type:P dur:2 cpbdur:2 q:32.58 aq:22.11 tex:12868 mv:1744 misc:2644 imb:64 pmb:450 smb:7646 d:- ref:0 ;
in:1619 out:1620 type:b dur:2 cpbdur:2 q:32.59 aq:31.95 tex:26 mv:5 misc:393 imb:0 pmb:1 smb:8159 d:- ref:0 ;
in:1622 out:1621 type:P dur:2 cpbdur:2 q:32.58 aq:23.38 tex:7749 mv:956 misc:1991 imb:39 pmb:278 smb:7843 d:- ref:0 ;
in:1621 out:1622 type:b dur:2 cpbdur:2 q:32.58 aq:31.93 tex:190 mv:77 misc:453 imb:5 pmb:7 smb:8148 d:- ref:0 ;
in:1624 out:1623 type:P dur:2 cpbdur:2 q:32.58 aq:23.16 tex:13562 mv:1712 misc:2806 imb:64 pmb:489 smb:7607 d:- ref:0 ;
in:1623 out:1624 type:b dur:2 cpbdur:2 q:32.58 aq:31.94 tex:129 mv:29 misc:426 imb:1 pmb:5 smb:8154 d:- ref:0 ;
in:1626 out:1625 type:P dur:2 cpbdur:2 q:32.58 aq:22.77 tex:6684 mv:717 misc:1791 imb:28 pmb:242 smb:7890 d:- ref:0 ;
in:1625 out:1626 type:b dur:2 cpbdur:2 q:32.58 aq:31.95 tex:47 mv:8 misc:401 imb:0 pmb:2 smb:8158 d:- ref:0 ;
in:1628 out:1627 type:P dur:2 cpbdur:2 q:32.55 aq:23.62 tex:11361 mv:1398 misc:2497 imb:55 pmb:412 smb:7693 d:- ref:0 ;
in:1627 out:1628 type:b dur:2 cpbdur:2 q:32.57 aq:32.45 tex:122 mv:27 misc:427 imb:1 pmb:4 smb:8155 d:- ref:0 ;
in:1630 out:1629 type:P dur:2 cpbdur:2 q:32.54 aq:24.09 tex:6655 mv:814 misc:1787 imb:25 pmb:262 smb:7873 d:- ref:0 ;
in:1629 out:1630 type:b dur:2 cpbdur:2 q:32.55 aq:31.95 tex:14 mv:12 misc:398 imb:1 pmb:0 smb:8159 d:- ref:0 ;
in:1632 out:1631 type:P dur:2 cpbdur:2 q:32.51 aq:23.97 tex:12018 mv:1416 misc:2630 imb:50 pmb:440 smb:7670 d:- ref:0 ;
in:1631 out:1632 type:b dur:2 cpbdur:2 q:32.53 aq:31.98 tex:33 mv:23 misc:400 imb:2 pmb:0 smb:8158 d:- ref:0 ;
in:1634 out:1633 type:P dur:2 cpbdur:2 q:32.50 aq:24.38 tex:7042 mv:756 misc:1802 imb:28 pmb:255 smb:7877 d:- ref:0 ;
in:1633 out:1634 type:b dur:2 cpbdur:2 q:32.51 aq:32.00 tex:0 mv:0 misc:384 imb:0 pmb:0 smb:8160 d:- ref:0 ;
in:1636 out:1635 type:P dur:2 cpbdur:2 q:32.47 aq:23.50 tex:13155 mv:1336 misc:2461 imb:52 pmb:405 smb:7703 d:- ref:0 ;
in:1635 out:1636 type:b dur:2 cpbdur:2 q:32.48 aq:30.94 tex:66 mv:28 misc:426 imb:1 pmb:6 smb:8153 d:- ref:0 ;
in:1638 out:1637 type:P dur:2 cpbdur:2 q:32.46 aq:24.56 tex:7119 mv:702 misc:1731 imb:18 pmb:243 smb:7899 d:- ref:0 ;
in:1637 out:1638 type:b dur:2 cpbdur:2 q:32.47 aq:30.93 tex:83 mv:33 misc:420 imb:2 pmb:2 smb:8156 d:- ref:0 ;
in:1640 out:1639 type:P dur:2 cpbdur:2 q:32.43 aq:25.04 tex:11937 mv:1127 misc:2224 imb:38 pmb:383 smb:7739 d:- ref:0 ;
in:1639 out:1640 type:b dur:2 cpbdur:2 q:32.45 aq:22.71 tex:94 mv:56 misc:434 imb:5 pmb:1 smb:8154 d:- ref:0 ;
in:1642 out:1641 type:P dur:2 cpbdur:2 q:32.42 aq:24.31 tex:6665 mv:628 misc:1659 imb:15 pmb:233 smb:7912 d:- ref:0 ;
in:1641 out:1642 type:b dur:2 cpbdur:2 q:32.43 aq:30.92 tex:62 mv:27 misc:407 imb:2 pmb:1 smb:8157 d:- ref:0 ;
in:1644 out:1643 type:P dur:2 cpbdur:2 q:32.40 aq:24.53 tex:11828 mv:1104 misc:2236 imb:32 pmb:386 smb:7742 d:- ref:0 ;
in:1643 out:1644 type:b dur:2 cpbdur:2 q:32.41 aq:29.92 tex:46 mv:16 misc:402 imb:1 pmb:1 smb:8158 d:- ref:0 ;
in:1646 out:1645 type:P dur:2 cpbdur:2 q:32.39 aq:25.36 tex:6800 mv:542 misc:1594 imb:12 pmb:236 smb:7912 d:- ref:0 ;
in:1645 out:1646 type:b dur:2 cpbdur:2 q:32.39 aq:24.06 tex:22 mv:12 misc:398 imb:1 pmb:0 smb:8159 d:- ref:0 ;
in:1648 out:1647 type:P dur:2 cpbdur:2 q:32.36 aq:24.49 tex:11498 mv:1081 misc:2149 imb:21 pmb:390 smb:7749 d:- ref:0 ;
in:1647 out:1648 type:b dur:2 cpbdur:2 q:32.37 aq:30.86 tex:59 mv:31 misc:414 imb:2 pmb:2 smb:8156 d:- ref:0 ;
in:1652 out:1649 type:P dur:2 cpbdur:2 q:32.34 aq:23.63 tex:28201 mv:3728 misc:4343 imb:148 pmb:1000 smb:7012 d:- ref:0 ;
in:1650 out:1650 type:B dur:2 cpbdur:2 q:32.35 aq:30.56 tex:372 mv:78 misc:502 imb:3 pmb:13 smb:8144 d:- ref:0 ;
in:1649 out:1651 type:b dur:2 cpbdur:2 q:32.36 aq:24.35 tex:158 mv:52 misc:446 imb:3 pmb:6 smb:8151 d:- ref:0 ;
in:1651 out:1652 type:b dur:2 cpbdur:2 q:32.35 aq:31.97 tex:55 mv:7 misc:394 imb:0 pmb:2 smb:8158 d:- ref:0 ;
in:1654 out:1653 type:P dur:2 cpbdur:2 q:32.61 aq:22.47 tex:15335 mv:2356 misc:3509 imb:101 pmb:590 smb:7469 d:- ref:0 ;
in:1653 out:1654 type:b dur:2 cpbdur:2 q:32.47 aq:31.94 tex:91 mv:41 misc:420 imb:1 pmb:5 smb:8154 d:- ref:0 ;
in:1656 out:1655 type:P dur:2 cpbdur:2 q:32.62 aq:23.32 tex:6291 mv:882 misc:1963 imb:33 pmb:258 smb:7869 d:- ref:0 ;
in:1655 out:1656 type:b dur:2 cpbdur:2 q:32.61 aq:31.92 tex:32 mv:41 misc:415 imb:4 pmb:0 smb:8156 d:- ref:0 ;
in:1658 out:1657 type:P dur:2 cpbdur:2 q:32.61 aq:22.73 tex:12094 mv:1667 misc:2799 imb:64 pmb:454 smb:7642 d:- ref:0 ;
in:1657 out:1658 type:b dur:2 cpbdur:2 q:32.61 aq:31.93 tex:60 mv:24 misc:420 imb:1 pmb:3 smb:8156 d:- ref:0 ;
in:1660 out:1659 type:P dur:2 cpbdur:2 q:32.58 aq:23.62 tex:5922 mv:754 misc:1740 imb:26 pmb:224 smb:7910 d:- ref:0 ;
in:1659 out:1660 type:b dur:2 cpbdur:2 q:32.59 aq:30.55 tex:45 mv:9 misc:402 imb:0 pmb:2 smb:8158 d:- ref:0 ;
in:1662 out:1661 type:P dur:2 cpbdur:2 q:32.57 aq:23.69 tex:12732 mv:1603 misc:2809 imb:53 pmb:469 smb:7638 d:- ref:0 ;
in:1661 out:1662 type:b dur:2 cpbdur:2 q:32.57 aq:32.00 tex:0 mv:0 misc:384 imb:0 pmb:0 smb:8160 d:- ref:0 ;
in:1664 out:1663 type:P dur:2 cpbdur:2 q:32.54 aq:23.01 tex:7241 mv:1019 misc:2092 imb:46 pmb:284 smb:7830 d:- ref:0 ;
in:1663 out:1664 type:b dur:2 cpbdur:2 q:32.55 aq:32.00 tex:23 mv:5 misc:396 imb:0 pmb:1 smb:8159 d:- ref:0 ;
in:1666 out:1665 type:P dur:2 cpbdur:2 q:32.54 aq:22.82 tex:14389 mv:1883 misc:2960 imb:83 pmb:469 smb:7608 d:- ref:0 ;
in:1665 out:1666 type:b dur:2 cpbdur:2 q:32.54 aq:32.00 tex:1 mv:10 misc:397 imb:0 pmb:4 smb:8156 d:- ref:0 ;
in:1668 out:1667 type:P dur:2 cpbdur:2 q:32.42 aq:23.69 tex:7680 mv:924 misc:2044 imb:32 pmb:285 smb:7843 d:- ref:0 ;
in:1667 out:1668 type:b dur:2 cpbdur:2 q:32.48 aq:31.92 tex:18 mv:12 misc:394 imb:1 pmb:0 smb:8159 d:- ref:0 ;
in:1670 out:1669 type:P dur:2 cpbdur:2 q:32.33 aq:23.27 tex:14404 mv:1652 misc:2912 imb:49 pmb:527 smb:7584 d:- ref:0 ;
in:1669 out:1670 type:b dur:2 cpbdur:2 q:32.37 aq:21.44 tex:51 mv:28 misc:409 imb:2 pmb:1 smb:8157 d:- ref:0 ;
in:1672 out:1671 type:P dur:2 cpbdur:2 q:32.22 aq:23.10 tex:9364 mv:1043 misc:2233 imb:25 pmb:355 smb:7780 d:- ref:0 ;
in:1671 out:1672 type:b dur:2 cpbdur:2 q:32.28 aq:30.94 tex:48 mv:38 misc:418 imb:2 pmb:3 smb:8155 d:- ref:0 ;
in:1674 out:1673 type:P dur:2 cpbdur:2 q:32.19 aq:22.83 tex:15923 mv:1821 misc:2968 imb:65 pmb:548 smb:7547 d:- ref:0 ;
in:1673 out:1674 type:b dur:2 cpbdur:2 q:32.21 aq:33.39 tex:89 mv:31 misc:416 imb:2 pmb:2 smb:8156 d:- ref:0 ;
in:1676 out:1675 type:P dur:2 cpbdur:2 q:32.19 aq:23.62 tex:8930 mv:1043 misc:2123 imb:28 pmb:334 smb:7798 d:- ref:0 ;
in:1675 out:1676 type:b dur:2 cpbdur:2 q:32.19 aq:28.35 tex:102 mv:58 misc:448 imb:4 pmb:4 smb:8152 d:- ref:0 ;
in:1678 out:1677 type:P dur:2 cpbdur:2 q:32.16 aq:22.98 tex:14916 mv:1578 misc:2906 imb:63 pmb:506 smb:7591 d:- ref:0 ;
in:1677 out:1678 type:b dur:2 cpbdur:2 q:32.18 aq:31.71 tex:57 mv:24 misc:407 imb:0 pmb:3 smb:8157 d:- ref:0 ;
in:1680 out:1679 type:P dur:2 cpbdur:2 q:32.16 aq:22.87 tex:9504 mv:1149 misc:2275 imb:33 pmb:360 smb:7767 d:- ref:0 ;
in:1679 out:1680 type:b dur:2 cpbdur:2 q:32.16 aq:26.24 tex:108 mv:47 misc:437 imb:3 pmb:4 smb:8153 d:- ref:0 ;
in:1682 out:1681 type:P dur:2 cpbdur:2 q:32.14 aq:22.79 tex:15783 mv:2019 misc:3110 imb:61 pmb:575 smb:7524 d:- ref:0 ;
in:1681 out:1682 type:b dur:2 cpbdur:2 q:32.15 aq:23.33 tex:81 mv:46 misc:433 imb:3 pmb:3 smb:8154 d:- ref:0 ;
in:1684 out:1683 type:P dur:2 cpbdur:2 q:32.14 aq:23.36 tex:9579 mv:1138 misc:2275 imb:38 pmb:340 smb:7782 d:- ref:0 ;
in:1683 out:1684 type:b dur:2 cpbdur:2 q:32.14 aq:30.38 tex:157 mv:63 misc:452 imb:4 pmb:5 smb:8151 d:- ref:0 ;
in:1686 out:1685 type:P dur:2 cpbdur:2 q:32.12 aq:23.16 tex:17474 mv:2094 misc:3264 imb:76 pmb:612 smb:7472 d:- ref:0 ;
in:1685 out:1686 type:b dur:2 cpbdur:2 q:32.13 aq:29.70 tex:123 mv:61 misc:448 imb:4 pmb:5 smb:8151 d:- ref:0 ;
in:1688 out:1687 type:P dur:2 cpbdur:2 q:32.12 aq:23.08 tex:9728 mv:910 misc:2146 imb:34 pmb:323 smb:7803 d:- ref:0 ;
in:1687 out:1688 type:b dur:2 cpbdur:2 q:32.12 aq:23.54 tex:114 mv:28 misc:434 imb:1 pmb:5 smb:8154 d:- ref:0 ;
in:1690 out:1689 type:P dur:2 cpbdur:2 q:32.10 aq:22.87 tex:17432 mv:2048 misc:3096 imb:70 pmb:587 smb:7503 d:- ref:0 ;
in:1689 out:1690 type:b dur:2 cpbdur:2 q:32.11 aq:30.34 tex:70 mv:52 misc:438 imb:2 pmb:5 smb:8153 d:- ref:0 ;
in:1692 out:1691 type:P dur:2 cpbdur:2 q:32.10 aq:23.66 tex:8288 mv:1008 misc:2040 imb:32 pmb:303 smb:7825 d:- ref:0 ;
in:1691 out:1692 type:b dur:2 cpbdur:2 q:32.10 aq:24.64 tex:98 mv:50 misc:428 imb:2 pmb:5 smb:8153 d:- ref:0 ;
in:1694 out:1693 type:P dur:2 cpbdur:2 q:32.08 aq:23.09 tex:15288 mv:1886 misc:2994 imb:56 pmb:545 smb:7559 d:- ref:0 ;
in:1693 out:1694 type:b dur:2 cpbdur:2 q:32.09 aq:32.18 tex:97 mv:11 misc:412 imb:0 pmb:3 smb:8157 d:- ref:0 ;
in:1696 out:1695 type:P dur:2 cpbdur:2 q:32.08 aq:23.40 tex:10889 mv:1053 misc:2154 imb:27 pmb:337 smb:7796 d:- ref:0 ;
in:1695 out:1696 type:b dur:2 cpbdur:2 q:32.08 aq:31.00 tex:1 mv:10 misc:397 imb:0 pmb:4 smb:8156 d:- ref:0 ;
in:1698 out:1697 type:P dur:2 cpbdur:2 q:32.06 aq:22.73 tex:14862 mv:1820 misc:2910 imb:63 pmb:513 smb:7584 d:- ref:0 ;
in:1697 out:1698 type:b dur:2 cpbdur:2 q:32.07 aq:30.98 tex:54 mv:8 misc:402 imb:0 pmb:2 smb:8158 d:- ref:0 ;
in:1700 out:1699 type:P dur:2 cpbdur:2 q:32.06 aq:23.18 tex:8769 mv:954 misc:2157 imb:31 pmb:322 smb:7807 d:- ref:0 ;
in:1699 out:1700 type:b dur:2 cpbdur:2 q:32.06 aq:29.91 tex:49 mv:38 misc:409 imb:2 pmb:1 smb:8157 d:- ref:0 ;
in:1702 out:1701 type:P dur:2 cpbdur:2 q:32.05 aq:22.53 tex:17316 mv:1999 misc:3237 imb:76 pmb:588 smb:7496 d:- ref:0 ;
in:1701 out:1702 type:b dur:2 cpbdur:2 q:32.06 aq:28.15 tex:197 mv:64 misc:459 imb:3 pmb:6 smb:8151 d:- ref:0 ;
in:1704 out:1703 type:P dur:2 cpbdur:2 q:32.06 aq:23.01 tex:9490 mv:962 misc:2172 imb:28 pmb:335 smb:7797 d:- ref:0 ;
in:1703 out:1704 type:b dur:2 cpbdur:2 q:32.06 aq:28.46 tex:51 mv:28 misc:409 imb:2 pmb:1 smb:8157 d:- ref:0 ;
in:1706 out:1705 type:P dur:2 cpbdur:2 q:32.04 aq:23.18 tex:15792 mv:1837 misc:2947 imb:79 pmb:535 smb:7546 d:- ref:0 ;
in:1705 out:1706 type:b dur:2 cpbdur:2 q:32.05 aq:29.95 tex:103 mv:24 misc:425 imb:1 pmb:4 smb:8155 d:- ref:0 ;
in:1708 out:1707 type:P dur:2 cpbdur:2 q:32.04 aq:24.00 tex:7819 mv:762 misc:1899 imb:24 pmb:283 smb:7853 d:- ref:0 ;
in:1707 out:1708 type:b dur:2 cpbdur:2 q:32.04 aq:28.34 tex:86 mv:41 misc:425 imb:3 pmb:2 smb:8155 d:- ref:0 ;
in:1710 out:1709 type:P dur:2 cpbdur:2 q:32.02 aq:23.06 tex:15635 mv:1691 misc:2874 imb:57 pmb:531 smb:7572 d:- ref:0 ;
in:1709 out:1710 type:b dur:2 cpbdur:2 q:32.03 aq:30.93 tex:69 mv:15 misc:420 imb:0 pmb:4 smb:8156 d:- ref:0 ;
in:1712 out:1711 type:P dur:2 cpbdur:2 q:32.02 aq:23.14 tex:8288 mv:936 misc:2144 imb:27 pmb:319 smb:7814 d:- ref:0 ;
in:1711 out:1712 type:b dur:2 cpbdur:2 q:32.02 aq:28.26 tex:42 mv:35 misc:419 imb:3 pmb:1 smb:8156 d:- ref:0 ;
in:1714 out:1713 type:P dur:2 cpbdur:2 q:32.00 aq:22.55 tex:16019 mv:1895 misc:2998 imb:70 pmb:555 smb:7535 d:- ref:0 ;
in:1713 out:1714 type:b dur:2 cpbdur:2 q:32.01 aq:23.03 tex:27 mv:38 misc:415 imb:3 pmb:1 smb:8156 d:- ref:0 ;
in:1716 out:1715 type:P dur:2 cpbdur:2 q:31.99 aq:23.10 tex:8853 mv:1054 misc:2085 imb:33 pmb:310 smb:7817 d:- ref:0 ;
in:1715 out:1716 type:b dur:2 cpbdur:2 q:32.00 aq:28.30 tex:50 mv:23 misc:423 imb:1 pmb:3 smb:8156 d:- ref:0 ;
in:1718 out:1717 type:P dur:2 cpbdur:2 q:31.97 aq:23.29 tex:17038 mv:2074 misc:3064 imb:70 pmb:572 smb:7518 d:- ref:0 ;
in:1717 out:1718 type:b dur:2 cpbdur:2 q:31.98 aq:31.63 tex:138 mv:46 misc:440 imb:3 pmb:4 smb:8153 d:- ref:0 ;
in:1720 out:1719 type:P dur:2 cpbdur:2 q:31.96 aq:23.13 tex:8473 mv:1067 misc:2092 imb:35 pmb:317 smb:7808 d:- ref:0 ;
in:1719 out:1720 type:b dur:2 cpbdur:2 q:31.96 aq:23.15 tex:109 mv:52 misc:439 imb:4 pmb:3 smb:8153 d:- ref:0 ;
in:1722 out:1721 type:P dur:2 cpbdur:2 q:31.94 aq:22.76 tex:16052 mv:1878 misc:3102 imb:57 pmb:591 smb:7512 d:- ref:0 ;
in:1721 out:1722 type:b dur:2 cpbdur:2 q:31.95 aq:26.19 tex:108 mv:37 misc:423 imb:2 pmb:4 smb:8154 d:- ref:0 ;
in:1724 out:1723 type:P dur:2 cpbdur:2 q:31.94 aq:24.02 tex:8898 mv:956 misc:2114 imb:30 pmb:322 smb:7808 d:- ref:0 ;
in:1723 out:1724 type:b dur:2 cpbdur:2 q:31.94 aq:30.94 tex:49 mv:41 misc:414 imb:3 pmb:2 smb:8155 d:- ref:0 ;
in:1726 out:1725 type:P dur:2 cpbdur:2 q:31.92 aq:22.62 tex:19599 mv:1952 misc:3201 imb:73 pmb:602 smb:7485 d:- ref:0 ;
in:1725 out:1726 type:b dur:2 cpbdur:2 q:31.93 aq:20.59 tex:100 mv:66 misc:450 imb:4 pmb:7 smb:8149 d:- ref:0 ;
in:1728 out:1727 type:P dur:2 cpbdur:2 q:31.93 aq:23.27 tex:9296 mv:988 misc:2124 imb:29 pmb:323 smb:7808 d:- ref:0 ;
in:1727 out:1728 type:b dur:2 cpbdur:2 q:31.92 aq:30.98 tex:26 mv:18 misc:404 imb:0 pmb:3 smb:8157 d:- ref:0 ;
in:1730 out:1729 type:P dur:2 cpbdur:2 q:31.90 aq:22.94 tex:18669 mv:2003 misc:3168 imb:74 pmb:608 smb:7478 d:- ref:0 ;
in:1729 out:1730 type:b dur:2 cpbdur:2 q:31.92 aq:30.97 tex:73 mv:30 misc:425 imb:0 pmb:7 smb:8153 d:- ref:0 ;
in:1732 out:1731 type:P dur:2 cpbdur:2 q:31.91 aq:22.69 tex:8225 mv:1066 misc:2141 imb:43 pmb:307 smb:7810 d:- ref:0 ;
in:1731 out:1732 type:b dur:2 cpbdur:2 q:31.91 aq:23.87 tex:24 mv:23 misc:401 imb:2 pmb:0 smb:8158 d:- ref:0 ;
in:1734 out:1733 type:P dur:2 cpbdur:2 q:31.89 aq:22.56 tex:15765 mv:1711 misc:3020 imb:70 pmb:528 smb:7562 d:- ref:0 ;
in:1733 out:1734 type:b dur:2 cpbdur:2 q:31.90 aq:24.45 tex:80 mv:44 misc:436 imb:3 pmb:3 smb:8154 d:- ref:0 ;
in:1736 out:1735 type:P dur:2 cpbdur:2 q:31.89 aq:22.04 tex:9352 mv:1147 misc:2245 imb:41 pmb:348 smb:7771 d:- ref:0 ;
in:1735 out:1736 type:b dur:2 cpbdur:2 q:31.89 aq:23.12 tex:131 mv:69 misc:448 imb:5 pmb:5 smb:8150 d:- ref:0 ;
in:1738 out:1737 type:P dur:2 cpbdur:2 q:31.87 aq:22.64 tex:17391 mv:1891 misc:3174 imb:74 pmb:575 smb:7511 d:- ref:0 ;
in:1737 out:1738 type:b dur:2 cpbdur:2 q:31.88 aq:30.93 tex:32 mv:27 misc:413 imb:2 pmb:1 smb:8157 d:- ref:0 ;
in:1740 out:1739 type:P dur:2 cpbdur:2 q:31.88 aq:23.08 tex:10076 mv:1100 misc:2208 imb:38 pmb:343 smb:7779 d:- ref:0 ;
in:1739 out:1740 type:b dur:2 cpbdur:2 q:31.88 aq:30.93 tex:130 mv:51 misc:435 imb:3 pmb:5 smb:8152 d:- ref:0 ;
in:1742 out:1741 type:P dur:2 cpbdur:2 q:31.86 aq:22.33 tex:16687 mv:1875 misc:2982 imb:62 pmb:551 smb:7547 d:- ref:0 ;
in:1741 out:1742 type:b dur:2 cpbdur:2 q:31.87 aq:27.52 tex:62 mv:44 misc:430 imb:2 pmb:4 smb:8154 d:- ref:0 ;
in:1744 out:1743 type:P dur:2 cpbdur:2 q:31.86 aq:23.74 tex:9699 mv:937 misc:2100 imb:31 pmb:329 smb:7800 d:- ref:0 ;
in:1743 out:1744 type:b dur:2 cpbdur:2 q:31.86 aq:30.94 tex:88 mv:34 misc:422 imb:2 pmb:3 smb:8155 d:- ref:0 ;
in:1746 out:1745 type:P dur:2 cpbdur:2 q:31.84 aq:22.55 tex:17214 mv:2023 misc:3139 imb:74 pmb:588 smb:7498 d:- ref:0 ;
in:1745 out:1746 type:b dur:2 cpbdur:2 q:31.85 aq:29.86 tex:57 mv:27 misc:412 imb:2 pmb:1 smb:8157 d:- ref:0 ;
in:1748 out:1747 type:P dur:2 cpbdur:2 q:31.85 aq:23.46 tex:10438 mv:1017 misc:2113 imb:23 pmb:344 smb:7793 d:- ref:0 ;
in:1747 out:1748 type:b dur:2 cpbdur:2 q:31.85 aq:24.55 tex:96 mv:46 misc:418 imb:4 pmb:1 smb:8155 d:- ref:0 ;
in:1749 out:1749 type:P dur:2 cpbdur:2 q:31.83 aq:27.02 tex:50 mv:32 misc:438 imb:4 pmb:0 smb:8156 d:- ref:0 ;
in:1750 out:1750 type:I dur:2 cpbdur:2 q:29.01 aq:19.85 tex:524531 mv:144355 misc:706 imb:8160 pmb:0 smb:0 d:- ref:;
in:1752 out:1751 type:P dur:2 cpbdur:2 q:32.91 aq:23.97 tex:4321 mv:475 misc:1348 imb:34 pmb:130 smb:7996 d:- ref:0 ;
in:1751 out:1752 type:b dur:2 cpbdur:2 q:32.91 aq:26.68 tex:70 mv:77 misc:437 imb:8 pmb:0 smb:8152 d:- ref:0 ;
in:1754 out:1753 type:P dur:2 cpbdur:2 q:32.88 aq:23.37 tex:12119 mv:1555 misc:2590 imb:81 pmb:407 smb:7672 d:- ref:0 ;
in:1753 out:1754 type:b dur:2 cpbdur:2 q:32.89 aq:31.94 tex:71 mv:23 misc:418 imb:1 pmb:3 smb:8156 d:- ref:0 ;
in:1756 out:1755 type:P dur:2 cpbdur:2 q:32.87 aq:23.97 tex:8703 mv:711 misc:1562 imb:20 pmb:201 smb:7939 d:- ref:0 ;
in:1755 out:1756 type:b dur:2 cpbdur:2 q:32.87 aq:32.00 tex:1 mv:12 misc:403 imb:0 pmb:5 smb:8155 d:- ref:0 ;
in:1758 out:1757 type:P dur:2 cpbdur:2 q:32.84 aq:23.91 tex:10101 mv:1336 misc:2363 imb:50 pmb:367 smb:7743 d:- ref:0 ;
in:1757 out:1758 type:b dur:2 cpbdur:2 q:32.85 aq:31.94 tex:33 mv:26 misc:405 imb:2 pmb:1 smb:8157 d:- ref:0 ;
in:1760 out:1759 type:P dur:2 cpbdur:2 q:32.82 aq:24.22 tex:5812 mv:811 misc:1585 imb:21 pmb:238 smb:7901 d:- ref:0 ;
in:1759 out:1760 type:b dur:2 cpbdur:2 q:32.83 aq:31.93 tex:39 mv:17 misc:400 imb:1 pmb:1 smb:8158 d:- ref:0 ;
in:1762 out:1761 type:P dur:2 cpbdur:2 q:32.80 aq:23.69 tex:12272 mv:1355 misc:2429 imb:52 pmb:404 smb:7704 d:- ref:0 ;
in:1761 out:1762 type:b dur:2 cpbdur:2 q:32.81 aq:29.52 tex:74 mv:50 misc:420 imb:2 pmb:3 smb:8155 d:- ref:0 ;
in:1764 out:1763 type:P dur:2 cpbdur:2 q:32.79 aq:23.79 tex:5867 mv:692 misc:1641 imb:26 pmb:208 smb:7926 d:- ref:0 ;
in:1763 out:1764 type:b dur:2 cpbdur:2 q:32.79 aq:31.92 tex:30 mv:5 misc:397 imb:0 pmb:1 smb:8159 d:- ref:0 ;
in:1766 out:1765 type:P dur:2 cpbdur:2 q:32.77 aq:23.54 tex:10646 mv:1319 misc:2267 imb:36 pmb:380 smb:7744 d:- ref:0 ;
in:1765 out:1766 type:b dur:2 cpbdur:2 q:32.78 aq:32.00 tex:0 mv:0 misc:384 imb:0 pmb:0 smb:8160 d:- ref:0 ;
in:1768 out:1767 type:P dur:2 cpbdur:2 q:32.76 aq:23.62 tex:7251 mv:794 misc:1779 imb:26 pmb:244 smb:7890 d:- ref:0 ;
in:1767 out:1768 type:b dur:2 cpbdur:2 q:32.76 aq:25.75 tex:48 mv:41 misc:415 imb:4 pmb:0 smb:8156 d:- ref:0 ;
in:1770 out:1769 type:P dur:2 cpbdur:2 q:32.98 aq:23.45 tex:10398 mv:1447 misc:2515 imb:63 pmb:382 smb:7715 d:- ref:0 ;
in:1769 out:1770 type:b dur:2 cpbdur:2 q:32.87 aq:31.95 tex:26 mv:5 misc:393 imb:0 pmb:1 smb:8159 d:- ref:0 ;
in:1772 out:1771 type:P dur:2 cpbdur:2 q:32.98 aq:24.60 tex:5559 mv:723 misc:1654 imb:20 pmb:214 smb:7926 d:- ref:0 ;
in:1771 out:1772 type:b dur:2 cpbdur:2 q:32.98 aq:31.96 tex:17 mv:11 misc:396 imb:1 pmb:0 smb:8159 d:- ref:0 ;
in:1774 out:1773 type:P dur:2 cpbdur:2 q:32.97 aq:23.18 tex:10187 mv:1299 misc:2426 imb:73 pmb:352 smb:7735 d:- ref:0 ;
in:1773 out:1774 type:b dur:2 cpbdur:2 q:32.98 aq:31.91 tex:16 mv:12 misc:396 imb:1 pmb:0 smb:8159 d:- ref:0 ;
in:1776 out:1775 type:P dur:2 cpbdur:2 q:32.96 aq:23.77 tex:5380 mv:707 misc:1617 imb:26 pmb:210 smb:7924 d:- ref:0 ;
in:1775 out:1776 type:b dur:2 cpbdur:2 q:32.97 aq:32.00 tex:17 mv:5 misc:394 imb:0 pmb:1 smb:8159 d:- ref:0 ;
in:1778 out:1777 type:P dur:2 cpbdur:2 q:32.93 aq:22.63 tex:9689 mv:1447 misc:2352 imb:60 pmb:366 smb:7734 d:- ref:0 ;
in:1777 out:1778 type:b dur:2 cpbdur:2 q:32.95 aq:22.94 tex:23 mv:39 misc:410 imb:2 pmb:1 smb:8157 d:- ref:0 ;
in:1780 out:1779 type:P dur:2 cpbdur:2 q:32.92 aq:24.89 tex:4897 mv:597 misc:1530 imb:14 pmb:200 smb:7946 d:- ref:0 ;
in:1779 out:1780 type:b dur:2 cpbdur:2 q:32.93 aq:31.96 tex:33 mv:21 misc:410 imb:1 pmb:2 smb:8157 d:- ref:0 ;
in:1782 out:1781 type:P dur:2 cpbdur:2 q:32.89 aq:22.81 tex:9539 mv:1237 misc:2296 imb:48 pmb:346 smb:7766 d:- ref:0 ;
in:1781 out:1782 type:b dur:2 cpbdur:2 q:32.90 aq:31.95 tex:29 mv:18 misc:401 imb:0 pmb:2 smb:8158 d:- ref:0 ;
in:1784 out:1783 type:P dur:2 cpbdur:2 q:32.87 aq:24.29 tex:6143 mv:677 misc:1652 imb:23 pmb:213 smb:7924 d:- ref:0 ;
in:1783 out:1784 type:b dur:2 cpbdur:2 q:32.88 aq:32.00 tex:38 mv:17 misc:409 imb:0 pmb:3 smb:8157 d:- ref:0 ;
in:1786 out:1785 type:P dur:2 cpbdur:2 q:32.84 aq:23.34 tex:11315 mv:1324 misc:2377 imb:48 pmb:362 smb:7750 d:- ref:0 ;
in:1785 out:1786 type:b dur:2 cpbdur:2 q:32.86 aq:30.00 tex:27 mv:54 misc:431 imb:4 pmb:4 smb:8152 d:- ref:0 ;
in:1788 out:1787 type:P dur:2 cpbdur:2 q:32.82 aq:23.02 tex:6389 mv:844 misc:1807 imb:29 pmb:246 smb:7885 d:- ref:0 ;
in:1787 out:1788 type:b dur:2 cpbdur:2 q:32.83 aq:31.90 tex:36 mv:37 misc:415 imb:3 pmb:1 smb:8156 d:- ref:0 ;
in:1790 out:1789 type:P dur:2 cpbdur:2 q:32.78 aq:23.78 tex:11458 mv:1364 misc:2514 imb:55 pmb:400 smb:7705 d:- ref:0 ;
in:1789 out:1790 type:b dur:2 cpbdur:2 q:32.80 aq:31.95 tex:30 mv:17 misc:401 imb:1 pmb:1 smb:8158 d:- ref:0 ;
in:1792 out:1791 type:P dur:2 cpbdur:2 q:32.77 aq:24.81 tex:6758 mv:839 misc:1731 imb:28 pmb:241 smb:7891 d:- ref:0 ;
in:1791 out:1792 type:b dur:2 cpbdur:2 q:32.78 aq:31.97 tex:20 mv:27 misc:409 imb:1 pmb:2 smb:8157 d:- ref:0 ;
in:1794 out:1793 type:P dur:2 cpbdur:2 q:32.74 aq:23.48 tex:11604 mv:1441 misc:2563 imb:71 pmb:412 smb:7677 d:- ref:0 ;
in:1793 out:1794 type:b dur:2 cpbdur:2 q:32.76 aq:31.94 tex:54 mv:26 misc:408 imb:0 pmb:3 smb:8157 d:- ref:0 ;
in:1796 out:1795 type:P dur:2 cpbdur:2 q:32.74 aq:23.32 tex:5671 mv:828 misc:1765 imb:21 pmb:239 smb:7900 d:- ref:0 ;
in:1795 out:1796 type:b dur:2 cpbdur:2 q:32.74 aq:31.96 tex:46 mv:8 misc:402 imb:0 pmb:2 smb:8158 d:- ref:0 ;
in:1798 out:1797 type:P dur:2 cpbdur:2 q:32.71 aq:23.27 tex:11114 mv:1474 misc:2620 imb:67 pmb:412 smb:7681 d:- ref:0 ;
in:1797 out:1798 type:b dur:2 cpbdur:2 q:32.72 aq:31.94 tex:27 mv:5 misc:392 imb:0 pmb:1 smb:8159 d:- ref:0 ;
in:1800 out:1799 type:P dur:2 cpbdur:2 q:32.69 aq:24.33 tex:6242 mv:744 misc:1742 imb:29 pmb:229 smb:7902 d:- ref:0 ;
in:1799 out:1800 type:b dur:2 cpbdur:2 q:32.70 aq:31.90 tex:24 mv:23 misc:401 imb:2 pmb:0 smb:8158 d:- ref:0 ;
in:1802 out:1801 type:P dur:2 cpbdur:2 q:32.67 aq:23.48 tex:11792 mv:1405 misc:2507 imb:48 pmb:413 smb:7699 d:- ref:0 ;
in:1801 out:1802 type:b dur:2 cpbdur:2 q:32.68 aq:31.95 tex:39 mv:17 misc:400 imb:1 pmb:1 smb:8158 d:- ref:0 ;
in:1804 out:1803 type:P dur:2 cpbdur:2 q:32.65 aq:23.98 tex:6626 mv:736 misc:1766 imb:26 pmb:237 smb:7897 d:- ref:0 ;
in:1803 out:1804 type:b dur:2 cpbdur:2 q:32.66 aq:31.94 tex:69 mv:19 misc:400 imb:1 pmb:2 smb:8157 d:- ref:0 ;
in:1806 out:1805 type:P dur:2 cpbdur:2 q:32.63 aq:23.53 tex:12838 mv:1529 misc:2745 imb:53 pmb:462 smb:7645 d:- ref:0 ;
in:1805 out:1806 type:b dur:2 cpbdur:2 q:32.64 aq:31.92 tex:52 mv:19 misc:409 imb:1 pmb:2 smb:8157 d:- ref:0 ;
in:1808 out:1807 type:P dur:2 cpbdur:2 q:32.62 aq:24.68 tex:6654 mv:760 misc:1778 imb:26 pmb:242 smb:7892 d:- ref:0 ;
in:1807 out:1808 type:b dur:2 cpbdur:2 q:32.62 aq:31.96 tex:43 mv:11 misc:410 imb:0 pmb:3 smb:8157 d:- ref:0 ;
in:1810 out:1809 type:P dur:2 cpbdur:2 q:32.59 aq:23.42 tex:12698 mv:1588 misc:2706 imb:52 pmb:469 smb:7639 d:- ref:0 ;
in:1809 out:1810 type:b dur:2 cpbdur:2 q:32.61 aq:31.92 tex:93 mv:47 misc:428 imb:3 pmb:3 smb:8154 d:- ref:0 ;
in:1812 out:1811 type:P dur:2 cpbdur:2 q:32.59 aq:24.43 tex:6461 mv:785 misc:1778 imb:24 pmb:247 smb:7889 d:- ref:0 ;
in:1811 out:1812 type:b dur:2 cpbdur:2 q:32.59 aq:31.97 tex:30 mv:5 misc:397 imb:0 pmb:1 smb:8159 d:- ref:0 ;
in:1814 out:1813 type:P dur:2 cpbdur:2 q:32.56 aq:23.96 tex:11996 mv:1454 misc:2518 imb:49 pmb:430 smb:7681 d:- ref:0 ;
in:1813 out:1814 type:b dur:2 cpbdur:2 q:32.57 aq:31.93 tex:94 mv:30 misc:428 imb:1 pmb:6 smb:8153 d:- ref:0 ;
in:1816 out:1815 type:P dur:2 cpbdur:2 q:32.55 aq:24.44 tex:9176 mv:762 misc:1830 imb:25 pmb:262 smb:7873 d:- ref:0 ;
in:1815 out:1816 type:b dur:2 cpbdur:2 q:32.56 aq:33.01 tex:30 mv:15 misc:411 imb:0 pmb:5 smb:8155 d:- ref:0 ;
in:1818 out:1817 type:P dur:2 cpbdur:2 q:32.53 aq:23.89 tex:11630 mv:1527 misc:2659 imb:52 pmb:449 smb:7659 d:- ref:0 ;
in:1817 out:1818 type:b dur:2 cpbdur:2 q:32.54 aq:30.87 tex:68 mv:48 misc:428 imb:4 pmb:1 smb:8155 d:- ref:0 ;
in:1820 out:1819 type:P dur:2 cpbdur:2 q:32.53 aq:23.74 tex:6846 mv:735 misc:1755 imb:19 pmb:241 smb:7900 d:- ref:0 ;
in:1819 out:1820 type:b dur:2 cpbdur:2 q:32.53 aq:31.93 tex:30 mv:5 misc:397 imb:0 pmb:1 smb:8159 d:- ref:0 ;
in:1822 out:1821 type:P dur:2 cpbdur:2 q:32.50 aq:23.07 tex:12223 mv:1553 misc:2576 imb:41 pmb:440 smb:7679 d:- ref:0 ;
in:1821 out:1822 type:b dur:2 cpbdur:2 q:32.52 aq:30.95 tex:55 mv:12 misc:405 imb:0 pmb:3 smb:8157 d:- ref:0 ;
in:1824 out:1823 type:P dur:2 cpbdur:2 q:32.49 aq:22.89 tex:5826 mv:637 misc:1593 imb:20 pmb:207 smb:7933 d:- ref:0 ;
in:1823 out:1824 type:b dur:2 cpbdur:2 q:32.50 aq:29.14 tex:62 mv:22 misc:420 imb:1 pmb:3 smb:8156 d:- ref:0 ;
in:1826 out:1825 type:P dur:2 cpbdur:2 q:32.47 aq:23.44 tex:12454 mv:1464 misc:2674 imb:65 pmb:436 smb:7659 d:- ref:0 ;
in:1825 out:1826 type:b dur:2 cpbdur:2 q:32.48 aq:23.49 tex:67 mv:41 misc:428 imb:2 pmb:3 smb:8155 d:- ref:0 ;
in:1828 out:1827 type:P dur:2 cpbdur:2 q:32.46 aq:23.16 tex:7573 mv:869 misc:1998 imb:26 pmb:293 smb:7841 d:- ref:0 ;
in:1827 out:1828 type:b dur:2 cpbdur:2 q:32.46 aq:30.94 tex:74 mv:31 misc:415 imb:2 pmb:2 smb:8156 d:- ref:0 ;
in:1830 out:1829 type:P dur:2 cpbdur:2 q:32.43 aq:23.96 tex:13164 mv:1584 misc:2788 imb:53 pmb:487 smb:7620 d:- ref:0 ;
in:1829 out:1830 type:b dur:2 cpbdur:2 q:32.44 aq:19.45 tex:127 mv:44 misc:437 imb:3 pmb:3 smb:8154 d:- ref:0 ;
in:1832 out:1831 type:P dur:2 cpbdur:2 q:32.43 aq:23.42 tex:8585 mv:872 misc:1959 imb:16 pmb:317 smb:7827 d:- ref:0 ;
in:1831 out:1832 type:b dur:2 cpbdur:2 q:32.43 aq:25.81 tex:142 mv:54 misc:436 imb:4 pmb:3 smb:8153 d:- ref:0 ;
in:1834 out:1833 type:P dur:2 cpbdur:2 q:32.41 aq:22.36 tex:12469 mv:1438 misc:2605 imb:54 pmb:432 smb:7674 d:- ref:0 ;
in:1833 out:1834 type:b dur:2 cpbdur:2 q:32.42 aq:27.36 tex:55 mv:30 misc:419 imb:2 pmb:2 smb:8156 d:- ref:0 ;
in:1836 out:1835 type:P dur:2 cpbdur:2 q:32.39 aq:24.02 tex:7131 mv:747 misc:1866 imb:20 pmb:270 smb:7870 d:- ref:0 ;
in:1835 out:1836 type:b dur:2 cpbdur:2 q:32.40 aq:30.93 tex:50 mv:52 misc:426 imb:3 pmb:2 smb:8155 d:- ref:0 ;
in:1838 out:1837 type:P dur:2 cpbdur:2 q:32.37 aq:23.51 tex:13243 mv:1576 misc:2765 imb:54 pmb:468 smb:7638 d:- ref:0 ;
in:1837 out:1838 type:b dur:2 cpbdur:2 q:32.38 aq:30.94 tex:62 mv:22 misc:420 imb:1 pmb:3 smb:8156 d:- ref:0 ;
in:1840 out:1839 type:P dur:2 cpbdur:2 q:32.36 aq:23.63 tex:7996 mv:864 misc:1916 imb:30 pmb:278 smb:7852 d:- ref:0 ;
in:1839 out:1840 type:b dur:2 cpbdur:2 q:32.36 aq:24.67 tex:35 mv:22 misc:407 imb:2 pmb:0 smb:8158 d:- ref:0 ;
in:1842 out:1841 type:P dur:2 cpbdur:2 q:32.34 aq:23.51 tex:13491 mv:1520 misc:2701 imb:51 pmb:482 smb:7627 d:- ref:0 ;
in:1841 out:1842 type:b dur:2 cpbdur:2 q:32.35 aq:24.32 tex:62 mv:20 misc:414 imb:1 pmb:2 smb:8157 d:- ref:0 ;
in:1844 out:1843 type:P dur:2 cpbdur:2 q:32.33 aq:24.00 tex:7840 mv:784 misc:1880 imb:19 pmb:279 smb:7862 d:- ref:0 ;
in:1843 out:1844 type:b dur:2 cpbdur:2 q:32.33 aq:27.78 tex:48 mv:16 misc:408 imb:1 pmb:1 smb:8158 d:- ref:0 ;
in:1846 out:1845 type:P dur:2 cpbdur:2 q:32.31 aq:23.18 tex:16149 mv:1589 misc:2758 imb:53 pmb:490 smb:7617 d:- ref:0 ;
in:1845 out:1846 type:b dur:2 cpbdur:2 q:32.32 aq:31.00 tex:1 mv:10 misc:397 imb:0 pmb:4 smb:8156 d:- ref:0 ;
in:1848 out:1847 type:P dur:2 cpbdur:2 q:32.30 aq:23.76 tex:7588 mv:837 misc:1831 imb:23 pmb:261 smb:7876 d:- ref:0 ;
in:1847 out:1848 type:b dur:2 cpbdur:2 q:32.30 aq:24.08 tex:53 mv:37 misc:414 imb:3 pmb:1 smb:8156 d:- ref:0 ;
in:1850 out:1849 type:P dur:2 cpbdur:2 q:32.29 aq:22.99 tex:14660 mv:1797 misc:2887 imb:56 pmb:524 smb:7580 d:- ref:0 ;
in:1849 out:1850 type:b dur:2 cpbdur:2 q:32.29 aq:31.61 tex:107 mv:25 misc:428 imb:1 pmb:4 smb:8155 d:- ref:0 ;
in:1852 out:1851 type:P dur:2 cpbdur:2 q:32.28 aq:23.30 tex:7830 mv:865 misc:1921 imb:27 pmb:278 smb:7855 d:- ref:0 ;
in:1851 out:1852 type:b dur:2 cpbdur:2 q:32.28 aq:27.46 tex:144 mv:36 misc:436 imb:2 pmb:4 smb:8154 d:- ref:0 ;
in:1854 out:1853 type:P dur:2 cpbdur:2 q:32.26 aq:22.80 tex:13600 mv:1570 misc:2670 imb:48 pmb:470 smb:7642 d:- ref:0 ;
in:1853 out:1854 type:b dur:2 cpbdur:2 q:32.27 aq:27.56 tex:46 mv:37 misc:413 imb:3 pmb:1 smb:8156 d:- ref:0 ;
in:1856 out:1855 type:P dur:2 cpbdur:2 q:32.25 aq:23.33 tex:7469 mv:722 misc:1729 imb:19 pmb:250 smb:7891 d:- ref:0 ;
in:1855 out:1856 type:b dur:2 cpbdur:2 q:32.25 aq:22.99 tex:88 mv:56 misc:448 imb:4 pmb:4 smb:8152 d:- ref:0 ;
in:1858 out:1857 type:P dur:2 cpbdur:2 q:32.22 aq:23.30 tex:13666 mv:1587 misc:2691 imb:55 pmb:486 smb:7619 d:- ref:0 ;
in:1857 out:1858 type:b dur:2 cpbdur:2 q:32.23 aq:24.32 tex:53 mv:41 misc:418 imb:4 pmb:0 smb:8156 d:- ref:0 ;
in:1860 out:1859 type:P dur:2 cpbdur:2 q:32.21 aq:23.41 tex:8353 mv:954 misc:1997 imb:36 pmb:313 smb:7811 d:- ref:0 ;
in:1859 out:1860 type:b dur:2 cpbdur:2 q:32.22 aq:29.83 tex:90 mv:59 misc:443 imb:2 pmb:5 smb:8153 d:- ref:0 ;
in:1862 out:1861 type:P dur:2 cpbdur:2 q:32.20 aq:23.33 tex:14205 mv:1690 misc:2825 imb:59 pmb:500 smb:7601 d:- ref:0 ;
in:1861 out:1862 type:b dur:2 cpbdur:2 q:32.20 aq:30.94 tex:46 mv:20 misc:406 imb:1 pmb:2 smb:8157 d:- ref:0 ;
in:1864 out:1863 type:P dur:2 cpbdur:2 q:32.20 aq:23.65 tex:7659 mv:788 misc:1793 imb:19 pmb:272 smb:7869 d:- ref:0 ;
in:1863 out:1864 type:b dur:2 cpbdur:2 q:32.20 aq:30.16 tex:54 mv:27 misc:407 imb:2 pmb:1 smb:8157 d:- ref:0 ;
in:1866 out:1865 type:P dur:2 cpbdur:2 q:32.17 aq:23.20 tex:13681 mv:1466 misc:2621 imb:42 pmb:458 smb:7660 d:- ref:0 ;
in:1865 out:1866 type:b dur:2 cpbdur:2 q:32.18 aq:29.80 tex:118 mv:49 misc:441 imb:3 pmb:5 smb:8152 d:- ref:0 ;
in:1868 out:1867 type:P dur:2 cpbdur:2 q:32.16 aq:24.61 tex:8277 mv:826 misc:1921 imb:19 pmb:289 smb:7852 d:- ref:0 ;
in:1867 out:1868 type:b dur:2 cpbdur:2 q:32.17 aq:31.76 tex:46 mv:8 misc:402 imb:0 pmb:2 smb:8158 d:- ref:0 ;
in:1870 out:1869 type:P dur:2 cpbdur:2 q:32.15 aq:23.39 tex:13641 mv:1649 misc:2870 imb:55 pmb:510 smb:7595 d:- ref:0 ;
in:1869 out:1870 type:b dur:2 cpbdur:2 q:32.16 aq:20.15 tex:79 mv:7 misc:402 imb:0 pmb:2 smb:8158 d:- ref:0 ;
in:1872 out:1871 type:P dur:2 cpbdur:2 q:32.16 aq:23.67 tex:7174 mv:711 misc:1763 imb:18 pmb:254 smb:7888 d:- ref:0 ;
in:1871 out:1872 type:b dur:2 cpbdur:2 q:32.15 aq:28.75 tex:80 mv:31 misc:417 imb:2 pmb:2 smb:8156 d:- ref:0 ;
in:1874 out:1873 type:P dur:2 cpbdur:2 q:32.14 aq:23.32 tex:13200 mv:1577 misc:2783 imb:72 pmb:454 smb:7634 d:- ref:0 ;
in:1873 out:1874 type:b dur:2 cpbdur:2 q:32.15 aq:30.92 tex:78 mv:58 misc:432 imb:4 pmb:4 smb:8152 d:- ref:0 ;
in:1876 out:1875 type:P dur:2 cpbdur:2 q:32.15 aq:23.69 tex:10360 mv:873 misc:1999 imb:24 pmb:305 smb:7831 d:- ref:0 ;
in:1875 out:1876 type:b dur:2 cpbdur:2 q:32.14 aq:28.47 tex:59 mv:66 misc:459 imb:5 pmb:5 smb:8150 d:- ref:0 ;
in:1878 out:1877 type:P dur:2 cpbdur:2 q:32.13 aq:22.80 tex:14207 mv:1845 misc:2924 imb:73 pmb:527 smb:7560 d:- ref:0 ;
in:1877 out:1878 type:b dur:2 cpbdur:2 q:32.14 aq:29.46 tex:106 mv:49 misc:429 imb:2 pmb:4 smb:8154 d:- ref:0 ;
in:1880 out:1879 type:P dur:2 cpbdur:2 q:32.13 aq:23.90 tex:6584 mv:819 misc:1845 imb:33 pmb:243 smb:7884 d:- ref:0 ;
in:1879 out:1880 type:b dur:2 cpbdur:2 q:32.13 aq:31.00 tex:1 mv:5 misc:402 imb:0 pmb:2 smb:8158 d:- ref:0 ;
in:1882 out:1881 type:P dur:2 cpbdur:2 q:32.10 aq:23.87 tex:13502 mv:1459 misc:2687 imb:60 pmb:459 smb:7641 d:- ref:0 ;
in:1881 out:1882 type:b dur:2 cpbdur:2 q:32.12 aq:30.34 tex:73 mv:52 misc:435 imb:3 pmb:3 smb:8154 d:- ref:0 ;
in:1884 out:1883 type:P dur:2 cpbdur:2 q:32.09 aq:24.37 tex:6696 mv:805 misc:1691 imb:24 pmb:250 smb:7886 d:- ref:0 ;
in:1883 out:1884 type:b dur:2 cpbdur:2 q:32.10 aq:28.30 tex:76 mv:22 misc:414 imb:1 pmb:3 smb:8156 d:- ref:0 ;
in:1886 out:1885 type:P dur:2 cpbdur:2 q:32.07 aq:23.57 tex:12583 mv:1332 misc:2517 imb:43 pmb:428 smb:7689 d:- ref:0 ;
in:1885 out:1886 type:b dur:2 cpbdur:2 q:32.08 aq:29.65 tex:165 mv:30 misc:437 imb:1 pmb:6 smb:8153 d:- ref:0 ;
in:1888 out:1887 type:P dur:2 cpbdur:2 q:32.06 aq:23.38 tex:6920 mv:786 misc:1846 imb:27 pmb:260 smb:7873 d:- ref:0 ;
in:1887 out:1888 type:b dur:2 cpbdur:2 q:32.06 aq:23.52 tex:47 mv:16 misc:401 imb:1 pmb:1 smb:8158 d:- ref:0 ;
in:1890 out:1889 type:P dur:2 cpbdur:2 q:32.03 aq:23.47 tex:12462 mv:1374 misc:2484 imb:37 pmb:429 smb:7694 d:- ref:0 ;
in:1889 out:1890 type:b dur:2 cpbdur:2 q:32.04 aq:23.86 tex:103 mv:52 misc:429 imb:4 pmb:2 smb:8154 d:- ref:0 ;
in:1892 out:1891 type:P dur:2 cpbdur:2 q:32.02 aq:24.88 tex:8213 mv:724 misc:1775 imb:21 pmb:266 smb:7873 d:- ref:0 ;
in:1891 out:1892 type:b dur:2 cpbdur:2 q:32.02 aq:31.00 tex:48 mv:8 misc:408 imb:0 pmb:2 smb:8158 d:- ref:0 ;
in:1894 out:1893 type:P dur:2 cpbdur:2 q:31.99 aq:23.42 tex:11832 mv:1112 misc:2360 imb:42 pmb:400 smb:7718 d:- ref:0 ;
in:1893 out:1894 type:b dur:2 cpbdur:2 q:32.01 aq:30.37 tex:74 mv:59 misc:435 imb:5 pmb:2 smb:8153 d:- ref:0 ;
in:1896 out:1895 type:P dur:2 cpbdur:2 q:31.98 aq:24.61 tex:6694 mv:596 misc:1542 imb:19 pmb:211 smb:7930 d:- ref:0 ;
in:1895 out:1896 type:b dur:2 cpbdur:2 q:31.99 aq:30.94 tex:81 mv:39 misc:432 imb:2 pmb:5 smb:8153 d:- ref:0 ;
in:1898 out:1897 type:P dur:2 cpbdur:2 q:31.96 aq:24.74 tex:12342 mv:951 misc:2195 imb:15 pmb:408 smb:7737 d:- ref:0 ;
in:1897 out:1898 type:b dur:2 cpbdur:2 q:31.97 aq:24.40 tex:110 mv:23 misc:419 imb:1 pmb:3 smb:8156 d:- ref:0 ;
in:1902 out:1899 type:P dur:2 cpbdur:2 q:31.95 aq:23.61 tex:26250 mv:3218 misc:4244 imb:94 pmb:928 smb:7138 d:- ref:0 ;
in:1900 out:1900 type:B dur:2 cpbdur:2 q:31.96 aq:28.52 tex:496 mv:140 misc:548 imb:6 pmb:22 smb:8132 d:- ref:0 ;
in:1899 out:1901 type:b dur:2 cpbdur:2 q:31.96 aq:30.95 tex:162 mv:88 misc:446 imb:5 pmb:6 smb:8149 d:- ref:0 ;
in:1901 out:1902 type:b dur:2 cpbdur:2 q:31.95 aq:27.17 tex:99 mv:40 misc:429 imb:3 pmb:2 smb:8155 d:- ref:0 ;
in:1904 out:1903 type:P dur:2 cpbdur:2 q:32.21 aq:22.16 tex:15253 mv:2329 misc:3498 imb:133 pmb:566 smb:7461 d:- ref:0 ;
in:1903 out:1904 type:b dur:2 cpbdur:2 q:32.08 aq:30.96 tex:48 mv:18 misc:398 imb:1 pmb:1 smb:8158 d:- ref:0 ;
in:1906 out:1905 type:P dur:2 cpbdur:2 q:32.22 aq:23.27 tex:9186 mv:1072 misc:2086 imb:42 pmb:283 smb:7835 d:- ref:0 ;
in:1905 out:1906 type:b dur:2 cpbdur:2 q:32.21 aq:30.95 tex:55 mv:17 misc:416 imb:0 pmb:6 smb:8154 d:- ref:0 ;
in:1908 out:1907 type:P dur:2 cpbdur:2 q:32.22 aq:23.21 tex:18385 mv:2870 misc:3249 imb:79 pmb:664 smb:7417 d:- ref:0 ;
in:1907 out:1908 type:b dur:2 cpbdur:2 q:32.22 aq:31.03 tex:475 mv:128 misc:453 imb:1 pmb:16 smb:8143 d:- ref:0 ;
in:1910 out:1909 type:P dur:2 cpbdur:2 q:32.21 aq:23.80 tex:11477 mv:1970 misc:2297 imb:32 pmb:433 smb:7695 d:- ref:0 ;
in:1909 out:1910 type:b dur:2 cpbdur:2 q:32.21 aq:32.27 tex:550 mv:158 misc:468 imb:2 pmb:20 smb:8138 d:- ref:0 ;
in:1912 out:1911 type:P dur:2 cpbdur:2 q:32.21 aq:22.83 tex:17411 mv:3142 misc:3271 imb:92 pmb:656 smb:7412 d:- ref:0 ;
in:1911 out:1912 type:b dur:2 cpbdur:2 q:32.21 aq:30.58 tex:286 mv:131 misc:455 imb:2 pmb:15 smb:8143 d:- ref:0 ;
in:1914 out:1913 type:P dur:2 cpbdur:2 q:32.19 aq:23.57 tex:11819 mv:2104 misc:2237 imb:50 pmb:443 smb:7667 d:- ref:0 ;
in:1913 out:1914 type:b dur:2 cpbdur:2 q:32.20 aq:29.60 tex:192 mv:168 misc:496 imb:2 pmb:19 smb:8139 d:- ref:0 ;
in:1916 out:1915 type:P dur:2 cpbdur:2 q:32.19 aq:22.39 tex:18426 mv:3019 misc:3275 imb:110 pmb:649 smb:7401 d:- ref:0 ;
in:1915 out:1916 type:b dur:2 cpbdur:2 q:32.19 aq:33.33 tex:325 mv:110 misc:493 imb:1 pmb:17 smb:8142 d:- ref:0 ;
in:1918 out:1917 type:P dur:2 cpbdur:2 q:32.07 aq:23.32 tex:14066 mv:2393 misc:2589 imb:47 pmb:508 smb:7605 d:- ref:0 ;
in:1917 out:1918 type:b dur:2 cpbdur:2 q:32.13 aq:31.69 tex:427 mv:235 misc:514 imb:2 pmb:24 smb:8134 d:- ref:0 ;
in:1920 out:1919 type:P dur:2 cpbdur:2 q:32.00 aq:23.37 tex:22240 mv:3687 misc:3489 imb:102 pmb:769 smb:7289 d:- ref:0 ;
in:1919 out:1920 type:b dur:2 cpbdur:2 q:32.04 aq:26.95 tex:423 mv:193 misc:488 imb:3 pmb:21 smb:8136 d:- ref:0 ;
in:1922 out:1921 type:P dur:2 cpbdur:2 q:31.91 aq:23.60 tex:14072 mv:2639 misc:2633 imb:47 pmb:538 smb:7575 d:- ref:0 ;
in:1921 out:1922 type:b dur:2 cpbdur:2 q:31.95 aq:33.49 tex:143 mv:85 misc:452 imb:0 pmb:14 smb:8146 d:- ref:0 ;
in:1924 out:1923 type:P dur:2 cpbdur:2 q:31.88 aq:22.32 tex:22586 mv:3870 misc:3720 imb:137 pmb:784 smb:7239 d:- ref:0 ;
in:1923 out:1924 type:b dur:2 cpbdur:2 q:31.89 aq:32.63 tex:279 mv:209 misc:496 imb:1 pmb:18 smb:8141 d:- ref:0 ;
in:1926 out:1925 type:P dur:2 cpbdur:2 q:31.88 aq:23.23 tex:12209 mv:2362 misc:2613 imb:47 pmb:496 smb:7617 d:- ref:0 ;
in:1925 out:1926 type:b dur:2 cpbdur:2 q:31.88 aq:31.27 tex:250 mv:194 misc:508 imb:5 pmb:15 smb:8140 d:- ref:0 ;
in:1928 out:1927 type:P dur:2 cpbdur:2 q:31.87 aq:23.26 tex:21463 mv:3414 misc:3475 imb:88 pmb:738 smb:7334 d:- ref:0 ;
in:1927 out:1928 type:b dur:2 cpbdur:2 q:31.87 aq:31.71 tex:316 mv:137 misc:475 imb:0 pmb:20 smb:8140 d:- ref:0 ;
in:1930 out:1929 type:P dur:2 cpbdur:2 q:31.87 aq:22.63 tex:12434 mv:2092 misc:2378 imb:50 pmb:437 smb:7673 d:- ref:0 ;
in:1929 out:1930 type:b dur:2 cpbdur:2 q:31.87 aq:30.80 tex:408 mv:149 misc:515 imb:0 pmb:23 smb:8137 d:- ref:0 ;
in:1932 out:1931 type:P dur:2 cpbdur:2 q:31.87 aq:22.71 tex:21624 mv:3450 misc:3502 imb:108 pmb:725 smb:7327 d:- ref:0 ;
in:1931 out:1932 type:b dur:2 cpbdur:2 q:31.87 aq:34.35 tex:720 mv:209 misc:463 imb:0 pmb:23 smb:8137 d:- ref:0 ;
in:1934 out:1933 type:P dur:2 cpbdur:2 q:31.88 aq:22.83 tex:13039 mv:2452 misc:2621 imb:58 pmb:503 smb:7599 d:- ref:0 ;
in:1933 out:1934 type:b dur:2 cpbdur:2 q:31.87 aq:24.32 tex:313 mv:218 misc:533 imb:7 pmb:19 smb:8134 d:- ref:0 ;
in:1936 out:1935 type:P dur:2 cpbdur:2 q:31.88 aq:22.22 tex:22996 mv:3417 misc:3475 imb:96 pmb:744 smb:7320 d:- ref:0 ;
in:1935 out:1936 type:b dur:2 cpbdur:2 q:31.88 aq:32.44 tex:88 mv:162 misc:518 imb:2 pmb:21 smb:8137 d:- ref:0 ;
in:1938 out:1937 type:P dur:2 cpbdur:2 q:31.90 aq:22.80 tex:12883 mv:2226 misc:2379 imb:55 pmb:470 smb:7635 d:- ref:0 ;
in:1937 out:1938 type:b dur:2 cpbdur:2 q:31.89 aq:31.01 tex:202 mv:196 misc:506 imb:4 pmb:19 smb:8137 d:- ref:0 ;
in:1940 out:1939 type:P dur:2 cpbdur:2 q:31.89 aq:22.72 tex:23439 mv:3842 misc:3831 imb:129 pmb:827 smb:7204 d:- ref:0 ;
in:1939 out:1940 type:b dur:2 cpbdur:2 q:31.90 aq:26.08 tex:527 mv:288 misc:537 imb:5 pmb:29 smb:8126 d:- ref:0 ;
in:1942 out:1941 type:P dur:2 cpbdur:2 q:31.92 aq:23.34 tex:12338 mv:2251 misc:2395 imb:41 pmb:462 smb:7657 d:- ref:0 ;
in:1941 out:1942 type:b dur:2 cpbdur:2 q:31.90 aq:28.12 tex:494 mv:253 misc:533 imb:5 pmb:29 smb:8126 d:- ref:0 ;
in:1944 out:1943 type:P dur:2 cpbdur:2 q:31.91 aq:22.39 tex:21993 mv:4279 misc:3736 imb:114 pmb:838 smb:7208 d:- ref:0 ;
in:1943 out:1944 type:b dur:2 cpbdur:2 q:31.91 aq:33.57 tex:330 mv:182 misc:496 imb:2 pmb:19 smb:8139 d:- ref:0 ;
in:1946 out:1945 type:P dur:2 cpbdur:2 q:31.92 aq:23.50 tex:15151 mv:2932 misc:2773 imb:52 pmb:603 smb:7505 d:- ref:0 ;
in:1945 out:1946 type:b dur:2 cpbdur:2 q:31.92 aq:33.45 tex:239 mv:83 misc:462 imb:4 pmb:8 smb:8148 d:- ref:0 ;
in:1948 out:1947 type:P dur:2 cpbdur:2 q:31.92 aq:23.17 tex:22810 mv:4325 misc:3769 imb:120 pmb:853 smb:7187 d:- ref:0 ;
in:1947 out:1948 type:b dur:2 cpbdur:2 q:31.92 aq:33.96 tex:107 mv:103 misc:478 imb:0 pmb:14 smb:8146 d:- ref:0 ;
in:1950 out:1949 type:P dur:2 cpbdur:2 q:31.94 aq:23.71 tex:13030 mv:2316 misc:2478 imb:53 pmb:470 smb:7637 d:- ref:0 ;
in:1949 out:1950 type:b dur:2 cpbdur:2 q:31.93 aq:31.20 tex:254 mv:145 misc:481 imb:4 pmb:17 smb:8139 d:- ref:0 ;
in:1952 out:1951 type:P dur:2 cpbdur:2 q:31.93 aq:22.84 tex:22156 mv:3521 misc:3531 imb:108 pmb:737 smb:7315 d:- ref:0 ;
in:1951 out:1952 type:b dur:2 cpbdur:2 q:31.94 aq:30.48 tex:369 mv:252 misc:507 imb:4 pmb:24 smb:8132 d:- ref:0 ;
in:1954 out:1953 type:P dur:2 cpbdur:2 q:31.95 aq:22.33 tex:13072 mv:2145 misc:2399 imb:55 pmb:450 smb:7655 d:- ref:0 ;
in:1953 out:1954 type:b dur:2 cpbdur:2 q:31.94 aq:27.65 tex:664 mv:234 misc:510 imb:6 pmb:21 smb:8133 d:- ref:0 ;
in:1956 out:1955 type:P dur:2 cpbdur:2 q:31.94 aq:22.64 tex:21759 mv:3585 misc:3592 imb:115 pmb:747 smb:7298 d:- ref:0 ;
in:1955 out:1956 type:b dur:2 cpbdur:2 q:31.94 aq:32.29 tex:334 mv:139 misc:471 imb:3 pmb:12 smb:8145 d:- ref:0 ;
in:1958 out:1957 type:P dur:2 cpbdur:2 q:31.96 aq:22.47 tex:12190 mv:2407 misc:2603 imb:65 pmb:476 smb:7619 d:- ref:0 ;
in:1957 out:1958 type:b dur:2 cpbdur:2 q:31.95 aq:33.32 tex:193 mv:132 misc:499 imb:4 pmb:14 smb:8142 d:- ref:0 ;
in:1960 out:1959 type:P dur:2 cpbdur:2 q:31.96 aq:22.64 tex:22413 mv:4306 misc:4097 imb:169 pmb:818 smb:7173 d:- ref:0 ;
in:1959 out:1960 type:b dur:2 cpbdur:2 q:31.96 aq:32.45 tex:137 mv:169 misc:518 imb:4 pmb:19 smb:8137 d:- ref:0 ;
in:1962 out:1961 type:P dur:2 cpbdur:2 q:31.99 aq:23.24 tex:12132 mv:2269 misc:2463 imb:52 pmb:455 smb:7653 d:- ref:0 ;
in:1961 out:1962 type:b dur:2 cpbdur:2 q:31.97 aq:28.13 tex:377 mv:215 misc:496 imb:7 pmb:18 smb:8135 d:- ref:0 ;
in:1964 out:1963 type:P dur:2 cpbdur:2 q:31.98 aq:22.74 tex:21416 mv:3750 misc:3690 imb:125 pmb:758 smb:7277 d:- ref:0 ;
in:1963 out:1964 type:b dur:2 cpbdur:2 q:31.98 aq:29.55 tex:337 mv:256 misc:511 imb:5 pmb:23 smb:8132 d:- ref:0 ;
in:1966 out:1965 type:P dur:2 cpbdur:2 q:31.98 aq:23.13 tex:13619 mv:2217 misc:2348 imb:51 pmb:458 smb:7651 d:- ref:0 ;
in:1965 out:1966 type:b dur:2 cpbdur:2 q:31.98 aq:31.67 tex:717 mv:191 misc:500 imb:2 pmb:30 smb:8128 d:- ref:0 ;
in:1968 out:1967 type:P dur:2 cpbdur:2 q:31.98 aq:22.75 tex:22074 mv:3654 misc:3848 imb:127 pmb:788 smb:7245 d:- ref:0 ;
in:1967 out:1968 type:b dur:2 cpbdur:2 q:31.98 aq:33.28 tex:219 mv:107 misc:474 imb:2 pmb:15 smb:8143 d:- ref:0 ;
in:1970 out:1969 type:P dur:2 cpbdur:2 q:32.00 aq:22.89 tex:12621 mv:2188 misc:2527 imb:49 pmb:487 smb:7624 d:- ref:0 ;
in:1969 out:1970 type:b dur:2 cpbdur:2 q:31.99 aq:32.39 tex:103 mv:131 misc:470 imb:3 pmb:11 smb:8146 d:- ref:0 ;
in:1972 out:1971 type:P dur:2 cpbdur:2 q:32.00 aq:22.72 tex:20964 mv:3808 misc:3804 imb:151 pmb:772 smb:7237 d:- ref:0 ;
in:1971 out:1972 type:b dur:2 cpbdur:2 q:32.00 aq:29.74 tex:156 mv:107 misc:465 imb:3 pmb:9 smb:8148 d:- ref:0 ;
in:1974 out:1973 type:P dur:2 cpbdur:2 q:32.02 aq:23.08 tex:11246 mv:1913 misc:2297 imb:44 pmb:424 smb:7692 d:- ref:0 ;
in:1973 out:1974 type:b dur:2 cpbdur:2 q:32.01 aq:32.44 tex:341 mv:189 misc:462 imb:3 pmb:18 smb:8139 d:- ref:0 ;
in:1976 out:1975 type:P dur:2 cpbdur:2 q:32.01 aq:22.45 tex:19515 mv:3205 misc:3472 imb:119 pmb:682 smb:7359 d:- ref:0 ;
in:1975 out:1976 type:b dur:2 cpbdur:2 q:32.01 aq:31.69 tex:322 mv:221 misc:481 imb:4 pmb:20 smb:8136 d:- ref:0 ;
in:1978 out:1977 type:P dur:2 cpbdur:2 q:32.02 aq:23.30 tex:11690 mv:2075 misc:2331 imb:51 pmb:413 smb:7696 d:- ref:0 ;
in:1977 out:1978 type:b dur:2 cpbdur:2 q:32.01 aq:31.04 tex:625 mv:200 misc:503 imb:4 pmb:25 smb:8131 d:- ref:0 ;
in:1980 out:1979 type:P dur:2 cpbdur:2 q:32.01 aq:22.78 tex:20385 mv:3662 misc:3737 imb:167 pmb:734 smb:7259 d:- ref:0 ;
in:1979 out:1980 type:b dur:2 cpbdur:2 q:32.01 aq:24.33 tex:153 mv:99 misc:484 imb:2 pmb:14 smb:8144 d:- ref:0 ;
in:1982 out:1981 type:P dur:2 cpbdur:2 q:32.03 aq:23.11 tex:12112 mv:2046 misc:2362 imb:56 pmb:432 smb:7672 d:- ref:0 ;
in:1981 out:1982 type:b dur:2 cpbdur:2 q:32.02 aq:30.12 tex:276 mv:146 misc:514 imb:4 pmb:17 smb:8139 d:- ref:0 ;
in:1984 out:1983 type:P dur:2 cpbdur:2 q:32.03 aq:22.77 tex:20704 mv:3435 misc:3733 imb:143 pmb:732 smb:7285 d:- ref:0 ;
in:1983 out:1984 type:b dur:2 cpbdur:2 q:32.03 aq:31.24 tex:101 mv:74 misc:465 imb:1 pmb:11 smb:8148 d:- ref:0 ;
in:1986 out:1985 type:P dur:2 cpbdur:2 q:32.04 aq:23.33 tex:11901 mv:1965 misc:2326 imb:57 pmb:411 smb:7692 d:- ref:0 ;
in:1985 out:1986 type:b dur:2 cpbdur:2 q:32.03 aq:26.89 tex:482 mv:196 misc:514 imb:6 pmb:20 smb:8134 d:- ref:0 ;
in:1988 out:1987 type:P dur:2 cpbdur:2 q:32.02 aq:22.52 tex:20522 mv:3475 misc:3523 imb:131 pmb:694 smb:7335 d:- ref:0 ;
in:1987 out:1988 type:b dur:2 cpbdur:2 q:32.03 aq:24.61 tex:310 mv:173 misc:461 imb:4 pmb:14 smb:8142 d:- ref:0 ;
in:1990 out:1989 type:P dur:2 cpbdur:2 q:32.03 aq:22.79 tex:12767 mv:2095 misc:2506 imb:50 pmb:468 smb:7642 d:- ref:0 ;
in:1989 out:1990 type:b dur:2 cpbdur:2 q:32.03 aq:27.38 tex:496 mv:168 misc:496 imb:2 pmb:21 smb:8137 d:- ref:0 ;
in:1992 out:1991 type:P dur:2 cpbdur:2 q:32.02 aq:22.43 tex:21329 mv:3409 misc:3662 imb:129 pmb:744 smb:7287 d:- ref:0 ;
in:1991 out:1992 type:b dur:2 cpbdur:2 q:32.02 aq:30.07 tex:111 mv:134 misc:491 imb:4 pmb:15 smb:8141 d:- ref:0 ;
in:1994 out:1993 type:P dur:2 cpbdur:2 q:32.03 aq:22.83 tex:11802 mv:2008 misc:2382 imb:54 pmb:430 smb:7676 d:- ref:0 ;
in:1993 out:1994 type:b dur:2 cpbdur:2 q:32.03 aq:28.72 tex:136 mv:114 misc:494 imb:3 pmb:14 smb:8143 d:- ref:0 ;
in:1996 out:1995 type:P dur:2 cpbdur:2 q:32.03 aq:23.45 tex:21087 mv:3328 misc:3489 imb:103 pmb:689 smb:7368 d:- ref:0 ;
in:1995 out:1996 type:b dur:2 cpbdur:2 q:32.03 aq:26.02 tex:192 mv:117 misc:475 imb:2 pmb:15 smb:8143 d:- ref:0 ;
in:1998 out:1997 type:P dur:2 cpbdur:2 q:32.04 aq:22.98 tex:10696 mv:2028 misc:2356 imb:52 pmb:427 smb:7681 d:- ref:0 ;
in:1997 out:1998 type:b dur:2 cpbdur:2 q:32.03 aq:27.89 tex:458 mv:149 misc:481 imb:4 pmb:15 smb:8141 d:- ref:0 ;
in:1999 out:1999 type:P dur:2 cpbdur:2 q:32.03 aq:30.08 tex:644 mv:361 misc:667 imb:7 pmb:52 smb:8101 d:- ref:0 ;
in:2000 out:2000 type:I dur:2 cpbdur:2 q:29.10 aq:20.01 tex:496126 mv:140556 misc:702 imb:8160 pmb:0 smb:0 d:- ref:;
in:2002 out:2001 type:P dur:2 cpbdur:2 q:32.98 aq:24.36 tex:5919 mv:1239 misc:1426 imb:22 pmb:226 smb:7912 d:- ref:0 ;
in:2001 out:2002 type:b dur:2 cpbdur:2 q:32.98 aq:32.69 tex:188 mv:128 misc:436 imb:1 pmb:14 smb:8145 d:- ref:0 ;
in:2004 out:2003 type:P dur:2 cpbdur:2 q:32.97 aq:24.13 tex:12373 mv:2115 misc:2592 imb:68 pmb:457 smb:7635 d:- ref:0 ;
in:2003 out:2004 type:b dur:2 cpbdur:2 q:32.98 aq:33.97 tex:80 mv:57 misc:431 imb:0 pmb:7 smb:8153 d:- ref:0 ;
in:2006 out:2005 type:P dur:2 cpbdur:2 q:32.98 aq:23.53 tex:8236 mv:1585 misc:1899 imb:45 pmb:303 smb:7812 d:- ref:0 ;
in:2005 out:2006 type:b dur:2 cpbdur:2 q:32.97 aq:34.50 tex:85 mv:23 misc:420 imb:0 pmb:5 smb:8155 d:- ref:0 ;
in:2008 out:2007 type:P dur:2 cpbdur:2 q:32.96 aq:23.56 tex:13858 mv:2574 misc:2664 imb:83 pmb:498 smb:7579 d:- ref:0 ;
in:2007 out:2008 type:b dur:2 cpbdur:2 q:32.97 aq:30.63 tex:87 mv:73 misc:440 imb:1 pmb:7 smb:8152 d:- ref:0 ;
in:2010 out:2009 type:P dur:2 cpbdur:2 q:32.96 aq:23.92 tex:9654 mv:1680 misc:1938 imb:31 pmb:354 smb:7775 d:- ref:0 ;
in:2009 out:2010 type:b dur:2 cpbdur:2 q:32.96 aq:33.07 tex:323 mv:113 misc:436 imb:1 pmb:12 smb:8147 d:- ref:0 ;
in:2012 out:2011 type:P dur:2 cpbdur:2 q:32.94 aq:23.17 tex:16813 mv:2957 misc:2870 imb:83 pmb:567 smb:7510 d:- ref:0 ;
in:2011 out:2012 type:b dur:2 cpbdur:2 q:32.95 aq:29.48 tex:227 mv:134 misc:447 imb:3 pmb:11 smb:8146 d:- ref:0 ;
in:2014 out:2013 type:P dur:2 cpbdur:2 q:32.95 aq:24.43 tex:14434 mv:2085 misc:2137 imb:33 pmb:413 smb:7714 d:- ref:0 ;
in:2013 out:2014 type:b dur:2 cpbdur:2 q:32.95 aq:32.00 tex:22 mv:51 misc:431 imb:0 pmb:9 smb:8151 d:- ref:0 ;
in:2016 out:2015 type:P dur:2 cpbdur:2 q:32.93 aq:22.09 tex:13892 mv:2396 misc:2832 imb:65 pmb:525 smb:7570 d:- ref:0 ;
in:2015 out:2016 type:b dur:2 cpbdur:2 q:32.94 aq:32.64 tex:156 mv:41 misc:435 imb:2 pmb:5 smb:8153 d:- ref:0 ;
in:2018 out:2017 type:P dur:2 cpbdur:2 q:32.92 aq:24.03 tex:8533 mv:1091 misc:1992 imb:27 pmb:316 smb:7817 d:- ref:0 ;
in:2017 out:2018 type:b dur:2 cpbdur:2 q:32.93 aq:29.95 tex:89 mv:27 misc:428 imb:1 pmb:4 smb:8155 d:- ref:0 ;
in:2020 out:2019 type:P dur:2 cpbdur:2 q:33.10 aq:23.79 tex:10497 mv:1479 misc:2456 imb:54 pmb:394 smb:7712 d:- ref:0 ;
in:2019 out:2020 type:b dur:2 cpbdur:2 q:33.01 aq:28.35 tex:59 mv:72 misc:437 imb:3 pmb:4 smb:8153 d:- ref:0 ;
in:2022 out:2021 type:P dur:2 cpbdur:2 q:33.08 aq:22.78 tex:6462 mv:794 misc:1744 imb:20 pmb:243 smb:7897 d:- ref:0 ;
in:2021 out:2022 type:b dur:2 cpbdur:2 q:33.09 aq:31.94 tex:48 mv:37 misc:411 imb:3 pmb:1 smb:8156 d:- ref:0 ;
in:2024 out:2023 type:P dur:2 cpbdur:2 q:33.06 aq:24.14 tex:13061 mv:1695 misc:2700 imb:64 pmb:450 smb:7646 d:- ref:0 ;
in:2023 out:2024 type:b dur:2 cpbdur:2 q:33.07 aq:31.97 tex:30 mv:22 misc:412 imb:1 pmb:3 smb:8156 d:- ref:0 ;
in:2026 out:2025 type:P dur:2 cpbdur:2 q:33.06 aq:24.24 tex:9221 mv:843 misc:1856 imb:24 pmb:264 smb:7872 d:- ref:0 ;
in:2025 out:2026 type:b dur:2 cpbdur:2 q:33.06 aq:31.96 tex:41 mv:51 misc:428 imb:2 pmb:6 smb:8152 d:- ref:0 ;
in:2028 out:2027 type:P dur:2 cpbdur:2 q:33.04 aq:23.18 tex:11043 mv:1537 misc:2572 imb:60 pmb:422 smb:7678 d:- ref:0 ;
in:2027 out:2028 type:b dur:2 cpbdur:2 q:33.05 aq:31.94 tex:27 mv:5 misc:392 imb:0 pmb:1 smb:8159 d:- ref:0 ;
in:2030 out:2029 type:P dur:2 cpbdur:2 q:33.04 aq:23.42 tex:5607 mv:694 misc:1635 imb:12 pmb:227 smb:7921 d:- ref:0 ;
in:2029 out:2030 type:b dur:2 cpbdur:2 q:33.04 aq:32.00 tex:0 mv:0 misc:384 imb:0 pmb:0 smb:8160 d:- ref:0 ;
in:2032 out:2031 type:P dur:2 cpbdur:2 q:33.02 aq:23.63 tex:11006 mv:1466 misc:2464 imb:46 pmb:422 smb:7692 d:- ref:0 ;
in:2031 out:2032 type:b dur:2 cpbdur:2 q:33.03 aq:32.00 tex:0 mv:0 misc:384 imb:0 pmb:0 smb:8160 d:- ref:0 ;
in:2034 out:2033 type:P dur:2 cpbdur:2 q:33.01 aq:24.06 tex:4991 mv:696 misc:1585 imb:16 pmb:204 smb:7940 d:- ref:0 ;
in:2033 out:2034 type:b dur:2 cpbdur:2 q:33.02 aq:30.69 tex:22 mv:11 misc:399 imb:1 pmb:0 smb:8159 d:- ref:0 ;
in:2036 out:2035 type:P dur:2 cpbdur:2 q:32.99 aq:23.94 tex:9747 mv:1215 misc:2342 imb:39 pmb:380 smb:7741 d:- ref:0 ;
in:2035 out:2036 type:b dur:2 cpbdur:2 q:33.00 aq:31.97 tex:41 mv:37 misc:410 imb:3 pmb:1 smb:8156 d:- ref:0 ;
in:2038 out:2037 type:P dur:2 cpbdur:2 q:32.97 aq:25.22 tex:5937 mv:757 misc:1682 imb:20 pmb:232 smb:7908 d:- ref:0 ;
in:2037 out:2038 type:b dur:2 cpbdur:2 q:32.98 aq:20.35 tex:61 mv:21 misc:414 imb:1 pmb:2 smb:8157 d:- ref:0 ;
in:2040 out:2039 type:P dur:2 cpbdur:2 q:32.95 aq:23.59 tex:10418 mv:1410 misc:2356 imb:44 pmb:402 smb:7714 d:- ref:0 ;
in:2039 out:2040 type:b dur:2 cpbdur:2 q:32.96 aq:31.98 tex:15 mv:12 misc:397 imb:1 pmb:0 smb:8159 d:- ref:0 ;
in:2042 out:2041 type:P dur:2 cpbdur:2 q:32.94 aq:24.52 tex:6289 mv:725 misc:1666 imb:25 pmb:223 smb:7912 d:- ref:0 ;
in:2041 out:2042 type:b dur:2 cpbdur:2 q:32.94 aq:31.95 tex:65 mv:11 misc:412 imb:0 pmb:3 smb:8157 d:- ref:0 ;
in:2044 out:2043 type:P dur:2 cpbdur:2 q:32.92 aq:23.48 tex:10038 mv:1352 misc:2490 imb:55 pmb:385 smb:7720 d:- ref:0 ;
in:2043 out:2044 type:b dur:2 cpbdur:2 q:32.93 aq:25.25 tex:39 mv:38 misc:419 imb:3 pmb:1 smb:8156 d:- ref:0 ;
in:2046 out:2045 type:P dur:2 cpbdur:2 q:32.91 aq:24.21 tex:5161 mv:687 misc:1584 imb:23 pmb:201 smb:7936 d:- ref:0 ;
in:2045 out:2046 type:b dur:2 cpbdur:2 q:32.91 aq:31.96 tex:56 mv:39 misc:409 imb:3 pmb:1 smb:8156 d:- ref:0 ;
in:2048 out:2047 type:P dur:2 cpbdur:2 q:32.89 aq:23.43 tex:10894 mv:1384 misc:2538 imb:55 pmb:412 smb:7693 d:- ref:0 ;
in:2047 out:2048 type:b dur:2 cpbdur:2 q:32.90 aq:31.94 tex:28 mv:5 misc:391 imb:0 pmb:1 smb:8159 d:- ref:0 ;
in:2050 out:2049 type:P dur:2 cpbdur:2 q:32.88 aq:24.91 tex:5932 mv:700 misc:1712 imb:17 pmb:221 smb:7922 d:- ref:0 ;
in:2049 out:2050 type:b dur:2 cpbdur:2 q:32.88 aq:33.01 tex:29 mv:5 misc:398 imb:0 pmb:1 smb:8159 d:- ref:0 ;
in:2052 out:2051 type:P dur:2 cpbdur:2 q:32.86 aq:23.02 tex:11175 mv:1482 misc:2495 imb:39 pmb:426 smb:7695 d:- ref:0 ;
in:2051 out:2052 type:b dur:2 cpbdur:2 q:32.87 aq:32.00 tex:1 mv:5 misc:394 imb:0 pmb:1 smb:8159 d:- ref:0 ;
in:2054 out:2053 type:P dur:2 cpbdur:2 q:32.85 aq:23.42 tex:6121 mv:726 misc:1681 imb:18 pmb:225 smb:7917 d:- ref:0 ;
in:2053 out:2054 type:b dur:2 cpbdur:2 q:32.86 aq:31.95 tex:96 mv:54 misc:426 imb:4 pmb:2 smb:8154 d:- ref:0 ;
in:2056 out:2055 type:P dur:2 cpbdur:2 q:32.83 aq:23.99 tex:14007 mv:1445 misc:2524 imb:39 pmb:413 smb:7708 d:- ref:0 ;
in:2055 out:2056 type:b dur:2 cpbdur:2 q:32.84 aq:31.98 tex:29 mv:17 misc:410 imb:0 pmb:6 smb:8154 d:- ref:0 ;
in:2058 out:2057 type:P dur:2 cpbdur:2 q:32.82 aq:24.50 tex:6095 mv:642 misc:1639 imb:23 pmb:212 smb:7925 d:- ref:0 ;
in:2057 out:2058 type:b dur:2 cpbdur:2 q:32.83 aq:31.92 tex:40 mv:27 misc:413 imb:2 pmb:1 smb:8157 d:- ref:0 ;
in:2060 out:2059 type:P dur:2 cpbdur:2 q:32.80 aq:22.69 tex:11800 mv:1531 misc:2437 imb:42 pmb:426 smb:7692 d:- ref:0 ;
in:2059 out:2060 type:b dur:2 cpbdur:2 q:32.81 aq:31.96 tex:28 mv:29 misc:407 imb:0 pmb:3 smb:8157 d:- ref:0 ;
in:2062 out:2061 type:P dur:2 cpbdur:2 q:32.79 aq:23.76 tex:6456 mv:778 misc:1798 imb:21 pmb:248 smb:7891 d:- ref:0 ;
in:2061 out:2062 type:b dur:2 cpbdur:2 q:32.80 aq:30.53 tex:79 mv:41 misc:416 imb:3 pmb:2 smb:8155 d:- ref:0 ;
in:2064 out:2063 type:P dur:2 cpbdur:2 q:32.77 aq:23.35 tex:11479 mv:1694 misc:2667 imb:46 pmb:449 smb:7665 d:- ref:0 ;
in:2063 out:2064 type:b dur:2 cpbdur:2 q:32.78 aq:18.85 tex:51 mv:27 misc:410 imb:2 pmb:1 smb:8157 d:- ref:0 ;
in:2066 out:2065 type:P dur:2 cpbdur:2 q:32.76 aq:24.80 tex:6565 mv:784 misc:1851 imb:29 pmb:247 smb:7884 d:- ref:0 ;
in:2065 out:2066 type:b dur:2 cpbdur:2 q:32.77 aq:24.38 tex:49 mv:16 misc:399 imb:1 pmb:1 smb:8158 d:- ref:0 ;
in:2068 out:2067 type:P dur:2 cpbdur:2 q:32.74 aq:23.04 tex:11009 mv:1344 misc:2415 imb:50 pmb:393 smb:7717 d:- ref:0 ;
in:2067 out:2068 type:b dur:2 cpbdur:2 q:32.75 aq:31.96 tex:53 mv:15 misc:412 imb:0 pmb:3 smb:8157 d:- ref:0 ;
in:2070 out:2069 type:P dur:2 cpbdur:2 q:32.72 aq:25.02 tex:5018 mv:666 misc:1564 imb:15 pmb:206 smb:7939 d:- ref:0 ;
in:2069 out:2070 type:b dur:2 cpbdur:2 q:32.73 aq:31.96 tex:27 mv:5 misc:392 imb:0 pmb:1 smb:8159 d:- ref:0 ;
in:2072 out:2071 type:P dur:2 cpbdur:2 q:32.70 aq:23.25 tex:10894 mv:1445 misc:2541 imb:60 pmb:403 smb:7697 d:- ref:0 ;
in:2071 out:2072 type:b dur:2 cpbdur:2 q:32.71 aq:31.92 tex:43 mv:16 misc:405 imb:1 pmb:1 smb:8158 d:- ref:0 ;
in:2074 out:2073 type:P dur:2 cpbdur:2 q:32.69 aq:23.78 tex:5555 mv:884 misc:1777 imb:21 pmb:241 smb:7898 d:- ref:0 ;
in:2073 out:2074 type:b dur:2 cpbdur:2 q:32.70 aq:31.93 tex:17 mv:12 misc:395 imb:1 pmb:0 smb:8159 d:- ref:0 ;
in:2076 out:2075 type:P dur:2 cpbdur:2 q:32.67 aq:23.81 tex:11632 mv:1423 misc:2601 imb:48 pmb:430 smb:7682 d:- ref:0 ;
in:2075 out:2076 type:b dur:2 cpbdur:2 q:32.68 aq:31.85 tex:22 mv:12 misc:398 imb:1 pmb:0 smb:8159 d:- ref:0 ;
in:2078 out:2077 type:P dur:2 cpbdur:2 q:32.66 aq:24.12 tex:5381 mv:709 misc:1654 imb:23 pmb:201 smb:7936 d:- ref:0 ;
in:2077 out:2078 type:b dur:2 cpbdur:2 q:32.66 aq:31.98 tex:15 mv:11 misc:398 imb:1 pmb:0 smb:8159 d:- ref:0 ;
in:2080 out:2079 type:P dur:2 cpbdur:2 q:32.64 aq:22.95 tex:10608 mv:1371 misc:2509 imb:41 pmb:402 smb:7717 d:- ref:0 ;
in:2079 out:2080 type:b dur:2 cpbdur:2 q:32.65 aq:24.85 tex:52 mv:26 misc:410 imb:2 pmb:1 smb:8157 d:- ref:0 ;
in:2082 out:2081 type:P dur:2 cpbdur:2 q:32.62 aq:23.73 tex:5364 mv:673 misc:1627 imb:15 pmb:213 smb:7932 d:- ref:0 ;
in:2081 out:2082 type:b dur:2 cpbdur:2 q:32.63 aq:31.89 tex:29 mv:22 misc:405 imb:2 pmb:0 smb:8158 d:- ref:0 ;
in:2084 out:2083 type:P dur:2 cpbdur:2 q:32.61 aq:23.81 tex:10538 mv:1434 misc:2564 imb:52 pmb:408 smb:7700 d:- ref:0 ;
in:2083 out:2084 type:b dur:2 cpbdur:2 q:32.62 aq:32.00 tex:0 mv:0 misc:384 imb:0 pmb:0 smb:8160 d:- ref:0 ;
in:2086 out:2085 type:P dur:2 cpbdur:2 q:32.60 aq:24.36 tex:7129 mv:786 misc:1821 imb:20 pmb:248 smb:7892 d:- ref:0 ;
in:2085 out:2086 type:b dur:2 cpbdur:2 q:32.60 aq:30.82 tex:32 mv:19 misc:413 imb:0 pmb:6 smb:8154 d:- ref:0 ;
in:2088 out:2087 type:P dur:2 cpbdur:2 q:32.58 aq:23.00 tex:10421 mv:1339 misc:2504 imb:53 pmb:397 smb:7710 d:- ref:0 ;
in:2087 out:2088 type:b dur:2 cpbdur:2 q:32.59 aq:26.57 tex:136 mv:56 misc:432 imb:4 pmb:2 smb:8154 d:- ref:0 ;
in:2090 out:2089 type:P dur:2 cpbdur:2 q:32.57 aq:23.37 tex:4914 mv:660 misc:1594 imb:19 pmb:193 smb:7948 d:- ref:0 ;
in:2089 out:2090 type:b dur:2 cpbdur:2 q:32.58 aq:33.42 tex:89 mv:12 misc:411 imb:0 pmb:3 smb:8157 d:- ref:0 ;
in:2092 out:2091 type:P dur:2 cpbdur:2 q:32.54 aq:23.33 tex:9236 mv:1359 misc:2405 imb:56 pmb:361 smb:7743 d:- ref:0 ;
in:2091 out:2092 type:b dur:2 cpbdur:2 q:32.56 aq:31.94 tex:28 mv:5 misc:391 imb:0 pmb:1 smb:8159 d:- ref:0 ;
in:2094 out:2093 type:P dur:2 cpbdur:2 q:32.53 aq:25.20 tex:9181 mv:1557 misc:1910 imb:22 pmb:350 smb:7788 d:- ref:0 ;
in:2093 out:2094 type:b dur:2 cpbdur:2 q:32.54 aq:33.60 tex:466 mv:130 misc:460 imb:2 pmb:20 smb:8138 d:- ref:0 ;
in:2096 out:2095 type:P dur:2 cpbdur:2 q:32.51 aq:23.46 tex:16331 mv:3091 misc:2962 imb:69 pmb:655 smb:7436 d:- ref:0 ;
in:2095 out:2096 type:b dur:2 cpbdur:2 q:32.52 aq:32.09 tex:388 mv:154 misc:434 imb:0 pmb:17 smb:8143 d:- ref:0 ;
in:2098 out:2097 type:P dur:2 cpbdur:2 q:32.51 aq:23.35 tex:10588 mv:1986 misc:2258 imb:30 pmb:435 smb:7695 d:- ref:0 ;
in:2097 out:2098 type:b dur:2 cpbdur:2 q:32.51 aq:31.85 tex:51 mv:109 misc:440 imb:2 pmb:9 smb:8149 d:- ref:0 ;
in:2100 out:2099 type:P dur:2 cpbdur:2 q:32.49 aq:23.12 tex:15270 mv:2588 misc:2966 imb:73 pmb:580 smb:7507 d:- ref:0 ;
in:2099 out:2100 type:b dur:2 cpbdur:2 q:32.50 aq:32.40 tex:118 mv:98 misc:456 imb:2 pmb:10 smb:8148 d:- ref:0 ;
in:2102 out:2101 type:P dur:2 cpbdur:2 q:32.48 aq:24.12 tex:9255 mv:1673 misc:2032 imb:31 pmb:363 smb:7766 d:- ref:0 ;
in:2101 out:2102 type:b dur:2 cpbdur:2 q:32.49 aq:33.97 tex:153 mv:58 misc:445 imb:1 pmb:8 smb:8151 d:- ref:0 ;
in:2104 out:2103 type:P dur:2 cpbdur:2 q:32.47 aq:23.57 tex:14173 mv:2350 misc:2725 imb:59 pmb:515 smb:7586 d:- ref:0 ;
in:2103 out:2104 type:b dur:2 cpbdur:2 q:32.48 aq:30.68 tex:257 mv:116 misc:475 imb:2 pmb:16 smb:8142 d:- ref:0 ;
in:2106 out:2105 type:P dur:2 cpbdur:2 q:32.45 aq:24.70 tex:11302 mv:2042 misc:2104 imb:36 pmb:418 smb:7706 d:- ref:0 ;
in:2105 out:2106 type:b dur:2 cpbdur:2 q:32.46 aq:32.82 tex:506 mv:130 misc:460 imb:2 pmb:15 smb:8143 d:- ref:0 ;
in:2108 out:2107 type:P dur:2 cpbdur:2 q:32.43 aq:23.87 tex:16907 mv:2939 misc:3034 imb:64 pmb:645 smb:7451 d:- ref:0 ;
in:2107 out:2108 type:b dur:2 cpbdur:2 q:32.44 aq:28.64 tex:487 mv:121 misc:464 imb:4 pmb:18 smb:8138 d:- ref:0 ;
in:2110 out:2109 type:P dur:2 cpbdur:2 q:32.43 aq:25.59 tex:11016 mv:1796 misc:2020 imb:33 pmb:399 smb:7728 d:- ref:0 ;
in:2109 out:2110 type:b dur:2 cpbdur:2 q:32.43 aq:31.64 tex:153 mv:71 misc:448 imb:1 pmb:11 smb:8148 d:- ref:0 ;
in:2112 out:2111 type:P dur:2 cpbdur:2 q:32.41 aq:23.92 tex:14321 mv:2728 misc:2727 imb:46 pmb:566 smb:7548 d:- ref:0 ;
in:2111 out:2112 type:b dur:2 cpbdur:2 q:32.42 aq:31.95 tex:87 mv:149 misc:492 imb:0 pmb:17 smb:8143 d:- ref:0 ;
in:2114 out:2113 type:P dur:2 cpbdur:2 q:32.41 aq:24.12 tex:9716 mv:1757 misc:2095 imb:30 pmb:384 smb:7746 d:- ref:0 ;
in:2113 out:2114 type:b dur:2 cpbdur:2 q:32.41 aq:25.41 tex:249 mv:114 misc:477 imb:2 pmb:13 smb:8145 d:- ref:0 ;
in:2116 out:2115 type:P dur:2 cpbdur:2 q:32.41 aq:23.69 tex:18500 mv:2781 misc:2959 imb:85 pmb:585 smb:7490 d:- ref:0 ;
in:2115 out:2116 type:b dur:2 cpbdur:2 q:32.41 aq:32.29 tex:157 mv:121 misc:466 imb:1 pmb:17 smb:8142 d:- ref:0 ;
in:2118 out:2117 type:P dur:2 cpbdur:2 q:32.43 aq:23.68 tex:11724 mv:2117 misc:2263 imb:36 pmb:438 smb:7686 d:- ref:0 ;
in:2117 out:2118 type:b dur:2 cpbdur:2 q:32.42 aq:29.03 tex:544 mv:210 misc:478 imb:2 pmb:24 smb:8134 d:- ref:0 ;
in:2120 out:2119 type:P dur:2 cpbdur:2 q:32.43 aq:22.67 tex:17017 mv:2754 misc:3133 imb:85 pmb:626 smb:7449 d:- ref:0 ;
in:2119 out:2120 type:b dur:2 cpbdur:2 q:32.43 aq:33.03 tex:503 mv:154 misc:471 imb:2 pmb:18 smb:8140 d:- ref:0 ;
in:2122 out:2121 type:P dur:2 cpbdur:2 q:32.44 aq:24.14 tex:10047 mv:1743 misc:2090 imb:28 pmb:384 smb:7748 d:- ref:0 ;
in:2121 out:2122 type:b dur:2 cpbdur:2 q:32.43 aq:28.73 tex:189 mv:65 misc:442 imb:1 pmb:8 smb:8151 d:- ref:0 ;
in:2124 out:2123 type:P dur:2 cpbdur:2 q:32.43 aq:23.17 tex:15312 mv:2700 misc:2804 imb:63 pmb:582 smb:7515 d:- ref:0 ;
in:2123 out:2124 type:b dur:2 cpbdur:2 q:32.43 aq:31.20 tex:142 mv:43 misc:439 imb:2 pmb:5 smb:8153 d:- ref:0 ;
in:2126 out:2125 type:P dur:2 cpbdur:2 q:32.43 aq:24.32 tex:8615 mv:1570 misc:2023 imb:29 pmb:339 smb:7792 d:- ref:0 ;
in:2125 out:2126 type:b dur:2 cpbdur:2 q:32.43 aq:32.97 tex:101 mv:45 misc:446 imb:1 pmb:7 smb:8152 d:- ref:0 ;
in:2128 out:2127 type:P dur:2 cpbdur:2 q:32.42 aq:23.05 tex:15071 mv:2460 misc:2773 imb:64 pmb:561 smb:7535 d:- ref:0 ;
in:2127 out:2128 type:b dur:2 cpbdur:2 q:32.42 aq:33.45 tex:74 mv:39 misc:423 imb:1 pmb:5 smb:8154 d:- ref:0 ;
in:2130 out:2129 type:P dur:2 cpbdur:2 q:32.42 aq:24.85 tex:9060 mv:1499 misc:1945 imb:29 pmb:357 smb:7774 d:- ref:0 ;
in:2129 out:2130 type:b dur:2 cpbdur:2 q:32.42 aq:30.61 tex:273 mv:73 misc:446 imb:1 pmb:9 smb:8150 d:- ref:0 ;
in:2132 out:2131 type:P dur:2 cpbdur:2 q:32.40 aq:23.91 tex:15552 mv:2451 misc:2805 imb:63 pmb:563 smb:7534 d:- ref:0 ;
in:2131 out:2132 type:b dur:2 cpbdur:2 q:32.41 aq:34.02 tex:367 mv:85 misc:436 imb:2 pmb:9 smb:8149 d:- ref:0 ;
in:2134 out:2133 type:P dur:2 cpbdur:2 q:32.39 aq:25.07 tex:10167 mv:1730 misc:1999 imb:24 pmb:383 smb:7753 d:- ref:0 ;
in:2133 out:2134 type:b dur:2 cpbdur:2 q:32.39 aq:27.49 tex:348 mv:78 misc:438 imb:2 pmb:9 smb:8149 d:- ref:0 ;
in:2136 out:2135 type:P dur:2 cpbdur:2 q:32.37 aq:23.82 tex:15868 mv:2321 misc:2731 imb:68 pmb:542 smb:7550 d:- ref:0 ;
in:2135 out:2136 type:b dur:2 cpbdur:2 q:32.38 aq:33.94 tex:425 mv:135 misc:448 imb:1 pmb:16 smb:8143 d:- ref:0 ;
in:2138 out:2137 type:P dur:2 cpbdur:2 q:32.36 aq:24.23 tex:10562 mv:1561 misc:1973 imb:32 pmb:370 smb:7758 d:- ref:0 ;
in:2137 out:2138 type:b dur:2 cpbdur:2 q:32.37 aq:33.05 tex:277 mv:83 misc:440 imb:0 pmb:10 smb:8150 d:- ref:0 ;
in:2140 out:2139 type:P dur:2 cpbdur:2 q:32.35 aq:24.29 tex:14572 mv:2039 misc:2469 imb:57 pmb:505 smb:7598 d:- ref:0 ;
in:2139 out:2140 type:b dur:2 cpbdur:2 q:32.36 aq:20.72 tex:65 mv:48 misc:431 imb:3 pmb:3 smb:8154 d:- ref:0 ;
in:2142 out:2141 type:P dur:2 cpbdur:2 q:32.35 aq:24.96 tex:8754 mv:1388 misc:1778 imb:19 pmb:328 smb:7813 d:- ref:0 ;
in:2141 out:2142 type:b dur:2 cpbdur:2 q:32.35 aq:29.39 tex:49 mv:38 misc:409 imb:1 pmb:2 smb:8157 d:- ref:0 ;
in:2144 out:2143 type:P dur:2 cpbdur:2 q:32.33 aq:24.22 tex:12835 mv:2111 misc:2310 imb:43 pmb:475 smb:7642 d:- ref:0 ;
in:2143 out:2144 type:b dur:2 cpbdur:2 q:32.34 aq:31.73 tex:55 mv:57 misc:432 imb:3 pmb:4 smb:8153 d:- ref:0 ;
in:2146 out:2145 type:P dur:2 cpbdur:2 q:32.33 aq:25.10 tex:10734 mv:1397 misc:1749 imb:25 pmb:306 smb:7829 d:- ref:0 ;
in:2145 out:2146 type:b dur:2 cpbdur:2 q:32.33 aq:31.12 tex:141 mv:64 misc:459 imb:2 pmb:11 smb:8147 d:- ref:0 ;
in:2148 out:2147 type:P dur:2 cpbdur:2 q:32.31 aq:24.07 tex:14702 mv:1924 misc:2278 imb:31 pmb:481 smb:7648 d:- ref:0 ;
in:2147 out:2148 type:b dur:2 cpbdur:2 q:32.32 aq:28.59 tex:221 mv:65 misc:442 imb:2 pmb:7 smb:8151 d:- ref:0 ;
in:2152 out:2149 type:P dur:2 cpbdur:2 q:32.30 aq:23.30 tex:29742 mv:4752 misc:4322 imb:133 pmb:1056 smb:6971 d:- ref:0 ;
in:2150 out:2150 type:B dur:2 cpbdur:2 q:32.31 aq:29.44 tex:1123 mv:457 misc:628 imb:7 pmb:51 smb:8102 d:- ref:0 ;
in:2149 out:2151 type:b dur:2 cpbdur:2 q:32.31 aq:28.15 tex:617 mv:191 misc:536 imb:5 pmb:23 smb:8132 d:- ref:0 ;
in:2151 out:2152 type:b dur:2 cpbdur:2 q:32.30 aq:33.12 tex:225 mv:120 misc:463 imb:6 pmb:8 smb:8146 d:- ref:0 ;
in:2154 out:2153 type:P dur:2 cpbdur:2 q:32.53 aq:23.02 tex:16257 mv:2575 misc:3248 imb:77 pmb:617 smb:7466 d:- ref:0 ;
in:2153 out:2154 type:b dur:2 cpbdur:2 q:32.42 aq:33.12 tex:423 mv:129 misc:432 imb:1 pmb:12 smb:8147 d:- ref:0 ;
in:2156 out:2155 type:P dur:2 cpbdur:2 q:32.54 aq:22.68 tex:8535 mv:1580 misc:2141 imb:44 pmb:348 smb:7768 d:- ref:0 ;
in:2155 out:2156 type:b dur:2 cpbdur:2 q:32.54 aq:31.20 tex:209 mv:38 misc:425 imb:0 pmb:8 smb:8152 d:- ref:0 ;
in:2158 out:2157 type:P dur:2 cpbdur:2 q:32.54 aq:23.16 tex:15623 mv:2550 misc:3091 imb:83 pmb:589 smb:7488 d:- ref:0 ;
in:2157 out:2158 type:b dur:2 cpbdur:2 q:32.54 aq:34.35 tex:102 mv:21 misc:429 imb:0 pmb:6 smb:8154 d:- ref:0 ;
in:2160 out:2159 type:P dur:2 cpbdur:2 q:32.54 aq:23.18 tex:8887 mv:1721 misc:2032 imb:26 pmb:384 smb:7750 d:- ref:0 ;
in:2159 out:2160 type:b dur:2 cpbdur:2 q:32.54 aq:34.75 tex:94 mv:33 misc:417 imb:0 pmb:4 smb:8156 d:- ref:0 ;
in:2162 out:2161 type:P dur:2 cpbdur:2 q:32.54 aq:23.59 tex:14479 mv:2404 misc:2821 imb:69 pmb:543 smb:7548 d:- ref:0 ;
in:2161 out:2162 type:b dur:2 cpbdur:2 q:32.54 aq:32.95 tex:46 mv:29 misc:421 imb:1 pmb:3 smb:8156 d:- ref:0 ;
in:2164 out:2163 type:P dur:2 cpbdur:2 q:32.52 aq:24.63 tex:9648 mv:1555 misc:2029 imb:38 pmb:348 smb:7774 d:- ref:0 ;
in:2163 out:2164 type:b dur:2 cpbdur:2 q:32.53 aq:33.43 tex:85 mv:44 misc:423 imb:2 pmb:4 smb:8154 d:- ref:0 ;
in:2166 out:2165 type:P dur:2 cpbdur:2 q:32.53 aq:23.01 tex:14069 mv:2353 misc:2722 imb:66 pmb:521 smb:7573 d:- ref:0 ;
in:2165 out:2166 type:b dur:2 cpbdur:2 q:32.53 aq:32.81 tex:204 mv:67 misc:433 imb:1 pmb:7 smb:8152 d:- ref:0 ;
in:2168 out:2167 type:P dur:2 cpbdur:2 q:32.43 aq:23.91 tex:9504 mv:1775 misc:2113 imb:33 pmb:392 smb:7735 d:- ref:0 ;
in:2167 out:2168 type:b dur:2 cpbdur:2 q:32.48 aq:31.14 tex:368 mv:112 misc:448 imb:5 pmb:8 smb:8147 d:- ref:0 ;
in:2170 out:2169 type:P dur:2 cpbdur:2 q:32.37 aq:22.70 tex:17385 mv:3014 misc:3225 imb:94 pmb:644 smb:7422 d:- ref:0 ;
in:2169 out:2170 type:b dur:2 cpbdur:2 q:32.40 aq:30.12 tex:359 mv:115 misc:478 imb:4 pmb:12 smb:8144 d:- ref:0 ;
in:2172 out:2171 type:P dur:2 cpbdur:2 q:32.30 aq:22.96 tex:10873 mv:1849 misc:2318 imb:52 pmb:411 smb:7697 d:- ref:0 ;
in:2171 out:2172 type:b dur:2 cpbdur:2 q:32.33 aq:33.08 tex:347 mv:134 misc:431 imb:0 pmb:12 smb:8148 d:- ref:0 ;
in:2174 out:2173 type:P dur:2 cpbdur:2 q:32.27 aq:22.67 tex:16689 mv:2605 misc:2954 imb:88 pmb:581 smb:7491 d:- ref:0 ;
in:2173 out:2174 type:b dur:2 cpbdur:2 q:32.28 aq:28.18 tex:314 mv:75 misc:467 imb:3 pmb:10 smb:8147 d:- ref:0 ;
in:2176 out:2175 type:P dur:2 cpbdur:2 q:32.26 aq:23.79 tex:12781 mv:1921 misc:2258 imb:49 pmb:409 smb:7702 d:- ref:0 ;
in:2175 out:2176 type:b dur:2 cpbdur:2 q:32.27 aq:34.01 tex:72 mv:44 misc:436 imb:1 pmb:7 smb:8152 d:- ref:0 ;
in:2178 out:2177 type:P dur:2 cpbdur:2 q:32.25 aq:23.19 tex:16830 mv:2761 misc:3009 imb:86 pmb:608 smb:7466 d:- ref:0 ;
in:2177 out:2178 type:b dur:2 cpbdur:2 q:32.26 aq:32.28 tex:126 mv:74 misc:440 imb:4 pmb:4 smb:8152 d:- ref:0 ;
in:2180 out:2179 type:P dur:2 cpbdur:2 q:32.25 aq:23.72 tex:10399 mv:1890 misc:2335 imb:39 pmb:419 smb:7702 d:- ref:0 ;
in:2179 out:2180 type:b dur:2 cpbdur:2 q:32.25 aq:30.87 tex:168 mv:68 misc:460 imb:4 pmb:7 smb:8149 d:- ref:0 ;
in:2182 out:2181 type:P dur:2 cpbdur:2 q:32.23 aq:23.28 tex:17858 mv:2586 misc:3108 imb:98 pmb:599 smb:7463 d:- ref:0 ;
in:2181 out:2182 type:b dur:2 cpbdur:2 q:32.24 aq:31.05 tex:131 mv:53 misc:448 imb:2 pmb:6 smb:8152 d:- ref:0 ;
in:2184 out:2183 type:P dur:2 cpbdur:2 q:32.22 aq:23.03 tex:11053 mv:1849 misc:2194 imb:42 pmb:408 smb:7710 d:- ref:0 ;
in:2183 out:2184 type:b dur:2 cpbdur:2 q:32.23 aq:30.11 tex:293 mv:93 misc:470 imb:4 pmb:8 smb:8148 d:- ref:0 ;
in:2186 out:2185 type:P dur:2 cpbdur:2 q:32.21 aq:22.69 tex:18796 mv:2937 misc:3155 imb:70 pmb:656 smb:7434 d:- ref:0 ;
in:2185 out:2186 type:b dur:2 cpbdur:2 q:32.22 aq:32.49 tex:528 mv:97 misc:463 imb:2 pmb:13 smb:8145 d:- ref:0 ;
in:2188 out:2187 type:P dur:2 cpbdur:2 q:32.21 aq:23.93 tex:10593 mv:1778 misc:2197 imb:31 pmb:397 smb:7732 d:- ref:0 ;
in:2187 out:2188 type:b dur:2 cpbdur:2 q:32.21 aq:31.99 tex:224 mv:131 misc:469 imb:4 pmb:10 smb:8146 d:- ref:0 ;
in:2190 out:2189 type:P dur:2 cpbdur:2 q:32.20 aq:22.46 tex:18898 mv:2779 misc:3051 imb:73 pmb:659 smb:7428 d:- ref:0 ;
in:2189 out:2190 type:b dur:2 cpbdur:2 q:32.21 aq:29.07 tex:477 mv:139 misc:464 imb:3 pmb:13 smb:8144 d:- ref:0 ;
in:2192 out:2191 type:P dur:2 cpbdur:2 q:32.21 aq:24.34 tex:10750 mv:1803 misc:2007 imb:41 pmb:374 smb:7745 d:- ref:0 ;
in:2191 out:2192 type:b dur:2 cpbdur:2 q:32.21 aq:24.21 tex:255 mv:95 misc:458 imb:2 pmb:11 smb:8147 d:- ref:0 ;
in:2194 out:2193 type:P dur:2 cpbdur:2 q:32.20 aq:22.91 tex:16434 mv:2517 misc:2961 imb:67 pmb:603 smb:7490 d:- ref:0 ;
in:2193 out:2194 type:b dur:2 cpbdur:2 q:32.21 aq:26.13 tex:138 mv:52 misc:442 imb:3 pmb:4 smb:8153 d:- ref:0 ;
in:2196 out:2195 type:P dur:2 cpbdur:2 q:32.21 aq:23.75 tex:11389 mv:1844 misc:2151 imb:36 pmb:410 smb:7714 d:- ref:0 ;
in:2195 out:2196 type:b dur:2 cpbdur:2 q:32.21 aq:30.93 tex:48 mv:84 misc:444 imb:2 pmb:6 smb:8152 d:- ref:0 ;
in:2198 out:2197 type:P dur:2 cpbdur:2 q:32.20 aq:23.21 tex:17596 mv:3018 misc:3370 imb:90 pmb:663 smb:7407 d:- ref:0 ;
in:2197 out:2198 type:b dur:2 cpbdur:2 q:32.20 aq:33.02 tex:166 mv:55 misc:435 imb:2 pmb:7 smb:8151 d:- ref:0 ;
in:2200 out:2199 type:P dur:2 cpbdur:2 q:32.21 aq:22.39 tex:11674 mv:1845 misc:2337 imb:45 pmb:401 smb:7714 d:- ref:0 ;
in:2199 out:2200 type:b dur:2 cpbdur:2 q:32.20 aq:32.43 tex:152 mv:91 misc:453 imb:4 pmb:6 smb:8150 d:- ref:0 ;
in:2202 out:2201 type:P dur:2 cpbdur:2 q:32.20 aq:23.16 tex:20353 mv:2886 misc:3289 imb:92 pmb:678 smb:7390 d:- ref:0 ;
in:2201 out:2202 type:b dur:2 cpbdur:2 q:32.21 aq:23.81 tex:258 mv:94 misc:464 imb:3 pmb:8 smb:8149 d:- ref:0 ;
in:2204 out:2203 type:P dur:2 cpbdur:2 q:32.21 aq:23.37 tex:12994 mv:1940 misc:2162 imb:32 pmb:433 smb:7695 d:- ref:0 ;
in:2203 out:2204 type:b dur:2 cpbdur:2 q:32.21 aq:30.22 tex:535 mv:121 misc:472 imb:6 pmb:11 smb:8143 d:- ref:0 ;
in:2206 out:2205 type:P dur:2 cpbdur:2 q:32.20 aq:23.55 tex:22724 mv:2910 misc:3150 imb:76 pmb:662 smb:7422 d:- ref:0 ;
in:2205 out:2206 type:b dur:2 cpbdur:2 q:32.21 aq:32.81 tex:246 mv:107 misc:463 imb:1 pmb:17 smb:8142 d:- ref:0 ;
in:2208 out:2207 type:P dur:2 cpbdur:2 q:32.21 aq:22.76 tex:14360 mv:1766 misc:2186 imb:38 pmb:391 smb:7731 d:- ref:0 ;
in:2207 out:2208 type:b dur:2 cpbdur:2 q:32.21 aq:33.64 tex:343 mv:80 misc:417 imb:0 pmb:8 smb:8152 d:- ref:0 ;
in:2210 out:2209 type:P dur:2 cpbdur:2 q:32.20 aq:23.48 tex:19514 mv:2514 misc:2964 imb:71 pmb:614 smb:7475 d:- ref:0 ;
in:2209 out:2210 type:b dur:2 cpbdur:2 q:32.20 aq:29.71 tex:49 mv:35 misc:420 imb:1 pmb:3 smb:8156 d:- ref:0 ;
in:2212 out:2211 type:P dur:2 cpbdur:2 q:32.20 aq:24.13 tex:10418 mv:1353 misc:2293 imb:62 pmb:354 smb:7744 d:- ref:0 ;
in:2211 out:2212 type:b dur:2 cpbdur:2 q:32.20 aq:30.88 tex:56 mv:37 misc:419 imb:3 pmb:1 smb:8156 d:- ref:0 ;
in:2214 out:2213 type:P dur:2 cpbdur:2 q:32.19 aq:22.58 tex:17777 mv:2418 misc:3277 imb:95 pmb:616 smb:7449 d:- ref:0 ;
in:2213 out:2214 type:b dur:2 cpbdur:2 q:32.19 aq:21.56 tex:154 mv:89 misc:469 imb:4 pmb:7 smb:8149 d:- ref:0 ;
in:2216 out:2215 type:P dur:2 cpbdur:2 q:32.19 aq:23.25 tex:8838 mv:1281 misc:2281 imb:70 pmb:304 smb:7786 d:- ref:0 ;
in:2215 out:2216 type:b dur:2 cpbdur:2 q:32.19 aq:23.00 tex:135 mv:78 misc:451 imb:7 pmb:3 smb:8150 d:- ref:0 ;
in:2218 out:2217 type:P dur:2 cpbdur:2 q:32.18 aq:23.15 tex:15269 mv:1991 misc:3004 imb:82 pmb:532 smb:7546 d:- ref:0 ;
in:2217 out:2218 type:b dur:2 cpbdur:2 q:32.18 aq:26.33 tex:97 mv:62 misc:449 imb:5 pmb:3 smb:8152 d:- ref:0 ;
in:2220 out:2219 type:P dur:2 cpbdur:2 q:32.18 aq:23.14 tex:8321 mv:1274 misc:2293 imb:59 pmb:317 smb:7784 d:- ref:0 ;
in:2219 out:2220 type:b dur:2 cpbdur:2 q:32.18 aq:29.17 tex:146 mv:62 misc:440 imb:3 pmb:5 smb:8152 d:- ref:0 ;
in:2222 out:2221 type:P dur:2 cpbdur:2 q:32.17 aq:22.99 tex:17134 mv:2059 misc:3183 imb:84 pmb:573 smb:7503 d:- ref:0 ;
in:2221 out:2222 type:b dur:2 cpbdur:2 q:32.17 aq:23.55 tex:133 mv:51 misc:432 imb:2 pmb:4 smb:8154 d:- ref:0 ;
in:2224 out:2223 type:P dur:2 cpbdur:2 q:32.18 aq:23.03 tex:8115 mv:1218 misc:2259 imb:52 pmb:314 smb:7794 d:- ref:0 ;
in:2223 out:2224 type:b dur:2 cpbdur:2 q:32.18 aq:30.15 tex:48 mv:17 misc:407 imb:1 pmb:1 smb:8158 d:- ref:0 ;
in:2226 out:2225 type:P dur:2 cpbdur:2 q:32.17 aq:23.09 tex:14929 mv:2205 misc:3122 imb:79 pmb:560 smb:7521 d:- ref:0 ;
in:2225 out:2226 type:b dur:2 cpbdur:2 q:32.18 aq:24.37 tex:60 mv:32 misc:420 imb:2 pmb:2 smb:8156 d:- ref:0 ;
in:2228 out:2227 type:P dur:2 cpbdur:2 q:32.18 aq:23.12 tex:8200 mv:1223 misc:2233 imb:66 pmb:299 smb:7795 d:- ref:0 ;
in:2227 out:2228 type:b dur:2 cpbdur:2 q:32.18 aq:22.57 tex:118 mv:58 misc:440 imb:4 pmb:4 smb:8152 d:- ref:0 ;
in:2230 out:2229 type:P dur:2 cpbdur:2 q:32.16 aq:22.94 tex:15245 mv:2066 misc:3105 imb:84 pmb:546 smb:7530 d:- ref:0 ;
in:2229 out:2230 type:b dur:2 cpbdur:2 q:32.17 aq:30.94 tex:51 mv:19 misc:402 imb:1 pmb:2 smb:8157 d:- ref:0 ;
in:2232 out:2231 type:P dur:2 cpbdur:2 q:32.16 aq:23.16 tex:8865 mv:1485 misc:2386 imb:54 pmb:359 smb:7747 d:- ref:0 ;
in:2231 out:2232 type:b dur:2 cpbdur:2 q:32.16 aq:26.30 tex:39 mv:42 misc:415 imb:4 pmb:0 smb:8156 d:- ref:0 ;
in:2234 out:2233 type:P dur:2 cpbdur:2 q:32.15 aq:22.71 tex:16228 mv:2071 misc:3229 imb:88 pmb:565 smb:7507 d:- ref:0 ;
in:2233 out:2234 type:b dur:2 cpbdur:2 q:32.15 aq:23.39 tex:25 mv:22 misc:401 imb:2 pmb:0 smb:8158 d:- ref:0 ;
in:2236 out:2235 type:P dur:2 cpbdur:2 q:32.15 aq:23.24 tex:11021 mv:1308 misc:2423 imb:49 pmb:363 smb:7748 d:- ref:0 ;
in:2235 out:2236 type:b dur:2 cpbdur:2 q:32.15 aq:30.97 tex:20 mv:26 misc:418 imb:1 pmb:5 smb:8154 d:- ref:0 ;
in:2238 out:2237 type:P dur:2 cpbdur:2 q:32.14 aq:22.62 tex:15060 mv:1898 misc:3082 imb:85 pmb:527 smb:7548 d:- ref:0 ;
in:2237 out:2238 type:b dur:2 cpbdur:2 q:32.14 aq:29.58 tex:12 mv:28 misc:400 imb:1 pmb:1 smb:8158 d:- ref:0 ;
in:2240 out:2239 type:P dur:2 cpbdur:2 q:32.14 aq:23.60 tex:9802 mv:1389 misc:2377 imb:55 pmb:373 smb:7732 d:- ref:0 ;
in:2239 out:2240 type:b dur:2 cpbdur:2 q:32.14 aq:27.02 tex:77 mv:40 misc:427 imb:3 pmb:2 smb:8155 d:- ref:0 ;
in:2242 out:2241 type:P dur:2 cpbdur:2 q:32.12 aq:23.36 tex:15025 mv:1840 misc:3095 imb:77 pmb:535 smb:7548 d:- ref:0 ;
in:2241 out:2242 type:b dur:2 cpbdur:2 q:32.13 aq:30.90 tex:35 mv:49 misc:428 imb:3 pmb:2 smb:8155 d:- ref:0 ;
in:2244 out:2243 type:P dur:2 cpbdur:2 q:32.13 aq:22.80 tex:7674 mv:1142 misc:2248 imb:48 pmb:312 smb:7800 d:- ref:0 ;
in:2243 out:2244 type:b dur:2 cpbdur:2 q:32.13 aq:30.95 tex:34 mv:17 misc:405 imb:1 pmb:1 smb:8158 d:- ref:0 ;
in:2246 out:2245 type:P dur:2 cpbdur:2 q:32.12 aq:21.94 tex:15728 mv:2099 misc:3229 imb:91 pmb:563 smb:7506 d:- ref:0 ;
in:2245 out:2246 type:b dur:2 cpbdur:2 q:32.12 aq:18.69 tex:26 mv:37 misc:417 imb:3 pmb:1 smb:8156 d:- ref:0 ;
in:2248 out:2247 type:P dur:2 cpbdur:2 q:32.12 aq:22.51 tex:7987 mv:1117 misc:2192 imb:37 pmb:321 smb:7802 d:- ref:0 ;
in:2247 out:2248 type:b dur:2 cpbdur:2 q:32.12 aq:26.55 tex:130 mv:86 misc:456 imb:7 pmb:4 smb:8149 d:- ref:0 ;
in:2249 out:2249 type:P dur:2 cpbdur:2 q:32.10 aq:30.82 tex:72 mv:33 misc:439 imb:4 pmb:1 smb:8155 d:- ref:0 ;
in:2250 out:2250 type:I dur:2 cpbdur:2 q:29.25 aq:20.14 tex:509513 mv:141093 misc:666 imb:8160 pmb:0 smb:0 d:- ref:;
in:2252 out:2251 type:P dur:2 cpbdur:2 q:32.99 aq:24.58 tex:4498 mv:496 misc:1326 imb:20 pmb:148 smb:7992 d:- ref:0 ;
in:2251 out:2252 type:b dur:2 cpbdur:2 q:32.99 aq:31.96 tex:66 mv:11 misc:411 imb:0 pmb:3 smb:8157 d:- ref:0 ;
in:2254 out:2253 type:P dur:2 cpbdur:2 q:32.97 aq:23.16 tex:10594 mv:1377 misc:2349 imb:62 pmb:358 smb:7740 d:- ref:0 ;
in:2253 out:2254 type:b dur:2 cpbdur:2 q:32.98 aq:31.94 tex:42 mv:17 misc:405 imb:1 pmb:1 smb:8158 d:- ref:0 ;
in:2256 out:2255 type:P dur:2 cpbdur:2 q:32.96 aq:23.31 tex:5041 mv:638 misc:1513 imb:26 pmb:181 smb:7953 d:- ref:0 ;
in:2255 out:2256 type:b dur:2 cpbdur:2 q:32.96 aq:31.97 tex:27 mv:5 misc:392 imb:0 pmb:1 smb:8159 d:- ref:0 ;
in:2258 out:2257 type:P dur:2 cpbdur:2 q:32.93 aq:23.83 tex:10981 mv:1424 misc:2323 imb:42 pmb:390 smb:7728 d:- ref:0 ;
in:2257 out:2258 type:b dur:2 cpbdur:2 q:32.94 aq:31.91 tex:58 mv:19 misc:411 imb:1 pmb:2 smb:8157 d:- ref:0 ;
in:2260 out:2259 type:P dur:2 cpbdur:2 q:32.92 aq:24.01 tex:5950 mv:792 misc:1706 imb:28 pmb:220 smb:7912 d:- ref:0 ;
in:2259 out:2260 type:b dur:2 cpbdur:2 q:32.92 aq:31.94 tex:35 mv:41 misc:412 imb:4 pmb:0 smb:8156 d:- ref:0 ;
in:2262 out:2261 type:P dur:2 cpbdur:2 q:32.89 aq:24.49 tex:10611 mv:1358 misc:2311 imb:32 pmb:403 smb:7725 d:- ref:0 ;
in:2261 out:2262 type:b dur:2 cpbdur:2 q:32.90 aq:31.85 tex:46 mv:42 misc:416 imb:4 pmb:0 smb:8156 d:- ref:0 ;
in:2264 out:2263 type:P dur:2 cpbdur:2 q:32.87 aq:24.26 tex:5769 mv:844 misc:1755 imb:24 pmb:233 smb:7903 d:- ref:0 ;
in:2263 out:2264 type:b dur:2 cpbdur:2 q:32.88 aq:31.44 tex:49 mv:17 misc:406 imb:1 pmb:1 smb:8158 d:- ref:0 ;
in:2266 out:2265 type:P dur:2 cpbdur:2 q:32.86 aq:23.35 tex:13760 mv:1605 misc:2795 imb:82 pmb:438 smb:7640 d:- ref:0 ;
in:2265 out:2266 type:b dur:2 cpbdur:2 q:32.86 aq:29.20 tex:58 mv:49 misc:429 imb:3 pmb:5 smb:8152 d:- ref:0 ;
in:2268 out:2267 type:P dur:2 cpbdur:2 q:32.86 aq:24.04 tex:6566 mv:845 misc:1717 imb:21 pmb:241 smb:7898 d:- ref:0 ;
in:2267 out:2268 type:b dur:2 cpbdur:2 q:32.86 aq:31.92 tex:28 mv:31 misc:405 imb:3 pmb:0 smb:8157 d:- ref:0 ;
in:2270 out:2269 type:P dur:2 cpbdur:2 q:33.04 aq:23.82 tex:9378 mv:1301 misc:2345 imb:50 pmb:348 smb:7762 d:- ref:0 ;
in:2269 out:2270 type:b dur:2 cpbdur:2 q:32.95 aq:32.00 tex:0 mv:0 misc:384 imb:0 pmb:0 smb:8160 d:- ref:0 ;
in:2272 out:2271 type:P dur:2 cpbdur:2 q:33.03 aq:23.82 tex:5036 mv:689 misc:1571 imb:15 pmb:193 smb:7952 d:- ref:0 ;
in:2271 out:2272 type:b dur:2 cpbdur:2 q:33.03 aq:19.83 tex:30 mv:22 misc:404 imb:2 pmb:0 smb:8158 d:- ref:0 ;
in:2274 out:2273 type:P dur:2 cpbdur:2 q:33.00 aq:23.80 tex:9821 mv:1272 misc:2299 imb:49 pmb:343 smb:7768 d:- ref:0 ;
in:2273 out:2274 type:b dur:2 cpbdur:2 q:33.01 aq:31.93 tex:39 mv:36 misc:421 imb:2 pmb:3 smb:8155 d:- ref:0 ;
in:2276 out:2275 type:P dur:2 cpbdur:2 q:32.98 aq:25.12 tex:4288 mv:577 misc:1455 imb:9 pmb:182 smb:7969 d:- ref:0 ;
in:2275 out:2276 type:b dur:2 cpbdur:2 q:32.99 aq:31.98 tex:18 mv:18 misc:404 imb:1 pmb:1 smb:8158 d:- ref:0 ;
in:2278 out:2277 type:P dur:2 cpbdur:2 q:32.96 aq:24.55 tex:8923 mv:1122 misc:2179 imb:28 pmb:343 smb:7789 d:- ref:0 ;
in:2277 out:2278 type:b dur:2 cpbdur:2 q:32.97 aq:31.97 tex:14 mv:11 misc:399 imb:1 pmb:0 smb:8159 d:- ref:0 ;
in:2280 out:2279 type:P dur:2 cpbdur:2 q:32.95 aq:23.62 tex:5278 mv:633 misc:1529 imb:24 pmb:187 smb:7949 d:- ref:0 ;
in:2279 out:2280 type:b dur:2 cpbdur:2 q:32.95 aq:31.99 tex:26 mv:5 misc:393 imb:0 pmb:1 smb:8159 d:- ref:0 ;
in:2282 out:2281 type:P dur:2 cpbdur:2 q:32.93 aq:23.29 tex:9823 mv:1311 misc:2410 imb:33 pmb:394 smb:7733 d:- ref:0 ;
in:2281 out:2282 type:b dur:2 cpbdur:2 q:32.94 aq:32.79 tex:45 mv:27 misc:408 imb:2 pmb:1 smb:8157 d:- ref:0 ;
in:2284 out:2283 type:P dur:2 cpbdur:2 q:32.92 aq:24.00 tex:5441 mv:707 misc:1668 imb:17 pmb:222 smb:7921 d:- ref:0 ;
in:2283 out:2284 type:b dur:2 cpbdur:2 q:32.93 aq:31.92 tex:15 mv:12 misc:397 imb:1 pmb:0 smb:8159 d:- ref:0 ;
in:2286 out:2285 type:P dur:2 cpbdur:2 q:32.90 aq:22.81 tex:9395 mv:1296 misc:2437 imb:52 pmb:358 smb:7750 d:- ref:0 ;
in:2285 out:2286 type:b dur:2 cpbdur:2 q:32.91 aq:32.00 tex:0 mv:0 misc:384 imb:0 pmb:0 smb:8160 d:- ref:0 ;
in:2288 out:2287 type:P dur:2 cpbdur:2 q:32.89 aq:23.98 tex:6039 mv:780 misc:1677 imb:23 pmb:218 smb:7919 d:- ref:0 ;
in:2287 out:2288 type:b dur:2 cpbdur:2 q:32.90 aq:25.58 tex:64 mv:51 misc:429 imb:2 pmb:4 smb:8154 d:- ref:0 ;
in:2290 out:2289 type:P dur:2 cpbdur:2 q:32.87 aq:24.08 tex:10503 mv:1285 misc:2372 imb:37 pmb:381 smb:7742 d:- ref:0 ;
in:2289 out:2290 type:b dur:2 cpbdur:2 q:32.88 aq:31.93 tex:31 mv:16 misc:401 imb:1 pmb:1 smb:8158 d:- ref:0 ;
in:2292 out:2291 type:P dur:2 cpbdur:2 q:32.87 aq:24.37 tex:5748 mv:715 misc:1649 imb:12 pmb:231 smb:7917 d:- ref:0 ;
in:2291 out:2292 type:b dur:2 cpbdur:2 q:32.87 aq:31.96 tex:28 mv:5 misc:391 imb:0 pmb:1 smb:8159 d:- ref:0 ;
in:2294 out:2293 type:P dur:2 cpbdur:2 q:32.84 aq:23.36 tex:9204 mv:1103 misc:2205 imb:38 pmb:344 smb:7778 d:- ref:0 ;
in:2293 out:2294 type:b dur:2 cpbdur:2 q:32.85 aq:32.67 tex:99 mv:42 misc:427 imb:3 pmb:2 smb:8155 d:- ref:0 ;
in:2296 out:2295 type:P dur:2 cpbdur:2 q:32.83 aq:23.02 tex:8019 mv:795 misc:1626 imb:26 pmb:212 smb:7922 d:- ref:0 ;
in:2295 out:2296 type:b dur:2 cpbdur:2 q:32.84 aq:31.95 tex:44 mv:28 misc:416 imb:1 pmb:5 smb:8154 d:- ref:0 ;
in:2298 out:2297 type:P dur:2 cpbdur:2 q:32.80 aq:23.46 tex:11446 mv:1577 misc:2657 imb:64 pmb:439 smb:7657 d:- ref:0 ;
in:2297 out:2298 type:b dur:2 cpbdur:2 q:32.82 aq:30.45 tex:21 mv:13 misc:406 imb:1 pmb:1 smb:8158 d:- ref:0 ;
in:2300 out:2299 type:P dur:2 cpbdur:2 q:32.79 aq:23.76 tex:5658 mv:769 misc:1653 imb:18 pmb:239 smb:7903 d:- ref:0 ;
in:2299 out:2300 type:b dur:2 cpbdur:2 q:32.80 aq:31.94 tex:34 mv:28 misc:410 imb:2 pmb:1 smb:8157 d:- ref:0 ;
in:2302 out:2301 type:P dur:2 cpbdur:2 q:32.76 aq:23.77 tex:11516 mv:1681 misc:2579 imb:55 pmb:436 smb:7669 d:- ref:0 ;
in:2301 out:2302 type:b dur:2 cpbdur:2 q:32.77 aq:31.97 tex:42 mv:20 misc:410 imb:1 pmb:3 smb:8156 d:- ref:0 ;
in:2304 out:2303 type:P dur:2 cpbdur:2 q:32.74 aq:24.04 tex:6728 mv:804 misc:1868 imb:25 pmb:260 smb:7875 d:- ref:0 ;
in:2303 out:2304 type:b dur:2 cpbdur:2 q:32.75 aq:31.91 tex:75 mv:23 misc:414 imb:1 pmb:3 smb:8156 d:- ref:0 ;
in:2306 out:2305 type:P dur:2 cpbdur:2 q:32.72 aq:23.14 tex:10233 mv:1243 misc:2356 imb:28 pmb:391 smb:7741 d:- ref:0 ;
in:2305 out:2306 type:b dur:2 cpbdur:2 q:32.73 aq:31.94 tex:30 mv:7 misc:403 imb:0 pmb:2 smb:8158 d:- ref:0 ;
in:2308 out:2307 type:P dur:2 cpbdur:2 q:32.71 aq:23.32 tex:6486 mv:743 misc:1723 imb:28 pmb:228 smb:7904 d:- ref:0 ;
in:2307 out:2308 type:b dur:2 cpbdur:2 q:32.72 aq:30.17 tex:79 mv:42 misc:423 imb:3 pmb:2 smb:8155 d:- ref:0 ;
in:2310 out:2309 type:P dur:2 cpbdur:2 q:32.70 aq:23.27 tex:11285 mv:1534 misc:2661 imb:60 pmb:423 smb:7677 d:- ref:0 ;
in:2309 out:2310 type:b dur:2 cpbdur:2 q:32.71 aq:31.94 tex:15 mv:15 misc:402 imb:1 pmb:1 smb:8158 d:- ref:0 ;
in:2312 out:2311 type:P dur:2 cpbdur:2 q:32.69 aq:25.28 tex:7362 mv:770 misc:1804 imb:24 pmb:255 smb:7881 d:- ref:0 ;
in:2311 out:2312 type:b dur:2 cpbdur:2 q:32.69 aq:31.96 tex:16 mv:12 misc:396 imb:1 pmb:0 smb:8159 d:- ref:0 ;
in:2314 out:2313 type:P dur:2 cpbdur:2 q:32.67 aq:23.74 tex:10484 mv:1563 misc:2577 imb:50 pmb:434 smb:7676 d:- ref:0 ;
in:2313 out:2314 type:b dur:2 cpbdur:2 q:32.68 aq:31.89 tex:32 mv:43 misc:413 imb:3 pmb:1 smb:8156 d:- ref:0 ;
in:2316 out:2315 type:P dur:2 cpbdur:2 q:32.66 aq:24.10 tex:6987 mv:725 misc:1808 imb:17 pmb:277 smb:7866 d:- ref:0 ;
in:2315 out:2316 type:b dur:2 cpbdur:2 q:32.66 aq:32.27 tex:77 mv:20 misc:415 imb:1 pmb:2 smb:8157 d:- ref:0 ;
in:2318 out:2317 type:P dur:2 cpbdur:2 q:32.63 aq:23.72 tex:11521 mv:1474 misc:2589 imb:56 pmb:440 smb:7664 d:- ref:0 ;
in:2317 out:2318 type:b dur:2 cpbdur:2 q:32.65 aq:31.93 tex:98 mv:37 misc:417 imb:2 pmb:3 smb:8155 d:- ref:0 ;
in:2320 out:2319 type:P dur:2 cpbdur:2 q:32.63 aq:23.96 tex:6541 mv:831 misc:1748 imb:21 pmb:246 smb:7893 d:- ref:0 ;
in:2319 out:2320 type:b dur:2 cpbdur:2 q:32.63 aq:29.63 tex:26 mv:33 misc:413 imb:3 pmb:0 smb:8157 d:- ref:0 ;
in:2322 out:2321 type:P dur:2 cpbdur:2 q:32.61 aq:24.34 tex:11622 mv:1745 misc:2753 imb:51 pmb:491 smb:7618 d:- ref:0 ;
in:2321 out:2322 type:b dur:2 cpbdur:2 q:32.62 aq:32.00 tex:0 mv:0 misc:384 imb:0 pmb:0 smb:8160 d:- ref:0 ;
in:2324 out:2323 type:P dur:2 cpbdur:2 q:32.59 aq:24.55 tex:6293 mv:822 misc:1789 imb:25 pmb:254 smb:7881 d:- ref:0 ;
in:2323 out:2324 type:b dur:2 cpbdur:2 q:32.60 aq:31.04 tex:46 mv:29 misc:413 imb:1 pmb:2 smb:8157 d:- ref:0 ;
in:2326 out:2325 type:P dur:2 cpbdur:2 q:32.57 aq:23.51 tex:13951 mv:1570 misc:2567 imb:51 pmb:434 smb:7675 d:- ref:0 ;
in:2325 out:2326 type:b dur:2 cpbdur:2 q:32.58 aq:31.96 tex:30 mv:15 misc:411 imb:0 pmb:5 smb:8155 d:- ref:0 ;
in:2328 out:2327 type:P dur:2 cpbdur:2 q:32.56 aq:23.73 tex:6882 mv:907 misc:1875 imb:23 pmb:281 smb:7856 d:- ref:0 ;
in:2327 out:2328 type:b dur:2 cpbdur:2 q:32.56 aq:31.94 tex:47 mv:9 misc:400 imb:0 pmb:2 smb:8158 d:- ref:0 ;
in:2330 out:2329 type:P dur:2 cpbdur:2 q:32.54 aq:23.47 tex:12148 mv:1308 misc:2512 imb:40 pmb:428 smb:7692 d:- ref:0 ;
in:2329 out:2330 type:b dur:2 cpbdur:2 q:32.55 aq:33.01 tex:53 mv:8 misc:403 imb:0 pmb:2 smb:8158 d:- ref:0 ;
in:2332 out:2331 type:P dur:2 cpbdur:2 q:32.53 aq:24.32 tex:6099 mv:731 misc:1818 imb:21 pmb:249 smb:7890 d:- ref:0 ;
in:2331 out:2332 type:b dur:2 cpbdur:2 q:32.54 aq:29.27 tex:50 mv:30 misc:416 imb:2 pmb:2 smb:8156 d:- ref:0 ;
in:2334 out:2333 type:P dur:2 cpbdur:2 q:32.52 aq:23.15 tex:12036 mv:1602 misc:2738 imb:63 pmb:458 smb:7639 d:- ref:0 ;
in:2333 out:2334 type:b dur:2 cpbdur:2 q:32.52 aq:30.92 tex:33 mv:28 misc:411 imb:2 pmb:1 smb:8157 d:- ref:0 ;
in:2336 out:2335 type:P dur:2 cpbdur:2 q:32.50 aq:24.10 tex:7441 mv:816 misc:1951 imb:21 pmb:289 smb:7850 d:- ref:0 ;
in:2335 out:2336 type:b dur:2 cpbdur:2 q:32.51 aq:30.64 tex:76 mv:30 misc:414 imb:2 pmb:2 smb:8156 d:- ref:0 ;
in:2338 out:2337 type:P dur:2 cpbdur:2 q:32.48 aq:23.10 tex:12580 mv:1678 misc:2734 imb:65 pmb:451 smb:7644 d:- ref:0 ;
in:2337 out:2338 type:b dur:2 cpbdur:2 q:32.49 aq:30.98 tex:43 mv:8 misc:405 imb:0 pmb:2 smb:8158 d:- ref:0 ;
in:2340 out:2339 type:P dur:2 cpbdur:2 q:32.47 aq:23.68 tex:6596 mv:792 misc:1788 imb:22 pmb:250 smb:7888 d:- ref:0 ;
in:2339 out:2340 type:b dur:2 cpbdur:2 q:32.48 aq:19.60 tex:50 mv:23 misc:399 imb:2 pmb:0 smb:8158 d:- ref:0 ;
in:2342 out:2341 type:P dur:2 cpbdur:2 q:32.45 aq:23.29 tex:12144 mv:1408 misc:2544 imb:37 pmb:453 smb:7670 d:- ref:0 ;
in:2341 out:2342 type:b dur:2 cpbdur:2 q:32.46 aq:26.98 tex:153 mv:80 misc:447 imb:3 pmb:6 smb:8151 d:- ref:0 ;
in:2344 out:2343 type:P dur:2 cpbdur:2 q:32.44 aq:24.40 tex:6318 mv:681 misc:1665 imb:15 pmb:243 smb:7902 d:- ref:0 ;
in:2343 out:2344 type:b dur:2 cpbdur:2 q:32.45 aq:29.52 tex:105 mv:46 misc:433 imb:3 pmb:3 smb:8154 d:- ref:0 ;
in:2346 out:2345 type:P dur:2 cpbdur:2 q:32.42 aq:23.03 tex:13263 mv:1583 misc:2618 imb:50 pmb:503 smb:7607 d:- ref:0 ;
in:2345 out:2346 type:b dur:2 cpbdur:2 q:32.43 aq:30.23 tex:59 mv:27 misc:410 imb:2 pmb:1 smb:8157 d:- ref:0 ;
in:2348 out:2347 type:P dur:2 cpbdur:2 q:32.40 aq:23.90 tex:6524 mv:821 misc:1887 imb:26 pmb:254 smb:7880 d:- ref:0 ;
in:2347 out:2348 type:b dur:2 cpbdur:2 q:32.41 aq:31.00 tex:0 mv:6 misc:402 imb:0 pmb:2 smb:8158 d:- ref:0 ;
in:2350 out:2349 type:P dur:2 cpbdur:2 q:32.39 aq:23.15 tex:13374 mv:1367 misc:2747 imb:49 pmb:482 smb:7629 d:- ref:0 ;
in:2349 out:2350 type:b dur:2 cpbdur:2 q:32.40 aq:30.12 tex:24 mv:5 misc:395 imb:0 pmb:1 smb:8159 d:- ref:0 ;
in:2352 out:2351 type:P dur:2 cpbdur:2 q:32.39 aq:23.73 tex:7651 mv:851 misc:1898 imb:24 pmb:299 smb:7837 d:- ref:0 ;
in:2351 out:2352 type:b dur:2 cpbdur:2 q:32.39 aq:30.06 tex:93 mv:64 misc:435 imb:6 pmb:1 smb:8153 d:- ref:0 ;
in:2354 out:2353 type:P dur:2 cpbdur:2 q:32.37 aq:23.41 tex:14284 mv:1661 misc:2911 imb:68 pmb:506 smb:7586 d:- ref:0 ;
in:2353 out:2354 type:b dur:2 cpbdur:2 q:32.38 aq:30.96 tex:76 mv:42 misc:418 imb:2 pmb:3 smb:8155 d:- ref:0 ;
in:2356 out:2355 type:P dur:2 cpbdur:2 q:32.37 aq:23.84 tex:12518 mv:944 misc:1906 imb:31 pmb:264 smb:7865 d:- ref:0 ;
in:2355 out:2356 type:b dur:2 cpbdur:2 q:32.37 aq:30.96 tex:45 mv:40 misc:427 imb:1 pmb:10 smb:8149 d:- ref:0 ;
in:2358 out:2357 type:P dur:2 cpbdur:2 q:32.35 aq:24.01 tex:12368 mv:1363 misc:2549 imb:47 pmb:432 smb:7681 d:- ref:0 ;
in:2357 out:2358 type:b dur:2 cpbdur:2 q:32.36 aq:31.76 tex:109 mv:83 misc:448 imb:7 pmb:3 smb:8150 d:- ref:0 ;
in:2360 out:2359 type:P dur:2 cpbdur:2 q:32.34 aq:23.28 tex:7361 mv:836 misc:1891 imb:23 pmb:267 smb:7870 d:- ref:0 ;
in:2359 out:2360 type:b dur:2 cpbdur:2 q:32.34 aq:30.93 tex:35 mv:40 misc:421 imb:3 pmb:2 smb:8155 d:- ref:0 ;
in:2362 out:2361 type:P dur:2 cpbdur:2 q:32.33 aq:23.19 tex:14594 mv:1716 misc:3010 imb:69 pmb:513 smb:7578 d:- ref:0 ;
in:2361 out:2362 type:b dur:2 cpbdur:2 q:32.33 aq:30.96 tex:26 mv:5 misc:393 imb:0 pmb:1 smb:8159 d:- ref:0 ;
in:2364 out:2363 type:P dur:2 cpbdur:2 q:32.33 aq:25.04 tex:6870 mv:729 misc:1745 imb:23 pmb:248 smb:7889 d:- ref:0 ;
in:2363 out:2364 type:b dur:2 cpbdur:2 q:32.33 aq:29.52 tex:61 mv:35 misc:416 imb:1 pmb:3 smb:8156 d:- ref:0 ;
in:2366 out:2365 type:P dur:2 cpbdur:2 q:32.30 aq:23.56 tex:13374 mv:1566 misc:2668 imb:40 pmb:489 smb:7631 d:- ref:0 ;
in:2365 out:2366 type:b dur:2 cpbdur:2 q:32.32 aq:32.21 tex:164 mv:76 misc:448 imb:5 pmb:5 smb:8150 d:- ref:0 ;
in:2368 out:2367 type:P dur:2 cpbdur:2 q:32.28 aq:23.30 tex:6911 mv:821 misc:1948 imb:24 pmb:265 smb:7871 d:- ref:0 ;
in:2367 out:2368 type:b dur:2 cpbdur:2 q:32.29 aq:31.68 tex:92 mv:41 misc:427 imb:3 pmb:2 smb:8155 d:- ref:0 ;
in:2370 out:2369 type:P dur:2 cpbdur:2 q:32.26 aq:23.02 tex:15269 mv:1622 misc:2797 imb:59 pmb:504 smb:7597 d:- ref:0 ;
in:2369 out:2370 type:b dur:2 cpbdur:2 q:32.27 aq:30.92 tex:34 mv:40 misc:414 imb:2 pmb:2 smb:8156 d:- ref:0 ;
in:2372 out:2371 type:P dur:2 cpbdur:2 q:32.27 aq:23.26 tex:7666 mv:704 misc:1822 imb:20 pmb:264 smb:7876 d:- ref:0 ;
in:2371 out:2372 type:b dur:2 cpbdur:2 q:32.27 aq:31.00 tex:0 mv:0 misc:384 imb:0 pmb:0 smb:8160 d:- ref:0 ;
in:2374 out:2373 type:P dur:2 cpbdur:2 q:32.26 aq:23.21 tex:14047 mv:1531 misc:2814 imb:65 pmb:482 smb:7613 d:- ref:0 ;
in:2373 out:2374 type:b dur:2 cpbdur:2 q:32.26 aq:27.57 tex:124 mv:38 misc:430 imb:2 pmb:4 smb:8154 d:- ref:0 ;
in:2376 out:2375 type:P dur:2 cpbdur:2 q:32.26 aq:23.82 tex:6321 mv:650 misc:1677 imb:20 pmb:229 smb:7911 d:- ref:0 ;
in:2375 out:2376 type:b dur:2 cpbdur:2 q:32.26 aq:30.78 tex:59 mv:27 misc:410 imb:2 pmb:1 smb:8157 d:- ref:0 ;
in:2378 out:2377 type:P dur:2 cpbdur:2 q:32.23 aq:22.95 tex:12807 mv:1367 misc:2490 imb:40 pmb:438 smb:7682 d:- ref:0 ;
in:2377 out:2378 type:b dur:2 cpbdur:2 q:32.24 aq:30.30 tex:66 mv:29 misc:425 imb:2 pmb:3 smb:8155 d:- ref:0 ;
in:2380 out:2379 type:P dur:2 cpbdur:2 q:32.21 aq:24.30 tex:7056 mv:758 misc:1834 imb:18 pmb:283 smb:7859 d:- ref:0 ;
in:2379 out:2380 type:b dur:2 cpbdur:2 q:32.22 aq:29.34 tex:96 mv:53 misc:427 imb:4 pmb:2 smb:8154 d:- ref:0 ;
in:2382 out:2381 type:P dur:2 cpbdur:2 q:32.20 aq:23.57 tex:13587 mv:1462 misc:2639 imb:50 pmb:473 smb:7637 d:- ref:0 ;
in:2381 out:2382 type:b dur:2 cpbdur:2 q:32.21 aq:30.96 tex:73 mv:23 misc:416 imb:1 pmb:3 smb:8156 d:- ref:0 ;
in:2384 out:2383 type:P dur:2 cpbdur:2 q:32.20 aq:24.69 tex:7126 mv:735 misc:1755 imb:22 pmb:247 smb:7891 d:- ref:0 ;
in:2383 out:2384 type:b dur:2 cpbdur:2 q:32.20 aq:30.94 tex:91 mv:24 misc:421 imb:1 pmb:4 smb:8155 d:- ref:0 ;
in:2386 out:2385 type:P dur:2 cpbdur:2 q:32.18 aq:23.83 tex:14889 mv:1356 misc:2531 imb:46 pmb:453 smb:7661 d:- ref:0 ;
in:2385 out:2386 type:b dur:2 cpbdur:2 q:32.19 aq:30.98 tex:22 mv:22 misc:404 imb:1 pmb:4 smb:8155 d:- ref:0 ;
in:2388 out:2387 type:P dur:2 cpbdur:2 q:32.17 aq:24.24 tex:6877 mv:768 misc:1731 imb:29 pmb:233 smb:7898 d:- ref:0 ;
in:2387 out:2388 type:b dur:2 cpbdur:2 q:32.18 aq:30.01 tex:23 mv:33 misc:408 imb:3 pmb:0 smb:8157 d:- ref:0 ;
in:2390 out:2389 type:P dur:2 cpbdur:2 q:32.15 aq:23.72 tex:12400 mv:1295 misc:2521 imb:47 pmb:421 smb:7692 d:- ref:0 ;
in:2389 out:2390 type:b dur:2 cpbdur:2 q:32.16 aq:23.01 tex:36 mv:64 misc:436 imb:5 pmb:1 smb:8154 d:- ref:0 ;
in:2392 out:2391 type:P dur:2 cpbdur:2 q:32.14 aq:23.98 tex:6566 mv:708 misc:1670 imb:35 pmb:222 smb:7903 d:- ref:0 ;
in:2391 out:2392 type:b dur:2 cpbdur:2 q:32.15 aq:30.95 tex:72 mv:25 misc:431 imb:1 pmb:4 smb:8155 d:- ref:0 ;
in:2394 out:2393 type:P dur:2 cpbdur:2 q:32.12 aq:23.90 tex:11303 mv:1016 misc:2273 imb:35 pmb:380 smb:7745 d:- ref:0 ;
in:2393 out:2394 type:b dur:2 cpbdur:2 q:32.13 aq:32.87 tex:71 mv:20 misc:413 imb:1 pmb:2 smb:8157 d:- ref:0 ;
in:2396 out:2395 type:P dur:2 cpbdur:2 q:32.12 aq:24.43 tex:6451 mv:560 misc:1589 imb:16 pmb:221 smb:7923 d:- ref:0 ;
in:2395 out:2396 type:b dur:2 cpbdur:2 q:32.12 aq:18.36 tex:62 mv:31 misc:419 imb:2 pmb:2 smb:8156 d:- ref:0 ;
in:2398 out:2397 type:P dur:2 cpbdur:2 q:32.09 aq:25.61 tex:13034 mv:1003 misc:2187 imb:20 pmb:405 smb:7735 d:- ref:0 ;
in:2397 out:2398 type:b dur:2 cpbdur:2 q:32.11 aq:31.92 tex:45 mv:20 misc:407 imb:1 pmb:2 smb:8157 d:- ref:0 ;
in:2402 out:2399 type:P dur:2 cpbdur:2 q:32.07 aq:23.32 tex:29009 mv:3535 misc:4352 imb:104 pmb:1005 smb:7051 d:- ref:0 ;
in:2400 out:2400 type:B dur:2 cpbdur:2 q:32.08 aq:32.26 tex:333 mv:97 misc:490 imb:4 pmb:11 smb:8145 d:- ref:0 ;
in:2399 out:2401 type:b dur:2 cpbdur:2 q:32.09 aq:20.99 tex:180 mv:60 misc:456 imb:2 pmb:10 smb:8148 d:- ref:0 ;
in:2401 out:2402 type:b dur:2 cpbdur:2 q:32.07 aq:30.95 tex:61 mv:19 misc:408 imb:1 pmb:2 smb:8157 d:- ref:0 ;
in:2404 out:2403 type:P dur:2 cpbdur:2 q:32.31 aq:22.71 tex:15960 mv:2169 misc:3551 imb:117 pmb:582 smb:7461 d:- ref:0 ;
in:2403 out:2404 type:b dur:2 cpbdur:2 q:32.19 aq:20.77 tex:89 mv:59 misc:444 imb:5 pmb:2 smb:8153 d:- ref:0 ;
in:2406 out:2405 type:P dur:2 cpbdur:2 q:32.30 aq:23.94 tex:7391 mv:914 misc:1999 imb:34 pmb:276 smb:7850 d:- ref:0 ;
in:2405 out:2406 type:b dur:2 cpbdur:2 q:32.30 aq:28.83 tex:205 mv:49 misc:458 imb:2 pmb:8 smb:8150 d:- ref:0 ;
in:2408 out:2407 type:P dur:2 cpbdur:2 q:32.30 aq:22.59 tex:12736 mv:1791 misc:2889 imb:73 pmb:478 smb:7609 d:- ref:0 ;
in:2407 out:2408 type:b dur:2 cpbdur:2 q:32.30 aq:28.74 tex:64 mv:8 misc:408 imb:0 pmb:2 smb:8158 d:- ref:0 ;
in:2410 out:2409 type:P dur:2 cpbdur:2 q:32.28 aq:24.04 tex:6930 mv:881 misc:1909 imb:25 pmb:281 smb:7854 d:- ref:0 ;
in:2409 out:2410 type:b dur:2 cpbdur:2 q:32.29 aq:30.98 tex:13 mv:11 misc:392 imb:1 pmb:0 smb:8159 d:- ref:0 ;
in:2412 out:2411 type:P dur:2 cpbdur:2 q:32.28 aq:22.76 tex:14349 mv:1831 misc:3148 imb:64 pmb:558 smb:7538 d:- ref:0 ;
in:2411 out:2412 type:b dur:2 cpbdur:2 q:32.28 aq:30.96 tex:29 mv:5 misc:398 imb:0 pmb:1 smb:8159 d:- ref:0 ;
in:2414 out:2413 type:P dur:2 cpbdur:2 q:32.26 aq:23.02 tex:7051 mv:855 misc:1966 imb:22 pmb:272 smb:7866 d:- ref:0 ;
in:2413 out:2414 type:b dur:2 cpbdur:2 q:32.27 aq:30.91 tex:94 mv:38 misc:428 imb:2 pmb:4 smb:8154 d:- ref:0 ;
in:2416 out:2415 type:P dur:2 cpbdur:2 q:32.27 aq:23.30 tex:16548 mv:1614 misc:2838 imb:61 pmb:492 smb:7607 d:- ref:0 ;
in:2415 out:2416 type:b dur:2 cpbdur:2 q:32.27 aq:22.38 tex:119 mv:101 misc:460 imb:6 pmb:8 smb:8146 d:- ref:0 ;
in:2418 out:2417 type:P dur:2 cpbdur:2 q:32.17 aq:23.40 tex:8418 mv:1055 misc:2103 imb:36 pmb:309 smb:7815 d:- ref:0 ;
in:2417 out:2418 type:b dur:2 cpbdur:2 q:32.22 aq:24.40 tex:85 mv:57 misc:434 imb:4 pmb:3 smb:8153 d:- ref:0 ;
in:2420 out:2419 type:P dur:2 cpbdur:2 q:32.10 aq:22.33 tex:16452 mv:1910 misc:3142 imb:72 pmb:578 smb:7510 d:- ref:0 ;
in:2419 out:2420 type:b dur:2 cpbdur:2 q:32.13 aq:29.34 tex:106 mv:37 misc:433 imb:2 pmb:4 smb:8154 d:- ref:0 ;
in:2422 out:2421 type:P dur:2 cpbdur:2 q:32.02 aq:23.10 tex:8329 mv:1024 misc:2151 imb:35 pmb:316 smb:7809 d:- ref:0 ;
in:2421 out:2422 type:b dur:2 cpbdur:2 q:32.06 aq:30.29 tex:65 mv:82 misc:445 imb:4 pmb:5 smb:8151 d:- ref:0 ;
in:2424 out:2423 type:P dur:2 cpbdur:2 q:31.99 aq:23.27 tex:15430 mv:1575 misc:2851 imb:59 pmb:519 smb:7582 d:- ref:0 ;
in:2423 out:2424 type:b dur:2 cpbdur:2 q:32.00 aq:30.10 tex:89 mv:46 misc:433 imb:3 pmb:3 smb:8154 d:- ref:0 ;
in:2426 out:2425 type:P dur:2 cpbdur:2 q:31.97 aq:23.42 tex:8898 mv:985 misc:2221 imb:28 pmb:337 smb:7795 d:- ref:0 ;
in:2425 out:2426 type:b dur:2 cpbdur:2 q:31.98 aq:30.95 tex:36 mv:16 misc:404 imb:1 pmb:1 smb:8158 d:- ref:0 ;
in:2428 out:2427 type:P dur:2 cpbdur:2 q:31.96 aq:22.80 tex:17856 mv:2111 misc:3305 imb:71 pmb:652 smb:7437 d:- ref:0 ;
in:2427 out:2428 type:b dur:2 cpbdur:2 q:31.97 aq:28.58 tex:135 mv:74 misc:447 imb:5 pmb:3 smb:8152 d:- ref:0 ;
in:2430 out:2429 type:P dur:2 cpbdur:2 q:31.96 aq:23.33 tex:8369 mv:999 misc:2128 imb:28 pmb:323 smb:7809 d:- ref:0 ;
in:2429 out:2430 type:b dur:2 cpbdur:2 q:31.96 aq:30.91 tex:64 mv:42 misc:414 imb:4 pmb:0 smb:8156 d:- ref:0 ;
in:2432 out:2431 type:P dur:2 cpbdur:2 q:31.94 aq:22.66 tex:17035 mv:1937 misc:3212 imb:83 pmb:580 smb:7497 d:- ref:0 ;
in:2431 out:2432 type:b dur:2 cpbdur:2 q:31.95 aq:23.77 tex:59 mv:41 misc:428 imb:3 pmb:2 smb:8155 d:- ref:0 ;
in:2434 out:2433 type:P dur:2 cpbdur:2 q:31.94 aq:23.01 tex:9642 mv:1004 misc:2154 imb:34 pmb:328 smb:7798 d:- ref:0 ;
in:2433 out:2434 type:b dur:2 cpbdur:2 q:31.94 aq:28.26 tex:101 mv:76 misc:455 imb:5 pmb:5 smb:8150 d:- ref:0 ;
in:2436 out:2435 type:P dur:2 cpbdur:2 q:31.93 aq:22.82 tex:16649 mv:1856 misc:3127 imb:61 pmb:583 smb:7516 d:- ref:0 ;
in:2435 out:2436 type:b dur:2 cpbdur:2 q:31.94 aq:24.75 tex:77 mv:26 misc:425 imb:1 pmb:4 smb:8155 d:- ref:0 ;
in:2438 out:2437 type:P dur:2 cpbdur:2 q:31.92 aq:23.18 tex:8628 mv:1055 misc:2125 imb:46 pmb:298 smb:7816 d:- ref:0 ;
in:2437 out:2438 type:b dur:2 cpbdur:2 q:31.93 aq:29.76 tex:136 mv:51 misc:445 imb:3 pmb:6 smb:8151 d:- ref:0 ;
in:2440 out:2439 type:P dur:2 cpbdur:2 q:31.91 aq:22.30 tex:17523 mv:2066 misc:3395 imb:95 pmb:584 smb:7481 d:- ref:0 ;
in:2439 out:2440 type:b dur:2 cpbdur:2 q:31.92 aq:26.58 tex:115 mv:37 misc:440 imb:2 pmb:5 smb:8153 d:- ref:0 ;
in:2442 out:2441 type:P dur:2 cpbdur:2 q:31.92 aq:23.33 tex:8730 mv:1002 misc:2148 imb:34 pmb:315 smb:7811 d:- ref:0 ;
in:2441 out:2442 type:b dur:2 cpbdur:2 q:31.92 aq:23.34 tex:153 mv:90 misc:453 imb:6 pmb:4 smb:8150 d:- ref:0 ;
in:2444 out:2443 type:P dur:2 cpbdur:2 q:31.90 aq:22.47 tex:18942 mv:2071 misc:3211 imb:70 pmb:606 smb:7484 d:- ref:0 ;
in:2443 out:2444 type:b dur:2 cpbdur:2 q:31.91 aq:30.95 tex:77 mv:34 misc:417 imb:2 pmb:3 smb:8155 d:- ref:0 ;
in:2446 out:2445 type:P dur:2 cpbdur:2 q:31.90 aq:23.80 tex:11113 mv:1043 misc:2172 imb:28 pmb:332 smb:7800 d:- ref:0 ;
in:2445 out:2446 type:b dur:2 cpbdur:2 q:31.90 aq:21.15 tex:88 mv:65 misc:455 imb:4 pmb:7 smb:8149 d:- ref:0 ;
in:2448 out:2447 type:P dur:2 cpbdur:2 q:31.88 aq:22.82 tex:16652 mv:1754 misc:3074 imb:63 pmb:548 smb:7549 d:- ref:0 ;
in:2447 out:2448 type:b dur:2 cpbdur:2 q:31.89 aq:30.96 tex:32 mv:30 misc:418 imb:1 pmb:3 smb:8156 d:- ref:0 ;
in:2450 out:2449 type:P dur:2 cpbdur:2 q:31.88 aq:22.87 tex:8447 mv:1028 misc:2053 imb:35 pmb:303 smb:7822 d:- ref:0 ;
in:2449 out:2450 type:b dur:2 cpbdur:2 q:31.88 aq:30.07 tex:24 mv:5 misc:395 imb:0 pmb:1 smb:8159 d:- ref:0 ;
in:2452 out:2451 type:P dur:2 cpbdur:2 q:31.86 aq:22.94 tex:17541 mv:1936 misc:3243 imb:72 pmb:614 smb:7474 d:- ref:0 ;
in:2451 out:2452 type:b dur:2 cpbdur:2 q:31.87 aq:29.73 tex:82 mv:19 misc:411 imb:1 pmb:2 smb:8157 d:- ref:0 ;
in:2454 out:2453 type:P dur:2 cpbdur:2 q:31.86 aq:23.88 tex:8425 mv:946 misc:1957 imb:25 pmb:306 smb:7829 d:- ref:0 ;
in:2453 out:2454 type:b dur:2 cpbdur:2 q:31.86 aq:23.36 tex:139 mv:55 misc:454 imb:3 pmb:7 smb:8150 d:- ref:0 ;
in:2456 out:2455 type:P dur:2 cpbdur:2 q:31.85 aq:22.11 tex:19143 mv:2307 misc:3374 imb:102 pmb:640 smb:7418 d:- ref:0 ;
in:2455 out:2456 type:b dur:2 cpbdur:2 q:31.86 aq:21.60 tex:62 mv:23 misc:419 imb:1 pmb:3 smb:8156 d:- ref:0 ;
in:2458 out:2457 type:P dur:2 cpbdur:2 q:31.85 aq:23.27 tex:8338 mv:937 misc:1989 imb:32 pmb:292 smb:7836 d:- ref:0 ;
in:2457 out:2458 type:b dur:2 cpbdur:2 q:31.85 aq:30.96 tex:43 mv:11 misc:410 imb:0 pmb:3 smb:8157 d:- ref:0 ;
in:2460 out:2459 type:P dur:2 cpbdur:2 q:31.84 aq:22.67 tex:16947 mv:1946 misc:3187 imb:75 pmb:590 smb:7495 d:- ref:0 ;
in:2459 out:2460 type:b dur:2 cpbdur:2 q:31.84 aq:29.69 tex:154 mv:49 misc:437 imb:3 pmb:5 smb:8152 d:- ref:0 ;
in:2462 out:2461 type:P dur:2 cpbdur:2 q:31.84 aq:23.19 tex:8677 mv:1071 misc:2100 imb:34 pmb:304 smb:7822 d:- ref:0 ;
in:2461 out:2462 type:b dur:2 cpbdur:2 q:31.84 aq:30.00 tex:100 mv:74 misc:434 imb:4 pmb:3 smb:8153 d:- ref:0 ;
in:2464 out:2463 type:P dur:2 cpbdur:2 q:31.83 aq:22.05 tex:18663 mv:1964 misc:3181 imb:72 pmb:609 smb:7479 d:- ref:0 ;
in:2463 out:2464 type:b dur:2 cpbdur:2 q:31.83 aq:28.95 tex:162 mv:84 misc:458 imb:6 pmb:6 smb:8148 d:- ref:0 ;
in:2466 out:2465 type:P dur:2 cpbdur:2 q:31.84 aq:22.01 tex:9143 mv:1126 misc:2147 imb:33 pmb:336 smb:7791 d:- ref:0 ;
in:2465 out:2466 type:b dur:2 cpbdur:2 q:31.83 aq:30.95 tex:71 mv:17 misc:400 imb:1 pmb:1 smb:8158 d:- ref:0 ;
in:2468 out:2467 type:P dur:2 cpbdur:2 q:31.82 aq:22.70 tex:17820 mv:1842 misc:3058 imb:68 pmb:569 smb:7523 d:- ref:0 ;
in:2467 out:2468 type:b dur:2 cpbdur:2 q:31.83 aq:24.15 tex:171 mv:31 misc:438 imb:1 pmb:6 smb:8153 d:- ref:0 ;
in:2470 out:2469 type:P dur:2 cpbdur:2 q:31.82 aq:22.94 tex:9397 mv:1116 misc:2319 imb:43 pmb:359 smb:7758 d:- ref:0 ;
in:2469 out:2470 type:b dur:2 cpbdur:2 q:31.82 aq:28.95 tex:146 mv:41 misc:445 imb:2 pmb:7 smb:8151 d:- ref:0 ;
in:2472 out:2471 type:P dur:2 cpbdur:2 q:31.81 aq:22.20 tex:18487 mv:2039 misc:3162 imb:69 pmb:604 smb:7487 d:- ref:0 ;
in:2471 out:2472 type:b dur:2 cpbdur:2 q:31.81 aq:31.80 tex:86 mv:35 misc:423 imb:1 pmb:4 smb:8155 d:- ref:0 ;
in:2474 out:2473 type:P dur:2 cpbdur:2 q:31.81 aq:23.22 tex:9839 mv:1097 misc:2264 imb:34 pmb:349 smb:7777 d:- ref:0 ;
in:2473 out:2474 type:b dur:2 cpbdur:2 q:31.81 aq:30.92 tex:76 mv:40 misc:412 imb:3 pmb:2 smb:8155 d:- ref:0 ;
in:2476 out:2475 type:P dur:2 cpbdur:2 q:31.80 aq:22.75 tex:19823 mv:1980 misc:3277 imb:89 pmb:603 smb:7468 d:- ref:0 ;
in:2475 out:2476 type:b dur:2 cpbdur:2 q:31.80 aq:23.88 tex:97 mv:56 misc:439 imb:3 pmb:8 smb:8149 d:- ref:0 ;
in:2478 out:2477 type:P dur:2 cpbdur:2 q:31.81 aq:24.21 tex:8335 mv:930 misc:2015 imb:23 pmb:304 smb:7833 d:- ref:0 ;
in:2477 out:2478 type:b dur:2 cpbdur:2 q:31.80 aq:22.93 tex:101 mv:52 misc:431 imb:3 pmb:3 smb:8154 d:- ref:0 ;
in:2480 out:2479 type:P dur:2 cpbdur:2 q:31.79 aq:22.72 tex:16867 mv:1884 misc:3169 imb:86 pmb:558 smb:7516 d:- ref:0 ;
in:2479 out:2480 type:b dur:2 cpbdur:2 q:31.80 aq:31.06 tex:132 mv:60 misc:440 imb:5 pmb:3 smb:8152 d:- ref:0 ;
in:2482 out:2481 type:P dur:2 cpbdur:2 q:31.79 aq:22.22 tex:8800 mv:1097 misc:2111 imb:38 pmb:321 smb:7801 d:- ref:0 ;
in:2481 out:2482 type:b dur:2 cpbdur:2 q:31.79 aq:30.93 tex:86 mv:55 misc:435 imb:4 pmb:3 smb:8153 d:- ref:0 ;
in:2484 out:2483 type:P dur:2 cpbdur:2 q:31.78 aq:22.78 tex:18721 mv:2021 misc:3226 imb:78 pmb:621 smb:7461 d:- ref:0 ;
in:2483 out:2484 type:b dur:2 cpbdur:2 q:31.78 aq:30.93 tex:68 mv:42 misc:418 imb:3 pmb:2 smb:8155 d:- ref:0 ;
in:2486 out:2485 type:P dur:2 cpbdur:2 q:31.78 aq:23.66 tex:8829 mv:1002 misc:1985 imb:29 pmb:295 smb:7836 d:- ref:0 ;
in:2485 out:2486 type:b dur:2 cpbdur:2 q:31.78 aq:23.26 tex:26 mv:32 misc:414 imb:3 pmb:0 smb:8157 d:- ref:0 ;
in:2488 out:2487 type:P dur:2 cpbdur:2 q:31.76 aq:22.60 tex:16887 mv:1797 misc:3164 imb:61 pmb:592 smb:7507 d:- ref:0 ;
in:2487 out:2488 type:b dur:2 cpbdur:2 q:31.77 aq:18.46 tex:79 mv:52 misc:429 imb:4 pmb:2 smb:8154 d:- ref:0 ;
in:2490 out:2489 type:P dur:2 cpbdur:2 q:31.76 aq:22.62 tex:9073 mv:942 misc:2137 imb:37 pmb:308 smb:7815 d:- ref:0 ;
in:2489 out:2490 type:b dur:2 cpbdur:2 q:31.76 aq:23.95 tex:108 mv:38 misc:422 imb:2 pmb:4 smb:8154 d:- ref:0 ;
in:2492 out:2491 type:P dur:2 cpbdur:2 q:31.75 aq:22.32 tex:16730 mv:2052 misc:3234 imb:78 pmb:580 smb:7502 d:- ref:0 ;
in:2491 out:2492 type:b dur:2 cpbdur:2 q:31.76 aq:18.44 tex:86 mv:67 misc:447 imb:4 pmb:4 smb:8152 d:- ref:0 ;
in:2494 out:2493 type:P dur:2 cpbdur:2 q:31.76 aq:23.22 tex:8948 mv:1098 misc:2202 imb:33 pmb:335 smb:7792 d:- ref:0 ;
in:2493 out:2494 type:b dur:2 cpbdur:2 q:31.76 aq:30.91 tex:58 mv:53 misc:425 imb:5 pmb:1 smb:8154 d:- ref:0 ;
in:2496 out:2495 type:P dur:2 cpbdur:2 q:31.74 aq:22.55 tex:16650 mv:1851 misc:3211 imb:79 pmb:580 smb:7501 d:- ref:0 ;
in:2495 out:2496 type:b dur:2 cpbdur:2 q:31.75 aq:30.95 tex:84 mv:52 misc:424 imb:3 pmb:3 smb:8154 d:- ref:0 ;
in:2498 out:2497 type:P dur:2 cpbdur:2 q:31.75 aq:22.86 tex:8516 mv:1030 misc:2158 imb:39 pmb:315 smb:7806 d:- ref:0 ;
in:2497 out:2498 type:b dur:2 cpbdur:2 q:31.75 aq:22.93 tex:165 mv:78 misc:461 imb:6 pmb:5 smb:8149 d:- ref:0 ;
in:2499 out:2499 type:P dur:2 cpbdur:2 q:31.73 aq:23.56 tex:137 mv:54 misc:465 imb:6 pmb:2 smb:8152 d:- ref:0 ;
in:2500 out:2500 type:I dur:2 cpbdur:2 q:28.88 aq:19.89 tex:523034 mv:144376 misc:646 imb:8160 pmb:0 smb:0 d:- ref:;
in:2502 out:2501 type:P dur:2 cpbdur:2 q:32.63 aq:23.64 tex:3964 mv:487 misc:1261 imb:25 pmb:129 smb:8006 d:- ref:0 ;
in:2501 out:2502 type:b dur:2 cpbdur:2 q:32.63 aq:23.17 tex:66 mv:20 misc:410 imb:1 pmb:2 smb:8157 d:- ref:0 ;
in:2504 out:2503 type:P dur:2 cpbdur:2 q:32.61 aq:22.86 tex:11530 mv:1698 misc:2772 imb:101 pmb:410 smb:7649 d:- ref:0 ;
in:2503 out:2504 type:b dur:2 cpbdur:2 q:32.62 aq:24.90 tex:70 mv:89 misc:457 imb:7 pmb:2 smb:8151 d:- ref:0 ;
in:2506 out:2505 type:P dur:2 cpbdur:2 q:32.61 aq:23.27 tex:6933 mv:849 misc:1682 imb:47 pmb:199 smb:7914 d:- ref:0 ;
in:2505 out:2506 type:b dur:2 cpbdur:2 q:32.61 aq:31.98 tex:33 mv:29 misc:418 imb:0 pmb:6 smb:8154 d:- ref:0 ;
in:2508 out:2507 type:P dur:2 cpbdur:2 q:32.58 aq:23.05 tex:12882 mv:1875 misc:2715 imb:78 pmb:444 smb:7638 d:- ref:0 ;
in:2507 out:2508 type:b dur:2 cpbdur:2 q:32.59 aq:31.91 tex:37 mv:55 misc:428 imb:3 pmb:5 smb:8152 d:- ref:0 ;
in:2510 out:2509 type:P dur:2 cpbdur:2 q:32.58 aq:24.85 tex:9596 mv:1651 misc:2041 imb:40 pmb:366 smb:7754 d:- ref:0 ;
in:2509 out:2510 type:b dur:2 cpbdur:2 q:32.58 aq:33.56 tex:333 mv:129 misc:434 imb:1 pmb:13 smb:8146 d:- ref:0 ;
in:2512 out:2511 type:P dur:2 cpbdur:2 q:32.56 aq:24.07 tex:17396 mv:3373 misc:3039 imb:69 pmb:690 smb:7401 d:- ref:0 ;
in:2511 out:2512 type:b dur:2 cpbdur:2 q:32.57 aq:32.26 tex:603 mv:227 misc:482 imb:5 pmb:17 smb:8138 d:- ref:0 ;
in:2514 out:2513 type:P dur:2 cpbdur:2 q:32.55 aq:24.25 tex:9487 mv:1819 misc:2110 imb:27 pmb:395 smb:7738 d:- ref:0 ;
in:2513 out:2514 type:b dur:2 cpbdur:2 q:32.55 aq:33.57 tex:40 mv:65 misc:423 imb:0 pmb:7 smb:8153 d:- ref:0 ;
in:2516 out:2515 type:P dur:2 cpbdur:2 q:32.53 aq:23.56 tex:15484 mv:2775 misc:2821 imb:73 pmb:581 smb:7506 d:- ref:0 ;
in:2515 out:2516 type:b dur:2 cpbdur:2 q:32.54 aq:32.99 tex:195 mv:154 misc:491 imb:2 pmb:18 smb:8140 d:- ref:0 ;
in:2518 out:2517 type:P dur:2 cpbdur:2 q:32.53 aq:23.90 tex:10106 mv:1832 misc:2110 imb:30 pmb:397 smb:7733 d:- ref:0 ;
in:2517 out:2518 type:b dur:2 cpbdur:2 q:32.53 aq:30.90 tex:52 mv:63 misc:421 imb:4 pmb:3 smb:8153 d:- ref:0 ;
in:2520 out:2519 type:P dur:2 cpbdur:2 q:32.68 aq:23.51 tex:16406 mv:2980 misc:2910 imb:81 pmb:611 smb:7468 d:- ref:0 ;
in:2519 out:2520 type:b dur:2 cpbdur:2 q:32.61 aq:33.02 tex:490 mv:277 misc:497 imb:3 pmb:27 smb:8130 d:- ref:0 ;
in:2522 out:2521 type:P dur:2 cpbdur:2 q:32.68 aq:24.01 tex:10872 mv:2063 misc:2105 imb:39 pmb:412 smb:7709 d:- ref:0 ;
in:2521 out:2522 type:b dur:2 cpbdur:2 q:32.68 aq:33.09 tex:380 mv:153 misc:467 imb:2 pmb:17 smb:8141 d:- ref:0 ;
in:2524 out:2523 type:P dur:2 cpbdur:2 q:32.67 aq:23.26 tex:17188 mv:3443 misc:3281 imb:119 pmb:661 smb:7380 d:- ref:0 ;
in:2523 out:2524 type:b dur:2 cpbdur:2 q:32.68 aq:33.44 tex:384 mv:146 misc:470 imb:4 pmb:15 smb:8141 d:- ref:0 ;
in:2526 out:2525 type:P dur:2 cpbdur:2 q:32.67 aq:24.05 tex:10492 mv:1971 misc:2257 imb:39 pmb:409 smb:7712 d:- ref:0 ;
in:2525 out:2526 type:b dur:2 cpbdur:2 q:32.67 aq:32.76 tex:172 mv:79 misc:461 imb:1 pmb:11 smb:8148 d:- ref:0 ;
in:2528 out:2527 type:P dur:2 cpbdur:2 q:32.66 aq:22.07 tex:15324 mv:3072 misc:3116 imb:79 pmb:642 smb:7439 d:- ref:0 ;
in:2527 out:2528 type:b dur:2 cpbdur:2 q:32.66 aq:33.58 tex:56 mv:24 misc:416 imb:0 pmb:4 smb:8156 d:- ref:0 ;
in:2530 out:2529 type:P dur:2 cpbdur:2 q:32.66 aq:24.90 tex:9130 mv:1732 misc:1882 imb:29 pmb:354 smb:7777 d:- ref:0 ;
in:2529 out:2530 type:b dur:2 cpbdur:2 q:32.66 aq:34.71 tex:182 mv:114 misc:456 imb:1 pmb:14 smb:8145 d:- ref:0 ;
in:2532 out:2531 type:P dur:2 cpbdur:2 q:32.65 aq:23.57 tex:17184 mv:3514 misc:3510 imb:134 pmb:645 smb:7381 d:- ref:0 ;
in:2531 out:2532 type:b dur:2 cpbdur:2 q:32.65 aq:27.83 tex:283 mv:129 misc:452 imb:1 pmb:14 smb:8145 d:- ref:0 ;
in:2534 out:2533 type:P dur:2 cpbdur:2 q:32.65 aq:23.86 tex:9697 mv:1934 misc:2089 imb:52 pmb:372 smb:7736 d:- ref:0 ;
in:2533 out:2534 type:b dur:2 cpbdur:2 q:32.65 aq:30.87 tex:474 mv:179 misc:459 imb:3 pmb:15 smb:8142 d:- ref:0 ;
in:2536 out:2535 type:P dur:2 cpbdur:2 q:32.64 aq:23.34 tex:17646 mv:3102 misc:3292 imb:116 pmb:624 smb:7420 d:- ref:0 ;
in:2535 out:2536 type:b dur:2 cpbdur:2 q:32.64 aq:29.83 tex:327 mv:173 misc:516 imb:6 pmb:18 smb:8136 d:- ref:0 ;
in:2538 out:2537 type:P dur:2 cpbdur:2 q:32.64 aq:22.82 tex:9621 mv:2060 misc:2359 imb:74 pmb:393 smb:7693 d:- ref:0 ;
in:2537 out:2538 type:b dur:2 cpbdur:2 q:32.64 aq:28.35 tex:192 mv:118 misc:474 imb:6 pmb:7 smb:8147 d:- ref:0 ;
in:2540 out:2539 type:P dur:2 cpbdur:2 q:32.63 aq:23.06 tex:15630 mv:3213 misc:3501 imb:128 pmb:629 smb:7403 d:- ref:0 ;
in:2539 out:2540 type:b dur:2 cpbdur:2 q:32.63 aq:34.43 tex:176 mv:125 misc:475 imb:4 pmb:10 smb:8146 d:- ref:0 ;
in:2542 out:2541 type:P dur:2 cpbdur:2 q:32.63 aq:23.45 tex:10167 mv:1891 misc:2110 imb:48 pmb:377 smb:7735 d:- ref:0 ;
in:2541 out:2542 type:b dur:2 cpbdur:2 q:32.63 aq:31.78 tex:374 mv:208 misc:498 imb:6 pmb:19 smb:8135 d:- ref:0 ;
in:2544 out:2543 type:P dur:2 cpbdur:2 q:32.61 aq:23.23 tex:17504 mv:3077 misc:3387 imb:127 pmb:631 smb:7402 d:- ref:0 ;
in:2543 out:2544 type:b dur:2 cpbdur:2 q:32.62 aq:30.94 tex:229 mv:159 misc:444 imb:2 pmb:16 smb:8142 d:- ref:0 ;
in:2546 out:2545 type:P dur:2 cpbdur:2 q:32.61 aq:23.73 tex:9277 mv:1879 misc:2068 imb:44 pmb:361 smb:7755 d:- ref:0 ;
in:2545 out:2546 type:b dur:2 cpbdur:2 q:32.61 aq:29.33 tex:496 mv:130 misc:470 imb:2 pmb:19 smb:8139 d:- ref:0 ;
in:2548 out:2547 type:P dur:2 cpbdur:2 q:32.61 aq:23.11 tex:16854 mv:2861 misc:3261 imb:109 pmb:606 smb:7445 d:- ref:0 ;
in:2547 out:2548 type:b dur:2 cpbdur:2 q:32.61 aq:34.46 tex:174 mv:107 misc:463 imb:4 pmb:9 smb:8147 d:- ref:0 ;
in:2550 out:2549 type:P dur:2 cpbdur:2 q:32.61 aq:23.90 tex:9496 mv:1947 misc:2173 imb:48 pmb:381 smb:7731 d:- ref:0 ;
in:2549 out:2550 type:b dur:2 cpbdur:2 q:32.61 aq:33.50 tex:129 mv:73 misc:438 imb:3 pmb:5 smb:8152 d:- ref:0 ;
in:2552 out:2551 type:P dur:2 cpbdur:2 q:32.60 aq:23.66 tex:16341 mv:3373 misc:3270 imb:97 pmb:648 smb:7415 d:- ref:0 ;
in:2551 out:2552 type:b dur:2 cpbdur:2 q:32.60 aq:32.51 tex:155 mv:81 misc:460 imb:1 pmb:11 smb:8148 d:- ref:0 ;
in:2554 out:2553 type:P dur:2 cpbdur:2 q:32.60 aq:24.35 tex:9600 mv:1949 misc:2179 imb:40 pmb:391 smb:7729 d:- ref:0 ;
in:2553 out:2554 type:b dur:2 cpbdur:2 q:32.60 aq:34.35 tex:362 mv:106 misc:444 imb:3 pmb:14 smb:8143 d:- ref:0 ;
in:2556 out:2555 type:P dur:2 cpbdur:2 q:32.59 aq:22.48 tex:17617 mv:3101 misc:3298 imb:127 pmb:601 smb:7432 d:- ref:0 ;
in:2555 out:2556 type:b dur:2 cpbdur:2 q:32.60 aq:31.46 tex:262 mv:177 misc:457 imb:2 pmb:20 smb:8138 d:- ref:0 ;
in:2558 out:2557 type:P dur:2 cpbdur:2 q:32.60 aq:23.65 tex:9903 mv:1997 misc:2172 imb:43 pmb:384 smb:7733 d:- ref:0 ;
in:2557 out:2558 type:b dur:2 cpbdur:2 q:32.60 aq:34.03 tex:396 mv:124 misc:432 imb:1 pmb:16 smb:8143 d:- ref:0 ;
in:2560 out:2559 type:P dur:2 cpbdur:2 q:32.59 aq:23.31 tex:16388 mv:3222 misc:3094 imb:109 pmb:609 smb:7442 d:- ref:0 ;
in:2559 out:2560 type:b dur:2 cpbdur:2 q:32.60 aq:29.29 tex:203 mv:74 misc:451 imb:3 pmb:7 smb:8150 d:- ref:0 ;
in:2562 out:2561 type:P dur:2 cpbdur:2 q:32.60 aq:23.93 tex:10145 mv:1939 misc:2156 imb:54 pmb:377 smb:7729 d:- ref:0 ;
in:2561 out:2562 type:b dur:2 cpbdur:2 q:32.60 aq:33.65 tex:106 mv:72 misc:446 imb:0 pmb:11 smb:8149 d:- ref:0 ;
in:2564 out:2563 type:P dur:2 cpbdur:2 q:32.58 aq:23.60 tex:15309 mv:2911 misc:3020 imb:84 pmb:590 smb:7486 d:- ref:0 ;
in:2563 out:2564 type:b dur:2 cpbdur:2 q:32.59 aq:32.76 tex:160 mv:65 misc:455 imb:1 pmb:8 smb:8151 d:- ref:0 ;
in:2566 out:2565 type:P dur:2 cpbdur:2 q:32.58 aq:24.79 tex:11389 mv:1885 misc:2046 imb:36 pmb:377 smb:7747 d:- ref:0 ;
in:2565 out:2566 type:b dur:2 cpbdur:2 q:32.58 aq:32.40 tex:326 mv:160 misc:474 imb:4 pmb:20 smb:8136 d:- ref:0 ;
in:2568 out:2567 type:P dur:2 cpbdur:2 q:32.57 aq:23.44 tex:15124 mv:2597 misc:2967 imb:90 pmb:532 smb:7538 d:- ref:0 ;
in:2567 out:2568 type:b dur:2 cpbdur:2 q:32.58 aq:32.30 tex:264 mv:254 misc:466 imb:3 pmb:21 smb:8136 d:- ref:0 ;
in:2570 out:2569 type:P dur:2 cpbdur:2 q:32.57 aq:23.66 tex:10037 mv:2048 misc:2171 imb:42 pmb:386 smb:7732 d:- ref:0 ;
in:2569 out:2570 type:b dur:2 cpbdur:2 q:32.57 aq:31.59 tex:459 mv:179 misc:466 imb:0 pmb:23 smb:8137 d:- ref:0 ;
in:2572 out:2571 type:P dur:2 cpbdur:2 q:32.57 aq:23.59 tex:16244 mv:2920 misc:3060 imb:92 pmb:602 smb:7466 d:- ref:0 ;
in:2571 out:2572 type:b dur:2 cpbdur:2 q:32.57 aq:27.91 tex:246 mv:136 misc:474 imb:2 pmb:13 smb:8145 d:- ref:0 ;
in:2574 out:2573 type:P dur:2 cpbdur:2 q:32.57 aq:24.43 tex:8469 mv:1681 misc:2050 imb:43 pmb:342 smb:7775 d:- ref:0 ;
in:2573 out:2574 type:b dur:2 cpbdur:2 q:32.57 aq:29.21 tex:63 mv:83 misc:438 imb:4 pmb:3 smb:8153 d:- ref:0 ;
in:2576 out:2575 type:P dur:2 cpbdur:2 q:32.56 aq:23.07 tex:15521 mv:2809 misc:3206 imb:102 pmb:584 smb:7474 d:- ref:0 ;
in:2575 out:2576 type:b dur:2 cpbdur:2 q:32.57 aq:31.00 tex:2 mv:31 misc:431 imb:0 pmb:5 smb:8155 d:- ref:0 ;
in:2578 out:2577 type:P dur:2 cpbdur:2 q:32.57 aq:23.67 tex:9166 mv:1945 misc:2169 imb:35 pmb:388 smb:7737 d:- ref:0 ;
in:2577 out:2578 type:b dur:2 cpbdur:2 q:32.57 aq:33.59 tex:148 mv:97 misc:435 imb:0 pmb:14 smb:8146 d:- ref:0 ;
in:2580 out:2579 type:P dur:2 cpbdur:2 q:32.56 aq:23.50 tex:15305 mv:2461 misc:2922 imb:78 pmb:540 smb:7542 d:- ref:0 ;
in:2579 out:2580 type:b dur:2 cpbdur:2 q:32.57 aq:33.05 tex:389 mv:200 misc:491 imb:2 pmb:22 smb:8136 d:- ref:0 ;
in:2582 out:2581 type:P dur:2 cpbdur:2 q:32.56 aq:24.23 tex:7871 mv:1524 misc:1949 imb:42 pmb:317 smb:7801 d:- ref:0 ;
in:2581 out:2582 type:b dur:2 cpbdur:2 q:32.56 aq:33.12 tex:287 mv:121 misc:440 imb:0 pmb:13 smb:8147 d:- ref:0 ;
in:2584 out:2583 type:P dur:2 cpbdur:2 q:32.56 aq:23.63 tex:14648 mv:2673 misc:2871 imb:82 pmb:544 smb:7534 d:- ref:0 ;
in:2583 out:2584 type:b dur:2 cpbdur:2 q:32.56 aq:32.88 tex:89 mv:161 misc:494 imb:1 pmb:18 smb:8141 d:- ref:0 ;
in:2586 out:2585 type:P dur:2 cpbdur:2 q:32.56 aq:24.24 tex:8487 mv:1859 misc:2086 imb:50 pmb:341 smb:7769 d:- ref:0 ;
in:2585 out:2586 type:b dur:2 cpbdur:2 q:32.56 aq:34.21 tex:31 mv:60 misc:437 imb:0 pmb:6 smb:8154 d:- ref:0 ;
in:2588 out:2587 type:P dur:2 cpbdur:2 q:32.55 aq:23.67 tex:14569 mv:2792 misc:3047 imb:92 pmb:581 smb:7487 d:- ref:0 ;
in:2587 out:2588 type:b dur:2 cpbdur:2 q:32.56 aq:34.09 tex:107 mv:53 misc:432 imb:0 pmb:7 smb:8153 d:- ref:0 ;
in:2590 out:2589 type:P dur:2 cpbdur:2 q:32.55 aq:23.48 tex:10897 mv:1863 misc:2192 imb:39 pmb:399 smb:7722 d:- ref:0 ;
in:2589 out:2590 type:b dur:2 cpbdur:2 q:32.55 aq:34.35 tex:375 mv:85 misc:444 imb:1 pmb:13 smb:8146 d:- ref:0 ;
in:2592 out:2591 type:P dur:2 cpbdur:2 q:32.54 aq:23.58 tex:16047 mv:2752 misc:3025 imb:89 pmb:592 smb:7479 d:- ref:0 ;
in:2591 out:2592 type:b dur:2 cpbdur:2 q:32.55 aq:31.38 tex:327 mv:169 misc:464 imb:2 pmb:17 smb:8141 d:- ref:0 ;
in:2594 out:2593 type:P dur:2 cpbdur:2 q:32.55 aq:24.65 tex:9939 mv:1896 misc:2029 imb:28 pmb:395 smb:7737 d:- ref:0 ;
in:2593 out:2594 type:b dur:2 cpbdur:2 q:32.54 aq:32.31 tex:234 mv:132 misc:466 imb:1 pmb:17 smb:8142 d:- ref:0 ;
in:2596 out:2595 type:P dur:2 cpbdur:2 q:32.53 aq:23.58 tex:17016 mv:2449 misc:2719 imb:61 pmb:546 smb:7553 d:- ref:0 ;
in:2595 out:2596 type:b dur:2 cpbdur:2 q:32.54 aq:32.94 tex:92 mv:150 misc:486 imb:0 pmb:22 smb:8138 d:- ref:0 ;
in:2598 out:2597 type:P dur:2 cpbdur:2 q:32.53 aq:24.05 tex:9829 mv:1649 misc:2138 imb:42 pmb:378 smb:7740 d:- ref:0 ;
in:2597 out:2598 type:b dur:2 cpbdur:2 q:32.53 aq:31.32 tex:109 mv:41 misc:434 imb:0 pmb:8 smb:8152 d:- ref:0 ;
in:2600 out:2599 type:P dur:2 cpbdur:2 q:32.52 aq:23.50 tex:14618 mv:2666 misc:2996 imb:87 pmb:570 smb:7503 d:- ref:0 ;
in:2599 out:2600 type:b dur:2 cpbdur:2 q:32.53 aq:33.77 tex:160 mv:56 misc:440 imb:2 pmb:7 smb:8151 d:- ref:0 ;
in:2602 out:2601 type:P dur:2 cpbdur:2 q:32.52 aq:24.31 tex:10324 mv:1702 misc:1966 imb:27 pmb:367 smb:7766 d:- ref:0 ;
in:2601 out:2602 type:b dur:2 cpbdur:2 q:32.52 aq:32.61 tex:442 mv:111 misc:439 imb:3 pmb:11 smb:8146 d:- ref:0 ;
in:2604 out:2603 type:P dur:2 cpbdur:2 q:32.51 aq:23.11 tex:17252 mv:2653 misc:3095 imb:85 pmb:590 smb:7485 d:- ref:0 ;
in:2603 out:2604 type:b dur:2 cpbdur:2 q:32.51 aq:32.70 tex:307 mv:119 misc:446 imb:1 pmb:15 smb:8144 d:- ref:0 ;
in:2606 out:2605 type:P dur:2 cpbdur:2 q:32.50 aq:24.14 tex:12164 mv:2031 misc:2189 imb:37 pmb:423 smb:7700 d:- ref:0 ;
in:2605 out:2606 type:b dur:2 cpbdur:2 q:32.51 aq:32.10 tex:134 mv:80 misc:442 imb:0 pmb:14 smb:8146 d:- ref:0 ;
in:2608 out:2607 type:P dur:2 cpbdur:2 q:32.50 aq:22.93 tex:18658 mv:2824 misc:3150 imb:101 pmb:600 smb:7459 d:- ref:0 ;
in:2607 out:2608 type:b dur:2 cpbdur:2 q:32.50 aq:33.92 tex:87 mv:100 misc:461 imb:1 pmb:11 smb:8148 d:- ref:0 ;
in:2610 out:2609 type:P dur:2 cpbdur:2 q:32.50 aq:23.39 tex:12686 mv:1912 misc:2138 imb:41 pmb:415 smb:7704 d:- ref:0 ;
in:2609 out:2610 type:b dur:2 cpbdur:2 q:32.50 aq:31.72 tex:45 mv:61 misc:430 imb:2 pmb:4 smb:8154 d:- ref:0 ;
in:2612 out:2611 type:P dur:2 cpbdur:2 q:32.50 aq:23.20 tex:19613 mv:2985 misc:3050 imb:100 pmb:629 smb:7431 d:- ref:0 ;
in:2611 out:2612 type:b dur:2 cpbdur:2 q:32.50 aq:34.13 tex:32 mv:43 misc:421 imb:0 pmb:4 smb:8156 d:- ref:0 ;
in:2614 out:2613 type:P dur:2 cpbdur:2 q:32.50 aq:23.73 tex:10700 mv:1224 misc:1940 imb:29 pmb:338 smb:7793 d:- ref:0 ;
in:2613 out:2614 type:b dur:2 cpbdur:2 q:32.50 aq:25.21 tex:23 mv:12 misc:397 imb:1 pmb:0 smb:8159 d:- ref:0 ;
in:2616 out:2615 type:P dur:2 cpbdur:2 q:32.48 aq:23.56 tex:15550 mv:1945 misc:2745 imb:55 pmb:515 smb:7590 d:- ref:0 ;
in:2615 out:2616 type:b dur:2 cpbdur:2 q:32.49 aq:29.81 tex:171 mv:40 misc:437 imb:2 pmb:5 smb:8153 d:- ref:0 ;
in:2618 out:2617 type:P dur:2 cpbdur:2 q:32.47 aq:23.80 tex:8149 mv:954 misc:1929 imb:30 pmb:278 smb:7852 d:- ref:0 ;
in:2617 out:2618 type:b dur:2 cpbdur:2 q:32.48 aq:31.91 tex:45 mv:16 misc:403 imb:1 pmb:1 smb:8158 d:- ref:0 ;
in:2620 out:2619 type:P dur:2 cpbdur:2 q:32.46 aq:23.18 tex:13690 mv:1614 misc:2736 imb:50 pmb:484 smb:7626 d:- ref:0 ;
in:2619 out:2620 type:b dur:2 cpbdur:2 q:32.46 aq:31.07 tex:29 mv:5 misc:398 imb:0 pmb:1 smb:8159 d:- ref:0 ;
in:2622 out:2621 type:P dur:2 cpbdur:2 q:32.45 aq:23.07 tex:6846 mv:849 misc:1801 imb:19 pmb:248 smb:7893 d:- ref:0 ;
in:2621 out:2622 type:b dur:2 cpbdur:2 q:32.45 aq:31.92 tex:40 mv:23 misc:401 imb:2 pmb:0 smb:8158 d:- ref:0 ;
in:2624 out:2623 type:P dur:2 cpbdur:2 q:32.44 aq:23.79 tex:13133 mv:1524 misc:2591 imb:49 pmb:464 smb:7647 d:- ref:0 ;
in:2623 out:2624 type:b dur:2 cpbdur:2 q:32.45 aq:30.96 tex:59 mv:53 misc:424 imb:2 pmb:3 smb:8155 d:- ref:0 ;
in:2626 out:2625 type:P dur:2 cpbdur:2 q:32.43 aq:23.01 tex:10254 mv:973 misc:1981 imb:23 pmb:310 smb:7827 d:- ref:0 ;
in:2625 out:2626 type:b dur:2 cpbdur:2 q:32.43 aq:21.06 tex:28 mv:30 misc:414 imb:2 pmb:4 smb:8154 d:- ref:0 ;
in:2628 out:2627 type:P dur:2 cpbdur:2 q:32.42 aq:23.34 tex:11947 mv:1565 misc:2656 imb:53 pmb:452 smb:7655 d:- ref:0 ;
in:2627 out:2628 type:b dur:2 cpbdur:2 q:32.43 aq:28.31 tex:107 mv:50 misc:427 imb:4 pmb:1 smb:8155 d:- ref:0 ;
in:2630 out:2629 type:P dur:2 cpbdur:2 q:32.42 aq:24.10 tex:7400 mv:846 misc:1802 imb:25 pmb:261 smb:7874 d:- ref:0 ;
in:2629 out:2630 type:b dur:2 cpbdur:2 q:32.42 aq:19.72 tex:70 mv:19 misc:415 imb:1 pmb:2 smb:8157 d:- ref:0 ;
in:2632 out:2631 type:P dur:2 cpbdur:2 q:32.41 aq:24.05 tex:13983 mv:1653 misc:2644 imb:69 pmb:473 smb:7618 d:- ref:0 ;
in:2631 out:2632 type:b dur:2 cpbdur:2 q:32.42 aq:19.73 tex:66 mv:41 misc:429 imb:3 pmb:2 smb:8155 d:- ref:0 ;
in:2634 out:2633 type:P dur:2 cpbdur:2 q:32.42 aq:24.42 tex:7470 mv:831 misc:1803 imb:22 pmb:272 smb:7866 d:- ref:0 ;
in:2633 out:2634 type:b dur:2 cpbdur:2 q:32.42 aq:29.69 tex:98 mv:16 misc:406 imb:1 pmb:1 smb:8158 d:- ref:0 ;
in:2636 out:2635 type:P dur:2 cpbdur:2 q:32.40 aq:23.74 tex:12410 mv:1364 misc:2498 imb:52 pmb:429 smb:7679 d:- ref:0 ;
in:2635 out:2636 type:b dur:2 cpbdur:2 q:32.41 aq:31.36 tex:92 mv:40 misc:428 imb:3 pmb:2 smb:8155 d:- ref:0 ;
in:2638 out:2637 type:P dur:2 cpbdur:2 q:32.39 aq:25.26 tex:7485 mv:734 misc:1661 imb:19 pmb:257 smb:7884 d:- ref:0 ;
in:2637 out:2638 type:b dur:2 cpbdur:2 q:32.40 aq:30.95 tex:61 mv:27 misc:424 imb:1 pmb:4 smb:8155 d:- ref:0 ;
in:2640 out:2639 type:P dur:2 cpbdur:2 q:32.38 aq:24.21 tex:12964 mv:1345 misc:2523 imb:43 pmb:442 smb:7675 d:- ref:0 ;
in:2639 out:2640 type:b dur:2 cpbdur:2 q:32.38 aq:23.49 tex:55 mv:45 misc:420 imb:4 pmb:0 smb:8156 d:- ref:0 ;
in:2642 out:2641 type:P dur:2 cpbdur:2 q:32.37 aq:24.75 tex:6801 mv:651 misc:1700 imb:13 pmb:236 smb:7911 d:- ref:0 ;
in:2641 out:2642 type:b dur:2 cpbdur:2 q:32.38 aq:24.58 tex:25 mv:26 misc:413 imb:2 pmb:1 smb:8157 d:- ref:0 ;
in:2644 out:2643 type:P dur:2 cpbdur:2 q:32.37 aq:24.20 tex:12105 mv:1387 misc:2388 imb:43 pmb:411 smb:7706 d:- ref:0 ;
in:2643 out:2644 type:b dur:2 cpbdur:2 q:32.37 aq:32.16 tex:96 mv:22 misc:418 imb:1 pmb:3 smb:8156 d:- ref:0 ;
in:2646 out:2645 type:P dur:2 cpbdur:2 q:32.36 aq:25.78 tex:6498 mv:559 misc:1599 imb:8 pmb:226 smb:7926 d:- ref:0 ;
in:2645 out:2646 type:b dur:2 cpbdur:2 q:32.36 aq:30.95 tex:18 mv:12 misc:394 imb:1 pmb:0 smb:8159 d:- ref:0 ;
in:2648 out:2647 type:P dur:2 cpbdur:2 q:32.34 aq:25.01 tex:10767 mv:1040 misc:2129 imb:21 pmb:358 smb:7781 d:- ref:0 ;
in:2647 out:2648 type:b dur:2 cpbdur:2 q:32.35 aq:20.77 tex:65 mv:43 misc:412 imb:4 pmb:0 smb:8156 d:- ref:0 ;
in:2652 out:2649 type:P dur:2 cpbdur:2 q:32.32 aq:23.48 tex:28232 mv:3862 misc:4450 imb:109 pmb:1033 smb:7018 d:- ref:0 ;
in:2650 out:2650 type:B dur:2 cpbdur:2 q:32.33 aq:29.95 tex:115 mv:43 misc:450 imb:2 pmb:6 smb:8152 d:- ref:0 ;
in:2649 out:2651 type:b dur:2 cpbdur:2 q:32.33 aq:28.02 tex:87 mv:36 misc:429 imb:2 pmb:3 smb:8155 d:- ref:0 ;
in:2651 out:2652 type:b dur:2 cpbdur:2 q:32.32 aq:34.45 tex:72 mv:21 misc:419 imb:0 pmb:4 smb:8156 d:- ref:0 ;
in:2654 out:2653 type:P dur:2 cpbdur:2 q:32.52 aq:22.58 tex:16708 mv:2525 misc:3719 imb:122 pmb:636 smb:7402 d:- ref:0 ;
in:2653 out:2654 type:b dur:2 cpbdur:2 q:32.42 aq:20.64 tex:93 mv:55 misc:436 imb:3 pmb:3 smb:8154 d:- ref:0 ;
in:2656 out:2655 type:P dur:2 cpbdur:2 q:32.54 aq:23.11 tex:10738 mv:1057 misc:2197 imb:32 pmb:308 smb:7820 d:- ref:0 ;
in:2655 out:2656 type:b dur:2 cpbdur:2 q:32.53 aq:31.78 tex:61 mv:33 misc:426 imb:0 pmb:8 smb:8152 d:- ref:0 ;
in:2658 out:2657 type:P dur:2 cpbdur:2 q:32.53 aq:22.61 tex:13039 mv:1796 misc:2789 imb:65 pmb:480 smb:7615 d:- ref:0 ;
in:2657 out:2658 type:b dur:2 cpbdur:2 q:32.54 aq:32.00 tex:0 mv:0 misc:384 imb:0 pmb:0 smb:8160 d:- ref:0 ;
in:2660 out:2659 type:P dur:2 cpbdur:2 q:32.51 aq:22.78 tex:7997 mv:1048 misc:2099 imb:33 pmb:316 smb:7811 d:- ref:0 ;
in:2659 out:2660 type:b dur:2 cpbdur:2 q:32.52 aq:31.96 tex:27 mv:5 misc:392 imb:0 pmb:1 smb:8159 d:- ref:0 ;
in:2662 out:2661 type:P dur:2 cpbdur:2 q:32.50 aq:23.55 tex:12285 mv:1530 misc:2769 imb:61 pmb:456 smb:7643 d:- ref:0 ;
in:2661 out:2662 type:b dur:2 cpbdur:2 q:32.50 aq:29.90 tex:25 mv:27 misc:404 imb:1 pmb:1 smb:8158 d:- ref:0 ;
in:2664 out:2663 type:P dur:2 cpbdur:2 q:32.48 aq:23.33 tex:6021 mv:716 misc:1767 imb:34 pmb:220 smb:7906 d:- ref:0 ;
in:2663 out:2664 type:b dur:2 cpbdur:2 q:32.49 aq:24.63 tex:72 mv:36 misc:412 imb:3 pmb:1 smb:8156 d:- ref:0 ;
in:2666 out:2665 type:P dur:2 cpbdur:2 q:32.47 aq:22.97 tex:13477 mv:1862 misc:2997 imb:83 pmb:491 smb:7586 d:- ref:0 ;
in:2665 out:2666 type:b dur:2 cpbdur:2 q:32.48 aq:24.22 tex:63 mv:51 misc:422 imb:3 pmb:2 smb:8155 d:- ref:0 ;
in:2668 out:2667 type:P dur:2 cpbdur:2 q:32.38 aq:22.91 tex:6248 mv:850 misc:1870 imb:22 pmb:262 smb:7876 d:- ref:0 ;
in:2667 out:2668 type:b dur:2 cpbdur:2 q:32.43 aq:31.98 tex:31 mv:18 misc:399 imb:0 pmb:2 smb:8158 d:- ref:0 ;
in:2670 out:2669 type:P dur:2 cpbdur:2 q:32.31 aq:23.03 tex:15091 mv:1975 misc:3254 imb:71 pmb:565 smb:7524 d:- ref:0 ;
in:2669 out:2670 type:b dur:2 cpbdur:2 q:32.35 aq:24.68 tex:39 mv:16 misc:401 imb:1 pmb:1 smb:8158 d:- ref:0 ;
in:2672 out:2671 type:P dur:2 cpbdur:2 q:32.24 aq:22.81 tex:9322 mv:1132 misc:2290 imb:33 pmb:355 smb:7772 d:- ref:0 ;
in:2671 out:2672 type:b dur:2 cpbdur:2 q:32.27 aq:31.94 tex:28 mv:5 misc:391 imb:0 pmb:1 smb:8159 d:- ref:0 ;
in:2674 out:2673 type:P dur:2 cpbdur:2 q:32.21 aq:22.53 tex:16505 mv:2089 misc:3398 imb:86 pmb:621 smb:7453 d:- ref:0 ;
in:2673 out:2674 type:b dur:2 cpbdur:2 q:32.22 aq:31.84 tex:97 mv:23 misc:416 imb:1 pmb:3 smb:8156 d:- ref:0 ;
in:2676 out:2675 type:P dur:2 cpbdur:2 q:32.21 aq:22.83 tex:7188 mv:875 misc:2009 imb:26 pmb:285 smb:7849 d:- ref:0 ;
in:2675 out:2676 type:b dur:2 cpbdur:2 q:32.21 aq:21.53 tex:22 mv:15 misc:403 imb:1 pmb:1 smb:8158 d:- ref:0 ;
in:2678 out:2677 type:P dur:2 cpbdur:2 q:32.19 aq:22.83 tex:14097 mv:1886 misc:3089 imb:66 pmb:552 smb:7542 d:- ref:0 ;
in:2677 out:2678 type:b dur:2 cpbdur:2 q:32.20 aq:23.92 tex:104 mv:52 misc:428 imb:4 pmb:2 smb:8154 d:- ref:0 ;
in:2680 out:2679 type:P dur:2 cpbdur:2 q:32.19 aq:23.07 tex:6808 mv:887 misc:2033 imb:23 pmb:281 smb:7856 d:- ref:0 ;
in:2679 out:2680 type:b dur:2 cpbdur:2 q:32.19 aq:23.73 tex:92 mv:37 misc:431 imb:2 pmb:4 smb:8154 d:- ref:0 ;
in:2682 out:2681 type:P dur:2 cpbdur:2 q:32.17 aq:22.95 tex:13360 mv:1681 misc:2911 imb:70 pmb:498 smb:7592 d:- ref:0 ;
in:2681 out:2682 type:b dur:2 cpbdur:2 q:32.18 aq:25.70 tex:67 mv:41 misc:428 imb:3 pmb:2 smb:8155 d:- ref:0 ;
in:2684 out:2683 type:P dur:2 cpbdur:2 q:32.16 aq:24.00 tex:6548 mv:767 misc:1861 imb:14 pmb:269 smb:7877 d:- ref:0 ;
in:2683 out:2684 type:b dur:2 cpbdur:2 q:32.16 aq:24.23 tex:61 mv:55 misc:436 imb:4 pmb:2 smb:8154 d:- ref:0 ;
in:2686 out:2685 type:P dur:2 cpbdur:2 q:32.14 aq:22.74 tex:14110 mv:1794 misc:3064 imb:68 pmb:515 smb:7577 d:- ref:0 ;
in:2685 out:2686 type:b dur:2 cpbdur:2 q:32.15 aq:26.29 tex:95 mv:57 misc:440 imb:4 pmb:5 smb:8151 d:- ref:0 ;
in:2688 out:2687 type:P dur:2 cpbdur:2 q:32.14 aq:22.95 tex:7111 mv:1019 misc:2014 imb:36 pmb:268 smb:7856 d:- ref:0 ;
in:2687 out:2688 type:b dur:2 cpbdur:2 q:32.14 aq:31.00 tex:0 mv:0 misc:384 imb:0 pmb:0 smb:8160 d:- ref:0 ;
in:2690 out:2689 type:P dur:2 cpbdur:2 q:32.12 aq:23.11 tex:13217 mv:1653 misc:2850 imb:50 pmb:493 smb:7617 d:- ref:0 ;
in:2689 out:2690 type:b dur:2 cpbdur:2 q:32.13 aq:19.54 tex:24 mv:22 misc:402 imb:2 pmb:0 smb:8158 d:- ref:0 ;
in:2692 out:2691 type:P dur:2 cpbdur:2 q:32.12 aq:23.02 tex:6186 mv:889 misc:1925 imb:25 pmb:267 smb:7868 d:- ref:0 ;
in:2691 out:2692 type:b dur:2 cpbdur:2 q:32.12 aq:19.15 tex:51 mv:33 misc:420 imb:2 pmb:2 smb:8156 d:- ref:0 ;
in:2694 out:2693 type:P dur:2 cpbdur:2 q:32.10 aq:22.78 tex:14672 mv:2290 misc:3078 imb:62 pmb:594 smb:7504 d:- ref:0 ;
in:2693 out:2694 type:b dur:2 cpbdur:2 q:32.11 aq:24.34 tex:162 mv:86 misc:464 imb:3 pmb:9 smb:8148 d:- ref:0 ;
in:2696 out:2695 type:P dur:2 cpbdur:2 q:32.10 aq:23.64 tex:13204 mv:2257 misc:2467 imb:40 pmb:496 smb:7624 d:- ref:0 ;
in:2695 out:2696 type:b dur:2 cpbdur:2 q:32.10 aq:27.33 tex:187 mv:72 misc:453 imb:3 pmb:7 smb:8150 d:- ref:0 ;
in:2698 out:2697 type:P dur:2 cpbdur:2 q:32.10 aq:23.05 tex:19338 mv:3089 misc:3365 imb:94 pmb:678 smb:7388 d:- ref:0 ;
in:2697 out:2698 type:b dur:2 cpbdur:2 q:32.10 aq:27.48 tex:205 mv:130 misc:481 imb:3 pmb:13 smb:8144 d:- ref:0 ;
in:2700 out:2699 type:P dur:2 cpbdur:2 q:32.11 aq:22.92 tex:12190 mv:2056 misc:2458 imb:51 pmb:455 smb:7654 d:- ref:0 ;
in:2699 out:2700 type:b dur:2 cpbdur:2 q:32.11 aq:25.82 tex:574 mv:295 misc:539 imb:3 pmb:30 smb:8127 d:- ref:0 ;
in:2702 out:2701 type:P dur:2 cpbdur:2 q:32.10 aq:22.98 tex:19133 mv:2979 misc:3144 imb:97 pmb:618 smb:7445 d:- ref:0 ;
in:2701 out:2702 type:b dur:2 cpbdur:2 q:32.11 aq:29.18 tex:463 mv:171 misc:478 imb:3 pmb:20 smb:8137 d:- ref:0 ;
in:2704 out:2703 type:P dur:2 cpbdur:2 q:32.10 aq:23.16 tex:10802 mv:2250 misc:2372 imb:32 pmb:469 smb:7659 d:- ref:0 ;
in:2703 out:2704 type:b dur:2 cpbdur:2 q:32.10 aq:27.29 tex:502 mv:140 misc:470 imb:7 pmb:14 smb:8139 d:- ref:0 ;
in:2706 out:2705 type:P dur:2 cpbdur:2 q:32.09 aq:23.47 tex:18118 mv:3057 misc:3257 imb:77 pmb:690 smb:7393 d:- ref:0 ;
in:2705 out:2706 type:b dur:2 cpbdur:2 q:32.09 aq:29.25 tex:163 mv:69 misc:472 imb:1 pmb:11 smb:8148 d:- ref:0 ;
in:2708 out:2707 type:P dur:2 cpbdur:2 q:32.08 aq:22.98 tex:12391 mv:2146 misc:2383 imb:47 pmb:460 smb:7653 d:- ref:0 ;
in:2707 out:2708 type:b dur:2 cpbdur:2 q:32.09 aq:29.55 tex:158 mv:102 misc:460 imb:2 pmb:10 smb:8148 d:- ref:0 ;
in:2710 out:2709 type:P dur:2 cpbdur:2 q:32.07 aq:22.82 tex:20490 mv:3180 misc:3346 imb:72 pmb:722 smb:7366 d:- ref:0 ;
in:2709 out:2710 type:b dur:2 cpbdur:2 q:32.08 aq:32.21 tex:230 mv:101 misc:461 imb:3 pmb:10 smb:8147 d:- ref:0 ;
in:2712 out:2711 type:P dur:2 cpbdur:2 q:32.08 aq:23.62 tex:11280 mv:2007 misc:2177 imb:47 pmb:412 smb:7701 d:- ref:0 ;
in:2711 out:2712 type:b dur:2 cpbdur:2 q:32.08 aq:31.70 tex:709 mv:192 misc:499 imb:4 pmb:24 smb:8132 d:- ref:0 ;
in:2714 out:2713 type:P dur:2 cpbdur:2 q:32.06 aq:22.93 tex:19789 mv:2984 misc:3171 imb:88 pmb:666 smb:7406 d:- ref:0 ;
in:2713 out:2714 type:b dur:2 cpbdur:2 q:32.07 aq:30.84 tex:409 mv:181 misc:490 imb:2 pmb:23 smb:8135 d:- ref:0 ;
in:2716 out:2715 type:P dur:2 cpbdur:2 q:32.06 aq:24.22 tex:14248 mv:2133 misc:2275 imb:47 pmb:440 smb:7673 d:- ref:0 ;
in:2715 out:2716 type:b dur:2 cpbdur:2 q:32.06 aq:29.47 tex:425 mv:158 misc:481 imb:2 pmb:22 smb:8136 d:- ref:0 ;
in:2718 out:2717 type:P dur:2 cpbdur:2 q:32.06 aq:22.19 tex:19893 mv:3192 misc:3347 imb:99 pmb:690 smb:7371 d:- ref:0 ;
in:2717 out:2718 type:b dur:2 cpbdur:2 q:32.06 aq:25.81 tex:103 mv:154 misc:471 imb:4 pmb:11 smb:8145 d:- ref:0 ;
in:2720 out:2719 type:P dur:2 cpbdur:2 q:32.07 aq:22.58 tex:12414 mv:2225 misc:2377 imb:58 pmb:445 smb:7657 d:- ref:0 ;
in:2719 out:2720 type:b dur:2 cpbdur:2 q:32.06 aq:28.38 tex:246 mv:145 misc:489 imb:6 pmb:11 smb:8143 d:- ref:0 ;
in:2722 out:2721 type:P dur:2 cpbdur:2 q:32.06 aq:22.81 tex:19082 mv:3072 misc:3182 imb:91 pmb:670 smb:7399 d:- ref:0 ;
in:2721 out:2722 type:b dur:2 cpbdur:2 q:32.06 aq:27.64 tex:418 mv:152 misc:486 imb:9 pmb:9 smb:8142 d:- ref:0 ;
in:2724 out:2723 type:P dur:2 cpbdur:2 q:32.06 aq:23.51 tex:11881 mv:1776 misc:2263 imb:41 pmb:416 smb:7703 d:- ref:0 ;
in:2723 out:2724 type:b dur:2 cpbdur:2 q:32.06 aq:32.05 tex:501 mv:144 misc:483 imb:2 pmb:19 smb:8139 d:- ref:0 ;
in:2726 out:2725 type:P dur:2 cpbdur:2 q:32.05 aq:22.94 tex:19954 mv:2837 misc:3153 imb:78 pmb:658 smb:7424 d:- ref:0 ;
in:2725 out:2726 type:b dur:2 cpbdur:2 q:32.06 aq:34.00 tex:490 mv:144 misc:486 imb:2 pmb:19 smb:8139 d:- ref:0 ;
in:2728 out:2727 type:P dur:2 cpbdur:2 q:32.06 aq:23.30 tex:11646 mv:1924 misc:2366 imb:40 pmb:422 smb:7698 d:- ref:0 ;
in:2727 out:2728 type:b dur:2 cpbdur:2 q:32.06 aq:25.76 tex:390 mv:132 misc:454 imb:2 pmb:15 smb:8143 d:- ref:0 ;
in:2730 out:2729 type:P dur:2 cpbdur:2 q:32.05 aq:22.64 tex:17823 mv:2862 misc:3251 imb:69 pmb:672 smb:7419 d:- ref:0 ;
in:2729 out:2730 type:b dur:2 cpbdur:2 q:32.06 aq:26.35 tex:442 mv:129 misc:477 imb:4 pmb:12 smb:8144 d:- ref:0 ;
in:2732 out:2731 type:P dur:2 cpbdur:2 q:32.07 aq:22.99 tex:11731 mv:1847 misc:2374 imb:35 pmb:437 smb:7688 d:- ref:0 ;
in:2731 out:2732 type:b dur:2 cpbdur:2 q:32.06 aq:28.62 tex:122 mv:66 misc:444 imb:3 pmb:7 smb:8150 d:- ref:0 ;
in:2734 out:2733 type:P dur:2 cpbdur:2 q:32.06 aq:23.00 tex:18728 mv:2754 misc:3238 imb:98 pmb:637 smb:7425 d:- ref:0 ;
in:2733 out:2734 type:b dur:2 cpbdur:2 q:32.07 aq:34.05 tex:94 mv:40 misc:442 imb:1 pmb:6 smb:8153 d:- ref:0 ;
in:2736 out:2735 type:P dur:2 cpbdur:2 q:32.07 aq:23.40 tex:11022 mv:1787 misc:2255 imb:36 pmb:411 smb:7713 d:- ref:0 ;
in:2735 out:2736 type:b dur:2 cpbdur:2 q:32.07 aq:30.94 tex:28 mv:26 misc:402 imb:1 pmb:2 smb:8157 d:- ref:0 ;
in:2738 out:2737 type:P dur:2 cpbdur:2 q:32.06 aq:23.04 tex:19086 mv:2598 misc:3244 imb:73 pmb:658 smb:7429 d:- ref:0 ;
in:2737 out:2738 type:b dur:2 cpbdur:2 q:32.07 aq:31.90 tex:135 mv:57 misc:448 imb:2 pmb:8 smb:8150 d:- ref:0 ;
in:2740 out:2739 type:P dur:2 cpbdur:2 q:32.07 aq:23.53 tex:9950 mv:1727 misc:2179 imb:40 pmb:400 smb:7720 d:- ref:0 ;
in:2739 out:2740 type:b dur:2 cpbdur:2 q:32.07 aq:26.79 tex:145 mv:76 misc:451 imb:2 pmb:7 smb:8151 d:- ref:0 ;
in:2742 out:2741 type:P dur:2 cpbdur:2 q:32.06 aq:23.13 tex:18061 mv:2998 misc:3141 imb:79 pmb:661 smb:7420 d:- ref:0 ;
in:2741 out:2742 type:b dur:2 cpbdur:2 q:32.07 aq:28.88 tex:668 mv:168 misc:500 imb:5 pmb:18 smb:8137 d:- ref:0 ;
in:2744 out:2743 type:P dur:2 cpbdur:2 q:32.07 aq:23.21 tex:10977 mv:1738 misc:2181 imb:43 pmb:383 smb:7734 d:- ref:0 ;
in:2743 out:2744 type:b dur:2 cpbdur:2 q:32.07 aq:26.43 tex:316 mv:110 misc:470 imb:2 pmb:14 smb:8144 d:- ref:0 ;
in:2746 out:2745 type:P dur:2 cpbdur:2 q:32.06 aq:23.26 tex:20055 mv:2541 misc:3076 imb:66 pmb:613 smb:7481 d:- ref:0 ;
in:2745 out:2746 type:b dur:2 cpbdur:2 q:32.07 aq:27.12 tex:407 mv:212 misc:469 imb:4 pmb:17 smb:8139 d:- ref:0 ;
in:2748 out:2747 type:P dur:2 cpbdur:2 q:32.07 aq:23.50 tex:11247 mv:1774 misc:2227 imb:37 pmb:402 smb:7721 d:- ref:0 ;
in:2747 out:2748 type:b dur:2 cpbdur:2 q:32.07 aq:32.54 tex:431 mv:150 misc:475 imb:3 pmb:16 smb:8141 d:- ref:0 ;
in:2749 out:2749 type:P dur:2 cpbdur:2 q:32.06 aq:32.94 tex:299 mv:263 misc:582 imb:2 pmb:42 smb:8116 d:- ref:0 ;
in:2750 out:2750 type:I dur:2 cpbdur:2 q:29.17 aq:20.07 tex:498422 mv:142915 misc:687 imb:8160 pmb:0 smb:0 d:- ref:;
in:2752 out:2751 type:P dur:2 cpbdur:2 q:32.87 aq:24.47 tex:5798 mv:1157 misc:1589 imb:28 pmb:242 smb:7890 d:- ref:0 ;
in:2751 out:2752 type:b dur:2 cpbdur:2 q:32.87 aq:34.32 tex:130 mv:45 misc:433 imb:1 pmb:5 smb:8154 d:- ref:0 ;
in:2754 out:2753 type:P dur:2 cpbdur:2 q:32.85 aq:22.71 tex:12127 mv:2268 misc:2661 imb:86 pmb:439 smb:7635 d:- ref:0 ;
in:2753 out:2754 type:b dur:2 cpbdur:2 q:32.86 aq:28.67 tex:66 mv:53 misc:433 imb:2 pmb:4 smb:8154 d:- ref:0 ;
in:2756 out:2755 type:P dur:2 cpbdur:2 q:32.85 aq:24.18 tex:8051 mv:1481 misc:1892 imb:31 pmb:331 smb:7798 d:- ref:0 ;
in:2755 out:2756 type:b dur:2 cpbdur:2 q:32.85 aq:30.26 tex:108 mv:57 misc:443 imb:2 pmb:6 smb:8152 d:- ref:0 ;
in:2758 out:2757 type:P dur:2 cpbdur:2 q:32.83 aq:23.28 tex:13667 mv:2378 misc:2907 imb:87 pmb:506 smb:7567 d:- ref:0 ;
in:2757 out:2758 type:b dur:2 cpbdur:2 q:32.84 aq:35.05 tex:168 mv:98 misc:446 imb:3 pmb:8 smb:8149 d:- ref:0 ;
in:2760 out:2759 type:P dur:2 cpbdur:2 q:32.83 aq:24.47 tex:8048 mv:1642 misc:1918 imb:32 pmb:336 smb:7792 d:- ref:0 ;
in:2759 out:2760 type:b dur:2 cpbdur:2 q:32.83 aq:34.46 tex:349 mv:101 misc:446 imb:3 pmb:10 smb:8147 d:- ref:0 ;
in:2762 out:2761 type:P dur:2 cpbdur:2 q:32.81 aq:23.34 tex:13650 mv:2371 misc:2635 imb:85 pmb:473 smb:7602 d:- ref:0 ;
in:2761 out:2762 type:b dur:2 cpbdur:2 q:32.82 aq:33.22 tex:292 mv:75 misc:433 imb:0 pmb:11 smb:8149 d:- ref:0 ;
in:2764 out:2763 type:P dur:2 cpbdur:2 q:32.81 aq:22.69 tex:9076 mv:1828 misc:2080 imb:44 pmb:354 smb:7762 d:- ref:0 ;
in:2763 out:2764 type:b dur:2 cpbdur:2 q:32.81 aq:33.56 tex:406 mv:144 misc:442 imb:1 pmb:13 smb:8146 d:- ref:0 ;
in:2766 out:2765 type:P dur:2 cpbdur:2 q:32.79 aq:23.66 tex:15418 mv:2443 misc:2851 imb:87 pmb:532 smb:7541 d:- ref:0 ;
in:2765 out:2766 type:b dur:2 cpbdur:2 q:32.80 aq:32.43 tex:172 mv:32 misc:420 imb:1 pmb:6 smb:8153 d:- ref:0 ;
in:2768 out:2767 type:P dur:2 cpbdur:2 q:32.79 aq:24.09 tex:8257 mv:1717 misc:2002 imb:42 pmb:383 smb:7735 d:- ref:0 ;
in:2767 out:2768 type:b dur:2 cpbdur:2 q:32.79 aq:31.84 tex:25 mv:23 misc:400 imb:2 pmb:0 smb:8158 d:- ref:0 ;
in:2770 out:2769 type:P dur:2 cpbdur:2 q:32.93 aq:23.38 tex:11674 mv:2249 misc:2509 imb:69 pmb:447 smb:7644 d:- ref:0 ;
in:2769 out:2770 type:b dur:2 cpbdur:2 q:32.86 aq:33.02 tex:99 mv:24 misc:429 imb:0 pmb:5 smb:8155 d:- ref:0 ;
in:2772 out:2771 type:P dur:2 cpbdur:2 q:32.92 aq:24.93 tex:6309 mv:1455 misc:1764 imb:24 pmb:297 smb:7839 d:- ref:0 ;
in:2771 out:2772 type:b dur:2 cpbdur:2 q:32.92 aq:35.04 tex:30 mv:8 misc:402 imb:0 pmb:2 smb:8158 d:- ref:0 ;
in:2774 out:2773 type:P dur:2 cpbdur:2 q:32.90 aq:23.75 tex:13209 mv:2285 misc:2626 imb:75 pmb:468 smb:7617 d:- ref:0 ;
in:2773 out:2774 type:b dur:2 cpbdur:2 q:32.91 aq:31.90 tex:132 mv:93 misc:455 imb:2 pmb:9 smb:8149 d:- ref:0 ;
in:2776 out:2775 type:P dur:2 cpbdur:2 q:32.90 aq:23.58 tex:9979 mv:1459 misc:1810 imb:34 pmb:305 smb:7821 d:- ref:0 ;
in:2775 out:2776 type:b dur:2 cpbdur:2 q:32.90 aq:34.74 tex:133 mv:44 misc:423 imb:0 pmb:7 smb:8153 d:- ref:0 ;
in:2778 out:2777 type:P dur:2 cpbdur:2 q:32.89 aq:23.53 tex:13471 mv:2343 misc:2722 imb:65 pmb:517 smb:7578 d:- ref:0 ;
in:2777 out:2778 type:b dur:2 cpbdur:2 q:32.89 aq:34.11 tex:449 mv:95 misc:440 imb:2 pmb:11 smb:8147 d:- ref:0 ;
in:2780 out:2779 type:P dur:2 cpbdur:2 q:32.89 aq:24.78 tex:8419 mv:1651 misc:1850 imb:30 pmb:332 smb:7798 d:- ref:0 ;
in:2779 out:2780 type:b dur:2 cpbdur:2 q:32.89 aq:33.06 tex:220 mv:112 misc:460 imb:2 pmb:12 smb:8146 d:- ref:0 ;
in:2782 out:2781 type:P dur:2 cpbdur:2 q:32.87 aq:23.38 tex:12870 mv:2264 misc:2642 imb:78 pmb:486 smb:7596 d:- ref:0 ;
in:2781 out:2782 type:b dur:2 cpbdur:2 q:32.88 aq:34.50 tex:401 mv:101 misc:450 imb:0 pmb:15 smb:8145 d:- ref:0 ;
in:2784 out:2783 type:P dur:2 cpbdur:2 q:32.87 aq:24.34 tex:8661 mv:1636 misc:1959 imb:26 pmb:355 smb:7779 d:- ref:0 ;
in:2783 out:2784 type:b dur:2 cpbdur:2 q:32.87 aq:32.87 tex:110 mv:92 misc:430 imb:1 pmb:10 smb:8149 d:- ref:0 ;
in:2786 out:2785 type:P dur:2 cpbdur:2 q:32.86 aq:22.07 tex:12862 mv:2414 misc:2708 imb:73 pmb:509 smb:7578 d:- ref:0 ;
in:2785 out:2786 type:b dur:2 cpbdur:2 q:32.86 aq:29.56 tex:131 mv:17 misc:428 imb:0 pmb:5 smb:8155 d:- ref:0 ;
in:2788 out:2787 type:P dur:2 cpbdur:2 q:32.85 aq:23.46 tex:8067 mv:1468 misc:1961 imb:25 pmb:350 smb:7785 d:- ref:0 ;
in:2787 out:2788 type:b dur:2 cpbdur:2 q:32.85 aq:32.04 tex:81 mv:25 misc:422 imb:1 pmb:3 smb:8156 d:- ref:0 ;
in:2790 out:2789 type:P dur:2 cpbdur:2 q:32.83 aq:24.16 tex:12883 mv:2311 misc:2630 imb:58 pmb:497 smb:7605 d:- ref:0 ;
in:2789 out:2790 type:b dur:2 cpbdur:2 q:32.84 aq:34.56 tex:72 mv:22 misc:402 imb:1 pmb:2 smb:8157 d:- ref:0 ;
in:2792 out:2791 type:P dur:2 cpbdur:2 q:32.83 aq:24.64 tex:8089 mv:1333 misc:1810 imb:20 pmb:311 smb:7829 d:- ref:0 ;
in:2791 out:2792 type:b dur:2 cpbdur:2 q:32.83 aq:30.01 tex:170 mv:94 misc:464 imb:5 pmb:9 smb:8146 d:- ref:0 ;
in:2794 out:2793 type:P dur:2 cpbdur:2 q:32.82 aq:23.18 tex:12518 mv:2463 misc:2659 imb:52 pmb:507 smb:7601 d:- ref:0 ;
in:2793 out:2794 type:b dur:2 cpbdur:2 q:32.82 aq:29.62 tex:151 mv:81 misc:440 imb:2 pmb:6 smb:8152 d:- ref:0 ;
in:2796 out:2795 type:P dur:2 cpbdur:2 q:32.81 aq:24.25 tex:9441 mv:1695 misc:1984 imb:37 pmb:345 smb:7778 d:- ref:0 ;
in:2795 out:2796 type:b dur:2 cpbdur:2 q:32.81 aq:33.63 tex:412 mv:46 misc:406 imb:2 pmb:5 smb:8153 d:- ref:0 ;
in:2798 out:2797 type:P dur:2 cpbdur:2 q:32.80 aq:24.11 tex:13683 mv:2319 misc:2534 imb:66 pmb:489 smb:7605 d:- ref:0 ;
in:2797 out:2798 type:b dur:2 cpbdur:2 q:32.81 aq:34.20 tex:162 mv:86 misc:440 imb:0 pmb:9 smb:8151 d:- ref:0 ;
in:2800 out:2799 type:P dur:2 cpbdur:2 q:32.81 aq:23.86 tex:9490 mv:1451 misc:1931 imb:27 pmb:342 smb:7791 d:- ref:0 ;
in:2799 out:2800 type:b dur:2 cpbdur:2 q:32.81 aq:34.56 tex:329 mv:63 misc:440 imb:1 pmb:10 smb:8149 d:- ref:0 ;
in:2802 out:2801 type:P dur:2 cpbdur:2 q:32.80 aq:23.37 tex:14791 mv:2319 misc:2562 imb:42 pmb:534 smb:7584 d:- ref:0 ;
in:2801 out:2802 type:b dur:2 cpbdur:2 q:32.80 aq:33.17 tex:337 mv:103 misc:440 imb:0 pmb:12 smb:8148 d:- ref:0 ;
in:2804 out:2803 type:P dur:2 cpbdur:2 q:32.80 aq:24.41 tex:10387 mv:1673 misc:2076 imb:38 pmb:374 smb:7748 d:- ref:0 ;
in:2803 out:2804 type:b dur:2 cpbdur:2 q:32.80 aq:31.84 tex:26 mv:64 misc:430 imb:3 pmb:3 smb:8154 d:- ref:0 ;
in:2806 out:2805 type:P dur:2 cpbdur:2 q:32.79 aq:23.60 tex:17652 mv:2614 misc:2798 imb:67 pmb:558 smb:7535 d:- ref:0 ;
in:2805 out:2806 type:b dur:2 cpbdur:2 q:32.79 aq:31.94 tex:43 mv:70 misc:439 imb:1 pmb:8 smb:8151 d:- ref:0 ;
in:2808 out:2807 type:P dur:2 cpbdur:2 q:32.79 aq:23.84 tex:10621 mv:1749 misc:1998 imb:43 pmb:358 smb:7759 d:- ref:0 ;
in:2807 out:2808 type:b dur:2 cpbdur:2 q:32.79 aq:31.98 tex:28 mv:20 misc:408 imb:0 pmb:3 smb:8157 d:- ref:0 ;
in:2810 out:2809 type:P dur:2 cpbdur:2 q:32.78 aq:23.42 tex:17627 mv:2452 misc:2737 imb:70 pmb:547 smb:7543 d:- ref:0 ;
in:2809 out:2810 type:b dur:2 cpbdur:2 q:32.79 aq:34.08 tex:26 mv:5 misc:393 imb:0 pmb:1 smb:8159 d:- ref:0 ;
in:2812 out:2811 type:P dur:2 cpbdur:2 q:32.78 aq:23.97 tex:8798 mv:922 misc:1768 imb:21 pmb:282 smb:7857 d:- ref:0 ;
in:2811 out:2812 type:b dur:2 cpbdur:2 q:32.78 aq:30.36 tex:41 mv:27 misc:412 imb:2 pmb:1 smb:8157 d:- ref:0 ;
in:2814 out:2813 type:P dur:2 cpbdur:2 q:32.77 aq:23.42 tex:13108 mv:1671 misc:2565 imb:49 pmb:469 smb:7642 d:- ref:0 ;
in:2813 out:2814 type:b dur:2 cpbdur:2 q:32.77 aq:30.55 tex:53 mv:35 misc:424 imb:1 pmb:4 smb:8155 d:- ref:0 ;
in:2816 out:2815 type:P dur:2 cpbdur:2 q:32.76 aq:23.80 tex:7482 mv:960 misc:1958 imb:18 pmb:299 smb:7843 d:- ref:0 ;
in:2815 out:2816 type:b dur:2 cpbdur:2 q:32.76 aq:28.63 tex:47 mv:17 misc:408 imb:0 pmb:3 smb:8157 d:- ref:0 ;
in:2818 out:2817 type:P dur:2 cpbdur:2 q:32.75 aq:23.69 tex:13110 mv:1734 misc:2756 imb:68 pmb:467 smb:7625 d:- ref:0 ;
in:2817 out:2818 type:b dur:2 cpbdur:2 q:32.75 aq:31.92 tex:22 mv:14 misc:404 imb:1 pmb:1 smb:8158 d:- ref:0 ;
in:2820 out:2819 type:P dur:2 cpbdur:2 q:32.74 aq:23.32 tex:7472 mv:875 misc:1973 imb:27 pmb:280 smb:7853 d:- ref:0 ;
in:2819 out:2820 type:b dur:2 cpbdur:2 q:32.74 aq:32.00 tex:0 mv:0 misc:384 imb:0 pmb:0 smb:8160 d:- ref:0 ;
in:2822 out:2821 type:P dur:2 cpbdur:2 q:32.72 aq:22.97 tex:13331 mv:1601 misc:2684 imb:61 pmb:459 smb:7640 d:- ref:0 ;
in:2821 out:2822 type:b dur:2 cpbdur:2 q:32.73 aq:32.65 tex:97 mv:29 misc:426 imb:1 pmb:4 smb:8155 d:- ref:0 ;
in:2824 out:2823 type:P dur:2 cpbdur:2 q:32.72 aq:23.38 tex:7771 mv:798 misc:1887 imb:26 pmb:277 smb:7857 d:- ref:0 ;
in:2823 out:2824 type:b dur:2 cpbdur:2 q:32.72 aq:27.73 tex:20 mv:11 misc:393 imb:1 pmb:0 smb:8159 d:- ref:0 ;
in:2826 out:2825 type:P dur:2 cpbdur:2 q:32.70 aq:23.02 tex:12597 mv:1584 misc:2651 imb:51 pmb:472 smb:7637 d:- ref:0 ;
in:2825 out:2826 type:b dur:2 cpbdur:2 q:32.71 aq:31.95 tex:79 mv:20 misc:405 imb:1 pmb:2 smb:8157 d:- ref:0 ;
in:2828 out:2827 type:P dur:2 cpbdur:2 q:32.71 aq:23.31 tex:6558 mv:719 misc:1747 imb:27 pmb:233 smb:7900 d:- ref:0 ;
in:2827 out:2828 type:b dur:2 cpbdur:2 q:32.70 aq:32.00 tex:1 mv:11 misc:396 imb:0 pmb:1 smb:8159 d:- ref:0 ;
in:2830 out:2829 type:P dur:2 cpbdur:2 q:32.69 aq:24.43 tex:12057 mv:1345 misc:2486 imb:40 pmb:426 smb:7694 d:- ref:0 ;
in:2829 out:2830 type:b dur:2 cpbdur:2 q:32.70 aq:32.00 tex:1 mv:18 misc:397 imb:0 pmb:1 smb:8159 d:- ref:0 ;
in:2832 out:2831 type:P dur:2 cpbdur:2 q:32.67 aq:24.03 tex:6539 mv:801 misc:1780 imb:21 pmb:252 smb:7887 d:- ref:0 ;
in:2831 out:2832 type:b dur:2 cpbdur:2 q:32.68 aq:31.97 tex:28 mv:8 misc:404 imb:0 pmb:2 smb:8158 d:- ref:0 ;
in:2834 out:2833 type:P dur:2 cpbdur:2 q:32.66 aq:23.05 tex:12271 mv:1625 misc:2696 imb:59 pmb:454 smb:7647 d:- ref:0 ;
in:2833 out:2834 type:b dur:2 cpbdur:2 q:32.66 aq:31.97 tex:35 mv:17 misc:404 imb:1 pmb:1 smb:8158 d:- ref:0 ;
in:2836 out:2835 type:P dur:2 cpbdur:2 q:32.65 aq:24.71 tex:7521 mv:657 misc:1670 imb:13 pmb:231 smb:7916 d:- ref:0 ;
in:2835 out:2836 type:b dur:2 cpbdur:2 q:32.65 aq:31.97 tex:45 mv:19 misc:416 imb:0 pmb:6 smb:8154 d:- ref:0 ;
in:2838 out:2837 type:P dur:2 cpbdur:2 q:32.63 aq:23.63 tex:11716 mv:1280 misc:2372 imb:34 pmb:403 smb:7723 d:- ref:0 ;
in:2837 out:2838 type:b dur:2 cpbdur:2 q:32.64 aq:31.91 tex:58 mv:39 misc:415 imb:3 pmb:1 smb:8156 d:- ref:0 ;
in:2840 out:2839 type:P dur:2 cpbdur:2 q:32.62 aq:23.48 tex:6165 mv:915 misc:1840 imb:36 pmb:234 smb:7890 d:- ref:0 ;
in:2839 out:2840 type:b dur:2 cpbdur:2 q:32.62 aq:30.98 tex:27 mv:5 misc:392 imb:0 pmb:1 smb:8159 d:- ref:0 ;
in:2842 out:2841 type:P dur:2 cpbdur:2 q:32.61 aq:23.23 tex:12216 mv:1637 misc:2651 imb:49 pmb:447 smb:7664 d:- ref:0 ;
in:2841 out:2842 type:b dur:2 cpbdur:2 q:32.61 aq:30.94 tex:62 mv:32 misc:418 imb:2 pmb:2 smb:8156 d:- ref:0 ;
in:2844 out:2843 type:P dur:2 cpbdur:2 q:32.60 aq:23.42 tex:5946 mv:744 misc:1782 imb:22 pmb:239 smb:7899 d:- ref:0 ;
in:2843 out:2844 type:b dur:2 cpbdur:2 q:32.60 aq:25.13 tex:45 mv:20 misc:415 imb:1 pmb:2 smb:8157 d:- ref:0 ;
in:2846 out:2845 type:P dur:2 cpbdur:2 q:32.59 aq:22.65 tex:13036 mv:1656 misc:2868 imb:71 pmb:460 smb:7629 d:- ref:0 ;
in:2845 out:2846 type:b dur:2 cpbdur:2 q:32.59 aq:30.98 tex:44 mv:28 misc:408 imb:1 pmb:2 smb:8157 d:- ref:0 ;
in:2848 out:2847 type:P dur:2 cpbdur:2 q:32.59 aq:24.25 tex:6388 mv:719 misc:1813 imb:21 pmb:243 smb:7896 d:- ref:0 ;
in:2847 out:2848 type:b dur:2 cpbdur:2 q:32.59 aq:30.93 tex:53 mv:20 misc:407 imb:1 pmb:2 smb:8157 d:- ref:0 ;
in:2850 out:2849 type:P dur:2 cpbdur:2 q:32.57 aq:23.68 tex:11638 mv:1470 misc:2580 imb:58 pmb:416 smb:7686 d:- ref:0 ;
in:2849 out:2850 type:b dur:2 cpbdur:2 q:32.58 aq:30.69 tex:56 mv:20 misc:412 imb:1 pmb:2 smb:8157 d:- ref:0 ;
in:2852 out:2851 type:P dur:2 cpbdur:2 q:32.56 aq:23.90 tex:5763 mv:649 misc:1676 imb:16 pmb:224 smb:7920 d:- ref:0 ;
in:2851 out:2852 type:b dur:2 cpbdur:2 q:32.57 aq:30.97 tex:44 mv:9 misc:403 imb:0 pmb:2 smb:8158 d:- ref:0 ;
in:2854 out:2853 type:P dur:2 cpbdur:2 q:32.55 aq:23.55 tex:11455 mv:1383 misc:2546 imb:56 pmb:423 smb:7681 d:- ref:0 ;
in:2853 out:2854 type:b dur:2 cpbdur:2 q:32.55 aq:31.87 tex:23 mv:20 misc:405 imb:0 pmb:2 smb:8158 d:- ref:0 ;
in:2856 out:2855 type:P dur:2 cpbdur:2 q:32.54 aq:22.89 tex:6531 mv:808 misc:1733 imb:25 pmb:254 smb:7881 d:- ref:0 ;
in:2855 out:2856 type:b dur:2 cpbdur:2 q:32.54 aq:31.00 tex:0 mv:0 misc:384 imb:0 pmb:0 smb:8160 d:- ref:0 ;
in:2858 out:2857 type:P dur:2 cpbdur:2 q:32.52 aq:22.73 tex:12729 mv:1630 misc:2793 imb:54 pmb:470 smb:7636 d:- ref:0 ;
in:2857 out:2858 type:b dur:2 cpbdur:2 q:32.53 aq:30.93 tex:44 mv:29 misc:407 imb:2 pmb:2 smb:8156 d:- ref:0 ;
in:2860 out:2859 type:P dur:2 cpbdur:2 q:32.51 aq:23.16 tex:6763 mv:769 misc:1788 imb:21 pmb:248 smb:7891 d:- ref:0 ;
in:2859 out:2860 type:b dur:2 cpbdur:2 q:32.52 aq:30.96 tex:37 mv:34 misc:409 imb:1 pmb:2 smb:8157 d:- ref:0 ;
in:2862 out:2861 type:P dur:2 cpbdur:2 q:32.49 aq:23.46 tex:12516 mv:1516 misc:2656 imb:58 pmb:454 smb:7648 d:- ref:0 ;
in:2861 out:2862 type:b dur:2 cpbdur:2 q:32.50 aq:30.95 tex:48 mv:26 misc:406 imb:2 pmb:1 smb:8157 d:- ref:0 ;
in:2864 out:2863 type:P dur:2 cpbdur:2 q:32.49 aq:23.82 tex:6000 mv:772 misc:1780 imb:27 pmb:237 smb:7896 d:- ref:0 ;
in:2863 out:2864 type:b dur:2 cpbdur:2 q:32.49 aq:29.57 tex:37 mv:19 misc:408 imb:1 pmb:2 smb:8157 d:- ref:0 ;
in:2866 out:2865 type:P dur:2 cpbdur:2 q:32.46 aq:24.49 tex:13714 mv:1302 misc:2424 imb:46 pmb:404 smb:7710 d:- ref:0 ;
in:2865 out:2866 type:b dur:2 cpbdur:2 q:32.47 aq:23.45 tex:27 mv:32 misc:413 imb:2 pmb:4 smb:8154 d:- ref:0 ;
in:2868 out:2867 type:P dur:2 cpbdur:2 q:32.45 aq:24.30 tex:7751 mv:865 misc:1936 imb:25 pmb:287 smb:7848 d:- ref:0 ;
in:2867 out:2868 type:b dur:2 cpbdur:2 q:32.46 aq:23.67 tex:25 mv:37 misc:410 imb:2 pmb:1 smb:8157 d:- ref:0 ;
in:2870 out:2869 type:P dur:2 cpbdur:2 q:32.44 aq:23.87 tex:12091 mv:1361 misc:2524 imb:35 pmb:451 smb:7674 d:- ref:0 ;
in:2869 out:2870 type:b dur:2 cpbdur:2 q:32.44 aq:29.21 tex:187 mv:59 misc:442 imb:4 pmb:4 smb:8152 d:- ref:0 ;
in:2872 out:2871 type:P dur:2 cpbdur:2 q:32.43 aq:23.75 tex:6605 mv:760 misc:1739 imb:26 pmb:243 smb:7891 d:- ref:0 ;
in:2871 out:2872 type:b dur:2 cpbdur:2 q:32.44 aq:23.45 tex:22 mv:12 misc:398 imb:1 pmb:0 smb:8159 d:- ref:0 ;
in:2874 out:2873 type:P dur:2 cpbdur:2 q:32.42 aq:22.93 tex:14474 mv:1675 misc:2835 imb:72 pmb:503 smb:7585 d:- ref:0 ;
in:2873 out:2874 type:b dur:2 cpbdur:2 q:32.43 aq:27.91 tex:168 mv:89 misc:471 imb:7 pmb:5 smb:8148 d:- ref:0 ;
in:2876 out:2875 type:P dur:2 cpbdur:2 q:32.42 aq:23.78 tex:6319 mv:615 misc:1682 imb:16 pmb:242 smb:7902 d:- ref:0 ;
in:2875 out:2876 type:b dur:2 cpbdur:2 q:32.42 aq:30.39 tex:114 mv:37 misc:425 imb:1 pmb:4 smb:8155 d:- ref:0 ;
in:2878 out:2877 type:P dur:2 cpbdur:2 q:32.40 aq:23.93 tex:11966 mv:1309 misc:2557 imb:57 pmb:418 smb:7685 d:- ref:0 ;
in:2877 out:2878 type:b dur:2 cpbdur:2 q:32.41 aq:30.92 tex:123 mv:27 misc:442 imb:0 pmb:7 smb:8153 d:- ref:0 ;
in:2880 out:2879 type:P dur:2 cpbdur:2 q:32.39 aq:23.92 tex:6147 mv:703 misc:1726 imb:29 pmb:224 smb:7907 d:- ref:0 ;
in:2879 out:2880 type:b dur:2 cpbdur:2 q:32.39 aq:30.56 tex:44 mv:26 misc:410 imb:1 pmb:2 smb:8157 d:- ref:0 ;
in:2882 out:2881 type:P dur:2 cpbdur:2 q:32.37 aq:23.14 tex:11051 mv:1346 misc:2339 imb:48 pmb:394 smb:7718 d:- ref:0 ;
in:2881 out:2882 type:b dur:2 cpbdur:2 q:32.38 aq:24.91 tex:47 mv:32 misc:409 imb:3 pmb:0 smb:8157 d:- ref:0 ;
in:2884 out:2883 type:P dur:2 cpbdur:2 q:32.37 aq:24.28 tex:6345 mv:641 misc:1686 imb:19 pmb:226 smb:7915 d:- ref:0 ;
in:2883 out:2884 type:b dur:2 cpbdur:2 q:32.37 aq:30.94 tex:104 mv:40 misc:424 imb:2 pmb:4 smb:8154 d:- ref:0 ;
in:2886 out:2885 type:P dur:2 cpbdur:2 q:32.36 aq:22.89 tex:12530 mv:1475 misc:2555 imb:58 pmb:430 smb:7672 d:- ref:0 ;
in:2885 out:2886 type:b dur:2 cpbdur:2 q:32.37 aq:29.39 tex:74 mv:44 misc:434 imb:3 pmb:3 smb:8154 d:- ref:0 ;
in:2888 out:2887 type:P dur:2 cpbdur:2 q:32.35 aq:24.07 tex:6792 mv:755 misc:1741 imb:30 pmb:234 smb:7896 d:- ref:0 ;
in:2887 out:2888 type:b dur:2 cpbdur:2 q:32.35 aq:30.96 tex:78 mv:44 misc:422 imb:1 pmb:4 smb:8155 d:- ref:0 ;
in:2890 out:2889 type:P dur:2 cpbdur:2 q:32.32 aq:24.14 tex:11142 mv:1123 misc:2287 imb:30 pmb:382 smb:7748 d:- ref:0 ;
in:2889 out:2890 type:b dur:2 cpbdur:2 q:32.34 aq:23.90 tex:47 mv:48 misc:425 imb:3 pmb:2 smb:8155 d:- ref:0 ;
in:2892 out:2891 type:P dur:2 cpbdur:2 q:32.31 aq:23.96 tex:5903 mv:564 misc:1469 imb:15 pmb:196 smb:7949 d:- ref:0 ;
in:2891 out:2892 type:b dur:2 cpbdur:2 q:32.32 aq:31.00 tex:1 mv:15 misc:392 imb:0 pmb:1 smb:8159 d:- ref:0 ;
in:2894 out:2893 type:P dur:2 cpbdur:2 q:32.29 aq:23.52 tex:11238 mv:1131 misc:2327 imb:43 pmb:378 smb:7739 d:- ref:0 ;
in:2893 out:2894 type:b dur:2 cpbdur:2 q:32.30 aq:30.97 tex:19 mv:11 misc:394 imb:1 pmb:0 smb:8159 d:- ref:0 ;
in:2896 out:2895 type:P dur:2 cpbdur:2 q:32.28 aq:25.72 tex:9065 mv:653 misc:1546 imb:18 pmb:223 smb:7919 d:- ref:0 ;
in:2895 out:2896 type:b dur:2 cpbdur:2 q:32.29 aq:30.39 tex:52 mv:24 misc:420 imb:1 pmb:5 smb:8154 d:- ref:0 ;
in:2898 out:2897 type:P dur:2 cpbdur:2 q:32.26 aq:24.70 tex:11459 mv:960 misc:2165 imb:22 pmb:398 smb:7740 d:- ref:0 ;
in:2897 out:2898 type:b dur:2 cpbdur:2 q:32.27 aq:30.44 tex:37 mv:22 misc:405 imb:2 pmb:0 smb:8158 d:- ref:0 ;
in:2902 out:2899 type:P dur:2 cpbdur:2 q:32.24 aq:23.46 tex:28419 mv:3309 misc:4240 imb:120 pmb:939 smb:7101 d:- ref:0 ;
in:2900 out:2900 type:B dur:2 cpbdur:2 q:32.25 aq:30.32 tex:304 mv:41 misc:487 imb:1 pmb:12 smb:8147 d:- ref:0 ;
in:2899 out:2901 type:b dur:2 cpbdur:2 q:32.26 aq:23.54 tex:107 mv:39 misc:446 imb:2 pmb:5 smb:8153 d:- ref:0 ;
in:2901 out:2902 type:b dur:2 cpbdur:2 q:32.25 aq:30.90 tex:22 mv:22 misc:404 imb:2 pmb:0 smb:8158 d:- ref:0 ;
in:2904 out:2903 type:P dur:2 cpbdur:2 q:32.44 aq:22.89 tex:16486 mv:2172 misc:3462 imb:100 pmb:599 smb:7461 d:- ref:0 ;
in:2903 out:2904 type:b dur:2 cpbdur:2 q:32.34 aq:30.38 tex:56 mv:27 misc:413 imb:2 pmb:1 smb:8157 d:- ref:0 ;
in:2906 out:2905 type:P dur:2 cpbdur:2 q:32.44 aq:22.50 tex:7252 mv:1064 misc:2076 imb:49 pmb:287 smb:7824 d:- ref:0 ;
in:2905 out:2906 type:b dur:2 cpbdur:2 q:32.44 aq:31.00 tex:0 mv:0 misc:384 imb:0 pmb:0 smb:8160 d:- ref:0 ;
in:2908 out:2907 type:P dur:2 cpbdur:2 q:32.44 aq:22.67 tex:13999 mv:1871 misc:3002 imb:69 pmb:516 smb:7575 d:- ref:0 ;
in:2907 out:2908 type:b dur:2 cpbdur:2 q:32.44 aq:23.85 tex:135 mv:37 misc:436 imb:2 pmb:4 smb:8154 d:- ref:0 ;
in:2910 out:2909 type:P dur:2 cpbdur:2 q:32.42 aq:23.43 tex:6764 mv:844 misc:1896 imb:30 pmb:262 smb:7868 d:- ref:0 ;
in:2909 out:2910 type:b dur:2 cpbdur:2 q:32.43 aq:31.43 tex:108 mv:56 misc:436 imb:3 pmb:4 smb:8153 d:- ref:0 ;
in:2912 out:2911 type:P dur:2 cpbdur:2 q:32.41 aq:22.91 tex:14659 mv:1774 misc:3007 imb:92 pmb:501 smb:7567 d:- ref:0 ;
in:2911 out:2912 type:b dur:2 cpbdur:2 q:32.42 aq:30.83 tex:71 mv:33 misc:416 imb:2 pmb:2 smb:8156 d:- ref:0 ;
in:2914 out:2913 type:P dur:2 cpbdur:2 q:32.41 aq:23.84 tex:5857 mv:725 misc:1738 imb:24 pmb:224 smb:7912 d:- ref:0 ;
in:2913 out:2914 type:b dur:2 cpbdur:2 q:32.41 aq:31.00 tex:0 mv:0 misc:384 imb:0 pmb:0 smb:8160 d:- ref:0 ;
in:2916 out:2915 type:P dur:2 cpbdur:2 q:32.41 aq:23.32 tex:13286 mv:1569 misc:2841 imb:65 pmb:483 smb:7612 d:- ref:0 ;
in:2915 out:2916 type:b dur:2 cpbdur:2 q:32.41 aq:31.33 tex:98 mv:43 misc:427 imb:2 pmb:3 smb:8155 d:- ref:0 ;
in:2918 out:2917 type:P dur:2 cpbdur:2 q:32.31 aq:22.86 tex:7147 mv:925 misc:1920 imb:27 pmb:290 smb:7843 d:- ref:0 ;
in:2917 out:2918 type:b dur:2 cpbdur:2 q:32.36 aq:30.96 tex:106 mv:34 misc:428 imb:1 pmb:5 smb:8154 d:- ref:0 ;
in:2920 out:2919 type:P dur:2 cpbdur:2 q:32.24 aq:22.64 tex:14927 mv:1954 misc:3135 imb:83 pmb:560 smb:7517 d:- ref:0 ;
in:2919 out:2920 type:b dur:2 cpbdur:2 q:32.27 aq:30.90 tex:45 mv:37 misc:422 imb:1 pmb:4 smb:8155 d:- ref:0 ;
in:2922 out:2921 type:P dur:2 cpbdur:2 q:32.17 aq:23.34 tex:7124 mv:872 misc:2012 imb:27 pmb:300 smb:7833 d:- ref:0 ;
in:2921 out:2922 type:b dur:2 cpbdur:2 q:32.20 aq:31.01 tex:84 mv:37 misc:423 imb:1 pmb:3 smb:8156 d:- ref:0 ;
in:2924 out:2923 type:P dur:2 cpbdur:2 q:32.15 aq:23.03 tex:15579 mv:1986 misc:3123 imb:67 pmb:585 smb:7508 d:- ref:0 ;
in:2923 out:2924 type:b dur:2 cpbdur:2 q:32.16 aq:25.06 tex:27 mv:39 misc:422 imb:2 pmb:2 smb:8156 d:- ref:0 ;
in:2926 out:2925 type:P dur:2 cpbdur:2 q:32.14 aq:22.65 tex:10236 mv:961 misc:2059 imb:32 pmb:310 smb:7818 d:- ref:0 ;
in:2925 out:2926 type:b dur:2 cpbdur:2 q:32.15 aq:30.93 tex:114 mv:35 misc:443 imb:1 pmb:8 smb:8151 d:- ref:0 ;
in:2928 out:2927 type:P dur:2 cpbdur:2 q:32.13 aq:23.92 tex:15587 mv:1588 misc:2857 imb:49 pmb:537 smb:7574 d:- ref:0 ;
in:2927 out:2928 type:b dur:2 cpbdur:2 q:32.14 aq:30.93 tex:50 mv:30 misc:408 imb:1 pmb:2 smb:8157 d:- ref:0 ;
in:2930 out:2929 type:P dur:2 cpbdur:2 q:32.13 aq:23.68 tex:6798 mv:848 misc:1866 imb:25 pmb:258 smb:7877 d:- ref:0 ;
in:2929 out:2930 type:b dur:2 cpbdur:2 q:32.13 aq:20.90 tex:25 mv:25 misc:414 imb:2 pmb:1 smb:8157 d:- ref:0 ;
in:2932 out:2931 type:P dur:2 cpbdur:2 q:32.10 aq:23.51 tex:15266 mv:1733 misc:2913 imb:50 pmb:526 smb:7584 d:- ref:0 ;
in:2931 out:2932 type:b dur:2 cpbdur:2 q:32.11 aq:23.33 tex:64 mv:55 misc:425 imb:3 pmb:2 smb:8155 d:- ref:0 ;
in:2934 out:2933 type:P dur:2 cpbdur:2 q:32.10 aq:22.54 tex:7985 mv:943 misc:1992 imb:37 pmb:285 smb:7838 d:- ref:0 ;
in:2933 out:2934 type:b dur:2 cpbdur:2 q:32.10 aq:23.65 tex:40 mv:26 misc:414 imb:2 pmb:1 smb:8157 d:- ref:0 ;
in:2936 out:2935 type:P dur:2 cpbdur:2 q:32.09 aq:22.90 tex:14777 mv:1696 misc:2943 imb:66 pmb:526 smb:7568 d:- ref:0 ;
in:2935 out:2936 type:b dur:2 cpbdur:2 q:32.09 aq:32.48 tex:29 mv:5 misc:398 imb:0 pmb:1 smb:8159 d:- ref:0 ;
in:2938 out:2937 type:P dur:2 cpbdur:2 q:32.09 aq:23.34 tex:9335 mv:924 misc:2125 imb:39 pmb:322 smb:7799 d:- ref:0 ;
in:2937 out:2938 type:b dur:2 cpbdur:2 q:32.09 aq:22.13 tex:126 mv:49 misc:441 imb:3 pmb:4 smb:8153 d:- ref:0 ;
in:2940 out:2939 type:P dur:2 cpbdur:2 q:32.08 aq:23.31 tex:16421 mv:2009 misc:2954 imb:67 pmb:573 smb:7520 d:- ref:0 ;
in:2939 out:2940 type:b dur:2 cpbdur:2 q:32.08 aq:29.34 tex:70 mv:32 misc:418 imb:2 pmb:2 smb:8156 d:- ref:0 ;
in:2942 out:2941 type:P dur:2 cpbdur:2 q:32.08 aq:24.57 tex:7153 mv:812 misc:1883 imb:19 pmb:281 smb:7860 d:- ref:0 ;
in:2941 out:2942 type:b dur:2 cpbdur:2 q:32.08 aq:31.00 tex:1 mv:14 misc:393 imb:0 pmb:1 smb:8159 d:- ref:0 ;
in:2944 out:2943 type:P dur:2 cpbdur:2 q:32.06 aq:22.52 tex:14670 mv:1422 misc:2700 imb:57 pmb:472 smb:7631 d:- ref:0 ;
in:2943 out:2944 type:b dur:2 cpbdur:2 q:32.07 aq:22.30 tex:66 mv:65 misc:429 imb:2 pmb:3 smb:8155 d:- ref:0 ;
in:2946 out:2945 type:P dur:2 cpbdur:2 q:32.06 aq:23.21 tex:7411 mv:990 misc:2063 imb:34 pmb:289 smb:7837 d:- ref:0 ;
in:2945 out:2946 type:b dur:2 cpbdur:2 q:32.06 aq:32.05 tex:70 mv:54 misc:436 imb:3 pmb:4 smb:8153 d:- ref:0 ;
in:2948 out:2947 type:P dur:2 cpbdur:2 q:32.05 aq:23.36 tex:15237 mv:1740 misc:2967 imb:49 pmb:553 smb:7558 d:- ref:0 ;
in:2947 out:2948 type:b dur:2 cpbdur:2 q:32.05 aq:30.41 tex:157 mv:65 misc:450 imb:5 pmb:4 smb:8151 d:- ref:0 ;
in:2950 out:2949 type:P dur:2 cpbdur:2 q:32.05 aq:23.39 tex:7731 mv:966 misc:1951 imb:32 pmb:279 smb:7849 d:- ref:0 ;
in:2949 out:2950 type:b dur:2 cpbdur:2 q:32.05 aq:29.47 tex:60 mv:34 misc:426 imb:2 pmb:3 smb:8155 d:- ref:0 ;
in:2952 out:2951 type:P dur:2 cpbdur:2 q:32.03 aq:22.92 tex:16346 mv:1714 misc:2916 imb:61 pmb:535 smb:7564 d:- ref:0 ;
in:2951 out:2952 type:b dur:2 cpbdur:2 q:32.04 aq:23.81 tex:108 mv:64 misc:436 imb:4 pmb:3 smb:8153 d:- ref:0 ;
in:2954 out:2953 type:P dur:2 cpbdur:2 q:32.03 aq:22.38 tex:8272 mv:894 misc:2026 imb:21 pmb:300 smb:7839 d:- ref:0 ;
in:2953 out:2954 type:b dur:2 cpbdur:2 q:32.03 aq:31.93 tex:124 mv:43 misc:433 imb:3 pmb:3 smb:8154 d:- ref:0 ;
in:2956 out:2955 type:P dur:2 cpbdur:2 q:32.01 aq:22.72 tex:20004 mv:1827 misc:2985 imb:61 pmb:566 smb:7533 d:- ref:0 ;
in:2955 out:2956 type:b dur:2 cpbdur:2 q:32.02 aq:30.86 tex:25 mv:50 misc:421 imb:1 pmb:7 smb:8152 d:- ref:0 ;
in:2958 out:2957 type:P dur:2 cpbdur:2 q:32.01 aq:23.25 tex:7765 mv:950 misc:2029 imb:23 pmb:302 smb:7835 d:- ref:0 ;
in:2957 out:2958 type:b dur:2 cpbdur:2 q:32.01 aq:29.49 tex:22 mv:11 misc:399 imb:1 pmb:0 smb:8159 d:- ref:0 ;
in:2960 out:2959 type:P dur:2 cpbdur:2 q:32.00 aq:22.81 tex:16049 mv:1744 misc:3015 imb:72 pmb:537 smb:7551 d:- ref:0 ;
in:2959 out:2960 type:b dur:2 cpbdur:2 q:32.00 aq:24.69 tex:76 mv:43 misc:417 imb:3 pmb:2 smb:8155 d:- ref:0 ;
in:2962 out:2961 type:P dur:2 cpbdur:2 q:32.00 aq:23.26 tex:9104 mv:987 misc:2213 imb:28 pmb:337 smb:7795 d:- ref:0 ;
in:2961 out:2962 type:b dur:2 cpbdur:2 q:32.00 aq:23.54 tex:87 mv:43 misc:430 imb:1 pmb:5 smb:8154 d:- ref:0 ;
in:2964 out:2963 type:P dur:2 cpbdur:2 q:31.98 aq:22.55 tex:16369 mv:1635 misc:2932 imb:56 pmb:541 smb:7563 d:- ref:0 ;
in:2963 out:2964 type:b dur:2 cpbdur:2 q:31.99 aq:24.16 tex:85 mv:35 misc:416 imb:3 pmb:1 smb:8156 d:- ref:0 ;
in:2966 out:2965 type:P dur:2 cpbdur:2 q:31.98 aq:23.31 tex:8046 mv:902 misc:2004 imb:30 pmb:289 smb:7841 d:- ref:0 ;
in:2965 out:2966 type:b dur:2 cpbdur:2 q:31.98 aq:28.70 tex:69 mv:55 misc:436 imb:4 pmb:3 smb:8153 d:- ref:0 ;
in:2968 out:2967 type:P dur:2 cpbdur:2 q:31.96 aq:23.06 tex:15208 mv:1534 misc:2890 imb:55 pmb:508 smb:7597 d:- ref:0 ;
in:2967 out:2968 type:b dur:2 cpbdur:2 q:31.97 aq:30.94 tex:29 mv:23 misc:404 imb:1 pmb:2 smb:8157 d:- ref:0 ;
in:2970 out:2969 type:P dur:2 cpbdur:2 q:31.96 aq:23.09 tex:8233 mv:998 misc:2097 imb:22 pmb:324 smb:7814 d:- ref:0 ;
in:2969 out:2970 type:b dur:2 cpbdur:2 q:31.96 aq:32.14 tex:26 mv:23 misc:399 imb:0 pmb:2 smb:8158 d:- ref:0 ;
in:2972 out:2971 type:P dur:2 cpbdur:2 q:31.95 aq:22.67 tex:16385 mv:1834 misc:3069 imb:74 pmb:539 smb:7547 d:- ref:0 ;
in:2971 out:2972 type:b dur:2 cpbdur:2 q:31.95 aq:29.65 tex:27 mv:44 misc:417 imb:3 pmb:1 smb:8156 d:- ref:0 ;
in:2974 out:2973 type:P dur:2 cpbdur:2 q:31.95 aq:23.29 tex:7667 mv:1013 misc:1960 imb:37 pmb:285 smb:7838 d:- ref:0 ;
in:2973 out:2974 type:b dur:2 cpbdur:2 q:31.95 aq:28.43 tex:69 mv:67 misc:440 imb:4 pmb:4 smb:8152 d:- ref:0 ;
in:2976 out:2975 type:P dur:2 cpbdur:2 q:31.94 aq:22.91 tex:16585 mv:1702 misc:2849 imb:47 pmb:559 smb:7554 d:- ref:0 ;
in:2975 out:2976 type:b dur:2 cpbdur:2 q:31.94 aq:29.79 tex:93 mv:34 misc:425 imb:2 pmb:3 smb:8155 d:- ref:0 ;
in:2978 out:2977 type:P dur:2 cpbdur:2 q:31.93 aq:22.39 tex:9454 mv:887 misc:2075 imb:22 pmb:336 smb:7802 d:- ref:0 ;
in:2977 out:2978 type:b dur:2 cpbdur:2 q:31.93 aq:22.90 tex:90 mv:58 misc:428 imb:5 pmb:2 smb:8153 d:- ref:0 ;
in:2980 out:2979 type:P dur:2 cpbdur:2 q:31.92 aq:22.85 tex:17132 mv:1861 misc:3127 imb:81 pmb:570 smb:7509 d:- ref:0 ;
in:2979 out:2980 type:b dur:2 cpbdur:2 q:31.93 aq:31.00 tex:0 mv:0 misc:384 imb:0 pmb:0 smb:8160 d:- ref:0 ;
in:2982 out:2981 type:P dur:2 cpbdur:2 q:31.93 aq:23.32 tex:7929 mv:884 misc:2011 imb:25 pmb:294 smb:7841 d:- ref:0 ;
in:2981 out:2982 type:b dur:2 cpbdur:2 q:31.92 aq:30.97 tex:14 mv:12 misc:398 imb:1 pmb:0 smb:8159 d:- ref:0 ;
in:2984 out:2983 type:P dur:2 cpbdur:2 q:31.91 aq:22.96 tex:16885 mv:1752 misc:2995 imb:65 pmb:550 smb:7545 d:- ref:0 ;
in:2983 out:2984 type:b dur:2 cpbdur:2 q:31.92 aq:30.05 tex:46 mv:26 misc:424 imb:0 pmb:4 smb:8156 d:- ref:0 ;
in:2986 out:2985 type:P dur:2 cpbdur:2 q:31.91 aq:22.70 tex:9482 mv:990 misc:2144 imb:32 pmb:308 smb:7820 d:- ref:0 ;
in:2985 out:2986 type:b dur:2 cpbdur:2 q:31.91 aq:22.87 tex:121 mv:94 misc:473 imb:7 pmb:8 smb:8145 d:- ref:0 ;
in:2988 out:2987 type:P dur:2 cpbdur:2 q:31.90 aq:22.94 tex:17011 mv:1635 misc:2970 imb:50 pmb:556 smb:7554 d:- ref:0 ;
in:2987 out:2988 type:b dur:2 cpbdur:2 q:31.90 aq:22.11 tex:80 mv:59 misc:437 imb:4 pmb:3 smb:8153 d:- ref:0 ;
in:2990 out:2989 type:P dur:2 cpbdur:2 q:31.90 aq:22.84 tex:8068 mv:1002 misc:2066 imb:28 pmb:304 smb:7828 d:- ref:0 ;
in:2989 out:2990 type:b dur:2 cpbdur:2 q:31.90 aq:29.84 tex:59 mv:58 misc:419 imb:5 pmb:1 smb:8154 d:- ref:0 ;
in:2992 out:2991 type:P dur:2 cpbdur:2 q:31.88 aq:22.94 tex:16122 mv:1820 misc:2978 imb:66 pmb:559 smb:7535 d:- ref:0 ;
in:2991 out:2992 type:b dur:2 cpbdur:2 q:31.89 aq:30.24 tex:52 mv:27 misc:409 imb:2 pmb:1 smb:8157 d:- ref:0 ;
in:2994 out:2993 type:P dur:2 cpbdur:2 q:31.88 aq:23.13 tex:9249 mv:985 misc:2086 imb:30 pmb:328 smb:7802 d:- ref:0 ;
in:2993 out:2994 type:b dur:2 cpbdur:2 q:31.88 aq:22.90 tex:63 mv:45 misc:420 imb:1 pmb:3 smb:8156 d:- ref:0 ;
in:2996 out:2995 type:P dur:2 cpbdur:2 q:31.87 aq:22.67 tex:16702 mv:1735 misc:2987 imb:67 pmb:564 smb:7529 d:- ref:0 ;
in:2995 out:2996 type:b dur:2 cpbdur:2 q:31.88 aq:28.81 tex:115 mv:53 misc:440 imb:3 pmb:4 smb:8153 d:- ref:0 ;
in:2998 out:2997 type:P dur:2 cpbdur:2 q:31.86 aq:23.10 tex:8443 mv:1026 misc:2139 imb:39 pmb:314 smb:7807 d:- ref:0 ;
in:2997 out:2998 type:b dur:2 cpbdur:2 q:31.87 aq:30.91 tex:99 mv:46 misc:423 imb:4 pmb:1 smb:8155 d:- ref:0 ;
in:2999 out:2999 type:P dur:2 cpbdur:2 q:31.85 aq:29.18 tex:80 mv:35 misc:445 imb:3 pmb:3 smb:8154 d:- ref:0 ;
in:3000 out:3000 type:I dur:2 cpbdur:2 q:29.02 aq:19.82 tex:525616 mv:145325 misc:675 imb:8160 pmb:0 smb:0 d:- ref:;
in:3002 out:3001 type:P dur:2 cpbdur:2 q:32.66 aq:23.86 tex:4565 mv:537 misc:1306 imb:22 pmb:146 smb:7992 d:- ref:0 ;
in:3001 out:3002 type:b dur:2 cpbdur:2 q:32.66 aq:31.92 tex:54 mv:20 misc:406 imb:1 pmb:2 smb:8157 d:- ref:0 ;
in:3004 out:3003 type:P dur:2 cpbdur:2 q:32.64 aq:23.61 tex:12695 mv:1543 misc:2586 imb:70 pmb:409 smb:7681 d:- ref:0 ;
in:3003 out:3004 type:b dur:2 cpbdur:2 q:32.65 aq:29.69 tex:84 mv:41 misc:427 imb:3 pmb:2 smb:8155 d:- ref:0 ;
in:3006 out:3005 type:P dur:2 cpbdur:2 q:32.63 aq:24.42 tex:6656 mv:809 misc:1743 imb:32 pmb:228 smb:7900 d:- ref:0 ;
in:3005 out:3006 type:b dur:2 cpbdur:2 q:32.63 aq:32.64 tex:103 mv:32 misc:417 imb:2 pmb:2 smb:8156 d:- ref:0 ;
in:3008 out:3007 type:P dur:2 cpbdur:2 q:32.61 aq:23.95 tex:13224 mv:1532 misc:2732 imb:68 pmb:446 smb:7646 d:- ref:0 ;
in:3007 out:3008 type:b dur:2 cpbdur:2 q:32.62 aq:31.14 tex:48 mv:16 misc:408 imb:1 pmb:1 smb:8158 d:- ref:0 ;
in:3010 out:3009 type:P dur:2 cpbdur:2 q:32.60 aq:24.23 tex:7152 mv:878 misc:1898 imb:23 pmb:266 smb:7871 d:- ref:0 ;
in:3009 out:3010 type:b dur:2 cpbdur:2 q:32.60 aq:30.49 tex:44 mv:17 misc:403 imb:1 pmb:1 smb:8158 d:- ref:0 ;
in:3012 out:3011 type:P dur:2 cpbdur:2 q:32.58 aq:22.52 tex:13904 mv:1840 misc:2896 imb:71 pmb:495 smb:7594 d:- ref:0 ;
in:3011 out:3012 type:b dur:2 cpbdur:2 q:32.59 aq:31.94 tex:51 mv:20 misc:409 imb:0 pmb:3 smb:8157 d:- ref:0 ;
in:3014 out:3013 type:P dur:2 cpbdur:2 q:32.58 aq:22.85 tex:6393 mv:950 misc:1865 imb:41 pmb:243 smb:7876 d:- ref:0 ;
in:3013 out:3014 type:b dur:2 cpbdur:2 q:32.58 aq:29.43 tex:35 mv:36 misc:409 imb:2 pmb:1 smb:8157 d:- ref:0 ;
in:3016 out:3015 type:P dur:2 cpbdur:2 q:32.55 aq:23.73 tex:14480 mv:1503 misc:2689 imb:51 pmb:458 smb:7651 d:- ref:0 ;
in:3015 out:3016 type:b dur:2 cpbdur:2 q:32.57 aq:32.00 tex:19 mv:34 misc:419 imb:0 pmb:7 smb:8153 d:- ref:0 ;
in:3018 out:3017 type:P dur:2 cpbdur:2 q:32.55 aq:23.00 tex:6882 mv:954 misc:1924 imb:33 pmb:254 smb:7873 d:- ref:0 ;
in:3017 out:3018 type:b dur:2 cpbdur:2 q:32.55 aq:30.66 tex:102 mv:21 misc:421 imb:0 pmb:6 smb:8154 d:- ref:0 ;
in:3020 out:3019 type:P dur:2 cpbdur:2 q:32.69 aq:22.92 tex:12489 mv:1548 misc:2763 imb:68 pmb:449 smb:7643 d:- ref:0 ;
in:3019 out:3020 type:b dur:2 cpbdur:2 q:32.62 aq:31.97 tex:36 mv:16 misc:404 imb:1 pmb:1 smb:8158 d:- ref:0 ;
in:3022 out:3021 type:P dur:2 cpbdur:2 q:32.69 aq:24.08 tex:6570 mv:789 misc:1817 imb:28 pmb:240 smb:7892 d:- ref:0 ;
in:3021 out:3022 type:b dur:2 cpbdur:2 q:32.69 aq:31.88 tex:46 mv:52 misc:422 imb:2 pmb:3 smb:8155 d:- ref:0 ;
in:3024 out:3023 type:P dur:2 cpbdur:2 q:32.67 aq:23.22 tex:11983 mv:1505 misc:2600 imb:55 pmb:439 smb:7666 d:- ref:0 ;
in:3023 out:3024 type:b dur:2 cpbdur:2 q:32.68 aq:27.14 tex:45 mv:17 misc:402 imb:1 pmb:1 smb:8158 d:- ref:0 ;
in:3026 out:3025 type:P dur:2 cpbdur:2 q:32.67 aq:24.65 tex:5693 mv:737 misc:1682 imb:24 pmb:221 smb:7915 d:- ref:0 ;
in:3025 out:3026 type:b dur:2 cpbdur:2 q:32.67 aq:31.94 tex:89 mv:61 misc:426 imb:5 pmb:2 smb:8153 d:- ref:0 ;
in:3028 out:3027 type:P dur:2 cpbdur:2 q:32.65 aq:23.75 tex:12128 mv:1455 misc:2625 imb:54 pmb:419 smb:7687 d:- ref:0 ;
in:3027 out:3028 type:b dur:2 cpbdur:2 q:32.66 aq:31.94 tex:64 mv:31 misc:417 imb:2 pmb:2 smb:8156 d:- ref:0 ;
in:3030 out:3029 type:P dur:2 cpbdur:2 q:32.65 aq:23.67 tex:6825 mv:940 misc:1891 imb:31 pmb:258 smb:7871 d:- ref:0 ;
in:3029 out:3030 type:b dur:2 cpbdur:2 q:32.65 aq:32.84 tex:71 mv:14 misc:411 imb:0 pmb:3 smb:8157 d:- ref:0 ;
in:3032 out:3031 type:P dur:2 cpbdur:2 q:32.63 aq:23.10 tex:11258 mv:1531 misc:2651 imb:51 pmb:443 smb:7666 d:- ref:0 ;
in:3031 out:3032 type:b dur:2 cpbdur:2 q:32.64 aq:31.96 tex:27 mv:5 misc:392 imb:0 pmb:1 smb:8159 d:- ref:0 ;
in:3034 out:3033 type:P dur:2 cpbdur:2 q:32.63 aq:23.38 tex:6057 mv:745 misc:1702 imb:25 pmb:222 smb:7913 d:- ref:0 ;
in:3033 out:3034 type:b dur:2 cpbdur:2 q:32.63 aq:31.96 tex:29 mv:13 misc:398 imb:1 pmb:0 smb:8159 d:- ref:0 ;
in:3036 out:3035 type:P dur:2 cpbdur:2 q:32.61 aq:23.24 tex:12039 mv:1519 misc:2650 imb:49 pmb:444 smb:7667 d:- ref:0 ;
in:3035 out:3036 type:b dur:2 cpbdur:2 q:32.62 aq:31.94 tex:28 mv:5 misc:391 imb:0 pmb:1 smb:8159 d:- ref:0 ;
in:3038 out:3037 type:P dur:2 cpbdur:2 q:32.60 aq:23.34 tex:6463 mv:893 misc:1868 imb:38 pmb:243 smb:7879 d:- ref:0 ;
in:3037 out:3038 type:b dur:2 cpbdur:2 q:32.60 aq:31.95 tex:46 mv:16 misc:402 imb:1 pmb:1 smb:8158 d:- ref:0 ;
in:3040 out:3039 type:P dur:2 cpbdur:2 q:32.58 aq:23.30 tex:11886 mv:1539 misc:2711 imb:57 pmb:444 smb:7659 d:- ref:0 ;
in:3039 out:3040 type:b dur:2 cpbdur:2 q:32.59 aq:31.98 tex:29 mv:10 misc:401 imb:0 pmb:2 smb:8158 d:- ref:0 ;
in:3042 out:3041 type:P dur:2 cpbdur:2 q:32.57 aq:24.24 tex:6426 mv:715 misc:1691 imb:21 pmb:226 smb:7913 d:- ref:0 ;
in:3041 out:3042 type:b dur:2 cpbdur:2 q:32.58 aq:29.04 tex:66 mv:27 misc:411 imb:2 pmb:1 smb:8157 d:- ref:0 ;
in:3044 out:3043 type:P dur:2 cpbdur:2 q:32.55 aq:23.27 tex:12481 mv:1362 misc:2581 imb:57 pmb:410 smb:7693 d:- ref:0 ;
in:3043 out:3044 type:b dur:2 cpbdur:2 q:32.56 aq:28.56 tex:25 mv:11 misc:396 imb:1 pmb:0 smb:8159 d:- ref:0 ;
in:3046 out:3045 type:P dur:2 cpbdur:2 q:32.54 aq:23.95 tex:8810 mv:1011 misc:1995 imb:29 pmb:277 smb:7854 d:- ref:0 ;
in:3045 out:3046 type:b dur:2 cpbdur:2 q:32.55 aq:25.08 tex:24 mv:21 misc:411 imb:1 pmb:4 smb:8155 d:- ref:0 ;
in:3048 out:3047 type:P dur:2 cpbdur:2 q:32.53 aq:23.31 tex:13051 mv:1603 misc:2762 imb:47 pmb:484 smb:7629 d:- ref:0 ;
in:3047 out:3048 type:b dur:2 cpbdur:2 q:32.54 aq:33.02 tex:104 mv:39 misc:425 imb:2 pmb:4 smb:8154 d:- ref:0 ;
in:3050 out:3049 type:P dur:2 cpbdur:2 q:32.53 aq:24.10 tex:6485 mv:769 misc:1770 imb:22 pmb:239 smb:7899 d:- ref:0 ;
in:3049 out:3050 type:b dur:2 cpbdur:2 q:32.53 aq:30.38 tex:57 mv:38 misc:417 imb:3 pmb:1 smb:8156 d:- ref:0 ;
in:3052 out:3051 type:P dur:2 cpbdur:2 q:32.51 aq:23.47 tex:12554 mv:1473 misc:2637 imb:54 pmb:437 smb:7669 d:- ref:0 ;
in:3051 out:3052 type:b dur:2 cpbdur:2 q:32.52 aq:31.93 tex:76 mv:23 misc:413 imb:1 pmb:3 smb:8156 d:- ref:0 ;
in:3054 out:3053 type:P dur:2 cpbdur:2 q:32.50 aq:23.69 tex:6815 mv:857 misc:1904 imb:22 pmb:266 smb:7872 d:- ref:0 ;
in:3053 out:3054 type:b dur:2 cpbdur:2 q:32.50 aq:24.69 tex:75 mv:20 misc:409 imb:1 pmb:2 smb:8157 d:- ref:0 ;
in:3056 out:3055 type:P dur:2 cpbdur:2 q:32.48 aq:22.65 tex:12415 mv:1394 misc:2463 imb:49 pmb:417 smb:7694 d:- ref:0 ;
in:3055 out:3056 type:b dur:2 cpbdur:2 q:32.49 aq:18.08 tex:88 mv:60 misc:444 imb:5 pmb:2 smb:8153 d:- ref:0 ;
in:3058 out:3057 type:P dur:2 cpbdur:2 q:32.48 aq:24.94 tex:7397 mv:834 misc:1793 imb:20 pmb:253 smb:7887 d:- ref:0 ;
in:3057 out:3058 type:b dur:2 cpbdur:2 q:32.48 aq:30.90 tex:116 mv:37 misc:423 imb:2 pmb:4 smb:8154 d:- ref:0 ;
in:3060 out:3059 type:P dur:2 cpbdur:2 q:32.46 aq:23.63 tex:12258 mv:1372 misc:2506 imb:55 pmb:431 smb:7674 d:- ref:0 ;
in:3059 out:3060 type:b dur:2 cpbdur:2 q:32.47 aq:20.91 tex:61 mv:38 misc:421 imb:3 pmb:1 smb:8156 d:- ref:0 ;
in:3062 out:3061 type:P dur:2 cpbdur:2 q:32.46 aq:24.06 tex:6335 mv:1044 misc:1997 imb:51 pmb:250 smb:7859 d:- ref:0 ;
in:3061 out:3062 type:b dur:2 cpbdur:2 q:32.46 aq:27.07 tex:58 mv:41 misc:421 imb:2 pmb:2 smb:8156 d:- ref:0 ;
in:3064 out:3063 type:P dur:2 cpbdur:2 q:32.45 aq:22.85 tex:12849 mv:1824 misc:2855 imb:93 pmb:444 smb:7623 d:- ref:0 ;
in:3063 out:3064 type:b dur:2 cpbdur:2 q:32.45 aq:30.98 tex:93 mv:77 misc:438 imb:5 pmb:3 smb:8152 d:- ref:0 ;
in:3066 out:3065 type:P dur:2 cpbdur:2 q:32.44 aq:23.95 tex:6334 mv:1141 misc:1981 imb:38 pmb:296 smb:7826 d:- ref:0 ;
in:3065 out:3066 type:b dur:2 cpbdur:2 q:32.44 aq:30.95 tex:14 mv:12 misc:398 imb:1 pmb:0 smb:8159 d:- ref:0 ;
in:3068 out:3067 type:P dur:2 cpbdur:2 q:32.42 aq:23.31 tex:11204 mv:1756 misc:2672 imb:58 pmb:467 smb:7635 d:- ref:0 ;
in:3067 out:3068 type:b dur:2 cpbdur:2 q:32.43 aq:23.51 tex:47 mv:16 misc:401 imb:1 pmb:1 smb:8158 d:- ref:0 ;
in:3070 out:3069 type:P dur:2 cpbdur:2 q:32.41 aq:23.96 tex:6592 mv:948 misc:2004 imb:40 pmb:263 smb:7857 d:- ref:0 ;
in:3069 out:3070 type:b dur:2 cpbdur:2 q:32.41 aq:23.94 tex:41 mv:41 misc:422 imb:4 pmb:0 smb:8156 d:- ref:0 ;
in:3072 out:3071 type:P dur:2 cpbdur:2 q:32.39 aq:23.58 tex:11574 mv:1632 misc:2714 imb:54 pmb:445 smb:7661 d:- ref:0 ;
in:3071 out:3072 type:b dur:2 cpbdur:2 q:32.40 aq:21.17 tex:97 mv:79 misc:448 imb:7 pmb:3 smb:8150 d:- ref:0 ;
in:3074 out:3073 type:P dur:2 cpbdur:2 q:32.39 aq:22.92 tex:7179 mv:1098 misc:2091 imb:42 pmb:280 smb:7838 d:- ref:0 ;
in:3073 out:3074 type:b dur:2 cpbdur:2 q:32.39 aq:23.98 tex:106 mv:61 misc:441 imb:3 pmb:4 smb:8153 d:- ref:0 ;
in:3076 out:3075 type:P dur:2 cpbdur:2 q:32.38 aq:23.20 tex:14913 mv:1751 misc:2840 imb:83 pmb:461 smb:7616 d:- ref:0 ;
in:3075 out:3076 type:b dur:2 cpbdur:2 q:32.39 aq:22.95 tex:52 mv:36 misc:424 imb:2 pmb:4 smb:8154 d:- ref:0 ;
in:3078 out:3077 type:P dur:2 cpbdur:2 q:32.38 aq:23.89 tex:7932 mv:1011 misc:2065 imb:47 pmb:276 smb:7837 d:- ref:0 ;
in:3077 out:3078 type:b dur:2 cpbdur:2 q:32.38 aq:25.10 tex:127 mv:24 misc:417 imb:1 pmb:3 smb:8156 d:- ref:0 ;
in:3080 out:3079 type:P dur:2 cpbdur:2 q:32.36 aq:23.07 tex:12422 mv:1604 misc:2710 imb:73 pmb:428 smb:7659 d:- ref:0 ;
in:3079 out:3080 type:b dur:2 cpbdur:2 q:32.37 aq:19.67 tex:42 mv:52 misc:434 imb:3 pmb:2 smb:8155 d:- ref:0 ;
in:3082 out:3081 type:P dur:2 cpbdur:2 q:32.36 aq:22.94 tex:6572 mv:1054 misc:1942 imb:38 pmb:266 smb:7856 d:- ref:0 ;
in:3081 out:3082 type:b dur:2 cpbdur:2 q:32.36 aq:23.99 tex:59 mv:17 misc:404 imb:1 pmb:1 smb:8158 d:- ref:0 ;
in:3084 out:3083 type:P dur:2 cpbdur:2 q:32.34 aq:23.50 tex:11483 mv:1639 misc:2694 imb:64 pmb:437 smb:7659 d:- ref:0 ;
in:3083 out:3084 type:b dur:2 cpbdur:2 q:32.35 aq:25.56 tex:123 mv:43 misc:426 imb:3 pmb:2 smb:8155 d:- ref:0 ;
in:3086 out:3085 type:P dur:2 cpbdur:2 q:32.33 aq:23.64 tex:6449 mv:1194 misc:2005 imb:29 pmb:308 smb:7823 d:- ref:0 ;
in:3085 out:3086 type:b dur:2 cpbdur:2 q:32.34 aq:30.09 tex:112 mv:40 misc:440 imb:1 pmb:6 smb:8153 d:- ref:0 ;
in:3088 out:3087 type:P dur:2 cpbdur:2 q:32.32 aq:23.66 tex:12270 mv:1946 misc:2840 imb:73 pmb:461 smb:7626 d:- ref:0 ;
in:3087 out:3088 type:b dur:2 cpbdur:2 q:32.33 aq:17.99 tex:81 mv:48 misc:431 imb:4 pmb:1 smb:8155 d:- ref:0 ;
in:3090 out:3089 type:P dur:2 cpbdur:2 q:32.31 aq:23.98 tex:7711 mv:971 misc:2014 imb:33 pmb:284 smb:7843 d:- ref:0 ;
in:3089 out:3090 type:b dur:2 cpbdur:2 q:32.32 aq:25.23 tex:168 mv:69 misc:451 imb:4 pmb:6 smb:8150 d:- ref:0 ;
in:3092 out:3091 type:P dur:2 cpbdur:2 q:32.30 aq:22.24 tex:13052 mv:1724 misc:2856 imb:54 pmb:483 smb:7623 d:- ref:0 ;
in:3091 out:3092 type:b dur:2 cpbdur:2 q:32.31 aq:29.13 tex:59 mv:43 misc:418 imb:2 pmb:2 smb:8156 d:- ref:0 ;
in:3094 out:3093 type:P dur:2 cpbdur:2 q:32.30 aq:22.77 tex:7000 mv:1018 misc:2062 imb:34 pmb:291 smb:7835 d:- ref:0 ;
in:3093 out:3094 type:b dur:2 cpbdur:2 q:32.30 aq:30.50 tex:118 mv:58 misc:448 imb:4 pmb:4 smb:8152 d:- ref:0 ;
in:3096 out:3095 type:P dur:2 cpbdur:2 q:32.28 aq:23.28 tex:11898 mv:1597 misc:2673 imb:55 pmb:448 smb:7657 d:- ref:0 ;
in:3095 out:3096 type:b dur:2 cpbdur:2 q:32.29 aq:29.65 tex:117 mv:60 misc:439 imb:5 pmb:2 smb:8153 d:- ref:0 ;
in:3098 out:3097 type:P dur:2 cpbdur:2 q:32.28 aq:22.97 tex:7142 mv:1086 misc:2108 imb:45 pmb:276 smb:7839 d:- ref:0 ;
in:3097 out:3098 type:b dur:2 cpbdur:2 q:32.28 aq:30.98 tex:24 mv:12 misc:412 imb:0 pmb:3 smb:8157 d:- ref:0 ;
in:3100 out:3099 type:P dur:2 cpbdur:2 q:32.27 aq:22.83 tex:13137 mv:1764 misc:2915 imb:84 pmb:462 smb:7614 d:- ref:0 ;
in:3099 out:3100 type:b dur:2 cpbdur:2 q:32.27 aq:23.87 tex:26 mv:37 misc:417 imb:3 pmb:1 smb:8156 d:- ref:0 ;
in:3102 out:3101 type:P dur:2 cpbdur:2 q:32.27 aq:23.50 tex:7043 mv:946 misc:1995 imb:40 pmb:267 smb:7853 d:- ref:0 ;
in:3101 out:3102 type:b dur:2 cpbdur:2 q:32.27 aq:29.34 tex:88 mv:64 misc:440 imb:4 pmb:3 smb:8153 d:- ref:0 ;
in:3104 out:3103 type:P dur:2 cpbdur:2 q:32.25 aq:23.14 tex:11069 mv:1526 misc:2621 imb:59 pmb:430 smb:7671 d:- ref:0 ;
in:3103 out:3104 type:b dur:2 cpbdur:2 q:32.26 aq:32.42 tex:51 mv:30 misc:415 imb:1 pmb:2 smb:8157 d:- ref:0 ;
in:3106 out:3105 type:P dur:2 cpbdur:2 q:32.24 aq:23.47 tex:8376 mv:956 misc:1988 imb:34 pmb:257 smb:7869 d:- ref:0 ;
in:3105 out:3106 type:b dur:2 cpbdur:2 q:32.24 aq:23.98 tex:81 mv:69 misc:450 imb:4 pmb:8 smb:8148 d:- ref:0 ;
in:3108 out:3107 type:P dur:2 cpbdur:2 q:32.22 aq:23.02 tex:10877 mv:1623 misc:2716 imb:64 pmb:420 smb:7676 d:- ref:0 ;
in:3107 out:3108 type:b dur:2 cpbdur:2 q:32.23 aq:25.03 tex:115 mv:50 misc:435 imb:4 pmb:2 smb:8154 d:- ref:0 ;
in:3110 out:3109 type:P dur:2 cpbdur:2 q:32.21 aq:23.26 tex:8442 mv:1405 misc:2129 imb:34 pmb:337 smb:7789 d:- ref:0 ;
in:3109 out:3110 type:b dur:2 cpbdur:2 q:32.22 aq:32.90 tex:108 mv:69 misc:447 imb:3 pmb:7 smb:8150 d:- ref:0 ;
in:3112 out:3111 type:P dur:2 cpbdur:2 q:32.20 aq:23.44 tex:17850 mv:3112 misc:3118 imb:81 pmb:650 smb:7429 d:- ref:0 ;
in:3111 out:3112 type:b dur:2 cpbdur:2 q:32.21 aq:19.74 tex:69 mv:68 misc:447 imb:1 pmb:7 smb:8152 d:- ref:0 ;
in:3114 out:3113 type:P dur:2 cpbdur:2 q:32.20 aq:24.38 tex:11625 mv:2012 misc:2211 imb:39 pmb:410 smb:7711 d:- ref:0 ;
in:3113 out:3114 type:b dur:2 cpbdur:2 q:32.20 aq:34.77 tex:187 mv:87 misc:462 imb:2 pmb:10 smb:8148 d:- ref:0 ;
in:3116 out:3115 type:P dur:2 cpbdur:2 q:32.18 aq:23.48 tex:16530 mv:2547 misc:2995 imb:72 pmb:582 smb:7506 d:- ref:0 ;
in:3115 out:3116 type:b dur:2 cpbdur:2 q:32.19 aq:27.08 tex:664 mv:175 misc:497 imb:4 pmb:22 smb:8134 d:- ref:0 ;
in:3118 out:3117 type:P dur:2 cpbdur:2 q:32.18 aq:23.14 tex:11607 mv:2115 misc:2254 imb:48 pmb:432 smb:7680 d:- ref:0 ;
in:3117 out:3118 type:b dur:2 cpbdur:2 q:32.18 aq:24.90 tex:502 mv:141 misc:469 imb:1 pmb:20 smb:8139 d:- ref:0 ;
in:3120 out:3119 type:P dur:2 cpbdur:2 q:32.17 aq:22.61 tex:19137 mv:3622 misc:3529 imb:133 pmb:709 smb:7318 d:- ref:0 ;
in:3119 out:3120 type:b dur:2 cpbdur:2 q:32.18 aq:32.23 tex:373 mv:127 misc:484 imb:2 pmb:16 smb:8142 d:- ref:0 ;
in:3122 out:3121 type:P dur:2 cpbdur:2 q:32.18 aq:23.72 tex:12399 mv:2236 misc:2317 imb:53 pmb:454 smb:7653 d:- ref:0 ;
in:3121 out:3122 type:b dur:2 cpbdur:2 q:32.18 aq:29.98 tex:138 mv:92 misc:466 imb:3 pmb:10 smb:8147 d:- ref:0 ;
in:3124 out:3123 type:P dur:2 cpbdur:2 q:32.17 aq:23.15 tex:19471 mv:3482 misc:3247 imb:86 pmb:705 smb:7369 d:- ref:0 ;
in:3123 out:3124 type:b dur:2 cpbdur:2 q:32.18 aq:25.33 tex:165 mv:155 misc:496 imb:4 pmb:14 smb:8142 d:- ref:0 ;
in:3126 out:3125 type:P dur:2 cpbdur:2 q:32.16 aq:23.64 tex:10938 mv:1902 misc:2328 imb:40 pmb:421 smb:7699 d:- ref:0 ;
in:3125 out:3126 type:b dur:2 cpbdur:2 q:32.16 aq:24.68 tex:330 mv:151 misc:447 imb:4 pmb:10 smb:8146 d:- ref:0 ;
in:3128 out:3127 type:P dur:2 cpbdur:2 q:32.14 aq:23.57 tex:18674 mv:3180 misc:3274 imb:108 pmb:651 smb:7401 d:- ref:0 ;
in:3127 out:3128 type:b dur:2 cpbdur:2 q:32.15 aq:28.98 tex:491 mv:231 misc:518 imb:4 pmb:23 smb:8133 d:- ref:0 ;
in:3130 out:3129 type:P dur:2 cpbdur:2 q:32.15 aq:24.08 tex:11177 mv:2092 misc:2091 imb:45 pmb:402 smb:7713 d:- ref:0 ;
in:3129 out:3130 type:b dur:2 cpbdur:2 q:32.15 aq:28.73 tex:329 mv:212 misc:491 imb:2 pmb:22 smb:8136 d:- ref:0 ;
in:3132 out:3131 type:P dur:2 cpbdur:2 q:32.14 aq:23.38 tex:18202 mv:2953 misc:3221 imb:97 pmb:651 smb:7412 d:- ref:0 ;
in:3131 out:3132 type:b dur:2 cpbdur:2 q:32.15 aq:31.95 tex:214 mv:167 misc:491 imb:3 pmb:15 smb:8142 d:- ref:0 ;
in:3134 out:3133 type:P dur:2 cpbdur:2 q:32.14 aq:24.14 tex:11303 mv:1903 misc:2226 imb:39 pmb:410 smb:7711 d:- ref:0 ;
in:3133 out:3134 type:b dur:2 cpbdur:2 q:32.14 aq:31.46 tex:172 mv:51 misc:457 imb:0 pmb:11 smb:8149 d:- ref:0 ;
in:3136 out:3135 type:P dur:2 cpbdur:2 q:32.13 aq:23.60 tex:19147 mv:2861 misc:2960 imb:86 pmb:620 smb:7454 d:- ref:0 ;
in:3135 out:3136 type:b dur:2 cpbdur:2 q:32.13 aq:28.83 tex:222 mv:214 misc:524 imb:2 pmb:28 smb:8130 d:- ref:0 ;
in:3138 out:3137 type:P dur:2 cpbdur:2 q:32.13 aq:23.91 tex:11181 mv:1774 misc:2069 imb:35 pmb:376 smb:7749 d:- ref:0 ;
in:3137 out:3138 type:b dur:2 cpbdur:2 q:32.13 aq:27.90 tex:267 mv:199 misc:494 imb:3 pmb:21 smb:8136 d:- ref:0 ;
in:3140 out:3139 type:P dur:2 cpbdur:2 q:32.12 aq:23.83 tex:17493 mv:2963 misc:2912 imb:80 pmb:589 smb:7491 d:- ref:0 ;
in:3139 out:3140 type:b dur:2 cpbdur:2 q:32.13 aq:31.98 tex:491 mv:164 misc:465 imb:1 pmb:22 smb:8137 d:- ref:0 ;
in:3142 out:3141 type:P dur:2 cpbdur:2 q:32.13 aq:24.97 tex:9015 mv:1495 misc:1906 imb:30 pmb:338 smb:7792 d:- ref:0 ;
in:3141 out:3142 type:b dur:2 cpbdur:2 q:32.13 aq:30.17 tex:344 mv:77 misc:475 imb:3 pmb:10 smb:8147 d:- ref:0 ;
in:3144 out:3143 type:P dur:2 cpbdur:2 q:32.12 aq:23.55 tex:15410 mv:2702 misc:2648 imb:76 pmb:558 smb:7526 d:- ref:0 ;
in:3143 out:3144 type:b dur:2 cpbdur:2 q:32.13 aq:32.27 tex:243 mv:289 misc:548 imb:5 pmb:30 smb:8125 d:- ref:0 ;
in:3146 out:3145 type:P dur:2 cpbdur:2 q:32.12 aq:24.41 tex:10842 mv:1908 misc:1994 imb:34 pmb:391 smb:7735 d:- ref:0 ;
in:3145 out:3146 type:b dur:2 cpbdur:2 q:32.12 aq:20.83 tex:107 mv:127 misc:462 imb:5 pmb:9 smb:8146 d:- ref:0 ;
in:3148 out:3147 type:P dur:2 cpbdur:2 q:32.12 aq:24.49 tex:15851 mv:2506 misc:2587 imb:32 pmb:566 smb:7562 d:- ref:0 ;
in:3147 out:3148 type:b dur:2 cpbdur:2 q:32.12 aq:31.44 tex:335 mv:127 misc:458 imb:2 pmb:14 smb:8144 d:- ref:0 ;
in:3152 out:3149 type:P dur:2 cpbdur:2 q:32.12 aq:23.46 tex:33504 mv:5835 misc:4461 imb:162 pmb:1151 smb:6847 d:- ref:0 ;
in:3150 out:3150 type:B dur:2 cpbdur:2 q:32.12 aq:28.30 tex:1535 mv:673 misc:728 imb:8 pmb:82 smb:8070 d:- ref:0 ;
in:3149 out:3151 type:b dur:2 cpbdur:2 q:32.12 aq:26.84 tex:506 mv:285 misc:537 imb:6 pmb:26 smb:8128 d:- ref:0 ;
in:3151 out:3152 type:b dur:2 cpbdur:2 q:32.12 aq:32.19 tex:275 mv:308 misc:553 imb:1 pmb:33 smb:8126 d:- ref:0 ;
in:3154 out:3153 type:P dur:2 cpbdur:2 q:32.32 aq:22.40 tex:22438 mv:4204 misc:4158 imb:166 pmb:836 smb:7158 d:- ref:0 ;
in:3153 out:3154 type:b dur:2 cpbdur:2 q:32.22 aq:30.12 tex:235 mv:176 misc:469 imb:1 pmb:17 smb:8142 d:- ref:0 ;
in:3156 out:3155 type:P dur:2 cpbdur:2 q:32.34 aq:23.98 tex:9604 mv:1993 misc:2299 imb:46 pmb:402 smb:7712 d:- ref:0 ;
in:3155 out:3156 type:b dur:2 cpbdur:2 q:32.33 aq:34.23 tex:202 mv:80 misc:454 imb:0 pmb:10 smb:8150 d:- ref:0 ;
in:3158 out:3157 type:P dur:2 cpbdur:2 q:32.34 aq:23.32 tex:16066 mv:2837 misc:3009 imb:73 pmb:594 smb:7493 d:- ref:0 ;
in:3157 out:3158 type:b dur:2 cpbdur:2 q:32.34 aq:23.99 tex:57 mv:107 misc:452 imb:3 pmb:9 smb:8148 d:- ref:0 ;
in:3160 out:3159 type:P dur:2 cpbdur:2 q:32.32 aq:23.32 tex:9969 mv:2114 misc:2301 imb:53 pmb:400 smb:7707 d:- ref:0 ;
in:3159 out:3160 type:b dur:2 cpbdur:2 q:32.33 aq:24.52 tex:411 mv:148 misc:449 imb:3 pmb:15 smb:8142 d:- ref:0 ;
in:3162 out:3161 type:P dur:2 cpbdur:2 q:32.34 aq:23.18 tex:16085 mv:2801 misc:3226 imb:110 pmb:577 smb:7473 d:- ref:0 ;
in:3161 out:3162 type:b dur:2 cpbdur:2 q:32.33 aq:34.34 tex:418 mv:135 misc:463 imb:0 pmb:15 smb:8145 d:- ref:0 ;
in:3164 out:3163 type:P dur:2 cpbdur:2 q:32.33 aq:23.57 tex:9930 mv:2000 misc:2190 imb:55 pmb:373 smb:7732 d:- ref:0 ;
in:3163 out:3164 type:b dur:2 cpbdur:2 q:32.33 aq:34.04 tex:172 mv:185 misc:475 imb:1 pmb:18 smb:8141 d:- ref:0 ;
in:3166 out:3165 type:P dur:2 cpbdur:2 q:32.33 aq:23.07 tex:20221 mv:3597 misc:3462 imb:119 pmb:696 smb:7345 d:- ref:0 ;
in:3165 out:3166 type:b dur:2 cpbdur:2 q:32.33 aq:25.79 tex:255 mv:209 misc:520 imb:0 pmb:28 smb:8132 d:- ref:0 ;
in:3168 out:3167 type:P dur:2 cpbdur:2 q:32.25 aq:23.09 tex:11478 mv:2129 misc:2401 imb:46 pmb:436 smb:7678 d:- ref:0 ;
in:3167 out:3168 type:b dur:2 cpbdur:2 q:32.29 aq:33.93 tex:152 mv:85 misc:451 imb:2 pmb:7 smb:8151 d:- ref:0 ;
in:3170 out:3169 type:P dur:2 cpbdur:2 q:32.21 aq:22.36 tex:20597 mv:3488 misc:3667 imb:132 pmb:728 smb:7300 d:- ref:0 ;
in:3169 out:3170 type:b dur:2 cpbdur:2 q:32.23 aq:32.91 tex:167 mv:124 misc:469 imb:4 pmb:14 smb:8142 d:- ref:0 ;
in:3172 out:3171 type:P dur:2 cpbdur:2 q:32.16 aq:22.45 tex:12761 mv:2340 misc:2443 imb:55 pmb:472 smb:7633 d:- ref:0 ;
in:3171 out:3172 type:b dur:2 cpbdur:2 q:32.18 aq:19.99 tex:336 mv:156 misc:476 imb:3 pmb:19 smb:8138 d:- ref:0 ;
in:3174 out:3173 type:P dur:2 cpbdur:2 q:32.14 aq:22.57 tex:20089 mv:3120 misc:3423 imb:104 pmb:700 smb:7356 d:- ref:0 ;
in:3173 out:3174 type:b dur:2 cpbdur:2 q:32.15 aq:30.51 tex:370 mv:184 misc:470 imb:1 pmb:21 smb:8138 d:- ref:0 ;
in:3176 out:3175 type:P dur:2 cpbdur:2 q:32.15 aq:23.44 tex:10259 mv:1919 misc:2270 imb:43 pmb:412 smb:7705 d:- ref:0 ;
in:3175 out:3176 type:b dur:2 cpbdur:2 q:32.15 aq:33.26 tex:410 mv:132 misc:482 imb:1 pmb:18 smb:8141 d:- ref:0 ;
in:3178 out:3177 type:P dur:2 cpbdur:2 q:32.14 aq:22.62 tex:18873 mv:2864 misc:3183 imb:95 pmb:611 smb:7454 d:- ref:0 ;
in:3177 out:3178 type:b dur:2 cpbdur:2 q:32.14 aq:26.03 tex:235 mv:260 misc:537 imb:3 pmb:30 smb:8127 d:- ref:0 ;
in:3180 out:3179 type:P dur:2 cpbdur:2 q:32.14 aq:22.65 tex:9756 mv:1837 misc:2311 imb:47 pmb:400 smb:7713 d:- ref:0 ;
in:3179 out:3180 type:b dur:2 cpbdur:2 q:32.14 aq:32.05 tex:190 mv:67 misc:471 imb:1 pmb:12 smb:8147 d:- ref:0 ;
in:3182 out:3181 type:P dur:2 cpbdur:2 q:32.12 aq:23.04 tex:18624 mv:3017 misc:3199 imb:94 pmb:648 smb:7418 d:- ref:0 ;
in:3181 out:3182 type:b dur:2 cpbdur:2 q:32.13 aq:29.80 tex:268 mv:203 misc:545 imb:4 pmb:28 smb:8128 d:- ref:0 ;
in:3184 out:3183 type:P dur:2 cpbdur:2 q:32.13 aq:23.59 tex:11569 mv:1929 misc:2334 imb:43 pmb:408 smb:7709 d:- ref:0 ;
in:3183 out:3184 type:b dur:2 cpbdur:2 q:32.13 aq:33.06 tex:297 mv:167 misc:456 imb:1 pmb:19 smb:8140 d:- ref:0 ;
in:3186 out:3185 type:P dur:2 cpbdur:2 q:32.12 aq:22.83 tex:18001 mv:3032 misc:3239 imb:98 pmb:639 smb:7423 d:- ref:0 ;
in:3185 out:3186 type:b dur:2 cpbdur:2 q:32.12 aq:27.36 tex:461 mv:180 misc:479 imb:7 pmb:15 smb:8138 d:- ref:0 ;
in:3188 out:3187 type:P dur:2 cpbdur:2 q:32.12 aq:22.65 tex:11014 mv:2163 misc:2535 imb:66 pmb:428 smb:7666 d:- ref:0 ;
in:3187 out:3188 type:b dur:2 cpbdur:2 q:32.12 aq:31.05 tex:316 mv:153 misc:483 imb:1 pmb:18 smb:8141 d:- ref:0 ;
in:3190 out:3189 type:P dur:2 cpbdur:2 q:32.12 aq:22.46 tex:20657 mv:3125 misc:3330 imb:91 pmb:721 smb:7348 d:- ref:0 ;
in:3189 out:3190 type:b dur:2 cpbdur:2 q:32.12 aq:25.09 tex:316 mv:96 misc:476 imb:3 pmb:11 smb:8146 d:- ref:0 ;
in:3192 out:3191 type:P dur:2 cpbdur:2 q:32.13 aq:23.82 tex:9099 mv:1806 misc:2111 imb:33 pmb:395 smb:7732 d:- ref:0 ;
in:3191 out:3192 type:b dur:2 cpbdur:2 q:32.12 aq:23.67 tex:22 mv:17 misc:401 imb:1 pmb:1 smb:8158 d:- ref:0 ;
in:3194 out:3193 type:P dur:2 cpbdur:2 q:32.12 aq:23.55 tex:18922 mv:3084 misc:3074 imb:98 pmb:633 smb:7429 d:- ref:0 ;
in:3193 out:3194 type:b dur:2 cpbdur:2 q:32.12 aq:28.10 tex:157 mv:253 misc:558 imb:2 pmb:34 smb:8124 d:- ref:0 ;
in:3196 out:3195 type:P dur:2 cpbdur:2 q:32.12 aq:23.47 tex:13145 mv:1883 misc:2188 imb:39 pmb:402 smb:7719 d:- ref:0 ;
in:3195 out:3196 type:b dur:2 cpbdur:2 q:32.12 aq:31.65 tex:390 mv:152 misc:506 imb:2 pmb:25 smb:8133 d:- ref:0 ;
in:3198 out:3197 type:P dur:2 cpbdur:2 q:32.11 aq:23.34 tex:18439 mv:2991 misc:3218 imb:83 pmb:661 smb:7416 d:- ref:0 ;
in:3197 out:3198 type:b dur:2 cpbdur:2 q:32.12 aq:32.09 tex:530 mv:170 misc:468 imb:3 pmb:19 smb:8138 d:- ref:0 ;
in:3200 out:3199 type:P dur:2 cpbdur:2 q:32.12 aq:23.08 tex:11814 mv:2175 misc:2379 imb:50 pmb:435 smb:7675 d:- ref:0 ;
in:3199 out:3200 type:b dur:2 cpbdur:2 q:32.12 aq:32.70 tex:334 mv:163 misc:487 imb:5 pmb:15 smb:8140 d:- ref:0 ;
in:3202 out:3201 type:P dur:2 cpbdur:2 q:32.11 aq:22.82 tex:19741 mv:3018 misc:3265 imb:111 pmb:652 smb:7397 d:- ref:0 ;
in:3201 out:3202 type:b dur:2 cpbdur:2 q:32.12 aq:33.47 tex:127 mv:164 misc:485 imb:1 pmb:15 smb:8144 d:- ref:0 ;
in:3204 out:3203 type:P dur:2 cpbdur:2 q:32.12 aq:22.44 tex:10528 mv:1903 misc:2297 imb:47 pmb:409 smb:7704 d:- ref:0 ;
in:3203 out:3204 type:b dur:2 cpbdur:2 q:32.12 aq:30.93 tex:20 mv:78 misc:438 imb:1 pmb:6 smb:8153 d:- ref:0 ;
in:3206 out:3205 type:P dur:2 cpbdur:2 q:32.11 aq:23.31 tex:20018 mv:3447 misc:3231 imb:100 pmb:687 smb:7373 d:- ref:0 ;
in:3205 out:3206 type:b dur:2 cpbdur:2 q:32.12 aq:31.48 tex:165 mv:137 misc:482 imb:3 pmb:17 smb:8140 d:- ref:0 ;
in:3208 out:3207 type:P dur:2 cpbdur:2 q:32.12 aq:24.28 tex:11389 mv:1968 misc:2243 imb:34 pmb:428 smb:7698 d:- ref:0 ;
in:3207 out:3208 type:b dur:2 cpbdur:2 q:32.11 aq:33.36 tex:234 mv:143 misc:463 imb:1 pmb:18 smb:8141 d:- ref:0 ;
in:3210 out:3209 type:P dur:2 cpbdur:2 q:32.11 aq:22.84 tex:20647 mv:3382 misc:3443 imb:119 pmb:694 smb:7347 d:- ref:0 ;
in:3209 out:3210 type:b dur:2 cpbdur:2 q:32.11 aq:31.67 tex:592 mv:256 misc:552 imb:5 pmb:31 smb:8124 d:- ref:0 ;
in:3212 out:3211 type:P dur:2 cpbdur:2 q:32.12 aq:23.17 tex:12493 mv:2136 misc:2403 imb:47 pmb:457 smb:7656 d:- ref:0 ;
in:3211 out:3212 type:b dur:2 cpbdur:2 q:32.11 aq:30.13 tex:379 mv:109 misc:464 imb:2 pmb:14 smb:8144 d:- ref:0 ;
in:3214 out:3213 type:P dur:2 cpbdur:2 q:32.12 aq:22.36 tex:22778 mv:3508 misc:3514 imb:125 pmb:724 smb:7311 d:- ref:0 ;
in:3213 out:3214 type:b dur:2 cpbdur:2 q:32.12 aq:32.81 tex:120 mv:100 misc:476 imb:2 pmb:11 smb:8147 d:- ref:0 ;
in:3216 out:3215 type:P dur:2 cpbdur:2 q:32.13 aq:24.25 tex:12790 mv:1615 misc:2131 imb:38 pmb:398 smb:7724 d:- ref:0 ;
in:3215 out:3216 type:b dur:2 cpbdur:2 q:32.12 aq:25.63 tex:23 mv:20 misc:413 imb:1 pmb:2 smb:8157 d:- ref:0 ;
in:3218 out:3217 type:P dur:2 cpbdur:2 q:32.12 aq:23.17 tex:20153 mv:2431 misc:3072 imb:76 pmb:638 smb:7446 d:- ref:0 ;
in:3217 out:3218 type:b dur:2 cpbdur:2 q:32.12 aq:27.45 tex:63 mv:42 misc:431 imb:3 pmb:2 smb:8155 d:- ref:0 ;
in:3220 out:3219 type:P dur:2 cpbdur:2 q:32.11 aq:22.50 tex:10345 mv:1273 misc:2126 imb:32 pmb:368 smb:7760 d:- ref:0 ;
in:3219 out:3220 type:b dur:2 cpbdur:2 q:32.12 aq:30.88 tex:22 mv:11 misc:399 imb:1 pmb:0 smb:8159 d:- ref:0 ;
in:3222 out:3221 type:P dur:2 cpbdur:2 q:32.10 aq:22.88 tex:18101 mv:2216 misc:3203 imb:80 pmb:611 smb:7469 d:- ref:0 ;
in:3221 out:3222 type:b dur:2 cpbdur:2 q:32.11 aq:26.73 tex:65 mv:42 misc:429 imb:3 pmb:2 smb:8155 d:- ref:0 ;
in:3224 out:3223 type:P dur:2 cpbdur:2 q:32.11 aq:23.80 tex:9491 mv:1164 misc:2169 imb:34 pmb:341 smb:7785 d:- ref:0 ;
in:3223 out:3224 type:b dur:2 cpbdur:2 q:32.11 aq:28.72 tex:57 mv:58 misc:445 imb:5 pmb:2 smb:8153 d:- ref:0 ;
in:3226 out:3225 type:P dur:2 cpbdur:2 q:32.10 aq:23.24 tex:18465 mv:2013 misc:3130 imb:60 pmb:600 smb:7500 d:- ref:0 ;
in:3225 out:3226 type:b dur:2 cpbdur:2 q:32.10 aq:20.19 tex:73 mv:88 misc:463 imb:4 pmb:8 smb:8148 d:- ref:0 ;
in:3228 out:3227 type:P dur:2 cpbdur:2 q:32.11 aq:22.32 tex:8758 mv:1038 misc:2028 imb:35 pmb:297 smb:7828 d:- ref:0 ;
in:3227 out:3228 type:b dur:2 cpbdur:2 q:32.10 aq:24.01 tex:47 mv:37 misc:420 imb:3 pmb:1 smb:8156 d:- ref:0 ;
in:3230 out:3229 type:P dur:2 cpbdur:2 q:32.10 aq:23.02 tex:17025 mv:2064 misc:3087 imb:91 pmb:552 smb:7517 d:- ref:0 ;
in:3229 out:3230 type:b dur:2 cpbdur:2 q:32.10 aq:23.58 tex:49 mv:54 misc:425 imb:5 pmb:1 smb:8154 d:- ref:0 ;
in:3232 out:3231 type:P dur:2 cpbdur:2 q:32.10 aq:23.47 tex:10142 mv:1054 misc:2300 imb:31 pmb:364 smb:7765 d:- ref:0 ;
in:3231 out:3232 type:b dur:2 cpbdur:2 q:32.10 aq:30.95 tex:40 mv:16 misc:400 imb:1 pmb:1 smb:8158 d:- ref:0 ;
in:3234 out:3233 type:P dur:2 cpbdur:2 q:32.10 aq:22.55 tex:17075 mv:2170 misc:3251 imb:84 pmb:594 smb:7482 d:- ref:0 ;
in:3233 out:3234 type:b dur:2 cpbdur:2 q:32.10 aq:32.39 tex:110 mv:39 misc:419 imb:3 pmb:1 smb:8156 d:- ref:0 ;
in:3236 out:3235 type:P dur:2 cpbdur:2 q:32.11 aq:23.63 tex:7873 mv:1005 misc:2034 imb:30 pmb:299 smb:7831 d:- ref:0 ;
in:3235 out:3236 type:b dur:2 cpbdur:2 q:32.10 aq:23.85 tex:68 mv:37 misc:415 imb:3 pmb:1 smb:8156 d:- ref:0 ;
in:3238 out:3237 type:P dur:2 cpbdur:2 q:32.10 aq:22.69 tex:14941 mv:1791 misc:2900 imb:69 pmb:521 smb:7570 d:- ref:0 ;
in:3237 out:3238 type:b dur:2 cpbdur:2 q:32.10 aq:29.03 tex:22 mv:11 misc:399 imb:1 pmb:0 smb:8159 d:- ref:0 ;
in:3240 out:3239 type:P dur:2 cpbdur:2 q:32.10 aq:23.40 tex:8416 mv:950 misc:2034 imb:25 pmb:301 smb:7834 d:- ref:0 ;
in:3239 out:3240 type:b dur:2 cpbdur:2 q:32.10 aq:30.55 tex:154 mv:42 misc:452 imb:1 pmb:8 smb:8151 d:- ref:0 ;
in:3242 out:3241 type:P dur:2 cpbdur:2 q:32.09 aq:22.71 tex:17604 mv:2058 misc:3258 imb:77 pmb:598 smb:7485 d:- ref:0 ;
in:3241 out:3242 type:b dur:2 cpbdur:2 q:32.09 aq:27.95 tex:163 mv:70 misc:455 imb:3 pmb:7 smb:8150 d:- ref:0 ;
in:3244 out:3243 type:P dur:2 cpbdur:2 q:32.09 aq:22.97 tex:8912 mv:1012 misc:2156 imb:40 pmb:316 smb:7804 d:- ref:0 ;
in:3243 out:3244 type:b dur:2 cpbdur:2 q:32.09 aq:30.90 tex:41 mv:33 misc:406 imb:1 pmb:3 smb:8156 d:- ref:0 ;
in:3246 out:3245 type:P dur:2 cpbdur:2 q:32.08 aq:22.79 tex:17790 mv:1858 misc:3088 imb:66 pmb:604 smb:7490 d:- ref:0 ;
in:3245 out:3246 type:b dur:2 cpbdur:2 q:32.09 aq:29.60 tex:54 mv:41 misc:425 imb:3 pmb:2 smb:8155 d:- ref:0 ;
in:3248 out:3247 type:P dur:2 cpbdur:2 q:32.08 aq:22.48 tex:8183 mv:974 misc:2011 imb:28 pmb:314 smb:7818 d:- ref:0 ;
in:3247 out:3248 type:b dur:2 cpbdur:2 q:32.08 aq:30.94 tex:35 mv:22 misc:399 imb:2 pmb:0 smb:8158 d:- ref:0 ;
in:3249 out:3249 type:P dur:2 cpbdur:2 q:32.07 aq:18.72 tex:118 mv:34 misc:448 imb:4 pmb:1 smb:8155 d:- ref:0 ;
in:3250 out:3250 type:I dur:2 cpbdur:2 q:29.19 aq:20.01 tex:509414 mv:143633 misc:697 imb:8160 pmb:0 smb:0 d:- ref:;
in:3252 out:3251 type:P dur:2 cpbdur:2 q:32.81 aq:23.47 tex:2893 mv:403 misc:1104 imb:22 pmb:96 smb:8042 d:- ref:0 ;
in:3251 out:3252 type:b dur:2 cpbdur:2 q:32.81 aq:32.00 tex:0 mv:0 misc:384 imb:0 pmb:0 smb:8160 d:- ref:0 ;
in:3254 out:3253 type:P dur:2 cpbdur:2 q:32.79 aq:22.90 tex:11290 mv:1609 misc:2645 imb:78 pmb:402 smb:7680 d:- ref:0 ;
in:3253 out:3254 type:b dur:2 cpbdur:2 q:32.80 aq:31.93 tex:31 mv:16 misc:401 imb:1 pmb:1 smb:8158 d:- ref:0 ;
in:3256 out:3255 type:P dur:2 cpbdur:2 q:32.78 aq:23.83 tex:9226 mv:768 misc:1638 imb:29 pmb:206 smb:7925 d:- ref:0 ;
in:3255 out:3256 type:b dur:2 cpbdur:2 q:32.78 aq:31.95 tex:30 mv:17 misc:409 imb:0 pmb:6 smb:8154 d:- ref:0 ;
in:3258 out:3257 type:P dur:2 cpbdur:2 q:32.76 aq:23.49 tex:11654 mv:1611 misc:2511 imb:63 pmb:401 smb:7696 d:- ref:0 ;
in:3257 out:3258 type:b dur:2 cpbdur:2 q:32.77 aq:30.53 tex:55 mv:28 misc:405 imb:2 pmb:1 smb:8157 d:- ref:0 ;
in:3260 out:3259 type:P dur:2 cpbdur:2 q:32.75 aq:23.08 tex:5945 mv:746 misc:1701 imb:21 pmb:224 smb:7915 d:- ref:0 ;
in:3259 out:3260 type:b dur:2 cpbdur:2 q:32.76 aq:31.95 tex:53 mv:37 misc:414 imb:3 pmb:1 smb:8156 d:- ref:0 ;
in:3262 out:3261 type:P dur:2 cpbdur:2 q:32.73 aq:23.18 tex:11172 mv:1454 misc:2478 imb:67 pmb:375 smb:7718 d:- ref:0 ;
in:3261 out:3262 type:b dur:2 cpbdur:2 q:32.74 aq:31.88 tex:25 mv:32 misc:407 imb:3 pmb:0 smb:8157 d:- ref:0 ;
in:3264 out:3263 type:P dur:2 cpbdur:2 q:32.73 aq:23.46 tex:5142 mv:761 misc:1697 imb:25 pmb:208 smb:7927 d:- ref:0 ;
in:3263 out:3264 type:b dur:2 cpbdur:2 q:32.73 aq:32.00 tex:0 mv:0 misc:384 imb:0 pmb:0 smb:8160 d:- ref:0 ;
in:3266 out:3265 type:P dur:2 cpbdur:2 q:32.72 aq:22.76 tex:11856 mv:1767 misc:2761 imb:71 pmb:442 smb:7647 d:- ref:0 ;
in:3265 out:3266 type:b dur:2 cpbdur:2 q:32.72 aq:24.74 tex:72 mv:42 misc:422 imb:2 pmb:3 smb:8155 d:- ref:0 ;
in:3268 out:3267 type:P dur:2 cpbdur:2 q:32.71 aq:24.33 tex:6247 mv:839 misc:1818 imb:25 pmb:249 smb:7886 d:- ref:0 ;
in:3267 out:3268 type:b dur:2 cpbdur:2 q:32.72 aq:31.95 tex:40 mv:16 misc:400 imb:1 pmb:1 smb:8158 d:- ref:0 ;
in:3270 out:3269 type:P dur:2 cpbdur:2 q:32.83 aq:23.09 tex:10275 mv:1536 misc:2605 imb:55 pmb:422 smb:7683 d:- ref:0 ;
in:3269 out:3270 type:b dur:2 cpbdur:2 q:32.77 aq:28.93 tex:54 mv:37 misc:413 imb:3 pmb:1 smb:8156 d:- ref:0 ;
in:3272 out:3271 type:P dur:2 cpbdur:2 q:32.82 aq:24.43 tex:5435 mv:724 misc:1705 imb:22 pmb:217 smb:7921 d:- ref:0 ;
in:3271 out:3272 type:b dur:2 cpbdur:2 q:32.83 aq:31.92 tex:88 mv:61 misc:435 imb:5 pmb:2 smb:8153 d:- ref:0 ;
in:3274 out:3273 type:P dur:2 cpbdur:2 q:32.81 aq:22.88 tex:10629 mv:1578 misc:2577 imb:69 pmb:395 smb:7696 d:- ref:0 ;
in:3273 out:3274 type:b dur:2 cpbdur:2 q:32.82 aq:31.04 tex:45 mv:8 misc:403 imb:0 pmb:2 smb:8158 d:- ref:0 ;
in:3276 out:3275 type:P dur:2 cpbdur:2 q:32.81 aq:22.78 tex:5920 mv:875 misc:1805 imb:37 pmb:224 smb:7899 d:- ref:0 ;
in:3275 out:3276 type:b dur:2 cpbdur:2 q:32.81 aq:32.00 tex:0 mv:3 misc:397 imb:0 pmb:1 smb:8159 d:- ref:0 ;
in:3278 out:3277 type:P dur:2 cpbdur:2 q:32.79 aq:23.91 tex:10096 mv:1381 misc:2411 imb:50 pmb:385 smb:7725 d:- ref:0 ;
in:3277 out:3278 type:b dur:2 cpbdur:2 q:32.80 aq:31.92 tex:81 mv:45 misc:426 imb:3 pmb:3 smb:8154 d:- ref:0 ;
in:3280 out:3279 type:P dur:2 cpbdur:2 q:32.77 aq:23.37 tex:4688 mv:772 misc:1676 imb:22 pmb:211 smb:7927 d:- ref:0 ;
in:3279 out:3280 type:b dur:2 cpbdur:2 q:32.78 aq:32.00 tex:25 mv:5 misc:394 imb:0 pmb:1 smb:8159 d:- ref:0 ;
in:3282 out:3281 type:P dur:2 cpbdur:2 q:32.76 aq:23.11 tex:9897 mv:1403 misc:2484 imb:46 pmb:381 smb:7733 d:- ref:0 ;
in:3281 out:3282 type:b dur:2 cpbdur:2 q:32.76 aq:31.94 tex:45 mv:8 misc:403 imb:0 pmb:2 smb:8158 d:- ref:0 ;
in:3284 out:3283 type:P dur:2 cpbdur:2 q:32.75 aq:23.67 tex:5142 mv:645 misc:1597 imb:21 pmb:192 smb:7947 d:- ref:0 ;
in:3283 out:3284 type:b dur:2 cpbdur:2 q:32.75 aq:31.96 tex:36 mv:16 misc:404 imb:1 pmb:1 smb:8158 d:- ref:0 ;
in:3286 out:3285 type:P dur:2 cpbdur:2 q:32.74 aq:24.04 tex:9653 mv:1260 misc:2359 imb:49 pmb:350 smb:7761 d:- ref:0 ;
in:3285 out:3286 type:b dur:2 cpbdur:2 q:32.74 aq:31.94 tex:52 mv:22 misc:422 imb:0 pmb:7 smb:8153 d:- ref:0 ;
in:3288 out:3287 type:P dur:2 cpbdur:2 q:32.73 aq:23.75 tex:5198 mv:761 misc:1729 imb:29 pmb:223 smb:7908 d:- ref:0 ;
in:3287 out:3288 type:b dur:2 cpbdur:2 q:32.73 aq:31.94 tex:42 mv:9 misc:405 imb:0 pmb:2 smb:8158 d:- ref:0 ;
in:3290 out:3289 type:P dur:2 cpbdur:2 q:32.71 aq:22.80 tex:10087 mv:1531 misc:2566 imb:70 pmb:377 smb:7713 d:- ref:0 ;
in:3289 out:3290 type:b dur:2 cpbdur:2 q:32.72 aq:31.95 tex:19 mv:12 misc:393 imb:1 pmb:0 smb:8159 d:- ref:0 ;
in:3292 out:3291 type:P dur:2 cpbdur:2 q:32.70 aq:23.33 tex:4959 mv:782 misc:1691 imb:38 pmb:195 smb:7927 d:- ref:0 ;
in:3291 out:3292 type:b dur:2 cpbdur:2 q:32.71 aq:29.70 tex:91 mv:20 misc:409 imb:1 pmb:2 smb:8157 d:- ref:0 ;
in:3294 out:3293 type:P dur:2 cpbdur:2 q:32.68 aq:24.16 tex:9961 mv:1756 misc:2483 imb:47 pmb:430 smb:7683 d:- ref:0 ;
in:3293 out:3294 type:b dur:2 cpbdur:2 q:32.69 aq:28.17 tex:62 mv:12 misc:414 imb:0 pmb:3 smb:8157 d:- ref:0 ;
in:3296 out:3295 type:P dur:2 cpbdur:2 q:32.68 aq:24.05 tex:10024 mv:1826 misc:2078 imb:36 pmb:392 smb:7732 d:- ref:0 ;
in:3295 out:3296 type:b dur:2 cpbdur:2 q:32.68 aq:32.27 tex:171 mv:78 misc:447 imb:2 pmb:8 smb:8150 d:- ref:0 ;
in:3298 out:3297 type:P dur:2 cpbdur:2 q:32.66 aq:24.04 tex:12645 mv:2481 misc:2762 imb:46 pmb:528 smb:7586 d:- ref:0 ;
in:3297 out:3298 type:b dur:2 cpbdur:2 q:32.67 aq:27.08 tex:238 mv:107 misc:463 imb:2 pmb:13 smb:8145 d:- ref:0 ;
in:3300 out:3299 type:P dur:2 cpbdur:2 q:32.65 aq:24.28 tex:9766 mv:1961 misc:1969 imb:33 pmb:367 smb:7760 d:- ref:0 ;
in:3299 out:3300 type:b dur:2 cpbdur:2 q:32.65 aq:33.61 tex:438 mv:140 misc:470 imb:2 pmb:16 smb:8142 d:- ref:0 ;
in:3302 out:3301 type:P dur:2 cpbdur:2 q:32.63 aq:23.54 tex:14256 mv:2581 misc:2787 imb:68 pmb:538 smb:7554 d:- ref:0 ;
in:3301 out:3302 type:b dur:2 cpbdur:2 q:32.64 aq:34.38 tex:425 mv:189 misc:482 imb:3 pmb:17 smb:8140 d:- ref:0 ;
in:3304 out:3303 type:P dur:2 cpbdur:2 q:32.63 aq:24.22 tex:8841 mv:1941 misc:2210 imb:32 pmb:399 smb:7729 d:- ref:0 ;
in:3303 out:3304 type:b dur:2 cpbdur:2 q:32.63 aq:34.32 tex:108 mv:49 misc:427 imb:0 pmb:10 smb:8150 d:- ref:0 ;
in:3306 out:3305 type:P dur:2 cpbdur:2 q:32.62 aq:23.46 tex:14552 mv:2723 misc:2845 imb:57 pmb:580 smb:7523 d:- ref:0 ;
in:3305 out:3306 type:b dur:2 cpbdur:2 q:32.62 aq:34.42 tex:82 mv:128 misc:478 imb:0 pmb:15 smb:8145 d:- ref:0 ;
in:3308 out:3307 type:P dur:2 cpbdur:2 q:32.61 aq:24.32 tex:9809 mv:1915 misc:2252 imb:40 pmb:408 smb:7712 d:- ref:0 ;
in:3307 out:3308 type:b dur:2 cpbdur:2 q:32.61 aq:34.08 tex:73 mv:68 misc:435 imb:0 pmb:8 smb:8152 d:- ref:0 ;
in:3310 out:3309 type:P dur:2 cpbdur:2 q:32.59 aq:23.53 tex:16444 mv:2928 misc:2972 imb:70 pmb:626 smb:7464 d:- ref:0 ;
in:3309 out:3310 type:b dur:2 cpbdur:2 q:32.60 aq:31.90 tex:481 mv:193 misc:486 imb:0 pmb:26 smb:8134 d:- ref:0 ;
in:3312 out:3311 type:P dur:2 cpbdur:2 q:32.59 aq:23.24 tex:11382 mv:2102 misc:2220 imb:49 pmb:416 smb:7695 d:- ref:0 ;
in:3311 out:3312 type:b dur:2 cpbdur:2 q:32.59 aq:33.18 tex:334 mv:190 misc:452 imb:1 pmb:18 smb:8141 d:- ref:0 ;
in:3314 out:3313 type:P dur:2 cpbdur:2 q:32.59 aq:23.23 tex:15411 mv:2887 misc:2974 imb:78 pmb:587 smb:7495 d:- ref:0 ;
in:3313 out:3314 type:b dur:2 cpbdur:2 q:32.59 aq:33.93 tex:439 mv:127 misc:490 imb:5 pmb:16 smb:8139 d:- ref:0 ;
in:3316 out:3315 type:P dur:2 cpbdur:2 q:32.59 aq:23.71 tex:11685 mv:1910 misc:1997 imb:40 pmb:354 smb:7766 d:- ref:0 ;
in:3315 out:3316 type:b dur:2 cpbdur:2 q:32.59 aq:35.10 tex:146 mv:124 misc:466 imb:0 pmb:17 smb:8143 d:- ref:0 ;
in:3318 out:3317 type:P dur:2 cpbdur:2 q:32.58 aq:23.58 tex:16040 mv:2785 misc:2927 imb:80 pmb:557 smb:7523 d:- ref:0 ;
in:3317 out:3318 type:b dur:2 cpbdur:2 q:32.59 aq:33.55 tex:102 mv:65 misc:441 imb:1 pmb:7 smb:8152 d:- ref:0 ;
in:3320 out:3319 type:P dur:2 cpbdur:2 q:32.58 aq:24.67 tex:10462 mv:1783 misc:2043 imb:37 pmb:380 smb:7743 d:- ref:0 ;
in:3319 out:3320 type:b dur:2 cpbdur:2 q:32.58 aq:30.54 tex:207 mv:78 misc:467 imb:2 pmb:9 smb:8149 d:- ref:0 ;
in:3322 out:3321 type:P dur:2 cpbdur:2 q:32.57 aq:23.34 tex:15994 mv:2721 misc:2885 imb:72 pmb:580 smb:7508 d:- ref:0 ;
in:3321 out:3322 type:b dur:2 cpbdur:2 q:32.58 aq:32.66 tex:437 mv:114 misc:457 imb:1 pmb:17 smb:8142 d:- ref:0 ;
in:3324 out:3323 type:P dur:2 cpbdur:2 q:32.57 aq:23.36 tex:10549 mv:1826 misc:2033 imb:36 pmb:373 smb:7751 d:- ref:0 ;
in:3323 out:3324 type:b dur:2 cpbdur:2 q:32.57 aq:34.09 tex:247 mv:106 misc:455 imb:2 pmb:11 smb:8147 d:- ref:0 ;
in:3326 out:3325 type:P dur:2 cpbdur:2 q:32.56 aq:23.44 tex:14274 mv:2474 misc:2708 imb:51 pmb:543 smb:7566 d:- ref:0 ;
in:3325 out:3326 type:b dur:2 cpbdur:2 q:32.56 aq:33.47 tex:335 mv:97 misc:440 imb:2 pmb:11 smb:8147 d:- ref:0 ;
in:3328 out:3327 type:P dur:2 cpbdur:2 q:32.56 aq:24.10 tex:9764 mv:1731 misc:2121 imb:39 pmb:375 smb:7746 d:- ref:0 ;
in:3327 out:3328 type:b dur:2 cpbdur:2 q:32.56 aq:33.48 tex:126 mv:63 misc:435 imb:0 pmb:9 smb:8151 d:- ref:0 ;
in:3330 out:3329 type:P dur:2 cpbdur:2 q:32.55 aq:23.72 tex:14985 mv:2453 misc:2746 imb:67 pmb:541 smb:7552 d:- ref:0 ;
in:3329 out:3330 type:b dur:2 cpbdur:2 q:32.55 aq:30.18 tex:176 mv:81 misc:479 imb:2 pmb:13 smb:8145 d:- ref:0 ;
in:3332 out:3331 type:P dur:2 cpbdur:2 q:32.54 aq:23.84 tex:8979 mv:1684 misc:2129 imb:30 pmb:371 smb:7759 d:- ref:0 ;
in:3331 out:3332 type:b dur:2 cpbdur:2 q:32.55 aq:33.44 tex:97 mv:24 misc:415 imb:1 pmb:3 smb:8156 d:- ref:0 ;
in:3334 out:3333 type:P dur:2 cpbdur:2 q:32.53 aq:23.24 tex:15435 mv:2684 misc:2881 imb:83 pmb:559 smb:7518 d:- ref:0 ;
in:3333 out:3334 type:b dur:2 cpbdur:2 q:32.54 aq:32.08 tex:174 mv:63 misc:451 imb:1 pmb:10 smb:8149 d:- ref:0 ;
in:3336 out:3335 type:P dur:2 cpbdur:2 q:32.53 aq:23.32 tex:10499 mv:1721 misc:2196 imb:33 pmb:405 smb:7722 d:- ref:0 ;
in:3335 out:3336 type:b dur:2 cpbdur:2 q:32.53 aq:34.20 tex:179 mv:23 misc:422 imb:0 pmb:4 smb:8156 d:- ref:0 ;
in:3338 out:3337 type:P dur:2 cpbdur:2 q:32.53 aq:22.93 tex:15324 mv:2482 misc:2898 imb:70 pmb:551 smb:7539 d:- ref:0 ;
in:3337 out:3338 type:b dur:2 cpbdur:2 q:32.53 aq:34.37 tex:193 mv:77 misc:458 imb:0 pmb:15 smb:8145 d:- ref:0 ;
in:3340 out:3339 type:P dur:2 cpbdur:2 q:32.53 aq:23.51 tex:11430 mv:1940 misc:2214 imb:40 pmb:424 smb:7696 d:- ref:0 ;
in:3339 out:3340 type:b dur:2 cpbdur:2 q:32.53 aq:34.00 tex:348 mv:64 misc:444 imb:0 pmb:13 smb:8147 d:- ref:0 ;
in:3342 out:3341 type:P dur:2 cpbdur:2 q:32.52 aq:22.97 tex:16505 mv:2916 misc:3083 imb:73 pmb:629 smb:7458 d:- ref:0 ;
in:3341 out:3342 type:b dur:2 cpbdur:2 q:32.53 aq:35.15 tex:151 mv:112 misc:457 imb:2 pmb:12 smb:8146 d:- ref:0 ;
in:3344 out:3343 type:P dur:2 cpbdur:2 q:32.53 aq:22.55 tex:9248 mv:1618 misc:2110 imb:31 pmb:363 smb:7766 d:- ref:0 ;
in:3343 out:3344 type:b dur:2 cpbdur:2 q:32.53 aq:33.91 tex:296 mv:94 misc:426 imb:0 pmb:11 smb:8149 d:- ref:0 ;
in:3346 out:3345 type:P dur:2 cpbdur:2 q:32.52 aq:22.73 tex:18292 mv:2687 misc:2965 imb:76 pmb:586 smb:7498 d:- ref:0 ;
in:3345 out:3346 type:b dur:2 cpbdur:2 q:32.52 aq:31.93 tex:90 mv:102 misc:496 imb:1 pmb:21 smb:8138 d:- ref:0 ;
in:3348 out:3347 type:P dur:2 cpbdur:2 q:32.53 aq:24.98 tex:8599 mv:1680 misc:2001 imb:27 pmb:362 smb:7771 d:- ref:0 ;
in:3347 out:3348 type:b dur:2 cpbdur:2 q:32.52 aq:35.17 tex:68 mv:9 misc:403 imb:0 pmb:2 smb:8158 d:- ref:0 ;
in:3350 out:3349 type:P dur:2 cpbdur:2 q:32.51 aq:22.98 tex:14911 mv:2572 misc:2669 imb:62 pmb:535 smb:7563 d:- ref:0 ;
in:3349 out:3350 type:b dur:2 cpbdur:2 q:32.52 aq:33.32 tex:166 mv:112 misc:474 imb:3 pmb:10 smb:8147 d:- ref:0 ;
in:3352 out:3351 type:P dur:2 cpbdur:2 q:32.50 aq:25.06 tex:9057 mv:1768 misc:2071 imb:33 pmb:359 smb:7768 d:- ref:0 ;
in:3351 out:3352 type:b dur:2 cpbdur:2 q:32.51 aq:34.47 tex:159 mv:51 misc:454 imb:2 pmb:8 smb:8150 d:- ref:0 ;
in:3354 out:3353 type:P dur:2 cpbdur:2 q:32.50 aq:23.29 tex:15012 mv:2362 misc:2906 imb:84 pmb:525 smb:7551 d:- ref:0 ;
in:3353 out:3354 type:b dur:2 cpbdur:2 q:32.50 aq:33.54 tex:108 mv:62 misc:446 imb:3 pmb:7 smb:8150 d:- ref:0 ;
in:3356 out:3355 type:P dur:2 cpbdur:2 q:32.50 aq:23.74 tex:9003 mv:1553 misc:2092 imb:26 pmb:379 smb:7755 d:- ref:0 ;
in:3355 out:3356 type:b dur:2 cpbdur:2 q:32.50 aq:29.43 tex:128 mv:95 misc:441 imb:3 pmb:6 smb:8151 d:- ref:0 ;
in:3358 out:3357 type:P dur:2 cpbdur:2 q:32.49 aq:23.64 tex:14886 mv:2430 misc:2876 imb:60 pmb:550 smb:7550 d:- ref:0 ;
in:3357 out:3358 type:b dur:2 cpbdur:2 q:32.49 aq:34.51 tex:538 mv:154 misc:468 imb:4 pmb:15 smb:8141 d:- ref:0 ;
in:3360 out:3359 type:P dur:2 cpbdur:2 q:32.49 aq:23.28 tex:8923 mv:1684 misc:2113 imb:30 pmb:366 smb:7764 d:- ref:0 ;
in:3359 out:3360 type:b dur:2 cpbdur:2 q:32.49 aq:28.90 tex:240 mv:52 misc:452 imb:0 pmb:11 smb:8149 d:- ref:0 ;
in:3362 out:3361 type:P dur:2 cpbdur:2 q:32.48 aq:22.66 tex:16804 mv:2819 misc:3025 imb:90 pmb:599 smb:7471 d:- ref:0 ;
in:3361 out:3362 type:b dur:2 cpbdur:2 q:32.48 aq:30.80 tex:457 mv:160 misc:455 imb:4 pmb:12 smb:8144 d:- ref:0 ;
in:3364 out:3363 type:P dur:2 cpbdur:2 q:32.49 aq:24.22 tex:9496 mv:1597 misc:2115 imb:37 pmb:358 smb:7765 d:- ref:0 ;
in:3363 out:3364 type:b dur:2 cpbdur:2 q:32.48 aq:32.00 tex:60 mv:21 misc:407 imb:0 pmb:5 smb:8155 d:- ref:0 ;
in:3366 out:3365 type:P dur:2 cpbdur:2 q:32.48 aq:24.10 tex:16164 mv:2693 misc:2991 imb:74 pmb:598 smb:7488 d:- ref:0 ;
in:3365 out:3366 type:b dur:2 cpbdur:2 q:32.48 aq:30.02 tex:45 mv:56 misc:427 imb:5 pmb:1 smb:8154 d:- ref:0 ;
in:3368 out:3367 type:P dur:2 cpbdur:2 q:32.48 aq:23.39 tex:9184 mv:1666 misc:2030 imb:24 pmb:376 smb:7760 d:- ref:0 ;
in:3367 out:3368 type:b dur:2 cpbdur:2 q:32.48 aq:25.49 tex:95 mv:67 misc:430 imb:3 pmb:4 smb:8153 d:- ref:0 ;
in:3370 out:3369 type:P dur:2 cpbdur:2 q:32.47 aq:23.71 tex:13914 mv:2465 misc:2757 imb:66 pmb:533 smb:7561 d:- ref:0 ;
in:3369 out:3370 type:b dur:2 cpbdur:2 q:32.48 aq:33.48 tex:156 mv:92 misc:448 imb:4 pmb:7 smb:8149 d:- ref:0 ;
in:3372 out:3371 type:P dur:2 cpbdur:2 q:32.46 aq:25.05 tex:8543 mv:1425 misc:1856 imb:41 pmb:319 smb:7800 d:- ref:0 ;
in:3371 out:3372 type:b dur:2 cpbdur:2 q:32.47 aq:29.60 tex:94 mv:36 misc:438 imb:1 pmb:6 smb:8153 d:- ref:0 ;
in:3374 out:3373 type:P dur:2 cpbdur:2 q:32.44 aq:23.81 tex:13990 mv:2175 misc:2723 imb:69 pmb:525 smb:7566 d:- ref:0 ;
in:3373 out:3374 type:b dur:2 cpbdur:2 q:32.45 aq:32.41 tex:274 mv:55 misc:439 imb:0 pmb:8 smb:8152 d:- ref:0 ;
in:3376 out:3375 type:P dur:2 cpbdur:2 q:32.44 aq:23.33 tex:12018 mv:1688 misc:2030 imb:44 pmb:361 smb:7755 d:- ref:0 ;
in:3375 out:3376 type:b dur:2 cpbdur:2 q:32.44 aq:32.17 tex:414 mv:99 misc:471 imb:1 pmb:16 smb:8143 d:- ref:0 ;
in:3378 out:3377 type:P dur:2 cpbdur:2 q:32.43 aq:23.49 tex:15360 mv:2536 misc:2792 imb:54 pmb:574 smb:7532 d:- ref:0 ;
in:3377 out:3378 type:b dur:2 cpbdur:2 q:32.44 aq:32.65 tex:422 mv:85 misc:445 imb:0 pmb:12 smb:8148 d:- ref:0 ;
in:3380 out:3379 type:P dur:2 cpbdur:2 q:32.44 aq:24.26 tex:9850 mv:1582 misc:2024 imb:39 pmb:367 smb:7754 d:- ref:0 ;
in:3379 out:3380 type:b dur:2 cpbdur:2 q:32.44 aq:31.30 tex:472 mv:132 misc:500 imb:3 pmb:18 smb:8139 d:- ref:0 ;
in:3382 out:3381 type:P dur:2 cpbdur:2 q:32.42 aq:23.67 tex:14546 mv:2357 misc:2737 imb:68 pmb:527 smb:7565 d:- ref:0 ;
in:3381 out:3382 type:b dur:2 cpbdur:2 q:32.43 aq:24.30 tex:250 mv:155 misc:491 imb:4 pmb:16 smb:8140 d:- ref:0 ;
in:3384 out:3383 type:P dur:2 cpbdur:2 q:32.42 aq:24.21 tex:10634 mv:1836 misc:2082 imb:35 pmb:378 smb:7747 d:- ref:0 ;
in:3383 out:3384 type:b dur:2 cpbdur:2 q:32.42 aq:33.38 tex:53 mv:23 misc:412 imb:1 pmb:2 smb:8157 d:- ref:0 ;
in:3386 out:3385 type:P dur:2 cpbdur:2 q:32.42 aq:23.31 tex:13855 mv:2428 misc:2693 imb:82 pmb:527 smb:7551 d:- ref:0 ;
in:3385 out:3386 type:b dur:2 cpbdur:2 q:32.42 aq:32.21 tex:125 mv:78 misc:461 imb:4 pmb:6 smb:8150 d:- ref:0 ;
in:3388 out:3387 type:P dur:2 cpbdur:2 q:32.42 aq:24.06 tex:8242 mv:1589 misc:2065 imb:52 pmb:326 smb:7782 d:- ref:0 ;
in:3387 out:3388 type:b dur:2 cpbdur:2 q:32.42 aq:32.22 tex:148 mv:70 misc:446 imb:3 pmb:6 smb:8151 d:- ref:0 ;
in:3390 out:3389 type:P dur:2 cpbdur:2 q:32.41 aq:23.00 tex:14427 mv:2369 misc:2692 imb:82 pmb:499 smb:7579 d:- ref:0 ;
in:3389 out:3390 type:b dur:2 cpbdur:2 q:32.41 aq:26.86 tex:275 mv:122 misc:499 imb:5 pmb:13 smb:8142 d:- ref:0 ;
in:3392 out:3391 type:P dur:2 cpbdur:2 q:32.40 aq:23.52 tex:9671 mv:2068 misc:2237 imb:62 pmb:386 smb:7712 d:- ref:0 ;
in:3391 out:3392 type:b dur:2 cpbdur:2 q:32.40 aq:32.46 tex:236 mv:105 misc:475 imb:3 pmb:12 smb:8145 d:- ref:0 ;
in:3394 out:3393 type:P dur:2 cpbdur:2 q:32.39 aq:23.85 tex:13721 mv:2287 misc:2616 imb:78 pmb:488 smb:7594 d:- ref:0 ;
in:3393 out:3394 type:b dur:2 cpbdur:2 q:32.40 aq:28.81 tex:481 mv:110 misc:457 imb:1 pmb:14 smb:8145 d:- ref:0 ;
in:3396 out:3395 type:P dur:2 cpbdur:2 q:32.39 aq:24.86 tex:9870 mv:1803 misc:2023 imb:47 pmb:365 smb:7748 d:- ref:0 ;
in:3395 out:3396 type:b dur:2 cpbdur:2 q:32.39 aq:31.76 tex:242 mv:148 misc:474 imb:4 pmb:13 smb:8143 d:- ref:0 ;
in:3398 out:3397 type:P dur:2 cpbdur:2 q:32.37 aq:24.62 tex:14076 mv:1961 misc:2163 imb:40 pmb:464 smb:7656 d:- ref:0 ;
in:3397 out:3398 type:b dur:2 cpbdur:2 q:32.38 aq:33.07 tex:411 mv:136 misc:445 imb:1 pmb:15 smb:8144 d:- ref:0 ;
in:3402 out:3399 type:P dur:2 cpbdur:2 q:32.36 aq:23.57 tex:31334 mv:6719 misc:4835 imb:213 pmb:1195 smb:6752 d:- ref:0 ;
in:3400 out:3400 type:B dur:2 cpbdur:2 q:32.37 aq:32.65 tex:733 mv:286 misc:669 imb:1 pmb:56 smb:8103 d:- ref:0 ;
in:3399 out:3401 type:b dur:2 cpbdur:2 q:32.37 aq:21.73 tex:236 mv:116 misc:496 imb:6 pmb:12 smb:8142 d:- ref:0 ;
in:3401 out:3402 type:b dur:2 cpbdur:2 q:32.37 aq:22.38 tex:67 mv:74 misc:451 imb:4 pmb:5 smb:8151 d:- ref:0 ;
in:3404 out:3403 type:P dur:2 cpbdur:2 q:32.54 aq:22.34 tex:18643 mv:3887 misc:3974 imb:182 pmb:715 smb:7263 d:- ref:0 ;
in:3403 out:3404 type:b dur:2 cpbdur:2 q:32.45 aq:30.58 tex:112 mv:23 misc:417 imb:1 pmb:3 smb:8156 d:- ref:0 ;
in:3406 out:3405 type:P dur:2 cpbdur:2 q:32.55 aq:23.83 tex:13506 mv:2267 misc:2451 imb:54 pmb:458 smb:7648 d:- ref:0 ;
in:3405 out:3406 type:b dur:2 cpbdur:2 q:32.55 aq:33.54 tex:83 mv:43 misc:434 imb:1 pmb:8 smb:8151 d:- ref:0 ;
in:3408 out:3407 type:P dur:2 cpbdur:2 q:32.56 aq:23.61 tex:18693 mv:3259 misc:3248 imb:103 pmb:658 smb:7399 d:- ref:0 ;
in:3407 out:3408 type:b dur:2 cpbdur:2 q:32.56 aq:29.65 tex:97 mv:49 misc:430 imb:3 pmb:3 smb:8154 d:- ref:0 ;
in:3410 out:3409 type:P dur:2 cpbdur:2 q:32.55 aq:23.25 tex:15038 mv:2346 misc:2544 imb:47 pmb:497 smb:7616 d:- ref:0 ;
in:3409 out:3410 type:b dur:2 cpbdur:2 q:32.55 aq:34.20 tex:73 mv:31 misc:408 imb:0 pmb:6 smb:8154 d:- ref:0 ;
in:3412 out:3411 type:P dur:2 cpbdur:2 q:32.56 aq:22.82 tex:21027 mv:3250 misc:3331 imb:97 pmb:687 smb:7376 d:- ref:0 ;
in:3411 out:3412 type:b dur:2 cpbdur:2 q:32.55 aq:32.87 tex:23 mv:10 misc:407 imb:0 pmb:3 smb:8157 d:- ref:0 ;
in:3414 out:3413 type:P dur:2 cpbdur:2 q:32.55 aq:23.42 tex:10887 mv:1671 misc:2426 imb:46 pmb:426 smb:7688 d:- ref:0 ;
in:3413 out:3414 type:b dur:2 cpbdur:2 q:32.55 aq:30.68 tex:38 mv:17 misc:401 imb:1 pmb:1 smb:8158 d:- ref:0 ;
in:3416 out:3415 type:P dur:2 cpbdur:2 q:32.55 aq:22.99 tex:15925 mv:2129 misc:3146 imb:84 pmb:563 smb:7513 d:- ref:0 ;
in:3415 out:3416 type:b dur:2 cpbdur:2 q:32.55 aq:27.04 tex:130 mv:40 misc:438 imb:2 pmb:5 smb:8153 d:- ref:0 ;
in:3418 out:3417 type:P dur:2 cpbdur:2 q:32.48 aq:23.11 tex:7919 mv:1315 misc:2238 imb:43 pmb:330 smb:7787 d:- ref:0 ;
in:3417 out:3418 type:b dur:2 cpbdur:2 q:32.52 aq:32.00 tex:0 mv:0 misc:384 imb:0 pmb:0 smb:8160 d:- ref:0 ;
in:3420 out:3419 type:P dur:2 cpbdur:2 q:32.43 aq:22.69 tex:16058 mv:2449 misc:3245 imb:91 pmb:594 smb:7475 d:- ref:0 ;
in:3419 out:3420 type:b dur:2 cpbdur:2 q:32.45 aq:27.20 tex:82 mv:43 misc:427 imb:2 pmb:3 smb:8155 d:- ref:0 ;
in:3422 out:3421 type:P dur:2 cpbdur:2 q:32.36 aq:23.07 tex:10624 mv:1497 misc:2415 imb:41 pmb:428 smb:7691 d:- ref:0 ;
in:3421 out:3422 type:b dur:2 cpbdur:2 q:32.39 aq:24.16 tex:48 mv:53 misc:427 imb:5 pmb:0 smb:8155 d:- ref:0 ;
in:3424 out:3423 type:P dur:2 cpbdur:2 q:32.36 aq:22.94 tex:16921 mv:2256 misc:3271 imb:79 pmb:617 smb:7464 d:- ref:0 ;
in:3423 out:3424 type:b dur:2 cpbdur:2 q:32.36 aq:23.03 tex:43 mv:53 misc:432 imb:3 pmb:3 smb:8154 d:- ref:0 ;
in:3426 out:3425 type:P dur:2 cpbdur:2 q:32.37 aq:23.40 tex:8205 mv:999 misc:2156 imb:32 pmb:320 smb:7808 d:- ref:0 ;
in:3425 out:3426 type:b dur:2 cpbdur:2 q:32.36 aq:31.12 tex:52 mv:28 misc:408 imb:2 pmb:1 smb:8157 d:- ref:0 ;
in:3428 out:3427 type:P dur:2 cpbdur:2 q:32.35 aq:22.63 tex:16228 mv:2006 misc:3150 imb:88 pmb:547 smb:7525 d:- ref:0 ;
in:3427 out:3428 type:b dur:2 cpbdur:2 q:32.36 aq:21.41 tex:57 mv:33 misc:438 imb:2 pmb:4 smb:8154 d:- ref:0 ;
in:3430 out:3429 type:P dur:2 cpbdur:2 q:32.36 aq:22.31 tex:8102 mv:1217 misc:2217 imb:52 pmb:315 smb:7793 d:- ref:0 ;
in:3429 out:3430 type:b dur:2 cpbdur:2 q:32.36 aq:24.41 tex:49 mv:16 misc:407 imb:1 pmb:1 smb:8158 d:- ref:0 ;
in:3432 out:3431 type:P dur:2 cpbdur:2 q:32.35 aq:23.33 tex:13753 mv:1756 misc:2995 imb:71 pmb:512 smb:7577 d:- ref:0 ;
in:3431 out:3432 type:b dur:2 cpbdur:2 q:32.35 aq:26.26 tex:46 mv:32 misc:410 imb:1 pmb:2 smb:8157 d:- ref:0 ;
in:3434 out:3433 type:P dur:2 cpbdur:2 q:32.34 aq:23.48 tex:7941 mv:1098 misc:2161 imb:28 pmb:330 smb:7802 d:- ref:0 ;
in:3433 out:3434 type:b dur:2 cpbdur:2 q:32.34 aq:31.93 tex:51 mv:19 misc:410 imb:1 pmb:2 smb:8157 d:- ref:0 ;
in:3436 out:3435 type:P dur:2 cpbdur:2 q:32.33 aq:23.47 tex:17417 mv:2006 misc:3161 imb:80 pmb:567 smb:7513 d:- ref:0 ;
in:3435 out:3436 type:b dur:2 cpbdur:2 q:32.33 aq:23.68 tex:31 mv:52 misc:429 imb:4 pmb:4 smb:8152 d:- ref:0 ;
in:3438 out:3437 type:P dur:2 cpbdur:2 q:32.33 aq:23.98 tex:8557 mv:992 misc:2147 imb:34 pmb:323 smb:7803 d:- ref:0 ;
in:3437 out:3438 type:b dur:2 cpbdur:2 q:32.33 aq:31.91 tex:28 mv:24 misc:412 imb:2 pmb:1 smb:8157 d:- ref:0 ;
in:3440 out:3439 type:P dur:2 cpbdur:2 q:32.31 aq:22.93 tex:15689 mv:1945 misc:2990 imb:75 pmb:562 smb:7523 d:- ref:0 ;
in:3439 out:3440 type:b dur:2 cpbdur:2 q:32.32 aq:23.56 tex:117 mv:74 misc:441 imb:5 pmb:3 smb:8152 d:- ref:0 ;
in:3442 out:3441 type:P dur:2 cpbdur:2 q:32.31 aq:23.55 tex:6741 mv:799 misc:1876 imb:26 pmb:259 smb:7875 d:- ref:0 ;
in:3441 out:3442 type:b dur:2 cpbdur:2 q:32.31 aq:24.02 tex:36 mv:5 misc:399 imb:0 pmb:1 smb:8159 d:- ref:0 ;
in:3444 out:3443 type:P dur:2 cpbdur:2 q:32.29 aq:22.05 tex:12364 mv:1660 misc:2696 imb:70 pmb:449 smb:7641 d:- ref:0 ;
in:3443 out:3444 type:b dur:2 cpbdur:2 q:32.30 aq:22.14 tex:71 mv:44 misc:413 imb:2 pmb:3 smb:8155 d:- ref:0 ;
in:3446 out:3445 type:P dur:2 cpbdur:2 q:32.29 aq:23.26 tex:7163 mv:927 misc:1902 imb:34 pmb:264 smb:7862 d:- ref:0 ;
in:3445 out:3446 type:b dur:2 cpbdur:2 q:32.29 aq:23.99 tex:73 mv:38 misc:417 imb:3 pmb:1 smb:8156 d:- ref:0 ;
in:3448 out:3447 type:P dur:2 cpbdur:2 q:32.27 aq:22.39 tex:14645 mv:1943 misc:3012 imb:80 pmb:520 smb:7560 d:- ref:0 ;
in:3447 out:3448 type:b dur:2 cpbdur:2 q:32.28 aq:25.09 tex:105 mv:63 misc:440 imb:5 pmb:3 smb:8152 d:- ref:0 ;
in:3450 out:3449 type:P dur:2 cpbdur:2 q:32.27 aq:23.71 tex:7840 mv:1008 misc:2136 imb:24 pmb:314 smb:7822 d:- ref:0 ;
in:3449 out:3450 type:b dur:2 cpbdur:2 q:32.27 aq:31.57 tex:83 mv:42 misc:427 imb:2 pmb:3 smb:8155 d:- ref:0 ;
in:3452 out:3451 type:P dur:2 cpbdur:2 q:32.26 aq:23.04 tex:15356 mv:1980 misc:3080 imb:67 pmb:553 smb:7540 d:- ref:0 ;
in:3451 out:3452 type:b dur:2 cpbdur:2 q:32.26 aq:32.11 tex:71 mv:21 misc:412 imb:1 pmb:2 smb:8157 d:- ref:0 ;
in:3454 out:3453 type:P dur:2 cpbdur:2 q:32.26 aq:23.02 tex:7639 mv:1095 misc:2162 imb:43 pmb:311 smb:7806 d:- ref:0 ;
in:3453 out:3454 type:b dur:2 cpbdur:2 q:32.26 aq:20.69 tex:137 mv:51 misc:444 imb:3 pmb:6 smb:8151 d:- ref:0 ;
in:3456 out:3455 type:P dur:2 cpbdur:2 q:32.25 aq:22.78 tex:14165 mv:1775 misc:2868 imb:59 pmb:515 smb:7586 d:- ref:0 ;
in:3455 out:3456 type:b dur:2 cpbdur:2 q:32.25 aq:24.13 tex:134 mv:45 misc:429 imb:3 pmb:4 smb:8153 d:- ref:0 ;
in:3458 out:3457 type:P dur:2 cpbdur:2 q:32.25 aq:22.25 tex:6968 mv:900 misc:1916 imb:31 pmb:266 smb:7863 d:- ref:0 ;
in:3457 out:3458 type:b dur:2 cpbdur:2 q:32.25 aq:30.96 tex:30 mv:23 misc:403 imb:2 pmb:0 smb:8158 d:- ref:0 ;
in:3460 out:3459 type:P dur:2 cpbdur:2 q:32.24 aq:23.34 tex:15682 mv:2069 misc:3049 imb:56 pmb:601 smb:7503 d:- ref:0 ;
in:3459 out:3460 type:b dur:2 cpbdur:2 q:32.25 aq:31.80 tex:77 mv:15 misc:420 imb:0 pmb:4 smb:8156 d:- ref:0 ;
in:3462 out:3461 type:P dur:2 cpbdur:2 q:32.25 aq:23.53 tex:7245 mv:1022 misc:2053 imb:26 pmb:298 smb:7836 d:- ref:0 ;
in:3461 out:3462 type:b dur:2 cpbdur:2 q:32.24 aq:30.39 tex:138 mv:24 misc:430 imb:1 pmb:4 smb:8155 d:- ref:0 ;
in:3464 out:3463 type:P dur:2 cpbdur:2 q:32.23 aq:23.50 tex:13250 mv:1856 misc:2878 imb:58 pmb:506 smb:7596 d:- ref:0 ;
in:3463 out:3464 type:b dur:2 cpbdur:2 q:32.24 aq:31.90 tex:132 mv:63 misc:445 imb:4 pmb:4 smb:8152 d:- ref:0 ;
in:3466 out:3465 type:P dur:2 cpbdur:2 q:32.23 aq:23.42 tex:10376 mv:1168 misc:2264 imb:37 pmb:337 smb:7786 d:- ref:0 ;
in:3465 out:3466 type:b dur:2 cpbdur:2 q:32.23 aq:21.44 tex:92 mv:33 misc:427 imb:1 pmb:7 smb:8152 d:- ref:0 ;
in:3468 out:3467 type:P dur:2 cpbdur:2 q:32.22 aq:23.28 tex:15336 mv:1902 misc:3074 imb:58 pmb:549 smb:7553 d:- ref:0 ;
in:3467 out:3468 type:b dur:2 cpbdur:2 q:32.22 aq:24.27 tex:22 mv:11 misc:399 imb:1 pmb:0 smb:8159 d:- ref:0 ;
in:3470 out:3469 type:P dur:2 cpbdur:2 q:32.22 aq:23.98 tex:7673 mv:959 misc:2080 imb:26 pmb:293 smb:7841 d:- ref:0 ;
in:3469 out:3470 type:b dur:2 cpbdur:2 q:32.22 aq:30.00 tex:108 mv:56 misc:436 imb:3 pmb:4 smb:8153 d:- ref:0 ;
in:3472 out:3471 type:P dur:2 cpbdur:2 q:32.20 aq:23.20 tex:15554 mv:1854 misc:2936 imb:60 pmb:550 smb:7550 d:- ref:0 ;
in:3471 out:3472 type:b dur:2 cpbdur:2 q:32.21 aq:23.81 tex:24 mv:35 misc:413 imb:2 pmb:1 smb:8157 d:- ref:0 ;
in:3474 out:3473 type:P dur:2 cpbdur:2 q:32.19 aq:23.88 tex:6974 mv:847 misc:1779 imb:13 pmb:272 smb:7875 d:- ref:0 ;
in:3473 out:3474 type:b dur:2 cpbdur:2 q:32.20 aq:19.75 tex:47 mv:75 misc:438 imb:5 pmb:2 smb:8153 d:- ref:0 ;
in:3476 out:3475 type:P dur:2 cpbdur:2 q:32.18 aq:23.12 tex:14777 mv:1822 misc:2881 imb:66 pmb:512 smb:7582 d:- ref:0 ;
in:3475 out:3476 type:b dur:2 cpbdur:2 q:32.18 aq:25.30 tex:70 mv:23 misc:419 imb:1 pmb:3 smb:8156 d:- ref:0 ;
in:3478 out:3477 type:P dur:2 cpbdur:2 q:32.17 aq:22.90 tex:6545 mv:861 misc:1874 imb:34 pmb:260 smb:7866 d:- ref:0 ;
in:3477 out:3478 type:b dur:2 cpbdur:2 q:32.17 aq:19.83 tex:87 mv:34 misc:423 imb:2 pmb:3 smb:8155 d:- ref:0 ;
in:3480 out:3479 type:P dur:2 cpbdur:2 q:32.15 aq:22.69 tex:14732 mv:1648 misc:2788 imb:56 pmb:507 smb:7597 d:- ref:0 ;
in:3479 out:3480 type:b dur:2 cpbdur:2 q:32.16 aq:19.53 tex:64 mv:53 misc:435 imb:4 pmb:3 smb:8153 d:- ref:0 ;
in:3482 out:3481 type:P dur:2 cpbdur:2 q:32.15 aq:22.72 tex:9493 mv:1076 misc:2191 imb:45 pmb:328 smb:7787 d:- ref:0 ;
in:3481 out:3482 type:b dur:2 cpbdur:2 q:32.15 aq:23.96 tex:96 mv:43 misc:429 imb:3 pmb:3 smb:8154 d:- ref:0 ;
in:3484 out:3483 type:P dur:2 cpbdur:2 q:32.15 aq:22.76 tex:15791 mv:1875 misc:2950 imb:80 pmb:522 smb:7558 d:- ref:0 ;
in:3483 out:3484 type:b dur:2 cpbdur:2 q:32.15 aq:29.57 tex:93 mv:52 misc:423 imb:4 pmb:2 smb:8154 d:- ref:0 ;
in:3486 out:3485 type:P dur:2 cpbdur:2 q:32.15 aq:23.27 tex:8609 mv:1013 misc:2098 imb:36 pmb:314 smb:7810 d:- ref:0 ;
in:3485 out:3486 type:b dur:2 cpbdur:2 q:32.15 aq:27.77 tex:94 mv:61 misc:429 imb:3 pmb:3 smb:8154 d:- ref:0 ;
in:3488 out:3487 type:P dur:2 cpbdur:2 q:32.13 aq:23.01 tex:15533 mv:1742 misc:2901 imb:61 pmb:527 smb:7572 d:- ref:0 ;
in:3487 out:3488 type:b dur:2 cpbdur:2 q:32.14 aq:30.05 tex:37 mv:16 misc:403 imb:1 pmb:1 smb:8158 d:- ref:0 ;
in:3490 out:3489 type:P dur:2 cpbdur:2 q:32.14 aq:23.48 tex:8196 mv:1099 misc:2049 imb:43 pmb:305 smb:7812 d:- ref:0 ;
in:3489 out:3490 type:b dur:2 cpbdur:2 q:32.14 aq:20.89 tex:121 mv:55 misc:440 imb:4 pmb:3 smb:8153 d:- ref:0 ;
in:3492 out:3491 type:P dur:2 cpbdur:2 q:32.12 aq:23.03 tex:15680 mv:1924 misc:3012 imb:73 pmb:541 smb:7546 d:- ref:0 ;
in:3491 out:3492 type:b dur:2 cpbdur:2 q:32.13 aq:30.92 tex:74 mv:36 misc:418 imb:1 pmb:3 smb:8156 d:- ref:0 ;
in:3494 out:3493 type:P dur:2 cpbdur:2 q:32.12 aq:23.24 tex:7227 mv:881 misc:1924 imb:31 pmb:266 smb:7863 d:- ref:0 ;
in:3493 out:3494 type:b dur:2 cpbdur:2 q:32.12 aq:29.42 tex:138 mv:83 misc:459 imb:6 pmb:4 smb:8150 d:- ref:0 ;
in:3496 out:3495 type:P dur:2 cpbdur:2 q:32.11 aq:22.74 tex:17749 mv:1856 misc:2931 imb:70 pmb:541 smb:7549 d:- ref:0 ;
in:3495 out:3496 type:b dur:2 cpbdur:2 q:32.12 aq:30.95 tex:72 mv:44 misc:436 imb:2 pmb:7 smb:8151 d:- ref:0 ;
in:3498 out:3497 type:P dur:2 cpbdur:2 q:32.11 aq:23.71 tex:7479 mv:863 misc:1922 imb:28 pmb:269 smb:7863 d:- ref:0 ;
in:3497 out:3498 type:b dur:2 cpbdur:2 q:32.11 aq:21.32 tex:79 mv:55 misc:426 imb:3 pmb:2 smb:8155 d:- ref:0 ;
in:3499 out:3499 type:P dur:2 cpbdur:2 q:32.10 aq:24.13 tex:100 mv:61 misc:455 imb:4 pmb:4 smb:8152 d:- ref:0 ;
in:3500 out:3500 type:I dur:2 cpbdur:2 q:29.26 aq:20.20 tex:506749 mv:141642 misc:689 imb:8160 pmb:0 smb:0 d:- ref:;
in:3502 out:3501 type:P dur:2 cpbdur:2 q:32.80 aq:24.15 tex:4655 mv:558 misc:1355 imb:20 pmb:157 smb:7983 d:- ref:0 ;
in:3501 out:3502 type:b dur:2 cpbdur:2 q:32.80 aq:31.58 tex:97 mv:40 misc:415 imb:3 pmb:1 smb:8156 d:- ref:0 ;
in:3504 out:3503 type:P dur:2 cpbdur:2 q:32.79 aq:23.41 tex:12884 mv:1822 misc:2774 imb:95 pmb:439 smb:7626 d:- ref:0 ;
in:3503 out:3504 type:b dur:2 cpbdur:2 q:32.80 aq:31.94 tex:17 mv:12 misc:395 imb:1 pmb:0 smb:8159 d:- ref:0 ;
in:3506 out:3505 type:P dur:2 cpbdur:2 q:32.78 aq:23.59 tex:5378 mv:694 misc:1600 imb:22 pmb:206 smb:7932 d:- ref:0 ;
in:3505 out:3506 type:b dur:2 cpbdur:2 q:32.79 aq:31.94 tex:14 mv:11 misc:391 imb:1 pmb:0 smb:8159 d:- ref:0 ;
in:3508 out:3507 type:P dur:2 cpbdur:2 q:32.77 aq:23.51 tex:13002 mv:1674 misc:2628 imb:72 pmb:441 smb:7647 d:- ref:0 ;
in:3507 out:3508 type:b dur:2 cpbdur:2 q:32.77 aq:31.92 tex:42 mv:28 misc:410 imb:2 pmb:1 smb:8157 d:- ref:0 ;
in:3510 out:3509 type:P dur:2 cpbdur:2 q:32.76 aq:22.92 tex:6944 mv:961 misc:1943 imb:39 pmb:254 smb:7867 d:- ref:0 ;
in:3509 out:3510 type:b dur:2 cpbdur:2 q:32.76 aq:28.50 tex:70 mv:35 misc:423 imb:2 pmb:3 smb:8155 d:- ref:0 ;
in:3512 out:3511 type:P dur:2 cpbdur:2 q:32.74 aq:23.39 tex:12490 mv:1757 misc:2721 imb:56 pmb:484 smb:7620 d:- ref:0 ;
in:3511 out:3512 type:b dur:2 cpbdur:2 q:32.75 aq:31.96 tex:77 mv:30 misc:413 imb:2 pmb:2 smb:8156 d:- ref:0 ;
in:3514 out:3513 type:P dur:2 cpbdur:2 q:32.74 aq:24.03 tex:6361 mv:935 misc:1904 imb:32 pmb:254 smb:7874 d:- ref:0 ;
in:3513 out:3514 type:b dur:2 cpbdur:2 q:32.74 aq:31.94 tex:22 mv:21 misc:405 imb:2 pmb:0 smb:8158 d:- ref:0 ;
in:3516 out:3515 type:P dur:2 cpbdur:2 q:32.72 aq:23.12 tex:13015 mv:1835 misc:2846 imb:71 pmb:475 smb:7614 d:- ref:0 ;
in:3515 out:3516 type:b dur:2 cpbdur:2 q:32.73 aq:31.96 tex:27 mv:5 misc:392 imb:0 pmb:1 smb:8159 d:- ref:0 ;
in:3518 out:3517 type:P dur:2 cpbdur:2 q:32.72 aq:23.67 tex:6060 mv:888 misc:1860 imb:37 pmb:245 smb:7878 d:- ref:0 ;
in:3517 out:3518 type:b dur:2 cpbdur:2 q:32.72 aq:32.00 tex:0 mv:0 misc:384 imb:0 pmb:0 smb:8160 d:- ref:0 ;
in:3520 out:3519 type:P dur:2 cpbdur:2 q:32.83 aq:23.84 tex:10390 mv:1449 misc:2481 imb:49 pmb:398 smb:7713 d:- ref:0 ;
in:3519 out:3520 type:b dur:2 cpbdur:2 q:32.77 aq:31.87 tex:60 mv:54 misc:422 imb:2 pmb:4 smb:8154 d:- ref:0 ;
in:3522 out:3521 type:P dur:2 cpbdur:2 q:32.82 aq:23.89 tex:5190 mv:762 misc:1688 imb:20 pmb:237 smb:7903 d:- ref:0 ;
in:3521 out:3522 type:b dur:2 cpbdur:2 q:32.82 aq:32.00 tex:0 mv:0 misc:384 imb:0 pmb:0 smb:8160 d:- ref:0 ;
in:3524 out:3523 type:P dur:2 cpbdur:2 q:32.79 aq:24.14 tex:11018 mv:1437 misc:2473 imb:42 pmb:405 smb:7713 d:- ref:0 ;
in:3523 out:3524 type:b dur:2 cpbdur:2 q:32.80 aq:31.95 tex:63 mv:34 misc:407 imb:3 pmb:0 smb:8157 d:- ref:0 ;
in:3526 out:3525 type:P dur:2 cpbdur:2 q:32.79 aq:23.70 tex:8268 mv:856 misc:1716 imb:18 pmb:242 smb:7900 d:- ref:0 ;
in:3525 out:3526 type:b dur:2 cpbdur:2 q:32.79 aq:30.66 tex:51 mv:51 misc:426 imb:4 pmb:4 smb:8152 d:- ref:0 ;
in:3528 out:3527 type:P dur:2 cpbdur:2 q:32.78 aq:22.91 tex:11901 mv:1493 misc:2646 imb:66 pmb:421 smb:7673 d:- ref:0 ;
in:3527 out:3528 type:b dur:2 cpbdur:2 q:32.78 aq:31.00 tex:54 mv:37 misc:413 imb:3 pmb:1 smb:8156 d:- ref:0 ;
in:3530 out:3529 type:P dur:2 cpbdur:2 q:32.77 aq:23.97 tex:5668 mv:820 misc:1776 imb:23 pmb:242 smb:7895 d:- ref:0 ;
in:3529 out:3530 type:b dur:2 cpbdur:2 q:32.77 aq:31.87 tex:24 mv:23 misc:401 imb:2 pmb:0 smb:8158 d:- ref:0 ;
in:3532 out:3531 type:P dur:2 cpbdur:2 q:32.75 aq:23.09 tex:10761 mv:1411 misc:2420 imb:54 pmb:377 smb:7729 d:- ref:0 ;
in:3531 out:3532 type:b dur:2 cpbdur:2 q:32.76 aq:29.49 tex:70 mv:33 misc:417 imb:2 pmb:2 smb:8156 d:- ref:0 ;
in:3534 out:3533 type:P dur:2 cpbdur:2 q:32.74 aq:24.01 tex:6152 mv:864 misc:1752 imb:26 pmb:241 smb:7893 d:- ref:0 ;
in:3533 out:3534 type:b dur:2 cpbdur:2 q:32.75 aq:31.95 tex:27 mv:5 misc:392 imb:0 pmb:1 smb:8159 d:- ref:0 ;
in:3536 out:3535 type:P dur:2 cpbdur:2 q:32.73 aq:23.90 tex:10614 mv:1393 misc:2433 imb:47 pmb:404 smb:7709 d:- ref:0 ;
in:3535 out:3536 type:b dur:2 cpbdur:2 q:32.73 aq:31.95 tex:88 mv:14 misc:418 imb:0 pmb:4 smb:8156 d:- ref:0 ;
in:3538 out:3537 type:P dur:2 cpbdur:2 q:32.72 aq:23.28 tex:5516 mv:786 misc:1754 imb:24 pmb:232 smb:7904 d:- ref:0 ;
in:3537 out:3538 type:b dur:2 cpbdur:2 q:32.72 aq:31.99 tex:30 mv:5 misc:397 imb:0 pmb:1 smb:8159 d:- ref:0 ;
in:3540 out:3539 type:P dur:2 cpbdur:2 q:32.70 aq:23.58 tex:11037 mv:1462 misc:2405 imb:55 pmb:392 smb:7713 d:- ref:0 ;
in:3539 out:3540 type:b dur:2 cpbdur:2 q:32.71 aq:31.95 tex:43 mv:13 misc:408 imb:0 pmb:3 smb:8157 d:- ref:0 ;
in:3542 out:3541 type:P dur:2 cpbdur:2 q:32.70 aq:24.11 tex:6250 mv:837 misc:1729 imb:27 pmb:240 smb:7893 d:- ref:0 ;
in:3541 out:3542 type:b dur:2 cpbdur:2 q:32.70 aq:31.95 tex:43 mv:8 misc:405 imb:0 pmb:2 smb:8158 d:- ref:0 ;
in:3544 out:3543 type:P dur:2 cpbdur:2 q:32.68 aq:23.93 tex:11964 mv:1495 misc:2517 imb:40 pmb:430 smb:7690 d:- ref:0 ;
in:3543 out:3544 type:b dur:2 cpbdur:2 q:32.69 aq:31.93 tex:17 mv:12 misc:395 imb:1 pmb:0 smb:8159 d:- ref:0 ;
in:3546 out:3545 type:P dur:2 cpbdur:2 q:32.67 aq:23.93 tex:6484 mv:713 misc:1675 imb:23 pmb:232 smb:7905 d:- ref:0 ;
in:3545 out:3546 type:b dur:2 cpbdur:2 q:32.68 aq:25.53 tex:24 mv:22 misc:402 imb:2 pmb:0 smb:8158 d:- ref:0 ;
in:3548 out:3547 type:P dur:2 cpbdur:2 q:32.67 aq:22.80 tex:11426 mv:1381 misc:2473 imb:40 pmb:423 smb:7697 d:- ref:0 ;
in:3547 out:3548 type:b dur:2 cpbdur:2 q:32.67 aq:31.94 tex:28 mv:5 misc:391 imb:0 pmb:1 smb:8159 d:- ref:0 ;
in:3550 out:3549 type:P dur:2 cpbdur:2 q:32.67 aq:24.31 tex:6357 mv:809 misc:1754 imb:32 pmb:242 smb:7886 d:- ref:0 ;
in:3549 out:3550 type:b dur:2 cpbdur:2 q:32.67 aq:32.71 tex:64 mv:12 misc:412 imb:0 pmb:3 smb:8157 d:- ref:0 ;
in:3552 out:3551 type:P dur:2 cpbdur:2 q:32.66 aq:24.18 tex:11496 mv:1549 misc:2635 imb:48 pmb:470 smb:7642 d:- ref:0 ;
in:3551 out:3552 type:b dur:2 cpbdur:2 q:32.66 aq:31.04 tex:82 mv:30 misc:416 imb:2 pmb:2 smb:8156 d:- ref:0 ;
in:3554 out:3553 type:P dur:2 cpbdur:2 q:32.65 aq:24.36 tex:5775 mv:787 misc:1654 imb:18 pmb:238 smb:7904 d:- ref:0 ;
in:3553 out:3554 type:b dur:2 cpbdur:2 q:32.65 aq:27.41 tex:19 mv:24 misc:405 imb:1 pmb:1 smb:8158 d:- ref:0 ;
in:3556 out:3555 type:P dur:2 cpbdur:2 q:32.63 aq:24.19 tex:13764 mv:1259 misc:2289 imb:40 pmb:372 smb:7748 d:- ref:0 ;
in:3555 out:3556 type:b dur:2 cpbdur:2 q:32.64 aq:31.97 tex:28 mv:17 misc:411 imb:0 pmb:6 smb:8154 d:- ref:0 ;
in:3558 out:3557 type:P dur:2 cpbdur:2 q:32.62 aq:23.79 tex:5693 mv:716 misc:1671 imb:18 pmb:223 smb:7919 d:- ref:0 ;
in:3557 out:3558 type:b dur:2 cpbdur:2 q:32.63 aq:32.00 tex:0 mv:0 misc:384 imb:0 pmb:0 smb:8160 d:- ref:0 ;
in:3560 out:3559 type:P dur:2 cpbdur:2 q:32.61 aq:24.16 tex:10001 mv:1198 misc:2329 imb:31 pmb:385 smb:7744 d:- ref:0 ;
in:3559 out:3560 type:b dur:2 cpbdur:2 q:32.62 aq:31.97 tex:50 mv:8 misc:398 imb:0 pmb:2 smb:8158 d:- ref:0 ;
in:3562 out:3561 type:P dur:2 cpbdur:2 q:32.60 aq:24.67 tex:4547 mv:676 misc:1537 imb:18 pmb:192 smb:7950 d:- ref:0 ;
in:3561 out:3562 type:b dur:2 cpbdur:2 q:32.61 aq:33.87 tex:27 mv:12 misc:401 imb:0 pmb:2 smb:8158 d:- ref:0 ;
in:3564 out:3563 type:P dur:2 cpbdur:2 q:32.59 aq:23.55 tex:11858 mv:1353 misc:2525 imb:38 pmb:436 smb:7686 d:- ref:0 ;
in:3563 out:3564 type:b dur:2 cpbdur:2 q:32.60 aq:31.94 tex:54 mv:19 misc:407 imb:1 pmb:2 smb:8157 d:- ref:0 ;
in:3566 out:3565 type:P dur:2 cpbdur:2 q:32.58 aq:24.66 tex:6308 mv:693 misc:1711 imb:18 pmb:236 smb:7906 d:- ref:0 ;
in:3565 out:3566 type:b dur:2 cpbdur:2 q:32.58 aq:31.91 tex:65 mv:54 misc:425 imb:3 pmb:3 smb:8154 d:- ref:0 ;
in:3568 out:3567 type:P dur:2 cpbdur:2 q:32.57 aq:23.52 tex:10455 mv:1264 misc:2417 imb:37 pmb:414 smb:7709 d:- ref:0 ;
in:3567 out:3568 type:b dur:2 cpbdur:2 q:32.57 aq:31.92 tex:62 mv:31 misc:411 imb:2 pmb:2 smb:8156 d:- ref:0 ;
in:3570 out:3569 type:P dur:2 cpbdur:2 q:32.57 aq:23.67 tex:7747 mv:852 misc:1857 imb:20 pmb:271 smb:7869 d:- ref:0 ;
in:3569 out:3570 type:b dur:2 cpbdur:2 q:32.57 aq:33.04 tex:85 mv:25 misc:418 imb:1 pmb:3 smb:8156 d:- ref:0 ;
in:3572 out:3571 type:P dur:2 cpbdur:2 q:32.57 aq:23.24 tex:11470 mv:1692 misc:2678 imb:62 pmb:438 smb:7660 d:- ref:0 ;
in:3571 out:3572 type:b dur:2 cpbdur:2 q:32.57 aq:32.85 tex:54 mv:8 misc:402 imb:0 pmb:2 smb:8158 d:- ref:0 ;
in:3574 out:3573 type:P dur:2 cpbdur:2 q:32.59 aq:24.40 tex:7068 mv:849 misc:1867 imb:15 pmb:274 smb:7871 d:- ref:0 ;
in:3573 out:3574 type:b dur:2 cpbdur:2 q:32.58 aq:31.94 tex:57 mv:23 misc:408 imb:1 pmb:3 smb:8156 d:- ref:0 ;
in:3576 out:3575 type:P dur:2 cpbdur:2 q:32.57 aq:23.30 tex:11646 mv:1456 misc:2482 imb:39 pmb:428 smb:7693 d:- ref:0 ;
in:3575 out:3576 type:b dur:2 cpbdur:2 q:32.58 aq:31.97 tex:52 mv:39 misc:413 imb:2 pmb:2 smb:8156 d:- ref:0 ;
in:3578 out:3577 type:P dur:2 cpbdur:2 q:32.56 aq:23.51 tex:6505 mv:751 misc:1792 imb:23 pmb:252 smb:7885 d:- ref:0 ;
in:3577 out:3578 type:b dur:2 cpbdur:2 q:32.57 aq:31.51 tex:128 mv:49 misc:439 imb:3 pmb:4 smb:8153 d:- ref:0 ;
in:3580 out:3579 type:P dur:2 cpbdur:2 q:32.54 aq:23.20 tex:12736 mv:1564 misc:2628 imb:47 pmb:464 smb:7649 d:- ref:0 ;
in:3579 out:3580 type:b dur:2 cpbdur:2 q:32.55 aq:31.94 tex:106 mv:39 misc:431 imb:2 pmb:5 smb:8153 d:- ref:0 ;
in:3582 out:3581 type:P dur:2 cpbdur:2 q:32.53 aq:24.94 tex:6362 mv:876 misc:1786 imb:19 pmb:250 smb:7891 d:- ref:0 ;
in:3581 out:3582 type:b dur:2 cpbdur:2 q:32.54 aq:31.94 tex:56 mv:71 misc:425 imb:4 pmb:3 smb:8153 d:- ref:0 ;
in:3584 out:3583 type:P dur:2 cpbdur:2 q:32.51 aq:22.95 tex:11377 mv:1458 misc:2581 imb:43 pmb:444 smb:7673 d:- ref:0 ;
in:3583 out:3584 type:b dur:2 cpbdur:2 q:32.52 aq:31.95 tex:42 mv:9 misc:405 imb:0 pmb:2 smb:8158 d:- ref:0 ;
in:3586 out:3585 type:P dur:2 cpbdur:2 q:32.49 aq:24.40 tex:8183 mv:686 misc:1779 imb:18 pmb:251 smb:7891 d:- ref:0 ;
in:3585 out:3586 type:b dur:2 cpbdur:2 q:32.50 aq:21.63 tex:26 mv:35 misc:411 imb:2 pmb:4 smb:8154 d:- ref:0 ;
in:3588 out:3587 type:P dur:2 cpbdur:2 q:32.47 aq:23.08 tex:13538 mv:1608 misc:2766 imb:55 pmb:475 smb:7630 d:- ref:0 ;
in:3587 out:3588 type:b dur:2 cpbdur:2 q:32.48 aq:32.00 tex:0 mv:0 misc:384 imb:0 pmb:0 smb:8160 d:- ref:0 ;
in:3590 out:3589 type:P dur:2 cpbdur:2 q:32.45 aq:24.65 tex:6550 mv:733 misc:1781 imb:12 pmb:271 smb:7877 d:- ref:0 ;
in:3589 out:3590 type:b dur:2 cpbdur:2 q:32.46 aq:23.56 tex:61 mv:8 misc:403 imb:0 pmb:2 smb:8158 d:- ref:0 ;
in:3592 out:3591 type:P dur:2 cpbdur:2 q:32.44 aq:23.75 tex:12292 mv:1443 misc:2521 imb:44 pmb:431 smb:7685 d:- ref:0 ;
in:3591 out:3592 type:b dur:2 cpbdur:2 q:32.45 aq:34.53 tex:91 mv:50 misc:435 imb:4 pmb:2 smb:8154 d:- ref:0 ;
in:3594 out:3593 type:P dur:2 cpbdur:2 q:32.43 aq:23.82 tex:7161 mv:829 misc:1922 imb:24 pmb:275 smb:7861 d:- ref:0 ;
in:3593 out:3594 type:b dur:2 cpbdur:2 q:32.44 aq:30.94 tex:49 mv:19 misc:412 imb:1 pmb:2 smb:8157 d:- ref:0 ;
in:3596 out:3595 type:P dur:2 cpbdur:2 q:32.42 aq:24.13 tex:12831 mv:1476 misc:2605 imb:38 pmb:450 smb:7672 d:- ref:0 ;
in:3595 out:3596 type:b dur:2 cpbdur:2 q:32.43 aq:30.94 tex:53 mv:11 misc:408 imb:0 pmb:3 smb:8157 d:- ref:0 ;
in:3598 out:3597 type:P dur:2 cpbdur:2 q:32.42 aq:23.87 tex:6895 mv:757 misc:1828 imb:28 pmb:247 smb:7885 d:- ref:0 ;
in:3597 out:3598 type:b dur:2 cpbdur:2 q:32.42 aq:24.16 tex:58 mv:32 misc:414 imb:3 pmb:0 smb:8157 d:- ref:0 ;
in:3600 out:3599 type:P dur:2 cpbdur:2 q:32.40 aq:23.80 tex:12668 mv:1362 misc:2642 imb:36 pmb:459 smb:7665 d:- ref:0 ;
in:3599 out:3600 type:b dur:2 cpbdur:2 q:32.41 aq:31.83 tex:135 mv:44 misc:413 imb:3 pmb:2 smb:8155 d:- ref:0 ;
in:3602 out:3601 type:P dur:2 cpbdur:2 q:32.39 aq:23.72 tex:7300 mv:878 misc:1910 imb:26 pmb:285 smb:7849 d:- ref:0 ;
in:3601 out:3602 type:b dur:2 cpbdur:2 q:32.40 aq:30.97 tex:24 mv:5 misc:395 imb:0 pmb:1 smb:8159 d:- ref:0 ;
in:3604 out:3603 type:P dur:2 cpbdur:2 q:32.38 aq:22.84 tex:12106 mv:1430 misc:2680 imb:48 pmb:453 smb:7659 d:- ref:0 ;
in:3603 out:3604 type:b dur:2 cpbdur:2 q:32.38 aq:30.94 tex:69 mv:32 misc:411 imb:2 pmb:2 smb:8156 d:- ref:0 ;
in:3606 out:3605 type:P dur:2 cpbdur:2 q:32.37 aq:24.57 tex:7178 mv:770 misc:1812 imb:19 pmb:260 smb:7881 d:- ref:0 ;
in:3605 out:3606 type:b dur:2 cpbdur:2 q:32.37 aq:30.93 tex:37 mv:16 misc:403 imb:1 pmb:1 smb:8158 d:- ref:0 ;
in:3608 out:3607 type:P dur:2 cpbdur:2 q:32.35 aq:23.38 tex:13613 mv:1433 misc:2770 imb:39 pmb:486 smb:7635 d:- ref:0 ;
in:3607 out:3608 type:b dur:2 cpbdur:2 q:32.36 aq:31.76 tex:99 mv:32 misc:413 imb:2 pmb:2 smb:8156 d:- ref:0 ;
in:3610 out:3609 type:P dur:2 cpbdur:2 q:32.34 aq:24.19 tex:7740 mv:891 misc:1929 imb:27 pmb:287 smb:7846 d:- ref:0 ;
in:3609 out:3610 type:b dur:2 cpbdur:2 q:32.34 aq:33.33 tex:35 mv:3 misc:394 imb:0 pmb:1 smb:8159 d:- ref:0 ;
in:3612 out:3611 type:P dur:2 cpbdur:2 q:32.32 aq:23.37 tex:13993 mv:1595 misc:2876 imb:63 pmb:483 smb:7614 d:- ref:0 ;
in:3611 out:3612 type:b dur:2 cpbdur:2 q:32.33 aq:29.30 tex:107 mv:61 misc:448 imb:3 pmb:5 smb:8152 d:- ref:0 ;
in:3614 out:3613 type:P dur:2 cpbdur:2 q:32.31 aq:24.11 tex:6656 mv:776 misc:1840 imb:22 pmb:258 smb:7880 d:- ref:0 ;
in:3613 out:3614 type:b dur:2 cpbdur:2 q:32.32 aq:30.97 tex:25 mv:21 misc:402 imb:0 pmb:2 smb:8158 d:- ref:0 ;
in:3616 out:3615 type:P dur:2 cpbdur:2 q:32.30 aq:23.87 tex:15897 mv:1533 misc:2714 imb:41 pmb:486 smb:7633 d:- ref:0 ;
in:3615 out:3616 type:b dur:2 cpbdur:2 q:32.31 aq:30.98 tex:78 mv:35 misc:439 imb:1 pmb:8 smb:8151 d:- ref:0 ;
in:3618 out:3617 type:P dur:2 cpbdur:2 q:32.29 aq:23.93 tex:6498 mv:726 misc:1712 imb:21 pmb:237 smb:7902 d:- ref:0 ;
in:3617 out:3618 type:b dur:2 cpbdur:2 q:32.30 aq:31.47 tex:102 mv:44 misc:430 imb:3 pmb:3 smb:8154 d:- ref:0 ;
in:3620 out:3619 type:P dur:2 cpbdur:2 q:32.28 aq:23.88 tex:12990 mv:1436 misc:2654 imb:39 pmb:462 smb:7659 d:- ref:0 ;
in:3619 out:3620 type:b dur:2 cpbdur:2 q:32.28 aq:29.54 tex:36 mv:44 misc:408 imb:1 pmb:2 smb:8157 d:- ref:0 ;
in:3622 out:3621 type:P dur:2 cpbdur:2 q:32.27 aq:23.59 tex:7292 mv:839 misc:1909 imb:28 pmb:266 smb:7866 d:- ref:0 ;
in:3621 out:3622 type:b dur:2 cpbdur:2 q:32.27 aq:24.17 tex:22 mv:14 misc:404 imb:1 pmb:1 smb:8158 d:- ref:0 ;
in:3624 out:3623 type:P dur:2 cpbdur:2 q:32.25 aq:22.71 tex:14166 mv:1483 misc:2783 imb:52 pmb:501 smb:7607 d:- ref:0 ;
in:3623 out:3624 type:b dur:2 cpbdur:2 q:32.26 aq:21.41 tex:78 mv:8 misc:402 imb:0 pmb:2 smb:8158 d:- ref:0 ;
in:3626 out:3625 type:P dur:2 cpbdur:2 q:32.24 aq:23.49 tex:7775 mv:858 misc:1951 imb:29 pmb:281 smb:7850 d:- ref:0 ;
in:3625 out:3626 type:b dur:2 cpbdur:2 q:32.25 aq:26.56 tex:85 mv:52 misc:423 imb:3 pmb:2 smb:8155 d:- ref:0 ;
in:3628 out:3627 type:P dur:2 cpbdur:2 q:32.23 aq:22.78 tex:13962 mv:1724 misc:2802 imb:60 pmb:490 smb:7610 d:- ref:0 ;
in:3627 out:3628 type:b dur:2 cpbdur:2 q:32.24 aq:23.97 tex:31 mv:32 misc:409 imb:3 pmb:0 smb:8157 d:- ref:0 ;
in:3630 out:3629 type:P dur:2 cpbdur:2 q:32.23 aq:22.62 tex:6519 mv:695 misc:1746 imb:31 pmb:230 smb:7899 d:- ref:0 ;
in:3629 out:3630 type:b dur:2 cpbdur:2 q:32.23 aq:23.04 tex:28 mv:42 misc:418 imb:4 pmb:0 smb:8156 d:- ref:0 ;
in:3632 out:3631 type:P dur:2 cpbdur:2 q:32.21 aq:23.48 tex:13869 mv:1513 misc:2642 imb:57 pmb:455 smb:7648 d:- ref:0 ;
in:3631 out:3632 type:b dur:2 cpbdur:2 q:32.22 aq:18.97 tex:96 mv:9 misc:399 imb:0 pmb:2 smb:8158 d:- ref:0 ;
in:3634 out:3633 type:P dur:2 cpbdur:2 q:32.20 aq:23.88 tex:5178 mv:655 misc:1623 imb:17 pmb:205 smb:7938 d:- ref:0 ;
in:3633 out:3634 type:b dur:2 cpbdur:2 q:32.20 aq:32.08 tex:80 mv:32 misc:424 imb:2 pmb:2 smb:8156 d:- ref:0 ;
in:3636 out:3635 type:P dur:2 cpbdur:2 q:32.18 aq:23.38 tex:12304 mv:1319 misc:2497 imb:56 pmb:398 smb:7706 d:- ref:0 ;
in:3635 out:3636 type:b dur:2 cpbdur:2 q:32.19 aq:29.49 tex:65 mv:44 misc:419 imb:2 pmb:3 smb:8155 d:- ref:0 ;
in:3638 out:3637 type:P dur:2 cpbdur:2 q:32.18 aq:23.15 tex:7277 mv:788 misc:1759 imb:24 pmb:253 smb:7883 d:- ref:0 ;
in:3637 out:3638 type:b dur:2 cpbdur:2 q:32.18 aq:29.86 tex:141 mv:88 misc:451 imb:4 pmb:4 smb:8152 d:- ref:0 ;
in:3640 out:3639 type:P dur:2 cpbdur:2 q:32.16 aq:24.46 tex:12737 mv:1318 misc:2385 imb:46 pmb:412 smb:7702 d:- ref:0 ;
in:3639 out:3640 type:b dur:2 cpbdur:2 q:32.17 aq:24.22 tex:24 mv:26 misc:414 imb:2 pmb:1 smb:8157 d:- ref:0 ;
in:3642 out:3641 type:P dur:2 cpbdur:2 q:32.15 aq:25.22 tex:6148 mv:595 misc:1561 imb:13 pmb:216 smb:7931 d:- ref:0 ;
in:3641 out:3642 type:b dur:2 cpbdur:2 q:32.15 aq:30.97 tex:19 mv:25 misc:412 imb:1 pmb:3 smb:8156 d:- ref:0 ;
in:3644 out:3643 type:P dur:2 cpbdur:2 q:32.13 aq:24.18 tex:13135 mv:1244 misc:2445 imb:43 pmb:431 smb:7686 d:- ref:0 ;
in:3643 out:3644 type:b dur:2 cpbdur:2 q:32.14 aq:27.15 tex:164 mv:64 misc:460 imb:3 pmb:8 smb:8149 d:- ref:0 ;
in:3646 out:3645 type:P dur:2 cpbdur:2 q:32.12 aq:24.75 tex:9405 mv:642 misc:1697 imb:16 pmb:245 smb:7899 d:- ref:0 ;
in:3645 out:3646 type:b dur:2 cpbdur:2 q:32.12 aq:19.44 tex:93 mv:58 misc:441 imb:4 pmb:5 smb:8151 d:- ref:0 ;
in:3648 out:3647 type:P dur:2 cpbdur:2 q:32.10 aq:24.46 tex:11745 mv:1070 misc:2169 imb:21 pmb:394 smb:7745 d:- ref:0 ;
in:3647 out:3648 type:b dur:2 cpbdur:2 q:32.11 aq:29.29 tex:114 mv:51 misc:435 imb:4 pmb:2 smb:8154 d:- ref:0 ;
in:3652 out:3649 type:P dur:2 cpbdur:2 q:32.09 aq:23.61 tex:26878 mv:2777 misc:4057 imb:91 pmb:886 smb:7183 d:- ref:0 ;
in:3650 out:3650 type:B dur:2 cpbdur:2 q:32.10 aq:30.31 tex:318 mv:66 misc:496 imb:3 pmb:12 smb:8145 d:- ref:0 ;
in:3649 out:3651 type:b dur:2 cpbdur:2 q:32.10 aq:22.96 tex:112 mv:42 misc:430 imb:2 pmb:5 smb:8153 d:- ref:0 ;
in:3651 out:3652 type:b dur:2 cpbdur:2 q:32.09 aq:30.94 tex:112 mv:36 misc:420 imb:1 pmb:5 smb:8154 d:- ref:0 ;
in:3654 out:3653 type:P dur:2 cpbdur:2 q:32.27 aq:21.90 tex:20157 mv:2922 misc:3985 imb:146 pmb:724 smb:7290 d:- ref:0 ;
in:3653 out:3654 type:b dur:2 cpbdur:2 q:32.18 aq:24.31 tex:78 mv:35 misc:423 imb:2 pmb:3 smb:8155 d:- ref:0 ;
in:3656 out:3655 type:P dur:2 cpbdur:2 q:32.29 aq:22.63 tex:7501 mv:1070 misc:2133 imb:35 pmb:300 smb:7825 d:- ref:0 ;
in:3655 out:3656 type:b dur:2 cpbdur:2 q:32.28 aq:18.10 tex:51 mv:20 misc:409 imb:1 pmb:2 smb:8157 d:- ref:0 ;
in:3658 out:3657 type:P dur:2 cpbdur:2 q:32.29 aq:23.52 tex:13973 mv:1734 misc:2933 imb:65 pmb:506 smb:7589 d:- ref:0 ;
in:3657 out:3658 type:b dur:2 cpbdur:2 q:32.29 aq:29.96 tex:43 mv:16 misc:405 imb:1 pmb:1 smb:8158 d:- ref:0 ;
in:3660 out:3659 type:P dur:2 cpbdur:2 q:32.28 aq:23.26 tex:7738 mv:837 misc:2017 imb:19 pmb:293 smb:7848 d:- ref:0 ;
in:3659 out:3660 type:b dur:2 cpbdur:2 q:32.28 aq:30.96 tex:65 mv:56 misc:423 imb:5 pmb:1 smb:8154 d:- ref:0 ;
in:3662 out:3661 type:P dur:2 cpbdur:2 q:32.28 aq:22.59 tex:13151 mv:1714 misc:2759 imb:61 pmb:469 smb:7630 d:- ref:0 ;
in:3661 out:3662 type:b dur:2 cpbdur:2 q:32.28 aq:22.83 tex:36 mv:5 misc:399 imb:0 pmb:1 smb:8159 d:- ref:0 ;
in:3664 out:3663 type:P dur:2 cpbdur:2 q:32.26 aq:23.47 tex:7190 mv:1019 misc:1991 imb:34 pmb:286 smb:7840 d:- ref:0 ;
in:3663 out:3664 type:b dur:2 cpbdur:2 q:32.27 aq:30.97 tex:41 mv:27 misc:404 imb:2 pmb:1 smb:8157 d:- ref:0 ;
in:3666 out:3665 type:P dur:2 cpbdur:2 q:32.27 aq:23.08 tex:14387 mv:1783 misc:2974 imb:63 pmb:521 smb:7576 d:- ref:0 ;
in:3665 out:3666 type:b dur:2 cpbdur:2 q:32.27 aq:27.99 tex:79 mv:53 misc:428 imb:3 pmb:2 smb:8155 d:- ref:0 ;
in:3668 out:3667 type:P dur:2 cpbdur:2 q:32.18 aq:23.14 tex:7521 mv:975 misc:2064 imb:32 pmb:291 smb:7837 d:- ref:0 ;
in:3667 out:3668 type:b dur:2 cpbdur:2 q:32.23 aq:26.10 tex:110 mv:44 misc:430 imb:3 pmb:3 smb:8154 d:- ref:0 ;
in:3670 out:3669 type:P dur:2 cpbdur:2 q:32.13 aq:22.93 tex:16169 mv:1993 misc:3142 imb:70 pmb:566 smb:7524 d:- ref:0 ;
in:3669 out:3670 type:b dur:2 cpbdur:2 q:32.16 aq:30.96 tex:57 mv:43 misc:420 imb:1 pmb:3 smb:8156 d:- ref:0 ;
in:3672 out:3671 type:P dur:2 cpbdur:2 q:32.07 aq:23.03 tex:7660 mv:1128 misc:2132 imb:35 pmb:314 smb:7811 d:- ref:0 ;
in:3671 out:3672 type:b dur:2 cpbdur:2 q:32.10 aq:23.89 tex:123 mv:77 misc:456 imb:7 pmb:2 smb:8151 d:- ref:0 ;
in:3674 out:3673 type:P dur:2 cpbdur:2 q:32.03 aq:22.44 tex:14977 mv:1690 misc:2845 imb:55 pmb:509 smb:7596 d:- ref:0 ;
in:3673 out:3674 type:b dur:2 cpbdur:2 q:32.05 aq:23.55 tex:58 mv:37 misc:417 imb:3 pmb:1 smb:8156 d:- ref:0 ;
in:3676 out:3675 type:P dur:2 cpbdur:2 q:32.03 aq:23.36 tex:10070 mv:1030 misc:2124 imb:28 pmb:324 smb:7808 d:- ref:0 ;
in:3675 out:3676 type:b dur:2 cpbdur:2 q:32.03 aq:21.89 tex:94 mv:51 misc:447 imb:3 pmb:6 smb:8151 d:- ref:0 ;
in:3678 out:3677 type:P dur:2 cpbdur:2 q:32.02 aq:22.79 tex:16982 mv:2014 misc:2996 imb:67 pmb:583 smb:7510 d:- ref:0 ;
in:3677 out:3678 type:b dur:2 cpbdur:2 q:32.02 aq:24.41 tex:82 mv:40 misc:430 imb:3 pmb:2 smb:8155 d:- ref:0 ;
in:3680 out:3679 type:P dur:2 cpbdur:2 q:32.02 aq:23.09 tex:10035 mv:1393 misc:2348 imb:44 pmb:383 smb:7733 d:- ref:0 ;
in:3679 out:3680 type:b dur:2 cpbdur:2 q:32.02 aq:30.01 tex:118 mv:47 misc:443 imb:2 pmb:6 smb:8152 d:- ref:0 ;
in:3682 out:3681 type:P dur:2 cpbdur:2 q:32.01 aq:22.35 tex:17682 mv:1903 misc:3215 imb:79 pmb:592 smb:7489 d:- ref:0 ;
in:3681 out:3682 type:b dur:2 cpbdur:2 q:32.01 aq:30.94 tex:49 mv:27 misc:420 imb:0 pmb:4 smb:8156 d:- ref:0 ;
in:3684 out:3683 type:P dur:2 cpbdur:2 q:32.01 aq:22.94 tex:9840 mv:1105 misc:2279 imb:32 pmb:358 smb:7770 d:- ref:0 ;
in:3683 out:3684 type:b dur:2 cpbdur:2 q:32.01 aq:20.61 tex:90 mv:58 misc:436 imb:3 pmb:4 smb:8153 d:- ref:0 ;
in:3686 out:3685 type:P dur:2 cpbdur:2 q:32.00 aq:22.72 tex:16340 mv:1898 misc:3026 imb:68 pmb:560 smb:7532 d:- ref:0 ;
in:3685 out:3686 type:b dur:2 cpbdur:2 q:32.00 aq:30.02 tex:83 mv:58 misc:427 imb:3 pmb:3 smb:8154 d:- ref:0 ;
in:3688 out:3687 type:P dur:2 cpbdur:2 q:31.99 aq:23.78 tex:7426 mv:803 misc:1947 imb:31 pmb:271 smb:7858 d:- ref:0 ;
in:3687 out:3688 type:b dur:2 cpbdur:2 q:32.00 aq:20.80 tex:62 mv:59 misc:439 imb:5 pmb:2 smb:8153 d:- ref:0 ;
in:3690 out:3689 type:P dur:2 cpbdur:2 q:31.98 aq:22.93 tex:15685 mv:1670 misc:2925 imb:50 pmb:533 smb:7577 d:- ref:0 ;
in:3689 out:3690 type:b dur:2 cpbdur:2 q:31.99 aq:29.57 tex:52 mv:55 misc:421 imb:5 pmb:1 smb:8154 d:- ref:0 ;
in:3692 out:3691 type:P dur:2 cpbdur:2 q:31.98 aq:23.77 tex:7531 mv:928 misc:1901 imb:31 pmb:276 smb:7853 d:- ref:0 ;
in:3691 out:3692 type:b dur:2 cpbdur:2 q:31.98 aq:24.26 tex:29 mv:42 misc:417 imb:4 pmb:0 smb:8156 d:- ref:0 ;
in:3694 out:3693 type:P dur:2 cpbdur:2 q:31.97 aq:23.01 tex:13828 mv:1688 misc:2956 imb:67 pmb:497 smb:7596 d:- ref:0 ;
in:3693 out:3694 type:b dur:2 cpbdur:2 q:31.97 aq:30.91 tex:42 mv:19 misc:411 imb:1 pmb:2 smb:8157 d:- ref:0 ;
in:3696 out:3695 type:P dur:2 cpbdur:2 q:31.97 aq:22.97 tex:8493 mv:1078 misc:2173 imb:36 pmb:323 smb:7801 d:- ref:0 ;
in:3695 out:3696 type:b dur:2 cpbdur:2 q:31.97 aq:25.46 tex:109 mv:14 misc:421 imb:0 pmb:4 smb:8156 d:- ref:0 ;
in:3698 out:3697 type:P dur:2 cpbdur:2 q:31.96 aq:23.19 tex:14334 mv:1830 misc:2932 imb:54 pmb:542 smb:7564 d:- ref:0 ;
in:3697 out:3698 type:b dur:2 cpbdur:2 q:31.96 aq:29.18 tex:71 mv:27 misc:414 imb:2 pmb:1 smb:8157 d:- ref:0 ;
in:3700 out:3699 type:P dur:2 cpbdur:2 q:31.95 aq:22.80 tex:8286 mv:967 misc:2067 imb:30 pmb:306 smb:7824 d:- ref:0 ;
in:3699 out:3700 type:b dur:2 cpbdur:2 q:31.96 aq:22.11 tex:58 mv:37 misc:417 imb:3 pmb:1 smb:8156 d:- ref:0 ;
in:3702 out:3701 type:P dur:2 cpbdur:2 q:31.95 aq:23.07 tex:15503 mv:1895 misc:3178 imb:70 pmb:571 smb:7519 d:- ref:0 ;
in:3701 out:3702 type:b dur:2 cpbdur:2 q:31.95 aq:30.93 tex:68 mv:41 misc:419 imb:2 pmb:3 smb:8155 d:- ref:0 ;
in:3704 out:3703 type:P dur:2 cpbdur:2 q:31.95 aq:23.34 tex:7516 mv:1038 misc:2070 imb:34 pmb:297 smb:7829 d:- ref:0 ;
in:3703 out:3704 type:b dur:2 cpbdur:2 q:31.95 aq:30.92 tex:18 mv:11 misc:395 imb:1 pmb:0 smb:8159 d:- ref:0 ;
in:3706 out:3705 type:P dur:2 cpbdur:2 q:31.94 aq:22.49 tex:16488 mv:1922 misc:3174 imb:83 pmb:531 smb:7546 d:- ref:0 ;
in:3705 out:3706 type:b dur:2 cpbdur:2 q:31.95 aq:30.94 tex:77 mv:62 misc:437 imb:3 pmb:7 smb:8150 d:- ref:0 ;
in:3708 out:3707 type:P dur:2 cpbdur:2 q:31.95 aq:23.39 tex:8025 mv:881 misc:1998 imb:27 pmb:285 smb:7848 d:- ref:0 ;
in:3707 out:3708 type:b dur:2 cpbdur:2 q:31.95 aq:30.93 tex:85 mv:66 misc:433 imb:6 pmb:2 smb:8152 d:- ref:0 ;
in:3710 out:3709 type:P dur:2 cpbdur:2 q:31.94 aq:23.22 tex:14062 mv:1567 misc:2731 imb:71 pmb:459 smb:7630 d:- ref:0 ;
in:3709 out:3710 type:b dur:2 cpbdur:2 q:31.94 aq:28.88 tex:85 mv:39 misc:420 imb:3 pmb:1 smb:8156 d:- ref:0 ;
in:3712 out:3711 type:P dur:2 cpbdur:2 q:31.93 aq:22.96 tex:9738 mv:1719 misc:2351 imb:52 pmb:404 smb:7704 d:- ref:0 ;
in:3711 out:3712 type:b dur:2 cpbdur:2 q:31.93 aq:29.57 tex:314 mv:125 misc:457 imb:1 pmb:15 smb:8144 d:- ref:0 ;
in:3714 out:3713 type:P dur:2 cpbdur:2 q:31.92 aq:22.73 tex:20696 mv:3352 misc:3048 imb:76 pmb:709 smb:7375 d:- ref:0 ;
in:3713 out:3714 type:b dur:2 cpbdur:2 q:31.92 aq:31.07 tex:489 mv:116 misc:491 imb:3 pmb:17 smb:8140 d:- ref:0 ;
in:3716 out:3715 type:P dur:2 cpbdur:2 q:31.92 aq:23.63 tex:10915 mv:1728 misc:2237 imb:34 pmb:413 smb:7713 d:- ref:0 ;
in:3715 out:3716 type:b dur:2 cpbdur:2 q:31.92 aq:32.47 tex:101 mv:56 misc:451 imb:2 pmb:6 smb:8152 d:- ref:0 ;
in:3718 out:3717 type:P dur:2 cpbdur:2 q:31.90 aq:22.89 tex:19011 mv:3245 misc:3392 imb:101 pmb:695 smb:7364 d:- ref:0 ;
in:3717 out:3718 type:b dur:2 cpbdur:2 q:31.91 aq:24.02 tex:156 mv:186 misc:506 imb:3 pmb:22 smb:8135 d:- ref:0 ;
in:3720 out:3719 type:P dur:2 cpbdur:2 q:31.90 aq:23.60 tex:12201 mv:2019 misc:2372 imb:43 pmb:449 smb:7668 d:- ref:0 ;
in:3719 out:3720 type:b dur:2 cpbdur:2 q:31.90 aq:32.99 tex:501 mv:120 misc:467 imb:2 pmb:15 smb:8143 d:- ref:0 ;
in:3722 out:3721 type:P dur:2 cpbdur:2 q:31.89 aq:22.39 tex:20994 mv:3181 misc:3321 imb:97 pmb:708 smb:7355 d:- ref:0 ;
in:3721 out:3722 type:b dur:2 cpbdur:2 q:31.89 aq:28.61 tex:519 mv:185 misc:496 imb:4 pmb:19 smb:8137 d:- ref:0 ;
in:3724 out:3723 type:P dur:2 cpbdur:2 q:31.88 aq:23.47 tex:13634 mv:2456 misc:2278 imb:41 pmb:485 smb:7634 d:- ref:0 ;
in:3723 out:3724 type:b dur:2 cpbdur:2 q:31.89 aq:33.11 tex:251 mv:137 misc:468 imb:3 pmb:16 smb:8141 d:- ref:0 ;
in:3726 out:3725 type:P dur:2 cpbdur:2 q:31.87 aq:22.50 tex:22593 mv:3757 misc:3338 imb:103 pmb:796 smb:7261 d:- ref:0 ;
in:3725 out:3726 type:b dur:2 cpbdur:2 q:31.88 aq:30.96 tex:267 mv:277 misc:584 imb:5 pmb:33 smb:8122 d:- ref:0 ;
in:3728 out:3727 type:P dur:2 cpbdur:2 q:31.87 aq:23.42 tex:11413 mv:1984 misc:2299 imb:43 pmb:437 smb:7680 d:- ref:0 ;
in:3727 out:3728 type:b dur:2 cpbdur:2 q:31.87 aq:29.03 tex:170 mv:106 misc:492 imb:2 pmb:14 smb:8144 d:- ref:0 ;
in:3730 out:3729 type:P dur:2 cpbdur:2 q:31.86 aq:22.75 tex:21271 mv:3321 misc:3368 imb:110 pmb:728 smb:7322 d:- ref:0 ;
in:3729 out:3730 type:b dur:2 cpbdur:2 q:31.86 aq:33.54 tex:492 mv:235 misc:505 imb:4 pmb:24 smb:8132 d:- ref:0 ;
in:3732 out:3731 type:P dur:2 cpbdur:2 q:31.87 aq:23.44 tex:10517 mv:1916 misc:2255 imb:45 pmb:399 smb:7716 d:- ref:0 ;
in:3731 out:3732 type:b dur:2 cpbdur:2 q:31.87 aq:22.60 tex:371 mv:177 misc:492 imb:3 pmb:19 smb:8138 d:- ref:0 ;
in:3734 out:3733 type:P dur:2 cpbdur:2 q:31.87 aq:23.23 tex:21047 mv:3212 misc:3117 imb:80 pmb:708 smb:7372 d:- ref:0 ;
in:3733 out:3734 type:b dur:2 cpbdur:2 q:31.87 aq:31.63 tex:338 mv:303 misc:519 imb:1 pmb:33 smb:8126 d:- ref:0 ;
in:3736 out:3735 type:P dur:2 cpbdur:2 q:31.87 aq:23.94 tex:13544 mv:1966 misc:2290 imb:41 pmb:428 smb:7691 d:- ref:0 ;
in:3735 out:3736 type:b dur:2 cpbdur:2 q:31.87 aq:29.88 tex:414 mv:275 misc:567 imb:5 pmb:33 smb:8122 d:- ref:0 ;
in:3738 out:3737 type:P dur:2 cpbdur:2 q:31.88 aq:22.86 tex:21247 mv:3364 misc:3461 imb:96 pmb:766 smb:7298 d:- ref:0 ;
in:3737 out:3738 type:b dur:2 cpbdur:2 q:31.88 aq:28.76 tex:289 mv:111 misc:488 imb:3 pmb:15 smb:8142 d:- ref:0 ;
in:3740 out:3739 type:P dur:2 cpbdur:2 q:31.90 aq:23.18 tex:12916 mv:2316 misc:2512 imb:51 pmb:494 smb:7615 d:- ref:0 ;
in:3739 out:3740 type:b dur:2 cpbdur:2 q:31.89 aq:21.33 tex:192 mv:183 misc:489 imb:6 pmb:16 smb:8138 d:- ref:0 ;
in:3742 out:3741 type:P dur:2 cpbdur:2 q:31.91 aq:22.80 tex:20680 mv:3352 misc:3440 imb:92 pmb:726 smb:7342 d:- ref:0 ;
in:3741 out:3742 type:b dur:2 cpbdur:2 q:31.90 aq:32.16 tex:244 mv:167 misc:485 imb:3 pmb:20 smb:8137 d:- ref:0 ;
in:3744 out:3743 type:P dur:2 cpbdur:2 q:31.93 aq:23.12 tex:11815 mv:2305 misc:2376 imb:50 pmb:457 smb:7653 d:- ref:0 ;
in:3743 out:3744 type:b dur:2 cpbdur:2 q:31.92 aq:29.89 tex:525 mv:136 misc:475 imb:1 pmb:22 smb:8137 d:- ref:0 ;
in:3746 out:3745 type:P dur:2 cpbdur:2 q:31.92 aq:22.94 tex:20711 mv:3284 misc:3357 imb:101 pmb:699 smb:7360 d:- ref:0 ;
in:3745 out:3746 type:b dur:2 cpbdur:2 q:31.92 aq:32.95 tex:212 mv:96 misc:492 imb:1 pmb:16 smb:8143 d:- ref:0 ;
in:3748 out:3747 type:P dur:2 cpbdur:2 q:31.93 aq:23.89 tex:12393 mv:2323 misc:2452 imb:52 pmb:482 smb:7626 d:- ref:0 ;
in:3747 out:3748 type:b dur:2 cpbdur:2 q:31.93 aq:32.70 tex:157 mv:161 misc:522 imb:3 pmb:19 smb:8138 d:- ref:0 ;
in:3749 out:3749 type:P dur:2 cpbdur:2 q:31.92 aq:30.14 tex:675 mv:514 misc:803 imb:13 pmb:83 smb:8064 d:- ref:0 ;
in:3750 out:3750 type:I dur:2 cpbdur:2 q:29.00 aq:20.07 tex:502348 mv:141534 misc:702 imb:8160 pmb:0 smb:0 d:- ref:;
in:3752 out:3751 type:P dur:2 cpbdur:2 q:32.62 aq:21.71 tex:6511 mv:1196 misc:1573 imb:37 pmb:232 smb:7891 d:- ref:0 ;
in:3751 out:3752 type:b dur:2 cpbdur:2 q:32.62 aq:33.56 tex:330 mv:101 misc:433 imb:1 pmb:13 smb:8146 d:- ref:0 ;
in:3754 out:3753 type:P dur:2 cpbdur:2 q:32.60 aq:23.04 tex:16984 mv:3467 misc:3317 imb:168 pmb:563 smb:7429 d:- ref:0 ;
in:3753 out:3754 type:b dur:2 cpbdur:2 q:32.61 aq:26.34 tex:688 mv:282 misc:534 imb:4 pmb:28 smb:8128 d:- ref:0 ;
in:3756 out:3755 type:P dur:2 cpbdur:2 q:32.60 aq:23.78 tex:9250 mv:1876 misc:1994 imb:46 pmb:346 smb:7768 d:- ref:0 ;
in:3755 out:3756 type:b dur:2 cpbdur:2 q:32.60 aq:34.00 tex:248 mv:149 misc:451 imb:5 pmb:9 smb:8146 d:- ref:0 ;
in:3758 out:3757 type:P dur:2 cpbdur:2 q:32.58 aq:23.06 tex:16045 mv:3177 misc:3410 imb:107 pmb:613 smb:7440 d:- ref:0 ;
in:3757 out:3758 type:b dur:2 cpbdur:2 q:32.59 aq:32.92 tex:146 mv:94 misc:464 imb:2 pmb:10 smb:8148 d:- ref:0 ;
in:3760 out:3759 type:P dur:2 cpbdur:2 q:32.59 aq:23.46 tex:10139 mv:2043 misc:2202 imb:48 pmb:400 smb:7712 d:- ref:0 ;
in:3759 out:3760 type:b dur:2 cpbdur:2 q:32.59 aq:31.23 tex:116 mv:118 misc:462 imb:3 pmb:11 smb:8146 d:- ref:0 ;
in:3762 out:3761 type:P dur:2 cpbdur:2 q:32.57 aq:23.05 tex:16158 mv:3330 misc:3264 imb:112 pmb:621 smb:7427 d:- ref:0 ;
in:3761 out:3762 type:b dur:2 cpbdur:2 q:32.58 aq:32.64 tex:154 mv:119 misc:471 imb:3 pmb:12 smb:8145 d:- ref:0 ;
in:3764 out:3763 type:P dur:2 cpbdur:2 q:32.58 aq:23.18 tex:11924 mv:2083 misc:2313 imb:61 pmb:404 smb:7695 d:- ref:0 ;
in:3763 out:3764 type:b dur:2 cpbdur:2 q:32.57 aq:33.52 tex:368 mv:130 misc:438 imb:1 pmb:17 smb:8142 d:- ref:0 ;
in:3766 out:3765 type:P dur:2 cpbdur:2 q:32.57 aq:23.09 tex:20516 mv:3683 misc:3441 imb:128 pmb:686 smb:7346 d:- ref:0 ;
in:3765 out:3766 type:b dur:2 cpbdur:2 q:32.57 aq:32.58 tex:491 mv:214 misc:527 imb:4 pmb:28 smb:8128 d:- ref:0 ;
in:3768 out:3767 type:P dur:2 cpbdur:2 q:32.58 aq:24.57 tex:9209 mv:1846 misc:2241 imb:33 pmb:400 smb:7727 d:- ref:0 ;
in:3767 out:3768 type:b dur:2 cpbdur:2 q:32.57 aq:33.81 tex:238 mv:92 misc:446 imb:0 pmb:13 smb:8147 d:- ref:0 ;
in:3770 out:3769 type:P dur:2 cpbdur:2 q:32.68 aq:22.87 tex:15207 mv:3045 misc:3180 imb:138 pmb:543 smb:7479 d:- ref:0 ;
in:3769 out:3770 type:b dur:2 cpbdur:2 q:32.63 aq:32.02 tex:183 mv:155 misc:494 imb:0 pmb:24 smb:8136 d:- ref:0 ;
in:3772 out:3771 type:P dur:2 cpbdur:2 q:32.68 aq:24.25 tex:8455 mv:1881 misc:2080 imb:45 pmb:370 smb:7745 d:- ref:0 ;
in:3771 out:3772 type:b dur:2 cpbdur:2 q:32.68 aq:32.74 tex:102 mv:58 misc:456 imb:2 pmb:7 smb:8151 d:- ref:0 ;
in:3774 out:3773 type:P dur:2 cpbdur:2 q:32.67 aq:23.36 tex:17006 mv:3744 misc:3650 imb:158 pmb:658 smb:7344 d:- ref:0 ;
in:3773 out:3774 type:b dur:2 cpbdur:2 q:32.67 aq:33.53 tex:187 mv:82 misc:459 imb:0 pmb:14 smb:8146 d:- ref:0 ;
in:3776 out:3775 type:P dur:2 cpbdur:2 q:32.67 aq:24.15 tex:9192 mv:1780 misc:2068 imb:45 pmb:359 smb:7756 d:- ref:0 ;
in:3775 out:3776 type:b dur:2 cpbdur:2 q:32.67 aq:35.01 tex:172 mv:99 misc:433 imb:0 pmb:15 smb:8145 d:- ref:0 ;
in:3778 out:3777 type:P dur:2 cpbdur:2 q:32.67 aq:22.97 tex:15444 mv:2920 misc:3148 imb:111 pmb:564 smb:7485 d:- ref:0 ;
in:3777 out:3778 type:b dur:2 cpbdur:2 q:32.67 aq:33.90 tex:432 mv:236 misc:500 imb:3 pmb:26 smb:8131 d:- ref:0 ;
in:3780 out:3779 type:P dur:2 cpbdur:2 q:32.67 aq:24.13 tex:9430 mv:1683 misc:2175 imb:47 pmb:370 smb:7743 d:- ref:0 ;
in:3779 out:3780 type:b dur:2 cpbdur:2 q:32.67 aq:29.00 tex:323 mv:88 misc:469 imb:4 pmb:11 smb:8145 d:- ref:0 ;
in:3782 out:3781 type:P dur:2 cpbdur:2 q:32.66 aq:22.84 tex:17495 mv:3093 misc:3244 imb:121 pmb:607 smb:7432 d:- ref:0 ;
in:3781 out:3782 type:b dur:2 cpbdur:2 q:32.67 aq:33.58 tex:87 mv:183 misc:490 imb:1 pmb:24 smb:8135 d:- ref:0 ;
in:3784 out:3783 type:P dur:2 cpbdur:2 q:32.67 aq:23.87 tex:9967 mv:1992 misc:2257 imb:45 pmb:426 smb:7689 d:- ref:0 ;
in:3783 out:3784 type:b dur:2 cpbdur:2 q:32.67 aq:33.03 tex:125 mv:67 misc:440 imb:0 pmb:8 smb:8152 d:- ref:0 ;
in:3786 out:3785 type:P dur:2 cpbdur:2 q:32.66 aq:23.13 tex:15708 mv:3220 misc:3296 imb:127 pmb:603 smb:7430 d:- ref:0 ;
in:3785 out:3786 type:b dur:2 cpbdur:2 q:32.66 aq:31.58 tex:283 mv:134 misc:447 imb:3 pmb:13 smb:8144 d:- ref:0 ;
in:3788 out:3787 type:P dur:2 cpbdur:2 q:32.67 aq:24.44 tex:8139 mv:1534 misc:2023 imb:31 pmb:340 smb:7789 d:- ref:0 ;
in:3787 out:3788 type:b dur:2 cpbdur:2 q:32.66 aq:33.94 tex:202 mv:124 misc:466 imb:0 pmb:17 smb:8143 d:- ref:0 ;
in:3790 out:3789 type:P dur:2 cpbdur:2 q:32.65 aq:23.36 tex:13551 mv:2868 misc:2821 imb:94 pmb:517 smb:7549 d:- ref:0 ;
in:3789 out:3790 type:b dur:2 cpbdur:2 q:32.66 aq:32.18 tex:663 mv:191 misc:474 imb:3 pmb:19 smb:8138 d:- ref:0 ;
in:3792 out:3791 type:P dur:2 cpbdur:2 q:32.65 aq:23.60 tex:7475 mv:1540 misc:1993 imb:41 pmb:310 smb:7809 d:- ref:0 ;
in:3791 out:3792 type:b dur:2 cpbdur:2 q:32.65 aq:34.20 tex:105 mv:33 misc:406 imb:0 pmb:3 smb:8157 d:- ref:0 ;
in:3794 out:3793 type:P dur:2 cpbdur:2 q:32.64 aq:22.85 tex:15954 mv:3057 misc:3253 imb:107 pmb:610 smb:7443 d:- ref:0 ;
in:3793 out:3794 type:b dur:2 cpbdur:2 q:32.64 aq:33.60 tex:107 mv:166 misc:479 imb:0 pmb:18 smb:8142 d:- ref:0 ;
in:3796 out:3795 type:P dur:2 cpbdur:2 q:32.64 aq:23.21 tex:11572 mv:1711 misc:2205 imb:33 pmb:387 smb:7740 d:- ref:0 ;
in:3795 out:3796 type:b dur:2 cpbdur:2 q:32.64 aq:34.94 tex:104 mv:26 misc:446 imb:0 pmb:10 smb:8150 d:- ref:0 ;
in:3798 out:3797 type:P dur:2 cpbdur:2 q:32.63 aq:23.47 tex:16860 mv:3210 misc:3186 imb:119 pmb:584 smb:7457 d:- ref:0 ;
in:3797 out:3798 type:b dur:2 cpbdur:2 q:32.64 aq:31.94 tex:124 mv:159 misc:461 imb:2 pmb:17 smb:8141 d:- ref:0 ;
in:3800 out:3799 type:P dur:2 cpbdur:2 q:32.64 aq:24.06 tex:7700 mv:1556 misc:1928 imb:30 pmb:311 smb:7819 d:- ref:0 ;
in:3799 out:3800 type:b dur:2 cpbdur:2 q:32.64 aq:33.54 tex:129 mv:132 misc:451 imb:2 pmb:14 smb:8144 d:- ref:0 ;
in:3802 out:3801 type:P dur:2 cpbdur:2 q:32.63 aq:23.47 tex:15440 mv:2795 misc:2933 imb:78 pmb:574 smb:7508 d:- ref:0 ;
in:3801 out:3802 type:b dur:2 cpbdur:2 q:32.63 aq:33.11 tex:564 mv:242 misc:506 imb:1 pmb:25 smb:8134 d:- ref:0 ;
in:3804 out:3803 type:P dur:2 cpbdur:2 q:32.62 aq:23.74 tex:8955 mv:1698 misc:2147 imb:44 pmb:353 smb:7763 d:- ref:0 ;
in:3803 out:3804 type:b dur:2 cpbdur:2 q:32.63 aq:32.64 tex:111 mv:53 misc:436 imb:0 pmb:9 smb:8151 d:- ref:0 ;
in:3806 out:3805 type:P dur:2 cpbdur:2 q:32.61 aq:23.73 tex:15054 mv:2721 misc:2921 imb:84 pmb:561 smb:7515 d:- ref:0 ;
in:3805 out:3806 type:b dur:2 cpbdur:2 q:32.62 aq:33.14 tex:55 mv:60 misc:437 imb:0 pmb:7 smb:8153 d:- ref:0 ;
in:3808 out:3807 type:P dur:2 cpbdur:2 q:32.62 aq:24.51 tex:7312 mv:1611 misc:1909 imb:34 pmb:318 smb:7808 d:- ref:0 ;
in:3807 out:3808 type:b dur:2 cpbdur:2 q:32.61 aq:33.61 tex:37 mv:37 misc:414 imb:0 pmb:4 smb:8156 d:- ref:0 ;
in:3810 out:3809 type:P dur:2 cpbdur:2 q:32.60 aq:23.63 tex:17455 mv:3131 misc:3118 imb:93 pmb:647 smb:7420 d:- ref:0 ;
in:3809 out:3810 type:b dur:2 cpbdur:2 q:32.61 aq:33.27 tex:211 mv:207 misc:478 imb:2 pmb:21 smb:8137 d:- ref:0 ;
in:3812 out:3811 type:P dur:2 cpbdur:2 q:32.60 aq:24.57 tex:10139 mv:1691 misc:2106 imb:27 pmb:382 smb:7751 d:- ref:0 ;
in:3811 out:3812 type:b dur:2 cpbdur:2 q:32.60 aq:32.18 tex:331 mv:150 misc:447 imb:0 pmb:18 smb:8142 d:- ref:0 ;
in:3814 out:3813 type:P dur:2 cpbdur:2 q:32.59 aq:23.26 tex:16274 mv:2809 misc:2949 imb:69 pmb:596 smb:7495 d:- ref:0 ;
in:3813 out:3814 type:b dur:2 cpbdur:2 q:32.60 aq:34.57 tex:287 mv:135 misc:442 imb:0 pmb:16 smb:8144 d:- ref:0 ;
in:3816 out:3815 type:P dur:2 cpbdur:2 q:32.60 aq:24.66 tex:8914 mv:1513 misc:2053 imb:32 pmb:349 smb:7779 d:- ref:0 ;
in:3815 out:3816 type:b dur:2 cpbdur:2 q:32.60 aq:33.79 tex:117 mv:83 misc:448 imb:1 pmb:9 smb:8150 d:- ref:0 ;
in:3818 out:3817 type:P dur:2 cpbdur:2 q:32.58 aq:23.25 tex:14797 mv:2590 misc:2917 imb:80 pmb:552 smb:7528 d:- ref:0 ;
in:3817 out:3818 type:b dur:2 cpbdur:2 q:32.59 aq:34.55 tex:73 mv:76 misc:451 imb:2 pmb:7 smb:8151 d:- ref:0 ;
in:3820 out:3819 type:P dur:2 cpbdur:2 q:32.59 aq:23.45 tex:7751 mv:1795 misc:1958 imb:36 pmb:345 smb:7779 d:- ref:0 ;
in:3819 out:3820 type:b dur:2 cpbdur:2 q:32.59 aq:32.57 tex:143 mv:89 misc:488 imb:1 pmb:15 smb:8144 d:- ref:0 ;
in:3822 out:3821 type:P dur:2 cpbdur:2 q:32.58 aq:22.81 tex:15459 mv:2843 misc:3122 imb:107 pmb:568 smb:7485 d:- ref:0 ;
in:3821 out:3822 type:b dur:2 cpbdur:2 q:32.59 aq:32.04 tex:399 mv:126 misc:467 imb:2 pmb:16 smb:8142 d:- ref:0 ;
in:3824 out:3823 type:P dur:2 cpbdur:2 q:32.59 aq:24.52 tex:9509 mv:1650 misc:2081 imb:31 pmb:362 smb:7767 d:- ref:0 ;
in:3823 out:3824 type:b dur:2 cpbdur:2 q:32.59 aq:32.59 tex:312 mv:128 misc:456 imb:1 pmb:14 smb:8145 d:- ref:0 ;
in:3826 out:3825 type:P dur:2 cpbdur:2 q:32.58 aq:23.15 tex:16765 mv:2824 misc:2883 imb:99 pmb:540 smb:7521 d:- ref:0 ;
in:3825 out:3826 type:b dur:2 cpbdur:2 q:32.58 aq:29.84 tex:385 mv:280 misc:527 imb:2 pmb:30 smb:8128 d:- ref:0 ;
in:3828 out:3827 type:P dur:2 cpbdur:2 q:32.58 aq:23.50 tex:8534 mv:1653 misc:2029 imb:29 pmb:352 smb:7779 d:- ref:0 ;
in:3827 out:3828 type:b dur:2 cpbdur:2 q:32.58 aq:32.91 tex:112 mv:54 misc:450 imb:1 pmb:9 smb:8150 d:- ref:0 ;
in:3830 out:3829 type:P dur:2 cpbdur:2 q:32.57 aq:23.14 tex:14974 mv:2781 misc:3085 imb:90 pmb:591 smb:7479 d:- ref:0 ;
in:3829 out:3830 type:b dur:2 cpbdur:2 q:32.57 aq:30.95 tex:61 mv:164 misc:503 imb:0 pmb:24 smb:8136 d:- ref:0 ;
in:3832 out:3831 type:P dur:2 cpbdur:2 q:32.57 aq:23.55 tex:8615 mv:1847 misc:2130 imb:43 pmb:378 smb:7739 d:- ref:0 ;
in:3831 out:3832 type:b dur:2 cpbdur:2 q:32.57 aq:30.74 tex:27 mv:68 misc:449 imb:3 pmb:6 smb:8151 d:- ref:0 ;
in:3834 out:3833 type:P dur:2 cpbdur:2 q:32.56 aq:22.84 tex:16249 mv:2861 misc:3114 imb:85 pmb:604 smb:7471 d:- ref:0 ;
in:3833 out:3834 type:b dur:2 cpbdur:2 q:32.56 aq:30.65 tex:493 mv:316 misc:575 imb:5 pmb:33 smb:8122 d:- ref:0 ;
in:3836 out:3835 type:P dur:2 cpbdur:2 q:32.56 aq:23.74 tex:8850 mv:1464 misc:2014 imb:37 pmb:338 smb:7785 d:- ref:0 ;
in:3835 out:3836 type:b dur:2 cpbdur:2 q:32.56 aq:30.92 tex:208 mv:190 misc:458 imb:0 pmb:22 smb:8138 d:- ref:0 ;
in:3838 out:3837 type:P dur:2 cpbdur:2 q:32.55 aq:23.62 tex:14266 mv:2528 misc:2838 imb:68 pmb:529 smb:7563 d:- ref:0 ;
in:3837 out:3838 type:b dur:2 cpbdur:2 q:32.55 aq:32.16 tex:476 mv:148 misc:440 imb:1 pmb:18 smb:8141 d:- ref:0 ;
in:3840 out:3839 type:P dur:2 cpbdur:2 q:32.54 aq:23.59 tex:8648 mv:1616 misc:1928 imb:42 pmb:320 smb:7798 d:- ref:0 ;
in:3839 out:3840 type:b dur:2 cpbdur:2 q:32.54 aq:34.02 tex:172 mv:180 misc:496 imb:0 pmb:22 smb:8138 d:- ref:0 ;
in:3842 out:3841 type:P dur:2 cpbdur:2 q:32.53 aq:23.22 tex:15250 mv:2923 misc:3075 imb:87 pmb:592 smb:7481 d:- ref:0 ;
in:3841 out:3842 type:b dur:2 cpbdur:2 q:32.54 aq:32.25 tex:154 mv:219 misc:499 imb:1 pmb:22 smb:8137 d:- ref:0 ;
in:3844 out:3843 type:P dur:2 cpbdur:2 q:32.54 aq:24.09 tex:6604 mv:1523 misc:1865 imb:34 pmb:306 smb:7820 d:- ref:0 ;
in:3843 out:3844 type:b dur:2 cpbdur:2 q:32.54 aq:32.91 tex:108 mv:37 misc:439 imb:1 pmb:6 smb:8153 d:- ref:0 ;
in:3846 out:3845 type:P dur:2 cpbdur:2 q:32.52 aq:22.60 tex:15212 mv:2956 misc:2992 imb:81 pmb:590 smb:7489 d:- ref:0 ;
in:3845 out:3846 type:b dur:2 cpbdur:2 q:32.53 aq:33.26 tex:333 mv:219 misc:488 imb:2 pmb:23 smb:8135 d:- ref:0 ;
in:3848 out:3847 type:P dur:2 cpbdur:2 q:32.52 aq:24.34 tex:8137 mv:1419 misc:1916 imb:23 pmb:327 smb:7810 d:- ref:0 ;
in:3847 out:3848 type:b dur:2 cpbdur:2 q:32.52 aq:32.62 tex:343 mv:148 misc:469 imb:1 pmb:16 smb:8143 d:- ref:0 ;
in:3850 out:3849 type:P dur:2 cpbdur:2 q:32.51 aq:23.22 tex:14551 mv:2585 misc:2864 imb:65 pmb:565 smb:7530 d:- ref:0 ;
in:3849 out:3850 type:b dur:2 cpbdur:2 q:32.52 aq:32.97 tex:451 mv:153 misc:484 imb:2 pmb:20 smb:8138 d:- ref:0 ;
in:3852 out:3851 type:P dur:2 cpbdur:2 q:32.51 aq:24.21 tex:9130 mv:1755 misc:1987 imb:40 pmb:367 smb:7753 d:- ref:0 ;
in:3851 out:3852 type:b dur:2 cpbdur:2 q:32.51 aq:33.63 tex:142 mv:84 misc:454 imb:2 pmb:9 smb:8149 d:- ref:0 ;
in:3854 out:3853 type:P dur:2 cpbdur:2 q:32.50 aq:23.51 tex:15929 mv:2734 misc:2889 imb:96 pmb:548 smb:7516 d:- ref:0 ;
in:3853 out:3854 type:b dur:2 cpbdur:2 q:32.51 aq:31.93 tex:155 mv:217 misc:532 imb:3 pmb:24 smb:8133 d:- ref:0 ;
in:3856 out:3855 type:P dur:2 cpbdur:2 q:32.50 aq:22.58 tex:11503 mv:1666 misc:2079 imb:42 pmb:347 smb:7771 d:- ref:0 ;
in:3855 out:3856 type:b dur:2 cpbdur:2 q:32.50 aq:35.56 tex:53 mv:59 misc:432 imb:2 pmb:7 smb:8151 d:- ref:0 ;
in:3858 out:3857 type:P dur:2 cpbdur:2 q:32.50 aq:22.45 tex:15940 mv:2687 misc:2893 imb:82 pmb:571 smb:7507 d:- ref:0 ;
in:3857 out:3858 type:b dur:2 cpbdur:2 q:32.50 aq:30.37 tex:417 mv:294 misc:553 imb:4 pmb:33 smb:8123 d:- ref:0 ;
in:3860 out:3859 type:P dur:2 cpbdur:2 q:32.49 aq:23.37 tex:8609 mv:1462 misc:1913 imb:31 pmb:336 smb:7793 d:- ref:0 ;
in:3859 out:3860 type:b dur:2 cpbdur:2 q:32.50 aq:34.06 tex:227 mv:140 misc:473 imb:0 pmb:19 smb:8141 d:- ref:0 ;
in:3862 out:3861 type:P dur:2 cpbdur:2 q:32.48 aq:23.50 tex:14948 mv:2860 misc:2872 imb:72 pmb:561 smb:7527 d:- ref:0 ;
in:3861 out:3862 type:b dur:2 cpbdur:2 q:32.49 aq:33.65 tex:181 mv:233 misc:506 imb:0 pmb:29 smb:8131 d:- ref:0 ;
in:3864 out:3863 type:P dur:2 cpbdur:2 q:32.48 aq:23.77 tex:9210 mv:1493 misc:2073 imb:32 pmb:362 smb:7766 d:- ref:0 ;
in:3863 out:3864 type:b dur:2 cpbdur:2 q:32.48 aq:34.03 tex:73 mv:80 misc:431 imb:0 pmb:6 smb:8154 d:- ref:0 ;
in:3866 out:3865 type:P dur:2 cpbdur:2 q:32.47 aq:23.63 tex:15698 mv:2910 misc:3008 imb:88 pmb:595 smb:7477 d:- ref:0 ;
in:3865 out:3866 type:b dur:2 cpbdur:2 q:32.47 aq:26.30 tex:172 mv:228 misc:528 imb:2 pmb:22 smb:8136 d:- ref:0 ;
in:3868 out:3867 type:P dur:2 cpbdur:2 q:32.47 aq:23.59 tex:8753 mv:1595 misc:2108 imb:41 pmb:350 smb:7769 d:- ref:0 ;
in:3867 out:3868 type:b dur:2 cpbdur:2 q:32.47 aq:28.33 tex:103 mv:65 misc:440 imb:1 pmb:7 smb:8152 d:- ref:0 ;
in:3870 out:3869 type:P dur:2 cpbdur:2 q:32.46 aq:23.66 tex:15779 mv:2670 misc:2983 imb:91 pmb:566 smb:7503 d:- ref:0 ;
in:3869 out:3870 type:b dur:2 cpbdur:2 q:32.47 aq:24.86 tex:531 mv:219 misc:530 imb:5 pmb:25 smb:8130 d:- ref:0 ;
in:3872 out:3871 type:P dur:2 cpbdur:2 q:32.46 aq:23.73 tex:9217 mv:1886 misc:2081 imb:52 pmb:361 smb:7747 d:- ref:0 ;
in:3871 out:3872 type:b dur:2 cpbdur:2 q:32.46 aq:33.09 tex:462 mv:129 misc:465 imb:0 pmb:21 smb:8139 d:- ref:0 ;
in:3874 out:3873 type:P dur:2 cpbdur:2 q:32.46 aq:22.93 tex:14504 mv:2636 misc:2932 imb:71 pmb:554 smb:7535 d:- ref:0 ;
in:3873 out:3874 type:b dur:2 cpbdur:2 q:32.46 aq:32.36 tex:297 mv:121 misc:462 imb:1 pmb:16 smb:8143 d:- ref:0 ;
in:3876 out:3875 type:P dur:2 cpbdur:2 q:32.46 aq:23.44 tex:9043 mv:1661 misc:1992 imb:47 pmb:330 smb:7783 d:- ref:0 ;
in:3875 out:3876 type:b dur:2 cpbdur:2 q:32.46 aq:34.39 tex:118 mv:101 misc:461 imb:3 pmb:8 smb:8149 d:- ref:0 ;
in:3878 out:3877 type:P dur:2 cpbdur:2 q:32.45 aq:23.37 tex:14796 mv:2719 misc:2949 imb:92 pmb:567 smb:7501 d:- ref:0 ;
in:3877 out:3878 type:b dur:2 cpbdur:2 q:32.45 aq:30.24 tex:102 mv:98 misc:472 imb:3 pmb:9 smb:8148 d:- ref:0 ;
in:3880 out:3879 type:P dur:2 cpbdur:2 q:32.45 aq:24.04 tex:8772 mv:1678 misc:2006 imb:40 pmb:340 smb:7780 d:- ref:0 ;
in:3879 out:3880 type:b dur:2 cpbdur:2 q:32.45 aq:31.31 tex:81 mv:71 misc:440 imb:1 pmb:9 smb:8150 d:- ref:0 ;
in:3882 out:3881 type:P dur:2 cpbdur:2 q:32.44 aq:22.87 tex:14505 mv:2375 misc:2688 imb:75 pmb:501 smb:7584 d:- ref:0 ;
in:3881 out:3882 type:b dur:2 cpbdur:2 q:32.45 aq:32.54 tex:439 mv:167 misc:466 imb:1 pmb:20 smb:8139 d:- ref:0 ;
in:3884 out:3883 type:P dur:2 cpbdur:2 q:32.44 aq:23.52 tex:8190 mv:1546 misc:1768 imb:32 pmb:319 smb:7809 d:- ref:0 ;
in:3883 out:3884 type:b dur:2 cpbdur:2 q:32.44 aq:31.70 tex:224 mv:73 misc:431 imb:1 pmb:9 smb:8150 d:- ref:0 ;
in:3886 out:3885 type:P dur:2 cpbdur:2 q:32.42 aq:23.90 tex:16561 mv:2586 misc:2637 imb:70 pmb:528 smb:7562 d:- ref:0 ;
in:3885 out:3886 type:b dur:2 cpbdur:2 q:32.43 aq:24.66 tex:363 mv:237 misc:552 imb:3 pmb:34 smb:8123 d:- ref:0 ;
in:3888 out:3887 type:P dur:2 cpbdur:2 q:32.42 aq:23.67 tex:8147 mv:1329 misc:1836 imb:31 pmb:301 smb:7828 d:- ref:0 ;
in:3887 out:3888 type:b dur:2 cpbdur:2 q:32.42 aq:33.45 tex:71 mv:44 misc:429 imb:1 pmb:5 smb:8154 d:- ref:0 ;
in:3890 out:3889 type:P dur:2 cpbdur:2 q:32.41 aq:23.90 tex:14939 mv:2326 misc:2647 imb:55 pmb:525 smb:7580 d:- ref:0 ;
in:3889 out:3890 type:b dur:2 cpbdur:2 q:32.42 aq:27.92 tex:82 mv:198 misc:528 imb:4 pmb:20 smb:8136 d:- ref:0 ;
in:3892 out:3891 type:P dur:2 cpbdur:2 q:32.41 aq:24.09 tex:8489 mv:1465 misc:1782 imb:24 pmb:325 smb:7811 d:- ref:0 ;
in:3891 out:3892 type:b dur:2 cpbdur:2 q:32.41 aq:31.96 tex:125 mv:61 misc:454 imb:3 pmb:8 smb:8149 d:- ref:0 ;
in:3894 out:3893 type:P dur:2 cpbdur:2 q:32.40 aq:23.81 tex:12278 mv:1754 misc:2472 imb:46 pmb:468 smb:7646 d:- ref:0 ;
in:3893 out:3894 type:b dur:2 cpbdur:2 q:32.40 aq:31.00 tex:153 mv:118 misc:497 imb:0 pmb:18 smb:8142 d:- ref:0 ;
in:3896 out:3895 type:P dur:2 cpbdur:2 q:32.39 aq:23.27 tex:6717 mv:1193 misc:1754 imb:21 pmb:297 smb:7842 d:- ref:0 ;
in:3895 out:3896 type:b dur:2 cpbdur:2 q:32.39 aq:34.64 tex:86 mv:12 misc:414 imb:0 pmb:3 smb:8157 d:- ref:0 ;
in:3898 out:3897 type:P dur:2 cpbdur:2 q:32.37 aq:24.91 tex:11822 mv:1594 misc:2120 imb:15 pmb:455 smb:7690 d:- ref:0 ;
in:3897 out:3898 type:b dur:2 cpbdur:2 q:32.38 aq:24.58 tex:106 mv:51 misc:427 imb:2 pmb:4 smb:8154 d:- ref:0 ;
in:3902 out:3899 type:P dur:2 cpbdur:2 q:32.36 aq:23.82 tex:26303 mv:4239 misc:4210 imb:131 pmb:966 smb:7063 d:- ref:0 ;
in:3900 out:3900 type:B dur:2 cpbdur:2 q:32.37 aq:32.88 tex:853 mv:460 misc:655 imb:6 pmb:65 smb:8089 d:- ref:0 ;
in:3899 out:3901 type:b dur:2 cpbdur:2 q:32.37 aq:30.99 tex:78 mv:60 misc:446 imb:2 pmb:8 smb:8150 d:- ref:0 ;
in:3901 out:3902 type:b dur:2 cpbdur:2 q:32.36 aq:33.59 tex:165 mv:43 misc:440 imb:0 pmb:9 smb:8151 d:- ref:0 ;
in:3904 out:3903 type:P dur:2 cpbdur:2 q:32.52 aq:22.41 tex:17893 mv:3337 misc:3874 imb:140 pmb:725 smb:7295 d:- ref:0 ;
in:3903 out:3904 type:b dur:2 cpbdur:2 q:32.44 aq:32.17 tex:157 mv:35 misc:424 imb:0 pmb:9 smb:8151 d:- ref:0 ;
in:3906 out:3905 type:P dur:2 cpbdur:2 q:32.54 aq:23.63 tex:11716 mv:2087 misc:2253 imb:33 pmb:442 smb:7685 d:- ref:0 ;
in:3905 out:3906 type:b dur:2 cpbdur:2 q:32.53 aq:35.04 tex:392 mv:144 misc:440 imb:0 pmb:17 smb:8143 d:- ref:0 ;
in:3908 out:3907 type:P dur:2 cpbdur:2 q:32.54 aq:22.95 tex:15306 mv:3001 misc:3077 imb:96 pmb:599 smb:7465 d:- ref:0 ;
in:3907 out:3908 type:b dur:2 cpbdur:2 q:32.54 aq:34.15 tex:192 mv:61 misc:435 imb:1 pmb:7 smb:8152 d:- ref:0 ;
in:3910 out:3909 type:P dur:2 cpbdur:2 q:32.54 aq:24.35 tex:10490 mv:1900 misc:2002 imb:46 pmb:358 smb:7756 d:- ref:0 ;
in:3909 out:3910 type:b dur:2 cpbdur:2 q:32.54 aq:34.50 tex:322 mv:92 misc:442 imb:1 pmb:16 smb:8143 d:- ref:0 ;
in:3912 out:3911 type:P dur:2 cpbdur:2 q:32.54 aq:23.32 tex:14847 mv:2408 misc:2945 imb:61 pmb:566 smb:7533 d:- ref:0 ;
in:3911 out:3912 type:b dur:2 cpbdur:2 q:32.54 aq:32.00 tex:22 mv:20 misc:414 imb:0 pmb:5 smb:8155 d:- ref:0 ;
in:3914 out:3913 type:P dur:2 cpbdur:2 q:32.53 aq:23.70 tex:10891 mv:1892 misc:2129 imb:46 pmb:382 smb:7732 d:- ref:0 ;
in:3913 out:3914 type:b dur:2 cpbdur:2 q:32.53 aq:32.43 tex:133 mv:119 misc:468 imb:0 pmb:15 smb:8145 d:- ref:0 ;
in:3916 out:3915 type:P dur:2 cpbdur:2 q:32.54 aq:23.54 tex:18978 mv:2915 misc:3187 imb:89 pmb:646 smb:7425 d:- ref:0 ;
in:3915 out:3916 type:b dur:2 cpbdur:2 q:32.54 aq:32.00 tex:1 mv:10 misc:397 imb:0 pmb:4 smb:8156 d:- ref:0 ;
in:3918 out:3917 type:P dur:2 cpbdur:2 q:32.48 aq:23.02 tex:10468 mv:1765 misc:2143 imb:42 pmb:399 smb:7719 d:- ref:0 ;
in:3917 out:3918 type:b dur:2 cpbdur:2 q:32.51 aq:25.89 tex:55 mv:47 misc:426 imb:3 pmb:3 smb:8154 d:- ref:0 ;
in:3920 out:3919 type:P dur:2 cpbdur:2 q:32.43 aq:22.87 tex:16256 mv:2686 misc:3154 imb:71 pmb:603 smb:7486 d:- ref:0 ;
in:3919 out:3920 type:b dur:2 cpbdur:2 q:32.45 aq:32.71 tex:174 mv:43 misc:431 imb:0 pmb:7 smb:8153 d:- ref:0 ;
in:3922 out:3921 type:P dur:2 cpbdur:2 q:32.37 aq:23.00 tex:11220 mv:1861 misc:2271 imb:41 pmb:411 smb:7708 d:- ref:0 ;
in:3921 out:3922 type:b dur:2 cpbdur:2 q:32.40 aq:33.20 tex:142 mv:34 misc:424 imb:0 pmb:9 smb:8151 d:- ref:0 ;
in:3924 out:3923 type:P dur:2 cpbdur:2 q:32.35 aq:23.28 tex:17164 mv:2829 misc:3071 imb:77 pmb:622 smb:7461 d:- ref:0 ;
in:3923 out:3924 type:b dur:2 cpbdur:2 q:32.36 aq:32.64 tex:357 mv:110 misc:437 imb:1 pmb:12 smb:8147 d:- ref:0 ;
in:3926 out:3925 type:P dur:2 cpbdur:2 q:32.34 aq:23.88 tex:11956 mv:1965 misc:2167 imb:31 pmb:422 smb:7707 d:- ref:0 ;
in:3925 out:3926 type:b dur:2 cpbdur:2 q:32.35 aq:25.95 tex:326 mv:87 misc:435 imb:1 pmb:12 smb:8147 d:- ref:0 ;
in:3928 out:3927 type:P dur:2 cpbdur:2 q:32.34 aq:22.91 tex:18253 mv:2791 misc:3140 imb:74 pmb:657 smb:7429 d:- ref:0 ;
in:3927 out:3928 type:b dur:2 cpbdur:2 q:32.34 aq:33.24 tex:326 mv:58 misc:432 imb:0 pmb:11 smb:8149 d:- ref:0 ;
in:3930 out:3929 type:P dur:2 cpbdur:2 q:32.34 aq:23.58 tex:9774 mv:1749 misc:2205 imb:35 pmb:386 smb:7739 d:- ref:0 ;
in:3929 out:3930 type:b dur:2 cpbdur:2 q:32.34 aq:28.16 tex:106 mv:28 misc:426 imb:1 pmb:4 smb:8155 d:- ref:0 ;
in:3932 out:3931 type:P dur:2 cpbdur:2 q:32.33 aq:23.52 tex:16683 mv:2869 misc:2896 imb:63 pmb:594 smb:7503 d:- ref:0 ;
in:3931 out:3932 type:b dur:2 cpbdur:2 q:32.33 aq:33.36 tex:112 mv:81 misc:463 imb:2 pmb:10 smb:8148 d:- ref:0 ;
in:3934 out:3933 type:P dur:2 cpbdur:2 q:32.33 aq:23.91 tex:9737 mv:1926 misc:2105 imb:39 pmb:381 smb:7740 d:- ref:0 ;
in:3933 out:3934 type:b dur:2 cpbdur:2 q:32.33 aq:34.80 tex:67 mv:23 misc:414 imb:1 pmb:2 smb:8157 d:- ref:0 ;
in:3936 out:3935 type:P dur:2 cpbdur:2 q:32.32 aq:23.24 tex:16771 mv:2706 misc:3115 imb:92 pmb:603 smb:7465 d:- ref:0 ;
in:3935 out:3936 type:b dur:2 cpbdur:2 q:32.32 aq:27.10 tex:103 mv:47 misc:434 imb:1 pmb:6 smb:8153 d:- ref:0 ;
in:3938 out:3937 type:P dur:2 cpbdur:2 q:32.32 aq:24.40 tex:9590 mv:1664 misc:2106 imb:33 pmb:374 smb:7753 d:- ref:0 ;
in:3937 out:3938 type:b dur:2 cpbdur:2 q:32.32 aq:29.29 tex:119 mv:66 misc:447 imb:2 pmb:6 smb:8152 d:- ref:0 ;
in:3940 out:3939 type:P dur:2 cpbdur:2 q:32.31 aq:23.08 tex:16692 mv:2820 misc:3072 imb:70 pmb:621 smb:7469 d:- ref:0 ;
in:3939 out:3940 type:b dur:2 cpbdur:2 q:32.31 aq:24.52 tex:267 mv:131 misc:490 imb:4 pmb:17 smb:8139 d:- ref:0 ;
in:3942 out:3941 type:P dur:2 cpbdur:2 q:32.32 aq:23.64 tex:10055 mv:1716 misc:2013 imb:30 pmb:374 smb:7756 d:- ref:0 ;
in:3941 out:3942 type:b dur:2 cpbdur:2 q:32.32 aq:31.99 tex:296 mv:88 misc:432 imb:1 pmb:9 smb:8150 d:- ref:0 ;
in:3944 out:3943 type:P dur:2 cpbdur:2 q:32.31 aq:23.54 tex:19170 mv:2866 misc:2924 imb:81 pmb:609 smb:7470 d:- ref:0 ;
in:3943 out:3944 type:b dur:2 cpbdur:2 q:32.32 aq:24.78 tex:249 mv:188 misc:483 imb:3 pmb:19 smb:8138 d:- ref:0 ;
in:3946 out:3945 type:P dur:2 cpbdur:2 q:32.31 aq:22.85 tex:11914 mv:1538 misc:1932 imb:27 pmb:355 smb:7778 d:- ref:0 ;
in:3945 out:3946 type:b dur:2 cpbdur:2 q:32.31 aq:24.01 tex:298 mv:151 misc:463 imb:1 pmb:16 smb:8143 d:- ref:0 ;
in:3948 out:3947 type:P dur:2 cpbdur:2 q:32.30 aq:23.11 tex:17493 mv:2627 misc:2936 imb:81 pmb:580 smb:7499 d:- ref:0 ;
in:3947 out:3948 type:b dur:2 cpbdur:2 q:32.31 aq:29.60 tex:176 mv:105 misc:487 imb:2 pmb:17 smb:8141 d:- ref:0 ;
in:3950 out:3949 type:P dur:2 cpbdur:2 q:32.31 aq:24.62 tex:10010 mv:1926 misc:2088 imb:34 pmb:394 smb:7732 d:- ref:0 ;
in:3949 out:3950 type:b dur:2 cpbdur:2 q:32.31 aq:28.44 tex:100 mv:48 misc:444 imb:1 pmb:8 smb:8151 d:- ref:0 ;
in:3952 out:3951 type:P dur:2 cpbdur:2 q:32.30 aq:23.24 tex:17125 mv:3054 misc:2949 imb:69 pmb:611 smb:7480 d:- ref:0 ;
in:3951 out:3952 type:b dur:2 cpbdur:2 q:32.30 aq:32.55 tex:134 mv:117 misc:477 imb:2 pmb:12 smb:8146 d:- ref:0 ;
in:3954 out:3953 type:P dur:2 cpbdur:2 q:32.30 aq:24.42 tex:8147 mv:1527 misc:1966 imb:25 pmb:344 smb:7791 d:- ref:0 ;
in:3953 out:3954 type:b dur:2 cpbdur:2 q:32.30 aq:33.09 tex:76 mv:22 misc:422 imb:0 pmb:5 smb:8155 d:- ref:0 ;
in:3956 out:3955 type:P dur:2 cpbdur:2 q:32.29 aq:23.25 tex:16792 mv:2582 misc:3050 imb:70 pmb:607 smb:7483 d:- ref:0 ;
in:3955 out:3956 type:b dur:2 cpbdur:2 q:32.29 aq:30.84 tex:125 mv:71 misc:452 imb:4 pmb:5 smb:8151 d:- ref:0 ;
in:3958 out:3957 type:P dur:2 cpbdur:2 q:32.29 aq:24.23 tex:10493 mv:1910 misc:2189 imb:30 pmb:399 smb:7731 d:- ref:0 ;
in:3957 out:3958 type:b dur:2 cpbdur:2 q:32.29 aq:33.60 tex:283 mv:76 misc:457 imb:1 pmb:12 smb:8147 d:- ref:0 ;
in:3960 out:3959 type:P dur:2 cpbdur:2 q:32.28 aq:22.59 tex:18944 mv:3170 misc:3150 imb:83 pmb:644 smb:7433 d:- ref:0 ;
in:3959 out:3960 type:b dur:2 cpbdur:2 q:32.28 aq:32.09 tex:432 mv:67 misc:437 imb:2 pmb:10 smb:8148 d:- ref:0 ;
in:3962 out:3961 type:P dur:2 cpbdur:2 q:32.29 aq:24.49 tex:12302 mv:2209 misc:2257 imb:34 pmb:453 smb:7673 d:- ref:0 ;
in:3961 out:3962 type:b dur:2 cpbdur:2 q:32.28 aq:27.94 tex:192 mv:80 misc:448 imb:2 pmb:8 smb:8150 d:- ref:0 ;
in:3964 out:3963 type:P dur:2 cpbdur:2 q:32.28 aq:23.11 tex:18260 mv:3149 misc:3047 imb:74 pmb:655 smb:7431 d:- ref:0 ;
in:3963 out:3964 type:b dur:2 cpbdur:2 q:32.28 aq:32.67 tex:474 mv:139 misc:451 imb:2 pmb:16 smb:8142 d:- ref:0 ;
in:3966 out:3965 type:P dur:2 cpbdur:2 q:32.29 aq:23.86 tex:10804 mv:2140 misc:2320 imb:34 pmb:445 smb:7681 d:- ref:0 ;
in:3965 out:3966 type:b dur:2 cpbdur:2 q:32.28 aq:28.16 tex:87 mv:46 misc:419 imb:2 pmb:5 smb:8153 d:- ref:0 ;
in:3968 out:3967 type:P dur:2 cpbdur:2 q:32.28 aq:23.02 tex:18666 mv:3140 misc:3010 imb:97 pmb:639 smb:7424 d:- ref:0 ;
in:3967 out:3968 type:b dur:2 cpbdur:2 q:32.28 aq:33.74 tex:92 mv:43 misc:433 imb:2 pmb:4 smb:8154 d:- ref:0 ;
in:3970 out:3969 type:P dur:2 cpbdur:2 q:32.29 aq:22.87 tex:9315 mv:1697 misc:2052 imb:31 pmb:379 smb:7750 d:- ref:0 ;
in:3969 out:3970 type:b dur:2 cpbdur:2 q:32.29 aq:24.07 tex:25 mv:42 misc:429 imb:2 pmb:3 smb:8155 d:- ref:0 ;
in:3972 out:3971 type:P dur:2 cpbdur:2 q:32.27 aq:23.03 tex:16020 mv:2603 misc:2857 imb:55 pmb:579 smb:7526 d:- ref:0 ;
in:3971 out:3972 type:b dur:2 cpbdur:2 q:32.28 aq:34.22 tex:86 mv:52 misc:430 imb:1 pmb:5 smb:8154 d:- ref:0 ;
in:3974 out:3973 type:P dur:2 cpbdur:2 q:32.27 aq:23.91 tex:10819 mv:1901 misc:2240 imb:30 pmb:420 smb:7710 d:- ref:0 ;
in:3973 out:3974 type:b dur:2 cpbdur:2 q:32.27 aq:33.52 tex:139 mv:100 misc:457 imb:1 pmb:11 smb:8148 d:- ref:0 ;
in:3976 out:3975 type:P dur:2 cpbdur:2 q:32.27 aq:23.31 tex:19446 mv:2916 misc:3070 imb:71 pmb:625 smb:7464 d:- ref:0 ;
in:3975 out:3976 type:b dur:2 cpbdur:2 q:32.27 aq:25.32 tex:160 mv:81 misc:455 imb:3 pmb:11 smb:8146 d:- ref:0 ;
in:3978 out:3977 type:P dur:2 cpbdur:2 q:32.28 aq:23.85 tex:11650 mv:1936 misc:2198 imb:29 pmb:428 smb:7703 d:- ref:0 ;
in:3977 out:3978 type:b dur:2 cpbdur:2 q:32.27 aq:32.98 tex:277 mv:110 misc:437 imb:0 pmb:14 smb:8146 d:- ref:0 ;
in:3980 out:3979 type:P dur:2 cpbdur:2 q:32.27 aq:23.16 tex:20012 mv:3034 misc:3026 imb:91 pmb:645 smb:7424 d:- ref:0 ;
in:3979 out:3980 type:b dur:2 cpbdur:2 q:32.28 aq:29.71 tex:272 mv:241 misc:479 imb:3 pmb:21 smb:8136 d:- ref:0 ;
in:3982 out:3981 type:P dur:2 cpbdur:2 q:32.28 aq:22.56 tex:10067 mv:1581 misc:1960 imb:35 pmb:359 smb:7766 d:- ref:0 ;
in:3981 out:3982 type:b dur:2 cpbdur:2 q:32.28 aq:32.72 tex:410 mv:126 misc:456 imb:2 pmb:13 smb:8145 d:- ref:0 ;
in:3984 out:3983 type:P dur:2 cpbdur:2 q:32.27 aq:22.95 tex:18008 mv:2552 misc:2912 imb:70 pmb:595 smb:7495 d:- ref:0 ;
in:3983 out:3984 type:b dur:2 cpbdur:2 q:32.27 aq:25.15 tex:410 mv:127 misc:471 imb:3 pmb:11 smb:8146 d:- ref:0 ;
in:3986 out:3985 type:P dur:2 cpbdur:2 q:32.27 aq:23.89 tex:14241 mv:2101 misc:2130 imb:45 pmb:432 smb:7683 d:- ref:0 ;
in:3985 out:3986 type:b dur:2 cpbdur:2 q:32.27 aq:29.26 tex:171 mv:68 misc:457 imb:4 pmb:7 smb:8149 d:- ref:0 ;
in:3988 out:3987 type:P dur:2 cpbdur:2 q:32.26 aq:22.81 tex:23072 mv:3103 misc:3137 imb:102 pmb:679 smb:7379 d:- ref:0 ;
in:3987 out:3988 type:b dur:2 cpbdur:2 q:32.27 aq:30.93 tex:25 mv:56 misc:439 imb:2 pmb:5 smb:8153 d:- ref:0 ;
in:3990 out:3989 type:P dur:2 cpbdur:2 q:32.27 aq:22.84 tex:10077 mv:1089 misc:2010 imb:28 pmb:328 smb:7804 d:- ref:0 ;
in:3989 out:3990 type:b dur:2 cpbdur:2 q:32.27 aq:25.53 tex:89 mv:52 misc:435 imb:4 pmb:3 smb:8153 d:- ref:0 ;
in:3992 out:3991 type:P dur:2 cpbdur:2 q:32.26 aq:22.93 tex:17112 mv:2171 misc:2997 imb:68 pmb:587 smb:7505 d:- ref:0 ;
in:3991 out:3992 type:b dur:2 cpbdur:2 q:32.26 aq:23.71 tex:120 mv:53 misc:435 imb:4 pmb:3 smb:8153 d:- ref:0 ;
in:3994 out:3993 type:P dur:2 cpbdur:2 q:32.26 aq:23.33 tex:7991 mv:1052 misc:2045 imb:41 pmb:300 smb:7819 d:- ref:0 ;
in:3993 out:3994 type:b dur:2 cpbdur:2 q:32.26 aq:19.90 tex:37 mv:34 misc:409 imb:3 pmb:0 smb:8157 d:- ref:0 ;
in:3996 out:3995 type:P dur:2 cpbdur:2 q:32.25 aq:22.19 tex:15711 mv:1897 misc:3008 imb:71 pmb:537 smb:7552 d:- ref:0 ;
in:3995 out:3996 type:b dur:2 cpbdur:2 q:32.25 aq:29.37 tex:121 mv:60 misc:435 imb:3 pmb:4 smb:8153 d:- ref:0 ;
in:3998 out:3997 type:P dur:2 cpbdur:2 q:32.25 aq:23.06 tex:8866 mv:904 misc:2062 imb:31 pmb:319 smb:7810 d:- ref:0 ;
in:3997 out:3998 type:b dur:2 cpbdur:2 q:32.25 aq:26.86 tex:110 mv:37 misc:429 imb:2 pmb:4 smb:8154 d:- ref:0 ;
in:3999 out:3999 type:P dur:2 cpbdur:2 q:32.24 aq:29.64 tex:132 mv:63 misc:469 imb:6 pmb:3 smb:8151 d:- ref:0 ;
in:4000 out:4000 type:I dur:2 cpbdur:2 q:29.36 aq:20.14 tex:496410 mv:140690 misc:708 imb:8160 pmb:0 smb:0 d:- ref:;
in:4002 out:4001 type:P dur:2 cpbdur:2 q:32.88 aq:24.06 tex:2979 mv:370 misc:1075 imb:15 pmb:99 smb:8046 d:- ref:0 ;
in:4001 out:4002 type:b dur:2 cpbdur:2 q:32.88 aq:32.00 tex:0 mv:0 misc:384 imb:0 pmb:0 smb:8160 d:- ref:0 ;
in:4004 out:4003 type:P dur:2 cpbdur:2 q:32.87 aq:23.27 tex:10674 mv:1619 misc:2499 imb:70 pmb:379 smb:7711 d:- ref:0 ;
in:4003 out:4004 type:b dur:2 cpbdur:2 q:32.87 aq:31.95 tex:29 mv:8 misc:403 imb:0 pmb:2 smb:8158 d:- ref:0 ;
in:4006 out:4005 type:P dur:2 cpbdur:2 q:32.87 aq:23.93 tex:8972 mv:879 misc:1821 imb:44 pmb:232 smb:7884 d:- ref:0 ;
in:4005 out:4006 type:b dur:2 cpbdur:2 q:32.87 aq:30.00 tex:51 mv:25 misc:420 imb:1 pmb:5 smb:8154 d:- ref:0 ;
in:4008 out:4007 type:P dur:2 cpbdur:2 q:32.86 aq:23.63 tex:12510 mv:1646 misc:2684 imb:83 pmb:433 smb:7644 d:- ref:0 ;
in:4007 out:4008 type:b dur:2 cpbdur:2 q:32.86 aq:29.27 tex:38 mv:44 misc:414 imb:4 pmb:0 smb:8156 d:- ref:0 ;
in:4010 out:4009 type:P dur:2 cpbdur:2 q:32.85 aq:24.24 tex:5672 mv:787 misc:1709 imb:26 pmb:219 smb:7915 d:- ref:0 ;
in:4009 out:4010 type:b dur:2 cpbdur:2 q:32.85 aq:31.00 tex:55 mv:38 misc:419 imb:3 pmb:1 smb:8156 d:- ref:0 ;
in:4012 out:4011 type:P dur:2 cpbdur:2 q:32.84 aq:23.40 tex:12465 mv:1843 misc:2628 imb:66 pmb:487 smb:7607 d:- ref:0 ;
in:4011 out:4012 type:b dur:2 cpbdur:2 q:32.85 aq:31.96 tex:30 mv:23 misc:403 imb:2 pmb:0 smb:8158 d:- ref:0 ;
in:4014 out:4013 type:P dur:2 cpbdur:2 q:32.84 aq:24.47 tex:5135 mv:765 misc:1724 imb:33 pmb:214 smb:7913 d:- ref:0 ;
in:4013 out:4014 type:b dur:2 cpbdur:2 q:32.84 aq:31.96 tex:25 mv:5 misc:394 imb:0 pmb:1 smb:8159 d:- ref:0 ;
in:4016 out:4015 type:P dur:2 cpbdur:2 q:32.82 aq:23.84 tex:11482 mv:1623 misc:2583 imb:68 pmb:414 smb:7678 d:- ref:0 ;
in:4015 out:4016 type:b dur:2 cpbdur:2 q:32.83 aq:30.65 tex:25 mv:44 misc:419 imb:4 pmb:0 smb:8156 d:- ref:0 ;
in:4018 out:4017 type:P dur:2 cpbdur:2 q:32.82 aq:24.04 tex:5103 mv:684 misc:1621 imb:23 pmb:207 smb:7930 d:- ref:0 ;
in:4017 out:4018 type:b dur:2 cpbdur:2 q:32.82 aq:31.98 tex:25 mv:11 misc:396 imb:1 pmb:0 smb:8159 d:- ref:0 ;
in:4020 out:4019 type:P dur:2 cpbdur:2 q:32.91 aq:23.47 tex:10341 mv:1163 misc:2336 imb:63 pmb:346 smb:7751 d:- ref:0 ;
in:4019 out:4020 type:b dur:2 cpbdur:2 q:32.87 aq:31.03 tex:39 mv:17 misc:400 imb:1 pmb:1 smb:8158 d:- ref:0 ;
in:4022 out:4021 type:P dur:2 cpbdur:2 q:32.91 aq:23.46 tex:4763 mv:755 misc:1626 imb:27 pmb:195 smb:7938 d:- ref:0 ;
in:4021 out:4022 type:b dur:2 cpbdur:2 q:32.91 aq:32.87 tex:27 mv:5 misc:392 imb:0 pmb:1 smb:8159 d:- ref:0 ;
in:4024 out:4023 type:P dur:2 cpbdur:2 q:32.89 aq:23.22 tex:9525 mv:1370 misc:2473 imb:50 pmb:384 smb:7726 d:- ref:0 ;
in:4023 out:4024 type:b dur:2 cpbdur:2 q:32.90 aq:30.65 tex:20 mv:12 misc:392 imb:1 pmb:0 smb:8159 d:- ref:0 ;
in:4026 out:4025 type:P dur:2 cpbdur:2 q:32.89 aq:24.44 tex:5399 mv:767 misc:1698 imb:22 pmb:221 smb:7917 d:- ref:0 ;
in:4025 out:4026 type:b dur:2 cpbdur:2 q:32.89 aq:19.92 tex:24 mv:23 misc:401 imb:2 pmb:0 smb:8158 d:- ref:0 ;
in:4028 out:4027 type:P dur:2 cpbdur:2 q:32.87 aq:23.38 tex:10249 mv:1260 misc:2411 imb:35 pmb:398 smb:7727 d:- ref:0 ;
in:4027 out:4028 type:b dur:2 cpbdur:2 q:32.88 aq:31.95 tex:37 mv:28 misc:407 imb:2 pmb:1 smb:8157 d:- ref:0 ;
in:4030 out:4029 type:P dur:2 cpbdur:2 q:32.86 aq:23.50 tex:5275 mv:702 misc:1671 imb:26 pmb:208 smb:7926 d:- ref:0 ;
in:4029 out:4030 type:b dur:2 cpbdur:2 q:32.86 aq:31.95 tex:51 mv:34 misc:411 imb:1 pmb:2 smb:8157 d:- ref:0 ;
in:4032 out:4031 type:P dur:2 cpbdur:2 q:32.84 aq:22.56 tex:9832 mv:1525 misc:2523 imb:54 pmb:394 smb:7712 d:- ref:0 ;
in:4031 out:4032 type:b dur:2 cpbdur:2 q:32.85 aq:22.78 tex:23 mv:22 misc:403 imb:2 pmb:0 smb:8158 d:- ref:0 ;
in:4034 out:4033 type:P dur:2 cpbdur:2 q:32.84 aq:24.44 tex:5111 mv:614 misc:1563 imb:13 pmb:198 smb:7949 d:- ref:0 ;
in:4033 out:4034 type:b dur:2 cpbdur:2 q:32.84 aq:31.99 tex:24 mv:5 misc:395 imb:0 pmb:1 smb:8159 d:- ref:0 ;
in:4036 out:4035 type:P dur:2 cpbdur:2 q:32.82 aq:24.00 tex:11787 mv:1181 misc:2424 imb:47 pmb:379 smb:7734 d:- ref:0 ;
in:4035 out:4036 type:b dur:2 cpbdur:2 q:32.83 aq:31.95 tex:45 mv:18 misc:417 imb:0 pmb:6 smb:8154 d:- ref:0 ;
in:4038 out:4037 type:P dur:2 cpbdur:2 q:32.81 aq:23.19 tex:5628 mv:663 misc:1661 imb:27 pmb:203 smb:7930 d:- ref:0 ;
in:4037 out:4038 type:b dur:2 cpbdur:2 q:32.82 aq:31.90 tex:30 mv:22 misc:404 imb:2 pmb:0 smb:8158 d:- ref:0 ;
in:4040 out:4039 type:P dur:2 cpbdur:2 q:32.80 aq:23.97 tex:10815 mv:1359 misc:2482 imb:51 pmb:392 smb:7717 d:- ref:0 ;
in:4039 out:4040 type:b dur:2 cpbdur:2 q:32.80 aq:31.90 tex:22 mv:11 misc:391 imb:1 pmb:0 smb:8159 d:- ref:0 ;
in:4042 out:4041 type:P dur:2 cpbdur:2 q:32.79 aq:24.08 tex:5738 mv:811 misc:1795 imb:32 pmb:232 smb:7896 d:- ref:0 ;
in:4041 out:4042 type:b dur:2 cpbdur:2 q:32.79 aq:31.86 tex:20 mv:11 misc:393 imb:1 pmb:0 smb:8159 d:- ref:0 ;
in:4044 out:4043 type:P dur:2 cpbdur:2 q:32.78 aq:22.80 tex:9637 mv:1357 misc:2406 imb:44 pmb:363 smb:7753 d:- ref:0 ;
in:4043 out:4044 type:b dur:2 cpbdur:2 q:32.78 aq:31.15 tex:61 mv:20 misc:407 imb:1 pmb:2 smb:8157 d:- ref:0 ;
in:4046 out:4045 type:P dur:2 cpbdur:2 q:32.77 aq:25.80 tex:4882 mv:705 misc:1533 imb:12 pmb:203 smb:7945 d:- ref:0 ;
in:4045 out:4046 type:b dur:2 cpbdur:2 q:32.77 aq:32.00 tex:0 mv:0 misc:384 imb:0 pmb:0 smb:8160 d:- ref:0 ;
in:4048 out:4047 type:P dur:2 cpbdur:2 q:32.75 aq:23.85 tex:10218 mv:1228 misc:2362 imb:44 pmb:361 smb:7755 d:- ref:0 ;
in:4047 out:4048 type:b dur:2 cpbdur:2 q:32.76 aq:32.00 tex:0 mv:0 misc:384 imb:0 pmb:0 smb:8160 d:- ref:0 ;
in:4050 out:4049 type:P dur:2 cpbdur:2 q:32.74 aq:23.92 tex:6460 mv:777 misc:1739 imb:16 pmb:247 smb:7897 d:- ref:0 ;
in:4049 out:4050 type:b dur:2 cpbdur:2 q:32.74 aq:31.95 tex:105 mv:13 misc:418 imb:0 pmb:4 smb:8156 d:- ref:0 ;
in:4052 out:4051 type:P dur:2 cpbdur:2 q:32.73 aq:23.85 tex:10993 mv:1312 misc:2439 imb:33 pmb:413 smb:7714 d:- ref:0 ;
in:4051 out:4052 type:b dur:2 cpbdur:2 q:32.73 aq:31.94 tex:56 mv:20 misc:412 imb:1 pmb:2 smb:8157 d:- ref:0 ;
in:4054 out:4053 type:P dur:2 cpbdur:2 q:32.72 aq:24.69 tex:5787 mv:696 misc:1645 imb:11 pmb:226 smb:7923 d:- ref:0 ;
in:4053 out:4054 type:b dur:2 cpbdur:2 q:32.73 aq:31.97 tex:28 mv:5 misc:391 imb:0 pmb:1 smb:8159 d:- ref:0 ;
in:4056 out:4055 type:P dur:2 cpbdur:2 q:32.71 aq:23.47 tex:10972 mv:1320 misc:2452 imb:47 pmb:394 smb:7719 d:- ref:0 ;
in:4055 out:4056 type:b dur:2 cpbdur:2 q:32.72 aq:31.95 tex:39 mv:5 misc:396 imb:0 pmb:1 smb:8159 d:- ref:0 ;
in:4058 out:4057 type:P dur:2 cpbdur:2 q:32.70 aq:23.90 tex:4987 mv:658 misc:1611 imb:20 pmb:203 smb:7937 d:- ref:0 ;
in:4057 out:4058 type:b dur:2 cpbdur:2 q:32.71 aq:32.80 tex:82 mv:19 misc:411 imb:1 pmb:2 smb:8157 d:- ref:0 ;
in:4060 out:4059 type:P dur:2 cpbdur:2 q:32.68 aq:23.31 tex:10866 mv:1279 misc:2439 imb:49 pmb:394 smb:7717 d:- ref:0 ;
in:4059 out:4060 type:b dur:2 cpbdur:2 q:32.69 aq:31.93 tex:44 mv:8 misc:404 imb:0 pmb:2 smb:8158 d:- ref:0 ;
in:4062 out:4061 type:P dur:2 cpbdur:2 q:32.67 aq:24.73 tex:5667 mv:669 misc:1616 imb:29 pmb:214 smb:7917 d:- ref:0 ;
in:4061 out:4062 type:b dur:2 cpbdur:2 q:32.68 aq:31.90 tex:73 mv:31 misc:416 imb:2 pmb:2 smb:8156 d:- ref:0 ;
in:4064 out:4063 type:P dur:2 cpbdur:2 q:32.66 aq:24.19 tex:10476 mv:1419 misc:2449 imb:32 pmb:411 smb:7717 d:- ref:0 ;
in:4063 out:4064 type:b dur:2 cpbdur:2 q:32.67 aq:25.40 tex:21 mv:11 misc:392 imb:1 pmb:0 smb:8159 d:- ref:0 ;
in:4066 out:4065 type:P dur:2 cpbdur:2 q:32.65 aq:24.30 tex:7078 mv:747 misc:1647 imb:27 pmb:204 smb:7929 d:- ref:0 ;
in:4065 out:4066 type:b dur:2 cpbdur:2 q:32.66 aq:31.92 tex:30 mv:15 misc:411 imb:0 pmb:5 smb:8155 d:- ref:0 ;
in:4068 out:4067 type:P dur:2 cpbdur:2 q:32.64 aq:23.14 tex:11988 mv:1588 misc:2624 imb:64 pmb:435 smb:7661 d:- ref:0 ;
in:4067 out:4068 type:b dur:2 cpbdur:2 q:32.65 aq:31.88 tex:22 mv:11 misc:399 imb:1 pmb:0 smb:8159 d:- ref:0 ;
in:4070 out:4069 type:P dur:2 cpbdur:2 q:32.64 aq:24.23 tex:5121 mv:681 misc:1670 imb:11 pmb:217 smb:7932 d:- ref:0 ;
in:4069 out:4070 type:b dur:2 cpbdur:2 q:32.64 aq:31.91 tex:64 mv:33 misc:423 imb:2 pmb:3 smb:8155 d:- ref:0 ;
in:4072 out:4071 type:P dur:2 cpbdur:2 q:32.62 aq:23.94 tex:10799 mv:1213 misc:2364 imb:32 pmb:391 smb:7737 d:- ref:0 ;
in:4071 out:4072 type:b dur:2 cpbdur:2 q:32.63 aq:32.00 tex:0 mv:0 misc:384 imb:0 pmb:0 smb:8160 d:- ref:0 ;
in:4074 out:4073 type:P dur:2 cpbdur:2 q:32.61 aq:23.44 tex:6332 mv:758 misc:1710 imb:24 pmb:243 smb:7893 d:- ref:0 ;
in:4073 out:4074 type:b dur:2 cpbdur:2 q:32.61 aq:31.89 tex:26 mv:43 misc:411 imb:4 pmb:0 smb:8156 d:- ref:0 ;
in:4076 out:4075 type:P dur:2 cpbdur:2 q:32.60 aq:23.63 tex:10911 mv:1439 misc:2562 imb:61 pmb:394 smb:7705 d:- ref:0 ;
in:4075 out:4076 type:b dur:2 cpbdur:2 q:32.60 aq:31.98 tex:24 mv:11 misc:397 imb:1 pmb:0 smb:8159 d:- ref:0 ;
in:4078 out:4077 type:P dur:2 cpbdur:2 q:32.60 aq:24.28 tex:5353 mv:750 misc:1641 imb:19 pmb:216 smb:7925 d:- ref:0 ;
in:4077 out:4078 type:b dur:2 cpbdur:2 q:32.60 aq:32.00 tex:0 mv:0 misc:384 imb:0 pmb:0 smb:8160 d:- ref:0 ;
in:4080 out:4079 type:P dur:2 cpbdur:2 q:32.58 aq:22.53 tex:11851 mv:1511 misc:2638 imb:52 pmb:445 smb:7663 d:- ref:0 ;
in:4079 out:4080 type:b dur:2 cpbdur:2 q:32.59 aq:32.00 tex:0 mv:0 misc:384 imb:0 pmb:0 smb:8160 d:- ref:0 ;
in:4082 out:4081 type:P dur:2 cpbdur:2 q:32.58 aq:22.49 tex:5555 mv:870 misc:1775 imb:30 pmb:229 smb:7901 d:- ref:0 ;
in:4081 out:4082 type:b dur:2 cpbdur:2 q:32.58 aq:31.95 tex:27 mv:5 misc:392 imb:0 pmb:1 smb:8159 d:- ref:0 ;
in:4084 out:4083 type:P dur:2 cpbdur:2 q:32.56 aq:23.18 tex:11799 mv:1430 misc:2667 imb:50 pmb:439 smb:7671 d:- ref:0 ;
in:4083 out:4084 type:b dur:2 cpbdur:2 q:32.57 aq:31.94 tex:51 mv:57 misc:420 imb:2 pmb:3 smb:8155 d:- ref:0 ;
in:4086 out:4085 type:P dur:2 cpbdur:2 q:32.55 aq:24.31 tex:5461 mv:708 misc:1607 imb:21 pmb:210 smb:7929 d:- ref:0 ;
in:4085 out:4086 type:b dur:2 cpbdur:2 q:32.56 aq:31.93 tex:28 mv:32 misc:404 imb:3 pmb:0 smb:8157 d:- ref:0 ;
in:4088 out:4087 type:P dur:2 cpbdur:2 q:32.53 aq:23.75 tex:10626 mv:1133 misc:2273 imb:38 pmb:367 smb:7755 d:- ref:0 ;
in:4087 out:4088 type:b dur:2 cpbdur:2 q:32.54 aq:31.95 tex:35 mv:17 misc:404 imb:1 pmb:1 smb:8158 d:- ref:0 ;
in:4090 out:4089 type:P dur:2 cpbdur:2 q:32.53 aq:23.47 tex:5021 mv:678 misc:1597 imb:21 pmb:204 smb:7935 d:- ref:0 ;
in:4089 out:4090 type:b dur:2 cpbdur:2 q:32.53 aq:31.94 tex:49 mv:8 misc:399 imb:0 pmb:2 smb:8158 d:- ref:0 ;
in:4092 out:4091 type:P dur:2 cpbdur:2 q:32.51 aq:23.06 tex:11169 mv:1144 misc:2287 imb:29 pmb:390 smb:7741 d:- ref:0 ;
in:4091 out:4092 type:b dur:2 cpbdur:2 q:32.52 aq:32.00 tex:26 mv:5 misc:393 imb:0 pmb:1 smb:8159 d:- ref:0 ;
in:4094 out:4093 type:P dur:2 cpbdur:2 q:32.49 aq:23.87 tex:6032 mv:693 misc:1659 imb:19 pmb:225 smb:7916 d:- ref:0 ;
in:4093 out:4094 type:b dur:2 cpbdur:2 q:32.50 aq:30.92 tex:36 mv:16 misc:404 imb:1 pmb:1 smb:8158 d:- ref:0 ;
in:4096 out:4095 type:P dur:2 cpbdur:2 q:32.48 aq:24.14 tex:14840 mv:1466 misc:2694 imb:41 pmb:459 smb:7660 d:- ref:0 ;
in:4095 out:4096 type:b dur:2 cpbdur:2 q:32.48 aq:31.00 tex:21 mv:12 misc:407 imb:0 pmb:5 smb:8155 d:- ref:0 ;
in:4098 out:4097 type:P dur:2 cpbdur:2 q:32.48 aq:23.96 tex:6901 mv:784 misc:1875 imb:24 pmb:261 smb:7875 d:- ref:0 ;
in:4097 out:4098 type:b dur:2 cpbdur:2 q:32.48 aq:31.78 tex:41 mv:16 misc:399 imb:1 pmb:1 smb:8158 d:- ref:0 ;
in:4100 out:4099 type:P dur:2 cpbdur:2 q:32.47 aq:23.01 tex:13039 mv:1586 misc:2647 imb:53 pmb:459 smb:7648 d:- ref:0 ;
in:4099 out:4100 type:b dur:2 cpbdur:2 q:32.47 aq:28.05 tex:24 mv:22 misc:402 imb:2 pmb:0 smb:8158 d:- ref:0 ;
in:4102 out:4101 type:P dur:2 cpbdur:2 q:32.46 aq:23.56 tex:5976 mv:767 misc:1769 imb:25 pmb:231 smb:7904 d:- ref:0 ;
in:4101 out:4102 type:b dur:2 cpbdur:2 q:32.46 aq:31.00 tex:1 mv:13 misc:394 imb:0 pmb:1 smb:8159 d:- ref:0 ;
in:4104 out:4103 type:P dur:2 cpbdur:2 q:32.45 aq:22.86 tex:11026 mv:1554 misc:2580 imb:46 pmb:427 smb:7687 d:- ref:0 ;
in:4103 out:4104 type:b dur:2 cpbdur:2 q:32.46 aq:23.57 tex:70 mv:40 misc:418 imb:3 pmb:1 smb:8156 d:- ref:0 ;
in:4106 out:4105 type:P dur:2 cpbdur:2 q:32.45 aq:23.71 tex:4929 mv:618 misc:1597 imb:22 pmb:192 smb:7946 d:- ref:0 ;
in:4105 out:4106 type:b dur:2 cpbdur:2 q:32.45 aq:31.30 tex:88 mv:15 misc:417 imb:0 pmb:4 smb:8156 d:- ref:0 ;
in:4108 out:4107 type:P dur:2 cpbdur:2 q:32.43 aq:23.58 tex:12436 mv:1344 misc:2660 imb:41 pmb:439 smb:7680 d:- ref:0 ;
in:4107 out:4108 type:b dur:2 cpbdur:2 q:32.44 aq:31.40 tex:99 mv:76 misc:449 imb:2 pmb:6 smb:8152 d:- ref:0 ;
in:4110 out:4109 type:P dur:2 cpbdur:2 q:32.43 aq:24.48 tex:5247 mv:647 misc:1634 imb:14 pmb:210 smb:7936 d:- ref:0 ;
in:4109 out:4110 type:b dur:2 cpbdur:2 q:32.43 aq:30.99 tex:34 mv:5 misc:393 imb:0 pmb:1 smb:8159 d:- ref:0 ;
in:4112 out:4111 type:P dur:2 cpbdur:2 q:32.41 aq:23.13 tex:11076 mv:1613 misc:2719 imb:60 pmb:439 smb:7661 d:- ref:0 ;
in:4111 out:4112 type:b dur:2 cpbdur:2 q:32.42 aq:30.93 tex:34 mv:16 misc:406 imb:1 pmb:1 smb:8158 d:- ref:0 ;
in:4114 out:4113 type:P dur:2 cpbdur:2 q:32.41 aq:25.16 tex:6796 mv:713 misc:1787 imb:16 pmb:251 smb:7893 d:- ref:0 ;
in:4113 out:4114 type:b dur:2 cpbdur:2 q:32.41 aq:25.81 tex:128 mv:69 misc:459 imb:5 pmb:5 smb:8150 d:- ref:0 ;
in:4116 out:4115 type:P dur:2 cpbdur:2 q:32.39 aq:22.41 tex:11991 mv:1500 misc:2653 imb:52 pmb:445 smb:7663 d:- ref:0 ;
in:4115 out:4116 type:b dur:2 cpbdur:2 q:32.40 aq:32.27 tex:68 mv:19 misc:409 imb:1 pmb:2 smb:8157 d:- ref:0 ;
in:4118 out:4117 type:P dur:2 cpbdur:2 q:32.38 aq:23.96 tex:7197 mv:864 misc:1875 imb:28 pmb:258 smb:7874 d:- ref:0 ;
in:4117 out:4118 type:b dur:2 cpbdur:2 q:32.39 aq:31.25 tex:140 mv:55 misc:453 imb:2 pmb:8 smb:8150 d:- ref:0 ;
in:4120 out:4119 type:P dur:2 cpbdur:2 q:32.37 aq:23.10 tex:12135 mv:1445 misc:2604 imb:64 pmb:427 smb:7669 d:- ref:0 ;
in:4119 out:4120 type:b dur:2 cpbdur:2 q:32.38 aq:30.87 tex:46 mv:19 misc:415 imb:1 pmb:2 smb:8157 d:- ref:0 ;
in:4122 out:4121 type:P dur:2 cpbdur:2 q:32.36 aq:24.86 tex:5105 mv:551 misc:1496 imb:15 pmb:197 smb:7948 d:- ref:0 ;
in:4121 out:4122 type:b dur:2 cpbdur:2 q:32.37 aq:31.96 tex:51 mv:8 misc:405 imb:0 pmb:2 smb:8158 d:- ref:0 ;
in:4124 out:4123 type:P dur:2 cpbdur:2 q:32.34 aq:23.84 tex:11308 mv:1270 misc:2438 imb:42 pmb:400 smb:7718 d:- ref:0 ;
in:4123 out:4124 type:b dur:2 cpbdur:2 q:32.35 aq:31.00 tex:1 mv:20 misc:403 imb:0 pmb:2 smb:8158 d:- ref:0 ;
in:4126 out:4125 type:P dur:2 cpbdur:2 q:32.33 aq:24.82 tex:8146 mv:668 misc:1682 imb:20 pmb:235 smb:7905 d:- ref:0 ;
in:4125 out:4126 type:b dur:2 cpbdur:2 q:32.34 aq:26.96 tex:69 mv:45 misc:438 imb:2 pmb:7 smb:8151 d:- ref:0 ;
in:4128 out:4127 type:P dur:2 cpbdur:2 q:32.32 aq:23.95 tex:12437 mv:1207 misc:2460 imb:29 pmb:427 smb:7704 d:- ref:0 ;
in:4127 out:4128 type:b dur:2 cpbdur:2 q:32.33 aq:23.56 tex:110 mv:52 misc:438 imb:4 pmb:3 smb:8153 d:- ref:0 ;
in:4130 out:4129 type:P dur:2 cpbdur:2 q:32.31 aq:23.74 tex:5885 mv:610 misc:1497 imb:25 pmb:184 smb:7951 d:- ref:0 ;
in:4129 out:4130 type:b dur:2 cpbdur:2 q:32.31 aq:30.92 tex:52 mv:27 misc:409 imb:2 pmb:1 smb:8157 d:- ref:0 ;
in:4132 out:4131 type:P dur:2 cpbdur:2 q:32.29 aq:23.87 tex:11392 mv:1285 misc:2467 imb:34 pmb:417 smb:7709 d:- ref:0 ;
in:4131 out:4132 type:b dur:2 cpbdur:2 q:32.30 aq:30.88 tex:39 mv:16 misc:401 imb:1 pmb:1 smb:8158 d:- ref:0 ;
in:4134 out:4133 type:P dur:2 cpbdur:2 q:32.29 aq:22.74 tex:6322 mv:801 misc:1701 imb:32 pmb:232 smb:7896 d:- ref:0 ;
in:4133 out:4134 type:b dur:2 cpbdur:2 q:32.29 aq:30.97 tex:54 mv:8 misc:402 imb:0 pmb:2 smb:8158 d:- ref:0 ;
in:4136 out:4135 type:P dur:2 cpbdur:2 q:32.27 aq:23.57 tex:11495 mv:1301 misc:2412 imb:42 pmb:404 smb:7714 d:- ref:0 ;
in:4135 out:4136 type:b dur:2 cpbdur:2 q:32.28 aq:25.17 tex:64 mv:10 misc:406 imb:0 pmb:2 smb:8158 d:- ref:0 ;
in:4138 out:4137 type:P dur:2 cpbdur:2 q:32.26 aq:23.69 tex:6452 mv:592 misc:1596 imb:17 pmb:222 smb:7921 d:- ref:0 ;
in:4137 out:4138 type:b dur:2 cpbdur:2 q:32.27 aq:30.96 tex:32 mv:16 misc:400 imb:1 pmb:1 smb:8158 d:- ref:0 ;
in:4140 out:4139 type:P dur:2 cpbdur:2 q:32.25 aq:23.75 tex:12497 mv:1397 misc:2522 imb:59 pmb:436 smb:7665 d:- ref:0 ;
in:4139 out:4140 type:b dur:2 cpbdur:2 q:32.26 aq:29.55 tex:129 mv:54 misc:441 imb:4 pmb:3 smb:8153 d:- ref:0 ;
in:4142 out:4141 type:P dur:2 cpbdur:2 q:32.24 aq:25.24 tex:6510 mv:591 misc:1587 imb:18 pmb:220 smb:7922 d:- ref:0 ;
in:4141 out:4142 type:b dur:2 cpbdur:2 q:32.25 aq:19.47 tex:44 mv:21 misc:407 imb:2 pmb:0 smb:8158 d:- ref:0 ;
in:4144 out:4143 type:P dur:2 cpbdur:2 q:32.23 aq:23.81 tex:10953 mv:1096 misc:2207 imb:41 pmb:360 smb:7759 d:- ref:0 ;
in:4143 out:4144 type:b dur:2 cpbdur:2 q:32.24 aq:30.95 tex:81 mv:38 misc:425 imb:1 pmb:4 smb:8155 d:- ref:0 ;
in:4146 out:4145 type:P dur:2 cpbdur:2 q:32.21 aq:24.72 tex:5716 mv:515 misc:1489 imb:16 pmb:194 smb:7950 d:- ref:0 ;
in:4145 out:4146 type:b dur:2 cpbdur:2 q:32.22 aq:30.91 tex:69 mv:37 misc:414 imb:3 pmb:1 smb:8156 d:- ref:0 ;
in:4148 out:4147 type:P dur:2 cpbdur:2 q:32.20 aq:24.76 tex:10547 mv:953 misc:2100 imb:20 pmb:364 smb:7776 d:- ref:0 ;
in:4147 out:4148 type:b dur:2 cpbdur:2 q:32.21 aq:31.30 tex:91 mv:22 misc:415 imb:1 pmb:3 smb:8156 d:- ref:0 ;
in:4152 out:4149 type:P dur:2 cpbdur:2 q:32.18 aq:23.45 tex:23666 mv:2738 misc:3948 imb:95 pmb:826 smb:7239 d:- ref:0 ;
in:4150 out:4150 type:B dur:2 cpbdur:2 q:32.19 aq:28.39 tex:306 mv:78 misc:496 imb:4 pmb:12 smb:8144 d:- ref:0 ;
in:4149 out:4151 type:b dur:2 cpbdur:2 q:32.19 aq:29.04 tex:93 mv:41 misc:442 imb:1 pmb:7 smb:8152 d:- ref:0 ;
in:4151 out:4152 type:b dur:2 cpbdur:2 q:32.18 aq:24.07 tex:26 mv:42 misc:412 imb:2 pmb:1 smb:8157 d:- ref:0 ;
in:4154 out:4153 type:P dur:2 cpbdur:2 q:32.33 aq:22.53 tex:17176 mv:2485 misc:3555 imb:114 pmb:622 smb:7424 d:- ref:0 ;
in:4153 out:4154 type:b dur:2 cpbdur:2 q:32.26 aq:30.87 tex:75 mv:37 misc:424 imb:1 pmb:4 smb:8155 d:- ref:0 ;
in:4156 out:4155 type:P dur:2 cpbdur:2 q:32.34 aq:24.33 tex:12484 mv:914 misc:1938 imb:41 pmb:263 smb:7856 d:- ref:0 ;
in:4155 out:4156 type:b dur:2 cpbdur:2 q:32.34 aq:28.35 tex:115 mv:72 misc:453 imb:4 pmb:10 smb:8146 d:- ref:0 ;
in:4158 out:4157 type:P dur:2 cpbdur:2 q:32.34 aq:22.74 tex:13093 mv:1550 misc:2749 imb:58 pmb:461 smb:7641 d:- ref:0 ;
in:4157 out:4158 type:b dur:2 cpbdur:2 q:32.34 aq:31.77 tex:72 mv:31 misc:409 imb:2 pmb:2 smb:8156 d:- ref:0 ;
in:4160 out:4159 type:P dur:2 cpbdur:2 q:32.32 aq:24.25 tex:6769 mv:862 misc:1881 imb:28 pmb:268 smb:7864 d:- ref:0 ;
in:4159 out:4160 type:b dur:2 cpbdur:2 q:32.33 aq:32.46 tex:49 mv:14 misc:401 imb:1 pmb:1 smb:8158 d:- ref:0 ;
in:4162 out:4161 type:P dur:2 cpbdur:2 q:32.33 aq:22.99 tex:13264 mv:1618 misc:2822 imb:48 pmb:493 smb:7619 d:- ref:0 ;
in:4161 out:4162 type:b dur:2 cpbdur:2 q:32.33 aq:31.00 tex:17 mv:5 misc:394 imb:0 pmb:1 smb:8159 d:- ref:0 ;
in:4164 out:4163 type:P dur:2 cpbdur:2 q:32.31 aq:24.23 tex:8407 mv:795 misc:1958 imb:23 pmb:279 smb:7858 d:- ref:0 ;
in:4163 out:4164 type:b dur:2 cpbdur:2 q:32.32 aq:30.89 tex:54 mv:39 misc:419 imb:3 pmb:2 smb:8155 d:- ref:0 ;
in:4166 out:4165 type:P dur:2 cpbdur:2 q:32.32 aq:22.81 tex:13196 mv:1748 misc:2840 imb:52 pmb:488 smb:7620 d:- ref:0 ;
in:4165 out:4166 type:b dur:2 cpbdur:2 q:32.32 aq:20.75 tex:69 mv:31 misc:420 imb:2 pmb:2 smb:8156 d:- ref:0 ;
in:4168 out:4167 type:P dur:2 cpbdur:2 q:32.24 aq:22.94 tex:7534 mv:1016 misc:2058 imb:35 pmb:291 smb:7834 d:- ref:0 ;
in:4167 out:4168 type:b dur:2 cpbdur:2 q:32.28 aq:30.98 tex:48 mv:8 misc:400 imb:0 pmb:2 smb:8158 d:- ref:0 ;
in:4170 out:4169 type:P dur:2 cpbdur:2 q:32.19 aq:22.90 tex:14938 mv:2007 misc:3079 imb:80 pmb:561 smb:7519 d:- ref:0 ;
in:4169 out:4170 type:b dur:2 cpbdur:2 q:32.22 aq:30.93 tex:90 mv:28 misc:426 imb:1 pmb:5 smb:8154 d:- ref:0 ;
in:4172 out:4171 type:P dur:2 cpbdur:2 q:32.13 aq:23.27 tex:7915 mv:934 misc:2135 imb:32 pmb:306 smb:7822 d:- ref:0 ;
in:4171 out:4172 type:b dur:2 cpbdur:2 q:32.16 aq:27.64 tex:86 mv:42 misc:424 imb:3 pmb:2 smb:8155 d:- ref:0 ;
in:4174 out:4173 type:P dur:2 cpbdur:2 q:32.12 aq:22.75 tex:14603 mv:1845 misc:2992 imb:71 pmb:522 smb:7567 d:- ref:0 ;
in:4173 out:4174 type:b dur:2 cpbdur:2 q:32.12 aq:28.24 tex:23 mv:13 misc:404 imb:1 pmb:1 smb:8158 d:- ref:0 ;
in:4176 out:4175 type:P dur:2 cpbdur:2 q:32.12 aq:23.47 tex:7010 mv:901 misc:1945 imb:27 pmb:274 smb:7859 d:- ref:0 ;
in:4175 out:4176 type:b dur:2 cpbdur:2 q:32.12 aq:26.67 tex:52 mv:16 misc:404 imb:1 pmb:1 smb:8158 d:- ref:0 ;
in:4178 out:4177 type:P dur:2 cpbdur:2 q:32.10 aq:23.09 tex:14795 mv:1619 misc:2938 imb:52 pmb:547 smb:7561 d:- ref:0 ;
in:4177 out:4178 type:b dur:2 cpbdur:2 q:32.11 aq:19.67 tex:72 mv:33 misc:431 imb:2 pmb:3 smb:8155 d:- ref:0 ;
in:4180 out:4179 type:P dur:2 cpbdur:2 q:32.09 aq:23.12 tex:7626 mv:804 misc:2026 imb:22 pmb:285 smb:7853 d:- ref:0 ;
in:4179 out:4180 type:b dur:2 cpbdur:2 q:32.09 aq:29.37 tex:78 mv:23 misc:419 imb:1 pmb:3 smb:8156 d:- ref:0 ;
in:4182 out:4181 type:P dur:2 cpbdur:2 q:32.07 aq:23.10 tex:15668 mv:1988 misc:2992 imb:57 pmb:584 smb:7519 d:- ref:0 ;
in:4181 out:4182 type:b dur:2 cpbdur:2 q:32.08 aq:23.72 tex:61 mv:32 misc:419 imb:2 pmb:2 smb:8156 d:- ref:0 ;
in:4184 out:4183 type:P dur:2 cpbdur:2 q:32.06 aq:23.17 tex:7526 mv:784 misc:1954 imb:17 pmb:288 smb:7855 d:- ref:0 ;
in:4183 out:4184 type:b dur:2 cpbdur:2 q:32.06 aq:29.38 tex:52 mv:37 misc:423 imb:3 pmb:1 smb:8156 d:- ref:0 ;
in:4186 out:4185 type:P dur:2 cpbdur:2 q:32.04 aq:23.03 tex:17012 mv:1783 misc:3037 imb:59 pmb:548 smb:7553 d:- ref:0 ;
in:4185 out:4186 type:b dur:2 cpbdur:2 q:32.05 aq:31.00 tex:1 mv:10 misc:397 imb:0 pmb:4 smb:8156 d:- ref:0 ;
in:4188 out:4187 type:P dur:2 cpbdur:2 q:32.04 aq:23.30 tex:7924 mv:991 misc:2085 imb:33 pmb:292 smb:7835 d:- ref:0 ;
in:4187 out:4188 type:b dur:2 cpbdur:2 q:32.04 aq:30.53 tex:81 mv:15 misc:416 imb:0 pmb:4 smb:8156 d:- ref:0 ;
in:4190 out:4189 type:P dur:2 cpbdur:2 q:32.03 aq:22.52 tex:13580 mv:1630 misc:2862 imb:52 pmb:503 smb:7605 d:- ref:0 ;
in:4189 out:4190 type:b dur:2 cpbdur:2 q:32.04 aq:30.87 tex:22 mv:11 misc:399 imb:1 pmb:0 smb:8159 d:- ref:0 ;
in:4192 out:4191 type:P dur:2 cpbdur:2 q:32.02 aq:23.59 tex:7873 mv:966 misc:2065 imb:31 pmb:305 smb:7824 d:- ref:0 ;
in:4191 out:4192 type:b dur:2 cpbdur:2 q:32.03 aq:30.97 tex:44 mv:9 misc:403 imb:0 pmb:2 smb:8158 d:- ref:0 ;
in:4194 out:4193 type:P dur:2 cpbdur:2 q:32.01 aq:23.75 tex:15654 mv:1836 misc:3070 imb:53 pmb:576 smb:7531 d:- ref:0 ;
in:4193 out:4194 type:b dur:2 cpbdur:2 q:32.02 aq:29.32 tex:110 mv:41 misc:433 imb:2 pmb:5 smb:8153 d:- ref:0 ;
in:4196 out:4195 type:P dur:2 cpbdur:2 q:32.01 aq:23.36 tex:7744 mv:939 misc:2021 imb:25 pmb:302 smb:7833 d:- ref:0 ;
in:4195 out:4196 type:b dur:2 cpbdur:2 q:32.01 aq:30.57 tex:65 mv:41 misc:422 imb:3 pmb:2 smb:8155 d:- ref:0 ;
in:4198 out:4197 type:P dur:2 cpbdur:2 q:32.00 aq:22.10 tex:16024 mv:1900 misc:3164 imb:52 pmb:592 smb:7516 d:- ref:0 ;
in:4197 out:4198 type:b dur:2 cpbdur:2 q:32.01 aq:29.39 tex:89 mv:23 misc:416 imb:1 pmb:3 smb:8156 d:- ref:0 ;
in:4200 out:4199 type:P dur:2 cpbdur:2 q:32.00 aq:23.47 tex:7295 mv:904 misc:1993 imb:33 pmb:272 smb:7855 d:- ref:0 ;
in:4199 out:4200 type:b dur:2 cpbdur:2 q:32.00 aq:29.99 tex:79 mv:30 misc:419 imb:1 pmb:3 smb:8156 d:- ref:0 ;
in:4202 out:4201 type:P dur:2 cpbdur:2 q:31.99 aq:22.77 tex:16266 mv:1857 misc:3093 imb:67 pmb:568 smb:7525 d:- ref:0 ;
in:4201 out:4202 type:b dur:2 cpbdur:2 q:32.00 aq:29.94 tex:135 mv:49 misc:448 imb:3 pmb:5 smb:8152 d:- ref:0 ;
in:4204 out:4203 type:P dur:2 cpbdur:2 q:31.99 aq:22.29 tex:6374 mv:808 misc:1786 imb:25 pmb:243 smb:7892 d:- ref:0 ;
in:4203 out:4204 type:b dur:2 cpbdur:2 q:31.99 aq:23.30 tex:49 mv:29 misc:410 imb:1 pmb:2 smb:8157 d:- ref:0 ;
in:4206 out:4205 type:P dur:2 cpbdur:2 q:31.97 aq:22.88 tex:15691 mv:1850 misc:2995 imb:77 pmb:530 smb:7553 d:- ref:0 ;
in:4205 out:4206 type:b dur:2 cpbdur:2 q:31.98 aq:30.93 tex:71 mv:33 misc:416 imb:1 pmb:3 smb:8156 d:- ref:0 ;
in:4208 out:4207 type:P dur:2 cpbdur:2 q:31.97 aq:22.25 tex:7916 mv:858 misc:1970 imb:28 pmb:286 smb:7846 d:- ref:0 ;
in:4207 out:4208 type:b dur:2 cpbdur:2 q:31.97 aq:26.15 tex:72 mv:41 misc:423 imb:3 pmb:2 smb:8155 d:- ref:0 ;
in:4210 out:4209 type:P dur:2 cpbdur:2 q:31.96 aq:22.54 tex:16810 mv:1936 misc:3246 imb:80 pmb:579 smb:7501 d:- ref:0 ;
in:4209 out:4210 type:b dur:2 cpbdur:2 q:31.96 aq:25.37 tex:83 mv:31 misc:414 imb:2 pmb:2 smb:8156 d:- ref:0 ;
in:4212 out:4211 type:P dur:2 cpbdur:2 q:31.96 aq:23.74 tex:8039 mv:986 misc:2119 imb:32 pmb:315 smb:7813 d:- ref:0 ;
in:4211 out:4212 type:b dur:2 cpbdur:2 q:31.96 aq:29.64 tex:73 mv:33 misc:414 imb:2 pmb:2 smb:8156 d:- ref:0 ;
in:4214 out:4213 type:P dur:2 cpbdur:2 q:31.94 aq:22.71 tex:16677 mv:1671 misc:2916 imb:56 pmb:546 smb:7558 d:- ref:0 ;
in:4213 out:4214 type:b dur:2 cpbdur:2 q:31.95 aq:28.68 tex:71 mv:45 misc:436 imb:2 pmb:4 smb:8154 d:- ref:0 ;
in:4216 out:4215 type:P dur:2 cpbdur:2 q:31.94 aq:21.91 tex:9992 mv:980 misc:2084 imb:38 pmb:297 smb:7825 d:- ref:0 ;
in:4215 out:4216 type:b dur:2 cpbdur:2 q:31.94 aq:23.41 tex:42 mv:25 misc:413 imb:1 pmb:5 smb:8154 d:- ref:0 ;
in:4218 out:4217 type:P dur:2 cpbdur:2 q:31.93 aq:22.66 tex:17503 mv:1808 misc:3153 imb:61 pmb:596 smb:7503 d:- ref:0 ;
in:4217 out:4218 type:b dur:2 cpbdur:2 q:31.93 aq:23.50 tex:49 mv:28 misc:411 imb:2 pmb:1 smb:8157 d:- ref:0 ;
in:4220 out:4219 type:P dur:2 cpbdur:2 q:31.93 aq:22.75 tex:9346 mv:1102 misc:2144 imb:48 pmb:305 smb:7807 d:- ref:0 ;
in:4219 out:4220 type:b dur:2 cpbdur:2 q:31.93 aq:19.57 tex:52 mv:38 misc:422 imb:3 pmb:1 smb:8156 d:- ref:0 ;
in:4222 out:4221 type:P dur:2 cpbdur:2 q:31.92 aq:23.11 tex:17011 mv:1992 misc:3189 imb:78 pmb:579 smb:7503 d:- ref:0 ;
in:4221 out:4222 type:b dur:2 cpbdur:2 q:31.93 aq:29.62 tex:94 mv:39 misc:435 imb:1 pmb:5 smb:8154 d:- ref:0 ;
in:4224 out:4223 type:P dur:2 cpbdur:2 q:31.92 aq:23.83 tex:8884 mv:887 misc:2077 imb:25 pmb:314 smb:7821 d:- ref:0 ;
in:4223 out:4224 type:b dur:2 cpbdur:2 q:31.92 aq:30.94 tex:94 mv:32 misc:442 imb:1 pmb:7 smb:8152 d:- ref:0 ;
in:4226 out:4225 type:P dur:2 cpbdur:2 q:31.91 aq:22.72 tex:16238 mv:1836 misc:2990 imb:60 pmb:550 smb:7550 d:- ref:0 ;
in:4225 out:4226 type:b dur:2 cpbdur:2 q:31.91 aq:24.09 tex:160 mv:87 misc:457 imb:6 pmb:5 smb:8149 d:- ref:0 ;
in:4228 out:4227 type:P dur:2 cpbdur:2 q:31.90 aq:23.89 tex:8302 mv:859 misc:2055 imb:32 pmb:307 smb:7821 d:- ref:0 ;
in:4227 out:4228 type:b dur:2 cpbdur:2 q:31.91 aq:30.87 tex:102 mv:35 misc:423 imb:2 pmb:3 smb:8155 d:- ref:0 ;
in:4230 out:4229 type:P dur:2 cpbdur:2 q:31.89 aq:22.79 tex:17375 mv:1896 misc:3065 imb:79 pmb:565 smb:7516 d:- ref:0 ;
in:4229 out:4230 type:b dur:2 cpbdur:2 q:31.90 aq:19.58 tex:63 mv:38 misc:419 imb:3 pmb:1 smb:8156 d:- ref:0 ;
in:4232 out:4231 type:P dur:2 cpbdur:2 q:31.90 aq:22.78 tex:8012 mv:939 misc:2113 imb:33 pmb:305 smb:7822 d:- ref:0 ;
in:4231 out:4232 type:b dur:2 cpbdur:2 q:31.90 aq:24.12 tex:97 mv:59 misc:436 imb:5 pmb:2 smb:8153 d:- ref:0 ;
in:4234 out:4233 type:P dur:2 cpbdur:2 q:31.89 aq:22.44 tex:17186 mv:1961 misc:3157 imb:69 pmb:598 smb:7493 d:- ref:0 ;
in:4233 out:4234 type:b dur:2 cpbdur:2 q:31.89 aq:32.45 tex:106 mv:44 misc:426 imb:3 pmb:3 smb:8154 d:- ref:0 ;
in:4236 out:4235 type:P dur:2 cpbdur:2 q:31.88 aq:22.94 tex:6974 mv:744 misc:1866 imb:17 pmb:272 smb:7871 d:- ref:0 ;
in:4235 out:4236 type:b dur:2 cpbdur:2 q:31.89 aq:30.95 tex:72 mv:12 misc:412 imb:0 pmb:3 smb:8157 d:- ref:0 ;
in:4238 out:4237 type:P dur:2 cpbdur:2 q:31.87 aq:22.69 tex:16305 mv:1745 misc:2982 imb:50 pmb:553 smb:7557 d:- ref:0 ;
in:4237 out:4238 type:b dur:2 cpbdur:2 q:31.88 aq:23.16 tex:75 mv:24 misc:413 imb:1 pmb:3 smb:8156 d:- ref:0 ;
in:4240 out:4239 type:P dur:2 cpbdur:2 q:31.87 aq:23.73 tex:8388 mv:841 misc:1955 imb:28 pmb:287 smb:7845 d:- ref:0 ;
in:4239 out:4240 type:b dur:2 cpbdur:2 q:31.87 aq:30.94 tex:75 mv:47 misc:438 imb:3 pmb:4 smb:8153 d:- ref:0 ;
in:4242 out:4241 type:P dur:2 cpbdur:2 q:31.87 aq:22.46 tex:18092 mv:1970 misc:3138 imb:59 pmb:605 smb:7496 d:- ref:0 ;
in:4241 out:4242 type:b dur:2 cpbdur:2 q:31.87 aq:29.53 tex:47 mv:37 misc:420 imb:1 pmb:3 smb:8156 d:- ref:0 ;
in:4244 out:4243 type:P dur:2 cpbdur:2 q:31.87 aq:23.28 tex:7820 mv:892 misc:1984 imb:24 pmb:295 smb:7841 d:- ref:0 ;
in:4243 out:4244 type:b dur:2 cpbdur:2 q:31.87 aq:30.97 tex:19 mv:22 misc:399 imb:1 pmb:1 smb:8158 d:- ref:0 ;
in:4246 out:4245 type:P dur:2 cpbdur:2 q:31.85 aq:23.09 tex:19225 mv:1712 misc:2983 imb:73 pmb:550 smb:7537 d:- ref:0 ;
in:4245 out:4246 type:b dur:2 cpbdur:2 q:31.86 aq:31.49 tex:118 mv:41 misc:449 imb:0 pmb:10 smb:8150 d:- ref:0 ;
in:4248 out:4247 type:P dur:2 cpbdur:2 q:31.85 aq:23.91 tex:8094 mv:780 misc:1950 imb:29 pmb:278 smb:7853 d:- ref:0 ;
in:4247 out:4248 type:b dur:2 cpbdur:2 q:31.85 aq:30.87 tex:144 mv:70 misc:450 imb:5 pmb:4 smb:8151 d:- ref:0 ;
in:4249 out:4249 type:P dur:2 cpbdur:2 q:31.84 aq:22.92 tex:102 mv:72 misc:466 imb:8 pmb:2 smb:8150 d:- ref:0 ;
in:4250 out:4250 type:I dur:2 cpbdur:2 q:28.99 aq:19.87 tex:523450 mv:142377 misc:685 imb:8160 pmb:0 smb:0 d:- ref:;
in:4252 out:4251 type:P dur:2 cpbdur:2 q:32.51 aq:24.48 tex:5550 mv:606 misc:1484 imb:33 pmb:172 smb:7955 d:- ref:0 ;
in:4251 out:4252 type:b dur:2 cpbdur:2 q:32.51 aq:31.00 tex:76 mv:32 misc:420 imb:1 pmb:3 smb:8156 d:- ref:0 ;
in:4254 out:4253 type:P dur:2 cpbdur:2 q:32.50 aq:23.22 tex:13765 mv:1723 misc:2800 imb:90 pmb:442 smb:7628 d:- ref:0 ;
in:4253 out:4254 type:b dur:2 cpbdur:2 q:32.51 aq:31.96 tex:62 mv:22 misc:412 imb:1 pmb:2 smb:8157 d:- ref:0 ;
in:4256 out:4255 type:P dur:2 cpbdur:2 q:32.49 aq:23.69 tex:6373 mv:824 misc:1795 imb:36 pmb:229 smb:7895 d:- ref:0 ;
in:4255 out:4256 type:b dur:2 cpbdur:2 q:32.50 aq:21.38 tex:151 mv:97 misc:464 imb:9 pmb:3 smb:8148 d:- ref:0 ;
in:4258 out:4257 type:P dur:2 cpbdur:2 q:32.47 aq:23.85 tex:12690 mv:1798 misc:2824 imb:69 pmb:473 smb:7618 d:- ref:0 ;
in:4257 out:4258 type:b dur:2 cpbdur:2 q:32.48 aq:20.62 tex:78 mv:59 misc:439 imb:5 pmb:2 smb:8153 d:- ref:0 ;
in:4260 out:4259 type:P dur:2 cpbdur:2 q:32.47 aq:24.01 tex:6781 mv:1061 misc:1942 imb:38 pmb:266 smb:7856 d:- ref:0 ;
in:4259 out:4260 type:b dur:2 cpbdur:2 q:32.47 aq:22.97 tex:98 mv:39 misc:431 imb:2 pmb:4 smb:8154 d:- ref:0 ;
in:4262 out:4261 type:P dur:2 cpbdur:2 q:32.45 aq:22.54 tex:14095 mv:1900 misc:3021 imb:69 pmb:537 smb:7554 d:- ref:0 ;
in:4261 out:4262 type:b dur:2 cpbdur:2 q:32.46 aq:30.27 tex:141 mv:78 misc:453 imb:4 pmb:7 smb:8149 d:- ref:0 ;
in:4264 out:4263 type:P dur:2 cpbdur:2 q:32.46 aq:23.49 tex:6870 mv:924 misc:1974 imb:40 pmb:260 smb:7860 d:- ref:0 ;
in:4263 out:4264 type:b dur:2 cpbdur:2 q:32.46 aq:29.92 tex:75 mv:23 misc:414 imb:1 pmb:3 smb:8156 d:- ref:0 ;
in:4266 out:4265 type:P dur:2 cpbdur:2 q:32.44 aq:23.52 tex:13115 mv:1882 misc:2883 imb:66 pmb:501 smb:7593 d:- ref:0 ;
in:4265 out:4266 type:b dur:2 cpbdur:2 q:32.45 aq:25.78 tex:94 mv:23 misc:419 imb:1 pmb:3 smb:8156 d:- ref:0 ;
in:4268 out:4267 type:P dur:2 cpbdur:2 q:32.44 aq:24.13 tex:6466 mv:771 misc:1787 imb:23 pmb:246 smb:7891 d:- ref:0 ;
in:4267 out:4268 type:b dur:2 cpbdur:2 q:32.44 aq:30.98 tex:30 mv:5 misc:397 imb:0 pmb:1 smb:8159 d:- ref:0 ;
in:4270 out:4269 type:P dur:2 cpbdur:2 q:32.54 aq:24.17 tex:10627 mv:1290 misc:2427 imb:57 pmb:393 smb:7710 d:- ref:0 ;
in:4269 out:4270 type:b dur:2 cpbdur:2 q:32.49 aq:29.43 tex:105 mv:73 misc:454 imb:6 pmb:3 smb:8151 d:- ref:0 ;
in:4272 out:4271 type:P dur:2 cpbdur:2 q:32.53 aq:23.57 tex:5467 mv:893 misc:1696 imb:27 pmb:236 smb:7897 d:- ref:0 ;
in:4271 out:4272 type:b dur:2 cpbdur:2 q:32.53 aq:31.92 tex:45 mv:27 misc:408 imb:2 pmb:1 smb:8157 d:- ref:0 ;
in:4274 out:4273 type:P dur:2 cpbdur:2 q:32.52 aq:22.97 tex:12586 mv:1695 misc:2799 imb:71 pmb:470 smb:7619 d:- ref:0 ;
in:4273 out:4274 type:b dur:2 cpbdur:2 q:32.52 aq:32.00 tex:0 mv:0 misc:384 imb:0 pmb:0 smb:8160 d:- ref:0 ;
in:4276 out:4275 type:P dur:2 cpbdur:2 q:32.52 aq:23.87 tex:7887 mv:903 misc:1914 imb:28 pmb:258 smb:7874 d:- ref:0 ;
in:4275 out:4276 type:b dur:2 cpbdur:2 q:32.52 aq:31.97 tex:21 mv:20 misc:407 imb:1 pmb:3 smb:8156 d:- ref:0 ;
in:4278 out:4277 type:P dur:2 cpbdur:2 q:32.50 aq:23.68 tex:11842 mv:1535 misc:2639 imb:64 pmb:425 smb:7671 d:- ref:0 ;
in:4277 out:4278 type:b dur:2 cpbdur:2 q:32.51 aq:29.97 tex:107 mv:38 misc:431 imb:2 pmb:4 smb:8154 d:- ref:0 ;
in:4280 out:4279 type:P dur:2 cpbdur:2 q:32.50 aq:23.04 tex:5177 mv:782 misc:1697 imb:28 pmb:207 smb:7925 d:- ref:0 ;
in:4279 out:4280 type:b dur:2 cpbdur:2 q:32.50 aq:31.91 tex:82 mv:46 misc:416 imb:4 pmb:1 smb:8155 d:- ref:0 ;
in:4282 out:4281 type:P dur:2 cpbdur:2 q:32.48 aq:23.33 tex:10276 mv:1523 misc:2617 imb:62 pmb:396 smb:7702 d:- ref:0 ;
in:4281 out:4282 type:b dur:2 cpbdur:2 q:32.49 aq:19.69 tex:65 mv:54 misc:425 imb:5 pmb:0 smb:8155 d:- ref:0 ;
in:4284 out:4283 type:P dur:2 cpbdur:2 q:32.47 aq:24.99 tex:4692 mv:677 misc:1607 imb:15 pmb:198 smb:7947 d:- ref:0 ;
in:4283 out:4284 type:b dur:2 cpbdur:2 q:32.48 aq:31.41 tex:96 mv:43 misc:421 imb:1 pmb:5 smb:8154 d:- ref:0 ;
in:4286 out:4285 type:P dur:2 cpbdur:2 q:32.46 aq:22.81 tex:11705 mv:1836 misc:2867 imb:68 pmb:474 smb:7618 d:- ref:0 ;
in:4285 out:4286 type:b dur:2 cpbdur:2 q:32.47 aq:33.22 tex:26 mv:5 misc:393 imb:0 pmb:1 smb:8159 d:- ref:0 ;
in:4288 out:4287 type:P dur:2 cpbdur:2 q:32.46 aq:23.75 tex:7663 mv:1353 misc:1992 imb:20 pmb:341 smb:7799 d:- ref:0 ;
in:4287 out:4288 type:b dur:2 cpbdur:2 q:32.46 aq:31.48 tex:23 mv:17 misc:408 imb:1 pmb:1 smb:8158 d:- ref:0 ;
in:4290 out:4289 type:P dur:2 cpbdur:2 q:32.44 aq:23.39 tex:17362 mv:3275 misc:2955 imb:80 pmb:623 smb:7457 d:- ref:0 ;
in:4289 out:4290 type:b dur:2 cpbdur:2 q:32.45 aq:30.70 tex:120 mv:106 misc:470 imb:1 pmb:12 smb:8147 d:- ref:0 ;
in:4292 out:4291 type:P dur:2 cpbdur:2 q:32.44 aq:24.06 tex:11080 mv:1974 misc:2106 imb:36 pmb:409 smb:7715 d:- ref:0 ;
in:4291 out:4292 type:b dur:2 cpbdur:2 q:32.44 aq:31.83 tex:420 mv:145 misc:443 imb:1 pmb:17 smb:8142 d:- ref:0 ;
in:4294 out:4293 type:P dur:2 cpbdur:2 q:32.43 aq:23.12 tex:15892 mv:2754 misc:2914 imb:80 pmb:573 smb:7507 d:- ref:0 ;
in:4293 out:4294 type:b dur:2 cpbdur:2 q:32.43 aq:32.92 tex:403 mv:161 misc:460 imb:3 pmb:15 smb:8142 d:- ref:0 ;
in:4296 out:4295 type:P dur:2 cpbdur:2 q:32.43 aq:23.64 tex:10494 mv:2011 misc:2215 imb:37 pmb:420 smb:7703 d:- ref:0 ;
in:4295 out:4296 type:b dur:2 cpbdur:2 q:32.43 aq:33.59 tex:328 mv:85 misc:443 imb:2 pmb:10 smb:8148 d:- ref:0 ;
in:4298 out:4297 type:P dur:2 cpbdur:2 q:32.42 aq:23.02 tex:18263 mv:3691 misc:3398 imb:100 pmb:720 smb:7340 d:- ref:0 ;
in:4297 out:4298 type:b dur:2 cpbdur:2 q:32.42 aq:32.90 tex:253 mv:236 misc:551 imb:2 pmb:30 smb:8128 d:- ref:0 ;
in:4300 out:4299 type:P dur:2 cpbdur:2 q:32.43 aq:23.63 tex:8932 mv:1879 misc:2213 imb:31 pmb:395 smb:7734 d:- ref:0 ;
in:4299 out:4300 type:b dur:2 cpbdur:2 q:32.42 aq:18.81 tex:25 mv:30 misc:409 imb:2 pmb:1 smb:8157 d:- ref:0 ;
in:4302 out:4301 type:P dur:2 cpbdur:2 q:32.41 aq:23.01 tex:16875 mv:3102 misc:2903 imb:85 pmb:615 smb:7460 d:- ref:0 ;
in:4301 out:4302 type:b dur:2 cpbdur:2 q:32.42 aq:30.15 tex:584 mv:272 misc:552 imb:7 pmb:31 smb:8122 d:- ref:0 ;
in:4304 out:4303 type:P dur:2 cpbdur:2 q:32.40 aq:24.71 tex:9682 mv:1661 misc:2081 imb:43 pmb:381 smb:7736 d:- ref:0 ;
in:4303 out:4304 type:b dur:2 cpbdur:2 q:32.41 aq:32.25 tex:347 mv:118 misc:463 imb:1 pmb:14 smb:8145 d:- ref:0 ;
in:4306 out:4305 type:P dur:2 cpbdur:2 q:32.40 aq:23.46 tex:19818 mv:3219 misc:3123 imb:98 pmb:633 smb:7429 d:- ref:0 ;
in:4305 out:4306 type:b dur:2 cpbdur:2 q:32.40 aq:31.82 tex:346 mv:304 misc:566 imb:2 pmb:35 smb:8123 d:- ref:0 ;
in:4308 out:4307 type:P dur:2 cpbdur:2 q:32.41 aq:24.16 tex:9559 mv:1793 misc:2224 imb:40 pmb:400 smb:7720 d:- ref:0 ;
in:4307 out:4308 type:b dur:2 cpbdur:2 q:32.40 aq:32.01 tex:150 mv:110 misc:468 imb:2 pmb:14 smb:8144 d:- ref:0 ;
in:4310 out:4309 type:P dur:2 cpbdur:2 q:32.40 aq:23.18 tex:16292 mv:2904 misc:3140 imb:82 pmb:621 smb:7457 d:- ref:0 ;
in:4309 out:4310 type:b dur:2 cpbdur:2 q:32.40 aq:34.05 tex:104 mv:196 misc:508 imb:1 pmb:25 smb:8134 d:- ref:0 ;
in:4312 out:4311 type:P dur:2 cpbdur:2 q:32.40 aq:24.24 tex:8889 mv:1758 misc:2009 imb:31 pmb:366 smb:7763 d:- ref:0 ;
in:4311 out:4312 type:b dur:2 cpbdur:2 q:32.40 aq:33.09 tex:185 mv:107 misc:444 imb:0 pmb:14 smb:8146 d:- ref:0 ;
in:4314 out:4313 type:P dur:2 cpbdur:2 q:32.39 aq:23.61 tex:17179 mv:2702 misc:2959 imb:70 pmb:588 smb:7502 d:- ref:0 ;
in:4313 out:4314 type:b dur:2 cpbdur:2 q:32.40 aq:32.01 tex:515 mv:283 misc:514 imb:2 pmb:29 smb:8129 d:- ref:0 ;
in:4316 out:4315 type:P dur:2 cpbdur:2 q:32.39 aq:23.67 tex:9520 mv:1743 misc:2057 imb:29 pmb:375 smb:7756 d:- ref:0 ;
in:4315 out:4316 type:b dur:2 cpbdur:2 q:32.39 aq:30.18 tex:414 mv:201 misc:489 imb:3 pmb:20 smb:8137 d:- ref:0 ;
in:4318 out:4317 type:P dur:2 cpbdur:2 q:32.37 aq:24.12 tex:14144 mv:2626 misc:2710 imb:52 pmb:552 smb:7556 d:- ref:0 ;
in:4317 out:4318 type:b dur:2 cpbdur:2 q:32.38 aq:33.46 tex:160 mv:201 misc:543 imb:2 pmb:29 smb:8129 d:- ref:0 ;
in:4320 out:4319 type:P dur:2 cpbdur:2 q:32.38 aq:23.62 tex:9985 mv:2059 misc:2316 imb:45 pmb:412 smb:7703 d:- ref:0 ;
in:4319 out:4320 type:b dur:2 cpbdur:2 q:32.38 aq:31.69 tex:160 mv:115 misc:477 imb:3 pmb:13 smb:8144 d:- ref:0 ;
in:4322 out:4321 type:P dur:2 cpbdur:2 q:32.37 aq:23.18 tex:16578 mv:3256 misc:3158 imb:85 pmb:650 smb:7425 d:- ref:0 ;
in:4321 out:4322 type:b dur:2 cpbdur:2 q:32.37 aq:28.54 tex:102 mv:106 misc:464 imb:2 pmb:13 smb:8145 d:- ref:0 ;
in:4324 out:4323 type:P dur:2 cpbdur:2 q:32.37 aq:23.57 tex:11101 mv:2111 misc:2212 imb:43 pmb:422 smb:7695 d:- ref:0 ;
in:4323 out:4324 type:b dur:2 cpbdur:2 q:32.37 aq:28.46 tex:589 mv:352 misc:571 imb:6 pmb:35 smb:8119 d:- ref:0 ;
in:4326 out:4325 type:P dur:2 cpbdur:2 q:32.37 aq:23.37 tex:15859 mv:3157 misc:3088 imb:82 pmb:627 smb:7451 d:- ref:0 ;
in:4325 out:4326 type:b dur:2 cpbdur:2 q:32.37 aq:29.87 tex:479 mv:221 misc:484 imb:3 pmb:23 smb:8134 d:- ref:0 ;
in:4328 out:4327 type:P dur:2 cpbdur:2 q:32.37 aq:23.86 tex:10116 mv:1970 misc:2186 imb:33 pmb:416 smb:7711 d:- ref:0 ;
in:4327 out:4328 type:b dur:2 cpbdur:2 q:32.37 aq:28.98 tex:160 mv:122 misc:486 imb:3 pmb:14 smb:8143 d:- ref:0 ;
in:4330 out:4329 type:P dur:2 cpbdur:2 q:32.36 aq:23.67 tex:15055 mv:2735 misc:2994 imb:79 pmb:570 smb:7511 d:- ref:0 ;
in:4329 out:4330 type:b dur:2 cpbdur:2 q:32.37 aq:31.21 tex:121 mv:134 misc:473 imb:2 pmb:12 smb:8146 d:- ref:0 ;
in:4332 out:4331 type:P dur:2 cpbdur:2 q:32.37 aq:23.27 tex:8469 mv:1863 misc:2084 imb:40 pmb:360 smb:7760 d:- ref:0 ;
in:4331 out:4332 type:b dur:2 cpbdur:2 q:32.36 aq:30.72 tex:54 mv:109 misc:445 imb:1 pmb:9 smb:8150 d:- ref:0 ;
in:4334 out:4333 type:P dur:2 cpbdur:2 q:32.36 aq:23.56 tex:17233 mv:2965 misc:3050 imb:88 pmb:602 smb:7470 d:- ref:0 ;
in:4333 out:4334 type:b dur:2 cpbdur:2 q:32.36 aq:28.87 tex:437 mv:250 misc:529 imb:4 pmb:24 smb:8132 d:- ref:0 ;
in:4336 out:4335 type:P dur:2 cpbdur:2 q:32.36 aq:23.31 tex:11994 mv:1987 misc:2235 imb:49 pmb:396 smb:7715 d:- ref:0 ;
in:4335 out:4336 type:b dur:2 cpbdur:2 q:32.36 aq:32.51 tex:358 mv:187 misc:487 imb:1 pmb:24 smb:8135 d:- ref:0 ;
in:4338 out:4337 type:P dur:2 cpbdur:2 q:32.36 aq:23.73 tex:16303 mv:3284 misc:3037 imb:81 pmb:636 smb:7443 d:- ref:0 ;
in:4337 out:4338 type:b dur:2 cpbdur:2 q:32.36 aq:29.56 tex:227 mv:245 misc:520 imb:2 pmb:29 smb:8129 d:- ref:0 ;
in:4340 out:4339 type:P dur:2 cpbdur:2 q:32.36 aq:23.59 tex:10443 mv:1987 misc:2266 imb:37 pmb:409 smb:7714 d:- ref:0 ;
in:4339 out:4340 type:b dur:2 cpbdur:2 q:32.36 aq:34.53 tex:69 mv:73 misc:442 imb:1 pmb:11 smb:8148 d:- ref:0 ;
in:4342 out:4341 type:P dur:2 cpbdur:2 q:32.35 aq:23.31 tex:16676 mv:3359 misc:3309 imb:87 pmb:662 smb:7411 d:- ref:0 ;
in:4341 out:4342 type:b dur:2 cpbdur:2 q:32.36 aq:30.52 tex:169 mv:246 misc:529 imb:6 pmb:25 smb:8129 d:- ref:0 ;
in:4344 out:4343 type:P dur:2 cpbdur:2 q:32.36 aq:22.80 tex:10128 mv:2085 misc:2195 imb:48 pmb:408 smb:7704 d:- ref:0 ;
in:4343 out:4344 type:b dur:2 cpbdur:2 q:32.36 aq:31.52 tex:364 mv:154 misc:458 imb:3 pmb:13 smb:8144 d:- ref:0 ;
in:4346 out:4345 type:P dur:2 cpbdur:2 q:32.35 aq:23.60 tex:16505 mv:3076 misc:2987 imb:73 pmb:629 smb:7458 d:- ref:0 ;
in:4345 out:4346 type:b dur:2 cpbdur:2 q:32.35 aq:30.06 tex:452 mv:299 misc:505 imb:2 pmb:27 smb:8131 d:- ref:0 ;
in:4348 out:4347 type:P dur:2 cpbdur:2 q:32.35 aq:23.73 tex:10261 mv:2001 misc:2226 imb:42 pmb:399 smb:7719 d:- ref:0 ;
in:4347 out:4348 type:b dur:2 cpbdur:2 q:32.35 aq:33.01 tex:322 mv:157 misc:457 imb:1 pmb:17 smb:8142 d:- ref:0 ;
in:4350 out:4349 type:P dur:2 cpbdur:2 q:32.34 aq:23.70 tex:15629 mv:2855 misc:3180 imb:89 pmb:617 smb:7454 d:- ref:0 ;
in:4349 out:4350 type:b dur:2 cpbdur:2 q:32.34 aq:26.35 tex:152 mv:131 misc:485 imb:4 pmb:15 smb:8141 d:- ref:0 ;
in:4352 out:4351 type:P dur:2 cpbdur:2 q:32.34 aq:23.46 tex:10246 mv:2001 misc:2289 imb:50 pmb:391 smb:7719 d:- ref:0 ;
in:4351 out:4352 type:b dur:2 cpbdur:2 q:32.34 aq:35.03 tex:142 mv:71 misc:443 imb:1 pmb:9 smb:8150 d:- ref:0 ;
in:4354 out:4353 type:P dur:2 cpbdur:2 q:32.34 aq:23.26 tex:18812 mv:3486 misc:3430 imb:103 pmb:701 smb:7356 d:- ref:0 ;
in:4353 out:4354 type:b dur:2 cpbdur:2 q:32.34 aq:28.93 tex:234 mv:175 misc:527 imb:1 pmb:27 smb:8132 d:- ref:0 ;
in:4356 out:4355 type:P dur:2 cpbdur:2 q:32.35 aq:23.63 tex:9718 mv:1699 misc:2119 imb:30 pmb:384 smb:7746 d:- ref:0 ;
in:4355 out:4356 type:b dur:2 cpbdur:2 q:32.34 aq:33.33 tex:380 mv:138 misc:450 imb:1 pmb:16 smb:8143 d:- ref:0 ;
in:4358 out:4357 type:P dur:2 cpbdur:2 q:32.34 aq:22.84 tex:17285 mv:3097 misc:3170 imb:77 pmb:644 smb:7439 d:- ref:0 ;
in:4357 out:4358 type:b dur:2 cpbdur:2 q:32.34 aq:23.67 tex:458 mv:201 misc:485 imb:6 pmb:17 smb:8137 d:- ref:0 ;
in:4360 out:4359 type:P dur:2 cpbdur:2 q:32.34 aq:23.25 tex:11630 mv:2421 misc:2413 imb:47 pmb:470 smb:7643 d:- ref:0 ;
in:4359 out:4360 type:b dur:2 cpbdur:2 q:32.34 aq:28.79 tex:250 mv:148 misc:474 imb:2 pmb:17 smb:8141 d:- ref:0 ;
in:4362 out:4361 type:P dur:2 cpbdur:2 q:32.34 aq:22.54 tex:17830 mv:3127 misc:3259 imb:103 pmb:652 smb:7405 d:- ref:0 ;
in:4361 out:4362 type:b dur:2 cpbdur:2 q:32.34 aq:33.53 tex:104 mv:209 misc:527 imb:1 pmb:27 smb:8132 d:- ref:0 ;
in:4364 out:4363 type:P dur:2 cpbdur:2 q:32.35 aq:23.55 tex:10645 mv:2169 misc:2434 imb:41 pmb:458 smb:7661 d:- ref:0 ;
in:4363 out:4364 type:b dur:2 cpbdur:2 q:32.34 aq:34.47 tex:94 mv:33 misc:425 imb:1 pmb:4 smb:8155 d:- ref:0 ;
in:4366 out:4365 type:P dur:2 cpbdur:2 q:32.34 aq:22.18 tex:20772 mv:3658 misc:3338 imb:122 pmb:678 smb:7360 d:- ref:0 ;
in:4365 out:4366 type:b dur:2 cpbdur:2 q:32.34 aq:23.35 tex:114 mv:187 misc:523 imb:2 pmb:25 smb:8133 d:- ref:0 ;
in:4368 out:4367 type:P dur:2 cpbdur:2 q:32.35 aq:22.93 tex:11976 mv:2162 misc:2182 imb:48 pmb:405 smb:7707 d:- ref:0 ;
in:4367 out:4368 type:b dur:2 cpbdur:2 q:32.35 aq:31.57 tex:291 mv:155 misc:474 imb:1 pmb:20 smb:8139 d:- ref:0 ;
in:4370 out:4369 type:P dur:2 cpbdur:2 q:32.34 aq:23.14 tex:17699 mv:3281 misc:3108 imb:84 pmb:657 smb:7419 d:- ref:0 ;
in:4369 out:4370 type:b dur:2 cpbdur:2 q:32.34 aq:31.70 tex:484 mv:160 misc:492 imb:5 pmb:16 smb:8139 d:- ref:0 ;
in:4372 out:4371 type:P dur:2 cpbdur:2 q:32.33 aq:24.60 tex:10636 mv:2049 misc:2139 imb:40 pmb:402 smb:7718 d:- ref:0 ;
in:4371 out:4372 type:b dur:2 cpbdur:2 q:32.33 aq:33.59 tex:280 mv:110 misc:466 imb:4 pmb:9 smb:8147 d:- ref:0 ;
in:4374 out:4373 type:P dur:2 cpbdur:2 q:32.32 aq:23.40 tex:16111 mv:2672 misc:2889 imb:73 pmb:587 smb:7500 d:- ref:0 ;
in:4373 out:4374 type:b dur:2 cpbdur:2 q:32.33 aq:31.51 tex:187 mv:75 misc:458 imb:2 pmb:10 smb:8148 d:- ref:0 ;
in:4376 out:4375 type:P dur:2 cpbdur:2 q:32.32 aq:24.13 tex:8577 mv:1623 misc:2064 imb:36 pmb:351 smb:7773 d:- ref:0 ;
in:4375 out:4376 type:b dur:2 cpbdur:2 q:32.32 aq:32.42 tex:120 mv:47 misc:425 imb:1 pmb:6 smb:8153 d:- ref:0 ;
in:4378 out:4377 type:P dur:2 cpbdur:2 q:32.31 aq:23.53 tex:15592 mv:2463 misc:2729 imb:64 pmb:552 smb:7544 d:- ref:0 ;
in:4377 out:4378 type:b dur:2 cpbdur:2 q:32.32 aq:30.94 tex:35 mv:40 misc:445 imb:1 pmb:9 smb:8150 d:- ref:0 ;
in:4380 out:4379 type:P dur:2 cpbdur:2 q:32.31 aq:24.64 tex:7347 mv:1001 misc:1948 imb:22 pmb:295 smb:7843 d:- ref:0 ;
in:4379 out:4380 type:b dur:2 cpbdur:2 q:32.31 aq:23.25 tex:27 mv:43 misc:418 imb:4 pmb:0 smb:8156 d:- ref:0 ;
in:4382 out:4381 type:P dur:2 cpbdur:2 q:32.30 aq:23.48 tex:10848 mv:1391 misc:2425 imb:48 pmb:405 smb:7707 d:- ref:0 ;
in:4381 out:4382 type:b dur:2 cpbdur:2 q:32.30 aq:23.05 tex:50 mv:16 misc:406 imb:1 pmb:1 smb:8158 d:- ref:0 ;
in:4384 out:4383 type:P dur:2 cpbdur:2 q:32.30 aq:24.54 tex:7629 mv:1528 misc:1891 imb:19 pmb:369 smb:7772 d:- ref:0 ;
in:4383 out:4384 type:b dur:2 cpbdur:2 q:32.30 aq:32.79 tex:85 mv:60 misc:439 imb:2 pmb:5 smb:8153 d:- ref:0 ;
in:4386 out:4385 type:P dur:2 cpbdur:2 q:32.29 aq:24.77 tex:16011 mv:2725 misc:2640 imb:49 pmb:584 smb:7527 d:- ref:0 ;
in:4385 out:4386 type:b dur:2 cpbdur:2 q:32.29 aq:27.68 tex:257 mv:351 misc:568 imb:2 pmb:37 smb:8121 d:- ref:0 ;
in:4388 out:4387 type:P dur:2 cpbdur:2 q:32.30 aq:23.47 tex:11445 mv:2001 misc:1906 imb:31 pmb:380 smb:7749 d:- ref:0 ;
in:4387 out:4388 type:b dur:2 cpbdur:2 q:32.30 aq:26.52 tex:479 mv:298 misc:543 imb:4 pmb:32 smb:8124 d:- ref:0 ;
in:4390 out:4389 type:P dur:2 cpbdur:2 q:32.30 aq:23.51 tex:17768 mv:2890 misc:2566 imb:73 pmb:557 smb:7530 d:- ref:0 ;
in:4389 out:4390 type:b dur:2 cpbdur:2 q:32.30 aq:31.90 tex:593 mv:319 misc:576 imb:6 pmb:35 smb:8119 d:- ref:0 ;
in:4392 out:4391 type:P dur:2 cpbdur:2 q:32.31 aq:23.35 tex:14843 mv:2384 misc:1965 imb:31 pmb:459 smb:7670 d:- ref:0 ;
in:4391 out:4392 type:b dur:2 cpbdur:2 q:32.31 aq:24.09 tex:79 mv:325 misc:564 imb:3 pmb:40 smb:8117 d:- ref:0 ;
in:4394 out:4393 type:P dur:2 cpbdur:2 q:32.30 aq:23.61 tex:21921 mv:2808 misc:2607 imb:57 pmb:621 smb:7482 d:- ref:0 ;
in:4393 out:4394 type:b dur:2 cpbdur:2 q:32.31 aq:26.21 tex:28 mv:168 misc:492 imb:2 pmb:17 smb:8141 d:- ref:0 ;
in:4396 out:4395 type:P dur:2 cpbdur:2 q:32.31 aq:26.00 tex:12863 mv:1017 misc:1704 imb:10 pmb:327 smb:7823 d:- ref:0 ;
in:4395 out:4396 type:b dur:2 cpbdur:2 q:32.31 aq:30.98 tex:31 mv:15 misc:410 imb:0 pmb:5 smb:8155 d:- ref:0 ;
in:4398 out:4397 type:P dur:2 cpbdur:2 q:32.29 aq:24.04 tex:14901 mv:1464 misc:2315 imb:33 pmb:467 smb:7660 d:- ref:0 ;
in:4397 out:4398 type:b dur:2 cpbdur:2 q:32.30 aq:23.52 tex:128 mv:25 misc:423 imb:1 pmb:4 smb:8155 d:- ref:0 ;
in:4402 out:4399 type:P dur:2 cpbdur:2 q:32.28 aq:23.83 tex:34502 mv:4250 misc:4320 imb:131 pmb:1121 smb:6908 d:- ref:0 ;
in:4400 out:4400 type:B dur:2 cpbdur:2 q:32.28 aq:29.14 tex:220 mv:95 misc:493 imb:6 pmb:8 smb:8146 d:- ref:0 ;
in:4399 out:4401 type:b dur:2 cpbdur:2 q:32.29 aq:33.95 tex:109 mv:41 misc:426 imb:3 pmb:2 smb:8155 d:- ref:0 ;
in:4401 out:4402 type:b dur:2 cpbdur:2 q:32.28 aq:29.67 tex:53 mv:27 misc:408 imb:2 pmb:1 smb:8157 d:- ref:0 ;
in:4404 out:4403 type:P dur:2 cpbdur:2 q:32.43 aq:22.72 tex:14767 mv:2074 misc:3311 imb:107 pmb:543 smb:7510 d:- ref:0 ;
in:4403 out:4404 type:b dur:2 cpbdur:2 q:32.35 aq:19.49 tex:77 mv:31 misc:420 imb:2 pmb:2 smb:8156 d:- ref:0 ;
in:4406 out:4405 type:P dur:2 cpbdur:2 q:32.44 aq:23.62 tex:7056 mv:950 misc:2066 imb:31 pmb:287 smb:7842 d:- ref:0 ;
in:4405 out:4406 type:b dur:2 cpbdur:2 q:32.43 aq:31.00 tex:1 mv:11 misc:404 imb:0 pmb:2 smb:8158 d:- ref:0 ;
in:4408 out:4407 type:P dur:2 cpbdur:2 q:32.44 aq:22.27 tex:14036 mv:2057 misc:3091 imb:82 pmb:541 smb:7537 d:- ref:0 ;
in:4407 out:4408 type:b dur:2 cpbdur:2 q:32.44 aq:19.87 tex:22 mv:11 misc:399 imb:1 pmb:0 smb:8159 d:- ref:0 ;
in:4410 out:4409 type:P dur:2 cpbdur:2 q:32.43 aq:24.72 tex:7479 mv:1032 misc:2001 imb:28 pmb:288 smb:7844 d:- ref:0 ;
in:4409 out:4410 type:b dur:2 cpbdur:2 q:32.44 aq:24.32 tex:42 mv:43 misc:419 imb:4 pmb:0 smb:8156 d:- ref:0 ;
in:4412 out:4411 type:P dur:2 cpbdur:2 q:32.44 aq:23.35 tex:12339 mv:1693 misc:2784 imb:50 pmb:486 smb:7624 d:- ref:0 ;
in:4411 out:4412 type:b dur:2 cpbdur:2 q:32.44 aq:23.90 tex:64 mv:57 misc:431 imb:5 pmb:1 smb:8154 d:- ref:0 ;
in:4414 out:4413 type:P dur:2 cpbdur:2 q:32.43 aq:23.54 tex:6537 mv:793 misc:1846 imb:29 pmb:248 smb:7883 d:- ref:0 ;
in:4413 out:4414 type:b dur:2 cpbdur:2 q:32.44 aq:30.97 tex:28 mv:13 misc:391 imb:1 pmb:0 smb:8159 d:- ref:0 ;
in:4416 out:4415 type:P dur:2 cpbdur:2 q:32.44 aq:23.71 tex:11435 mv:1539 misc:2610 imb:56 pmb:426 smb:7678 d:- ref:0 ;
in:4415 out:4416 type:b dur:2 cpbdur:2 q:32.44 aq:25.24 tex:122 mv:47 misc:439 imb:2 pmb:5 smb:8153 d:- ref:0 ;
in:4418 out:4417 type:P dur:2 cpbdur:2 q:32.37 aq:23.59 tex:5517 mv:712 misc:1707 imb:17 pmb:241 smb:7902 d:- ref:0 ;
in:4417 out:4418 type:b dur:2 cpbdur:2 q:32.41 aq:30.99 tex:27 mv:8 misc:405 imb:0 pmb:2 smb:8158 d:- ref:0 ;
in:4420 out:4419 type:P dur:2 cpbdur:2 q:32.32 aq:22.13 tex:14206 mv:1743 misc:2907 imb:69 pmb:504 smb:7587 d:- ref:0 ;
in:4419 out:4420 type:b dur:2 cpbdur:2 q:32.35 aq:30.96 tex:28 mv:8 misc:404 imb:0 pmb:2 smb:8158 d:- ref:0 ;
in:4422 out:4421 type:P dur:2 cpbdur:2 q:32.26 aq:23.91 tex:7762 mv:895 misc:1991 imb:19 pmb:299 smb:7842 d:- ref:0 ;
in:4421 out:4422 type:b dur:2 cpbdur:2 q:32.29 aq:18.17 tex:84 mv:40 misc:420 imb:3 pmb:2 smb:8155 d:- ref:0 ;
in:4424 out:4423 type:P dur:2 cpbdur:2 q:32.24 aq:23.07 tex:15246 mv:1900 misc:3038 imb:67 pmb:537 smb:7556 d:- ref:0 ;
in:4423 out:4424 type:b dur:2 cpbdur:2 q:32.25 aq:24.88 tex:51 mv:16 misc:405 imb:1 pmb:1 smb:8158 d:- ref:0 ;
in:4426 out:4425 type:P dur:2 cpbdur:2 q:32.24 aq:23.40 tex:9061 mv:953 misc:2026 imb:31 pmb:277 smb:7852 d:- ref:0 ;
in:4425 out:4426 type:b dur:2 cpbdur:2 q:32.24 aq:26.36 tex:93 mv:26 misc:417 imb:1 pmb:5 smb:8154 d:- ref:0 ;
in:4428 out:4427 type:P dur:2 cpbdur:2 q:32.23 aq:23.08 tex:13145 mv:1579 misc:2812 imb:53 pmb:484 smb:7623 d:- ref:0 ;
in:4427 out:4428 type:b dur:2 cpbdur:2 q:32.23 aq:28.25 tex:63 mv:40 misc:417 imb:2 pmb:2 smb:8156 d:- ref:0 ;
in:4430 out:4429 type:P dur:2 cpbdur:2 q:32.22 aq:23.09 tex:7243 mv:783 misc:1974 imb:24 pmb:276 smb:7860 d:- ref:0 ;
in:4429 out:4430 type:b dur:2 cpbdur:2 q:32.22 aq:30.94 tex:15 mv:13 misc:404 imb:1 pmb:1 smb:8158 d:- ref:0 ;
in:4432 out:4431 type:P dur:2 cpbdur:2 q:32.21 aq:22.88 tex:13968 mv:1644 misc:2932 imb:67 pmb:499 smb:7594 d:- ref:0 ;
in:4431 out:4432 type:b dur:2 cpbdur:2 q:32.22 aq:30.99 tex:40 mv:9 misc:407 imb:0 pmb:2 smb:8158 d:- ref:0 ;
in:4434 out:4433 type:P dur:2 cpbdur:2 q:32.20 aq:23.15 tex:7270 mv:879 misc:1939 imb:29 pmb:286 smb:7845 d:- ref:0 ;
in:4433 out:4434 type:b dur:2 cpbdur:2 q:32.21 aq:19.54 tex:56 mv:60 misc:420 imb:5 pmb:1 smb:8154 d:- ref:0 ;
in:4436 out:4435 type:P dur:2 cpbdur:2 q:32.19 aq:22.59 tex:14974 mv:1724 misc:2942 imb:56 pmb:545 smb:7559 d:- ref:0 ;
in:4435 out:4436 type:b dur:2 cpbdur:2 q:32.20 aq:24.50 tex:58 mv:34 misc:420 imb:1 pmb:3 smb:8156 d:- ref:0 ;
in:4438 out:4437 type:P dur:2 cpbdur:2 q:32.20 aq:23.58 tex:8406 mv:903 misc:1947 imb:20 pmb:299 smb:7841 d:- ref:0 ;
in:4437 out:4438 type:b dur:2 cpbdur:2 q:32.19 aq:31.00 tex:24 mv:8 misc:400 imb:0 pmb:2 smb:8158 d:- ref:0 ;
in:4440 out:4439 type:P dur:2 cpbdur:2 q:32.18 aq:22.95 tex:15690 mv:1721 misc:2917 imb:58 pmb:554 smb:7548 d:- ref:0 ;
in:4439 out:4440 type:b dur:2 cpbdur:2 q:32.19 aq:30.93 tex:66 mv:23 misc:415 imb:1 pmb:3 smb:8156 d:- ref:0 ;
in:4442 out:4441 type:P dur:2 cpbdur:2 q:32.18 aq:23.56 tex:7069 mv:927 misc:1980 imb:35 pmb:270 smb:7855 d:- ref:0 ;
in:4441 out:4442 type:b dur:2 cpbdur:2 q:32.18 aq:32.34 tex:54 mv:16 misc:402 imb:1 pmb:1 smb:8158 d:- ref:0 ;
in:4444 out:4443 type:P dur:2 cpbdur:2 q:32.16 aq:22.50 tex:13439 mv:1685 misc:2836 imb:53 pmb:497 smb:7610 d:- ref:0 ;
in:4443 out:4444 type:b dur:2 cpbdur:2 q:32.17 aq:30.94 tex:42 mv:8 misc:406 imb:0 pmb:2 smb:8158 d:- ref:0 ;
in:4446 out:4445 type:P dur:2 cpbdur:2 q:32.16 aq:22.58 tex:7217 mv:906 misc:1901 imb:23 pmb:283 smb:7854 d:- ref:0 ;
in:4445 out:4446 type:b dur:2 cpbdur:2 q:32.16 aq:30.86 tex:54 mv:36 misc:414 imb:3 pmb:1 smb:8156 d:- ref:0 ;
in:4448 out:4447 type:P dur:2 cpbdur:2 q:32.14 aq:22.78 tex:14155 mv:1802 misc:2859 imb:62 pmb:501 smb:7597 d:- ref:0 ;
in:4447 out:4448 type:b dur:2 cpbdur:2 q:32.15 aq:23.27 tex:59 mv:39 misc:430 imb:2 pmb:3 smb:8155 d:- ref:0 ;
in:4450 out:4449 type:P dur:2 cpbdur:2 q:32.14 aq:23.04 tex:7149 mv:855 misc:1908 imb:27 pmb:268 smb:7865 d:- ref:0 ;
in:4449 out:4450 type:b dur:2 cpbdur:2 q:32.14 aq:31.00 tex:1 mv:3 misc:396 imb:0 pmb:1 smb:8159 d:- ref:0 ;
in:4452 out:4451 type:P dur:2 cpbdur:2 q:32.12 aq:22.81 tex:15626 mv:1826 misc:3012 imb:74 pmb:539 smb:7547 d:- ref:0 ;
in:4451 out:4452 type:b dur:2 cpbdur:2 q:32.13 aq:23.55 tex:98 mv:56 misc:438 imb:4 pmb:4 smb:8152 d:- ref:0 ;
in:4454 out:4453 type:P dur:2 cpbdur:2 q:32.12 aq:22.93 tex:6079 mv:710 misc:1795 imb:26 pmb:229 smb:7905 d:- ref:0 ;
in:4453 out:4454 type:b dur:2 cpbdur:2 q:32.12 aq:30.95 tex:43 mv:28 misc:409 imb:1 pmb:2 smb:8157 d:- ref:0 ;
in:4456 out:4455 type:P dur:2 cpbdur:2 q:32.10 aq:23.31 tex:16777 mv:1737 misc:2926 imb:55 pmb:524 smb:7581 d:- ref:0 ;
in:4455 out:4456 type:b dur:2 cpbdur:2 q:32.11 aq:30.31 tex:89 mv:70 misc:449 imb:2 pmb:9 smb:8149 d:- ref:0 ;
in:4458 out:4457 type:P dur:2 cpbdur:2 q:32.10 aq:23.34 tex:7535 mv:745 misc:1936 imb:22 pmb:270 smb:7868 d:- ref:0 ;
in:4457 out:4458 type:b dur:2 cpbdur:2 q:32.10 aq:30.94 tex:78 mv:60 misc:438 imb:2 pmb:5 smb:8153 d:- ref:0 ;
in:4460 out:4459 type:P dur:2 cpbdur:2 q:32.09 aq:23.26 tex:15715 mv:1802 misc:2995 imb:59 pmb:528 smb:7573 d:- ref:0 ;
in:4459 out:4460 type:b dur:2 cpbdur:2 q:32.09 aq:29.55 tex:94 mv:55 misc:443 imb:3 pmb:5 smb:8152 d:- ref:0 ;
in:4462 out:4461 type:P dur:2 cpbdur:2 q:32.09 aq:23.18 tex:7592 mv:767 misc:2001 imb:26 pmb:283 smb:7851 d:- ref:0 ;
in:4461 out:4462 type:b dur:2 cpbdur:2 q:32.09 aq:24.20 tex:74 mv:19 misc:411 imb:1 pmb:2 smb:8157 d:- ref:0 ;
in:4464 out:4463 type:P dur:2 cpbdur:2 q:32.07 aq:21.97 tex:15455 mv:1694 misc:2883 imb:80 pmb:495 smb:7585 d:- ref:0 ;
in:4463 out:4464 type:b dur:2 cpbdur:2 q:32.08 aq:31.00 tex:0 mv:0 misc:384 imb:0 pmb:0 smb:8160 d:- ref:0 ;
in:4466 out:4465 type:P dur:2 cpbdur:2 q:32.07 aq:23.55 tex:6626 mv:820 misc:1850 imb:25 pmb:250 smb:7885 d:- ref:0 ;
in:4465 out:4466 type:b dur:2 cpbdur:2 q:32.07 aq:18.60 tex:23 mv:14 misc:403 imb:1 pmb:1 smb:8158 d:- ref:0 ;
in:4468 out:4467 type:P dur:2 cpbdur:2 q:32.05 aq:22.31 tex:13753 mv:1397 misc:2682 imb:53 pmb:465 smb:7642 d:- ref:0 ;
in:4467 out:4468 type:b dur:2 cpbdur:2 q:32.06 aq:18.62 tex:74 mv:55 misc:431 imb:4 pmb:3 smb:8153 d:- ref:0 ;
in:4470 out:4469 type:P dur:2 cpbdur:2 q:32.05 aq:23.53 tex:7231 mv:823 misc:1946 imb:30 pmb:268 smb:7862 d:- ref:0 ;
in:4469 out:4470 type:b dur:2 cpbdur:2 q:32.05 aq:31.00 tex:0 mv:3 misc:397 imb:0 pmb:1 smb:8159 d:- ref:0 ;
in:4472 out:4471 type:P dur:2 cpbdur:2 q:32.04 aq:21.97 tex:13234 mv:1627 misc:2803 imb:48 pmb:492 smb:7620 d:- ref:0 ;
in:4471 out:4472 type:b dur:2 cpbdur:2 q:32.04 aq:27.64 tex:96 mv:24 misc:416 imb:1 pmb:3 smb:8156 d:- ref:0 ;
in:4474 out:4473 type:P dur:2 cpbdur:2 q:32.04 aq:22.88 tex:6826 mv:891 misc:1955 imb:29 pmb:272 smb:7859 d:- ref:0 ;
in:4473 out:4474 type:b dur:2 cpbdur:2 q:32.04 aq:19.57 tex:69 mv:20 misc:407 imb:1 pmb:2 smb:8157 d:- ref:0 ;
in:4476 out:4475 type:P dur:2 cpbdur:2 q:32.02 aq:22.35 tex:14223 mv:1735 misc:2946 imb:64 pmb:494 smb:7602 d:- ref:0 ;
in:4475 out:4476 type:b dur:2 cpbdur:2 q:32.03 aq:29.60 tex:94 mv:44 misc:430 imb:2 pmb:4 smb:8154 d:- ref:0 ;
in:4478 out:4477 type:P dur:2 cpbdur:2 q:32.02 aq:23.18 tex:7023 mv:810 misc:1887 imb:22 pmb:260 smb:7878 d:- ref:0 ;
in:4477 out:4478 type:b dur:2 cpbdur:2 q:32.02 aq:29.02 tex:130 mv:48 misc:438 imb:3 pmb:4 smb:8153 d:- ref:0 ;
in:4480 out:4479 type:P dur:2 cpbdur:2 q:32.01 aq:23.00 tex:15105 mv:1751 misc:2928 imb:52 pmb:527 smb:7581 d:- ref:0 ;
in:4479 out:4480 type:b dur:2 cpbdur:2 q:32.01 aq:21.17 tex:121 mv:53 misc:442 imb:4 pmb:3 smb:8153 d:- ref:0 ;
in:4482 out:4481 type:P dur:2 cpbdur:2 q:32.01 aq:23.35 tex:7337 mv:858 misc:1981 imb:31 pmb:282 smb:7847 d:- ref:0 ;
in:4481 out:4482 type:b dur:2 cpbdur:2 q:32.01 aq:29.65 tex:60 mv:20 misc:408 imb:1 pmb:2 smb:8157 d:- ref:0 ;
in:4484 out:4483 type:P dur:2 cpbdur:2 q:32.00 aq:22.81 tex:14012 mv:1668 misc:2936 imb:64 pmb:507 smb:7589 d:- ref:0 ;
in:4483 out:4484 type:b dur:2 cpbdur:2 q:32.01 aq:21.32 tex:40 mv:49 misc:431 imb:1 pmb:5 smb:8154 d:- ref:0 ;
in:4486 out:4485 type:P dur:2 cpbdur:2 q:32.00 aq:23.33 tex:8845 mv:898 misc:2009 imb:24 pmb:288 smb:7848 d:- ref:0 ;
in:4485 out:4486 type:b dur:2 cpbdur:2 q:32.00 aq:30.92 tex:41 mv:82 misc:453 imb:4 pmb:7 smb:8149 d:- ref:0 ;
in:4488 out:4487 type:P dur:2 cpbdur:2 q:31.99 aq:22.57 tex:13992 mv:1913 misc:2975 imb:64 pmb:514 smb:7582 d:- ref:0 ;
in:4487 out:4488 type:b dur:2 cpbdur:2 q:31.99 aq:30.95 tex:50 mv:8 misc:398 imb:0 pmb:2 smb:8158 d:- ref:0 ;
in:4490 out:4489 type:P dur:2 cpbdur:2 q:31.99 aq:22.63 tex:5604 mv:788 misc:1800 imb:30 pmb:224 smb:7906 d:- ref:0 ;
in:4489 out:4490 type:b dur:2 cpbdur:2 q:31.99 aq:30.98 tex:29 mv:9 misc:410 imb:0 pmb:3 smb:8157 d:- ref:0 ;
in:4492 out:4491 type:P dur:2 cpbdur:2 q:31.97 aq:22.58 tex:12294 mv:1536 misc:2738 imb:56 pmb:444 smb:7660 d:- ref:0 ;
in:4491 out:4492 type:b dur:2 cpbdur:2 q:31.98 aq:27.94 tex:101 mv:31 misc:420 imb:2 pmb:2 smb:8156 d:- ref:0 ;
in:4494 out:4493 type:P dur:2 cpbdur:2 q:31.97 aq:23.50 tex:7324 mv:1217 misc:2067 imb:27 pmb:322 smb:7811 d:- ref:0 ;
in:4493 out:4494 type:b dur:2 cpbdur:2 q:31.97 aq:24.00 tex:108 mv:34 misc:434 imb:1 pmb:5 smb:8154 d:- ref:0 ;
in:4496 out:4495 type:P dur:2 cpbdur:2 q:31.96 aq:23.02 tex:17442 mv:2502 misc:3048 imb:64 pmb:625 smb:7471 d:- ref:0 ;
in:4495 out:4496 type:b dur:2 cpbdur:2 q:31.96 aq:33.09 tex:242 mv:57 misc:437 imb:0 pmb:7 smb:8153 d:- ref:0 ;
in:4498 out:4497 type:P dur:2 cpbdur:2 q:31.96 aq:23.90 tex:12049 mv:1879 misc:2104 imb:36 pmb:398 smb:7726 d:- ref:0 ;
in:4497 out:4498 type:b dur:2 cpbdur:2 q:31.96 aq:32.48 tex:179 mv:69 misc:432 imb:2 pmb:9 smb:8149 d:- ref:0 ;
in:4499 out:4499 type:P dur:2 cpbdur:2 q:31.95 aq:30.51 tex:930 mv:327 misc:655 imb:7 pmb:47 smb:8106 d:- ref:0 ;
in:4500 out:4500 type:I dur:2 cpbdur:2 q:29.11 aq:20.04 tex:498030 mv:140273 misc:689 imb:8160 pmb:0 smb:0 d:- ref:;
in:4502 out:4501 type:P dur:2 cpbdur:2 q:32.57 aq:23.30 tex:7369 mv:1337 misc:1550 imb:33 pmb:250 smb:7877 d:- ref:0 ;
in:4501 out:4502 type:b dur:2 cpbdur:2 q:32.57 aq:33.64 tex:202 mv:101 misc:441 imb:3 pmb:12 smb:8145 d:- ref:0 ;
in:4504 out:4503 type:P dur:2 cpbdur:2 q:32.56 aq:23.14 tex:15220 mv:2778 misc:2890 imb:101 pmb:521 smb:7538 d:- ref:0 ;
in:4503 out:4504 type:b dur:2 cpbdur:2 q:32.56 aq:31.59 tex:306 mv:112 misc:438 imb:2 pmb:11 smb:8147 d:- ref:0 ;
in:4506 out:4505 type:P dur:2 cpbdur:2 q:32.55 aq:24.35 tex:8861 mv:1603 misc:1920 imb:40 pmb:332 smb:7788 d:- ref:0 ;
in:4505 out:4506 type:b dur:2 cpbdur:2 q:32.55 aq:30.01 tex:88 mv:85 misc:467 imb:5 pmb:8 smb:8147 d:- ref:0 ;
in:4508 out:4507 type:P dur:2 cpbdur:2 q:32.53 aq:23.56 tex:17725 mv:3060 misc:2839 imb:78 pmb:601 smb:7481 d:- ref:0 ;
in:4507 out:4508 type:b dur:2 cpbdur:2 q:32.54 aq:31.14 tex:134 mv:57 misc:449 imb:0 pmb:10 smb:8150 d:- ref:0 ;
in:4510 out:4509 type:P dur:2 cpbdur:2 q:32.53 aq:24.49 tex:8232 mv:1801 misc:2047 imb:41 pmb:353 smb:7766 d:- ref:0 ;
in:4509 out:4510 type:b dur:2 cpbdur:2 q:32.53 aq:33.97 tex:106 mv:58 misc:452 imb:3 pmb:6 smb:8151 d:- ref:0 ;
in:4512 out:4511 type:P dur:2 cpbdur:2 q:32.52 aq:22.81 tex:14199 mv:2398 misc:2707 imb:83 pmb:494 smb:7583 d:- ref:0 ;
in:4511 out:4512 type:b dur:2 cpbdur:2 q:32.52 aq:29.99 tex:122 mv:73 misc:453 imb:3 pmb:7 smb:8150 d:- ref:0 ;
in:4514 out:4513 type:P dur:2 cpbdur:2 q:32.51 aq:23.75 tex:8446 mv:1581 misc:2141 imb:32 pmb:365 smb:7763 d:- ref:0 ;
in:4513 out:4514 type:b dur:2 cpbdur:2 q:32.51 aq:32.50 tex:204 mv:42 misc:418 imb:1 pmb:4 smb:8155 d:- ref:0 ;
in:4516 out:4515 type:P dur:2 cpbdur:2 q:32.50 aq:23.37 tex:17601 mv:2954 misc:2909 imb:77 pmb:594 smb:7489 d:- ref:0 ;
in:4515 out:4516 type:b dur:2 cpbdur:2 q:32.51 aq:33.03 tex:187 mv:64 misc:429 imb:0 pmb:12 smb:8148 d:- ref:0 ;
in:4518 out:4517 type:P dur:2 cpbdur:2 q:32.51 aq:24.33 tex:9661 mv:2010 misc:2113 imb:35 pmb:389 smb:7736 d:- ref:0 ;
in:4517 out:4518 type:b dur:2 cpbdur:2 q:32.51 aq:32.47 tex:326 mv:111 misc:443 imb:1 pmb:14 smb:8145 d:- ref:0 ;
in:4520 out:4519 type:P dur:2 cpbdur:2 q:32.60 aq:22.94 tex:15979 mv:2813 misc:2936 imb:82 pmb:570 smb:7508 d:- ref:0 ;
in:4519 out:4520 type:b dur:2 cpbdur:2 q:32.56 aq:32.13 tex:174 mv:89 misc:441 imb:0 pmb:13 smb:8147 d:- ref:0 ;
in:4522 out:4521 type:P dur:2 cpbdur:2 q:32.61 aq:23.88 tex:8382 mv:1525 misc:1941 imb:40 pmb:316 smb:7804 d:- ref:0 ;
in:4521 out:4522 type:b dur:2 cpbdur:2 q:32.61 aq:33.57 tex:215 mv:51 misc:414 imb:0 pmb:7 smb:8153 d:- ref:0 ;
in:4524 out:4523 type:P dur:2 cpbdur:2 q:32.60 aq:23.62 tex:14539 mv:2566 misc:2759 imb:80 pmb:509 smb:7571 d:- ref:0 ;
in:4523 out:4524 type:b dur:2 cpbdur:2 q:32.60 aq:34.77 tex:125 mv:209 misc:522 imb:3 pmb:23 smb:8134 d:- ref:0 ;
in:4526 out:4525 type:P dur:2 cpbdur:2 q:32.60 aq:23.70 tex:9351 mv:2064 misc:2049 imb:33 pmb:394 smb:7733 d:- ref:0 ;
in:4525 out:4526 type:b dur:2 cpbdur:2 q:32.60 aq:34.65 tex:65 mv:21 misc:402 imb:0 pmb:3 smb:8157 d:- ref:0 ;
in:4528 out:4527 type:P dur:2 cpbdur:2 q:32.59 aq:23.20 tex:16311 mv:2765 misc:3012 imb:100 pmb:556 smb:7504 d:- ref:0 ;
in:4527 out:4528 type:b dur:2 cpbdur:2 q:32.59 aq:28.04 tex:22 mv:48 misc:426 imb:1 pmb:5 smb:8154 d:- ref:0 ;
in:4530 out:4529 type:P dur:2 cpbdur:2 q:32.59 aq:23.44 tex:8553 mv:1655 misc:2056 imb:41 pmb:355 smb:7764 d:- ref:0 ;
in:4529 out:4530 type:b dur:2 cpbdur:2 q:32.59 aq:34.91 tex:124 mv:24 misc:420 imb:0 pmb:5 smb:8155 d:- ref:0 ;
in:4532 out:4531 type:P dur:2 cpbdur:2 q:32.58 aq:23.10 tex:14889 mv:2598 misc:2913 imb:76 pmb:558 smb:7526 d:- ref:0 ;
in:4531 out:4532 type:b dur:2 cpbdur:2 q:32.58 aq:34.20 tex:148 mv:94 misc:454 imb:0 pmb:11 smb:8149 d:- ref:0 ;
in:4534 out:4533 type:P dur:2 cpbdur:2 q:32.57 aq:24.30 tex:9342 mv:1734 misc:2036 imb:24 pmb:386 smb:7750 d:- ref:0 ;
in:4533 out:4534 type:b dur:2 cpbdur:2 q:32.58 aq:33.14 tex:304 mv:65 misc:423 imb:0 pmb:8 smb:8152 d:- ref:0 ;
in:4536 out:4535 type:P dur:2 cpbdur:2 q:32.56 aq:23.70 tex:15143 mv:2665 misc:2696 imb:69 pmb:559 smb:7532 d:- ref:0 ;
in:4535 out:4536 type:b dur:2 cpbdur:2 q:32.57 aq:31.34 tex:450 mv:133 misc:465 imb:2 pmb:14 smb:8144 d:- ref:0 ;
in:4538 out:4537 type:P dur:2 cpbdur:2 q:32.56 aq:24.15 tex:11304 mv:1915 misc:2045 imb:44 pmb:391 smb:7725 d:- ref:0 ;
in:4537 out:4538 type:b dur:2 cpbdur:2 q:32.56 aq:33.52 tex:249 mv:74 misc:421 imb:0 pmb:11 smb:8149 d:- ref:0 ;
in:4540 out:4539 type:P dur:2 cpbdur:2 q:32.55 aq:23.38 tex:15471 mv:2747 misc:2950 imb:73 pmb:571 smb:7516 d:- ref:0 ;
in:4539 out:4540 type:b dur:2 cpbdur:2 q:32.56 aq:33.26 tex:319 mv:82 misc:447 imb:2 pmb:9 smb:8149 d:- ref:0 ;
in:4542 out:4541 type:P dur:2 cpbdur:2 q:32.56 aq:23.43 tex:9152 mv:1613 misc:2035 imb:35 pmb:361 smb:7764 d:- ref:0 ;
in:4541 out:4542 type:b dur:2 cpbdur:2 q:32.56 aq:32.86 tex:106 mv:31 misc:423 imb:0 pmb:5 smb:8155 d:- ref:0 ;
in:4544 out:4543 type:P dur:2 cpbdur:2 q:32.55 aq:23.82 tex:17104 mv:3122 misc:2910 imb:94 pmb:597 smb:7469 d:- ref:0 ;
in:4543 out:4544 type:b dur:2 cpbdur:2 q:32.55 aq:31.68 tex:177 mv:89 misc:470 imb:3 pmb:10 smb:8147 d:- ref:0 ;
in:4546 out:4545 type:P dur:2 cpbdur:2 q:32.54 aq:24.68 tex:10114 mv:1835 misc:2035 imb:28 pmb:400 smb:7732 d:- ref:0 ;
in:4545 out:4546 type:b dur:2 cpbdur:2 q:32.54 aq:33.99 tex:74 mv:56 misc:430 imb:1 pmb:8 smb:8151 d:- ref:0 ;
in:4548 out:4547 type:P dur:2 cpbdur:2 q:32.53 aq:23.00 tex:14464 mv:2547 misc:2877 imb:73 pmb:540 smb:7547 d:- ref:0 ;
in:4547 out:4548 type:b dur:2 cpbdur:2 q:32.54 aq:32.92 tex:273 mv:90 misc:477 imb:2 pmb:12 smb:8146 d:- ref:0 ;
in:4550 out:4549 type:P dur:2 cpbdur:2 q:32.53 aq:23.71 tex:8974 mv:1682 misc:2152 imb:32 pmb:387 smb:7741 d:- ref:0 ;
in:4549 out:4550 type:b dur:2 cpbdur:2 q:32.53 aq:32.89 tex:179 mv:64 misc:429 imb:3 pmb:4 smb:8153 d:- ref:0 ;
in:4552 out:4551 type:P dur:2 cpbdur:2 q:32.52 aq:23.22 tex:15450 mv:2794 misc:2804 imb:74 pmb:568 smb:7518 d:- ref:0 ;
in:4551 out:4552 type:b dur:2 cpbdur:2 q:32.53 aq:31.52 tex:287 mv:109 misc:428 imb:1 pmb:12 smb:8147 d:- ref:0 ;
in:4554 out:4553 type:P dur:2 cpbdur:2 q:32.53 aq:24.26 tex:9882 mv:1770 misc:2068 imb:30 pmb:386 smb:7744 d:- ref:0 ;
in:4553 out:4554 type:b dur:2 cpbdur:2 q:32.52 aq:32.26 tex:310 mv:44 misc:430 imb:0 pmb:9 smb:8151 d:- ref:0 ;
in:4556 out:4555 type:P dur:2 cpbdur:2 q:32.52 aq:23.37 tex:17058 mv:2868 misc:3010 imb:72 pmb:616 smb:7472 d:- ref:0 ;
in:4555 out:4556 type:b dur:2 cpbdur:2 q:32.52 aq:32.55 tex:327 mv:128 misc:441 imb:0 pmb:17 smb:8143 d:- ref:0 ;
in:4558 out:4557 type:P dur:2 cpbdur:2 q:32.52 aq:24.44 tex:8963 mv:1595 misc:2050 imb:37 pmb:349 smb:7774 d:- ref:0 ;
in:4557 out:4558 type:b dur:2 cpbdur:2 q:32.52 aq:31.04 tex:337 mv:98 misc:445 imb:3 pmb:7 smb:8150 d:- ref:0 ;
in:4560 out:4559 type:P dur:2 cpbdur:2 q:32.51 aq:23.13 tex:14748 mv:2515 misc:2881 imb:77 pmb:541 smb:7542 d:- ref:0 ;
in:4559 out:4560 type:b dur:2 cpbdur:2 q:32.51 aq:28.80 tex:54 mv:38 misc:428 imb:1 pmb:5 smb:8154 d:- ref:0 ;
in:4562 out:4561 type:P dur:2 cpbdur:2 q:32.51 aq:23.93 tex:10449 mv:2246 misc:1977 imb:50 pmb:392 smb:7718 d:- ref:0 ;
in:4561 out:4562 type:b dur:2 cpbdur:2 q:32.51 aq:34.99 tex:73 mv:11 misc:412 imb:0 pmb:3 smb:8157 d:- ref:0 ;
in:4564 out:4563 type:P dur:2 cpbdur:2 q:32.50 aq:23.40 tex:16185 mv:2812 misc:2835 imb:92 pmb:552 smb:7516 d:- ref:0 ;
in:4563 out:4564 type:b dur:2 cpbdur:2 q:32.51 aq:31.30 tex:107 mv:58 misc:451 imb:1 pmb:8 smb:8151 d:- ref:0 ;
in:4566 out:4565 type:P dur:2 cpbdur:2 q:32.50 aq:24.18 tex:10152 mv:1707 misc:2021 imb:43 pmb:360 smb:7757 d:- ref:0 ;
in:4565 out:4566 type:b dur:2 cpbdur:2 q:32.50 aq:33.97 tex:57 mv:28 misc:411 imb:1 pmb:3 smb:8156 d:- ref:0 ;
in:4568 out:4567 type:P dur:2 cpbdur:2 q:32.49 aq:22.76 tex:15650 mv:2535 misc:2735 imb:65 pmb:544 smb:7551 d:- ref:0 ;
in:4567 out:4568 type:b dur:2 cpbdur:2 q:32.50 aq:34.10 tex:191 mv:50 misc:423 imb:0 pmb:6 smb:8154 d:- ref:0 ;
in:4570 out:4569 type:P dur:2 cpbdur:2 q:32.49 aq:23.67 tex:10471 mv:2026 misc:2135 imb:45 pmb:398 smb:7717 d:- ref:0 ;
in:4569 out:4570 type:b dur:2 cpbdur:2 q:32.49 aq:28.36 tex:373 mv:83 misc:432 imb:1 pmb:10 smb:8149 d:- ref:0 ;
in:4572 out:4571 type:P dur:2 cpbdur:2 q:32.49 aq:23.26 tex:20089 mv:3365 misc:3074 imb:89 pmb:665 smb:7406 d:- ref:0 ;
in:4571 out:4572 type:b dur:2 cpbdur:2 q:32.49 aq:33.16 tex:542 mv:91 misc:455 imb:2 pmb:13 smb:8145 d:- ref:0 ;
in:4574 out:4573 type:P dur:2 cpbdur:2 q:32.49 aq:23.78 tex:10555 mv:1432 misc:1893 imb:25 pmb:348 smb:7787 d:- ref:0 ;
in:4573 out:4574 type:b dur:2 cpbdur:2 q:32.49 aq:33.06 tex:237 mv:80 misc:451 imb:1 pmb:13 smb:8146 d:- ref:0 ;
in:4576 out:4575 type:P dur:2 cpbdur:2 q:32.49 aq:22.74 tex:20093 mv:2417 misc:2842 imb:61 pmb:585 smb:7514 d:- ref:0 ;
in:4575 out:4576 type:b dur:2 cpbdur:2 q:32.49 aq:32.80 tex:345 mv:100 misc:459 imb:2 pmb:13 smb:8145 d:- ref:0 ;
in:4578 out:4577 type:P dur:2 cpbdur:2 q:32.49 aq:22.92 tex:13255 mv:1826 misc:2103 imb:36 pmb:417 smb:7707 d:- ref:0 ;
in:4577 out:4578 type:b dur:2 cpbdur:2 q:32.49 aq:25.13 tex:79 mv:34 misc:423 imb:2 pmb:3 smb:8155 d:- ref:0 ;
in:4580 out:4579 type:P dur:2 cpbdur:2 q:32.48 aq:23.63 tex:15873 mv:2251 misc:2820 imb:69 pmb:544 smb:7547 d:- ref:0 ;
in:4579 out:4580 type:b dur:2 cpbdur:2 q:32.49 aq:30.86 tex:109 mv:55 misc:420 imb:2 pmb:3 smb:8155 d:- ref:0 ;
in:4582 out:4581 type:P dur:2 cpbdur:2 q:32.49 aq:23.94 tex:8891 mv:1022 misc:1935 imb:24 pmb:320 smb:7816 d:- ref:0 ;
in:4581 out:4582 type:b dur:2 cpbdur:2 q:32.49 aq:32.85 tex:80 mv:27 misc:421 imb:0 pmb:4 smb:8156 d:- ref:0 ;
in:4584 out:4583 type:P dur:2 cpbdur:2 q:32.48 aq:23.18 tex:14002 mv:1671 misc:2871 imb:58 pmb:500 smb:7602 d:- ref:0 ;
in:4583 out:4584 type:b dur:2 cpbdur:2 q:32.48 aq:30.94 tex:82 mv:14 misc:416 imb:0 pmb:4 smb:8156 d:- ref:0 ;
in:4586 out:4585 type:P dur:2 cpbdur:2 q:32.47 aq:22.72 tex:7982 mv:1016 misc:1970 imb:23 pmb:297 smb:7840 d:- ref:0 ;
in:4585 out:4586 type:b dur:2 cpbdur:2 q:32.48 aq:24.38 tex:181 mv:61 misc:462 imb:4 pmb:6 smb:8150 d:- ref:0 ;
in:4588 out:4587 type:P dur:2 cpbdur:2 q:32.47 aq:22.90 tex:15532 mv:2010 misc:3090 imb:74 pmb:570 smb:7516 d:- ref:0 ;
in:4587 out:4588 type:b dur:2 cpbdur:2 q:32.47 aq:30.26 tex:64 mv:20 misc:412 imb:1 pmb:2 smb:8157 d:- ref:0 ;
in:4590 out:4589 type:P dur:2 cpbdur:2 q:32.47 aq:23.00 tex:6149 mv:692 misc:1703 imb:21 pmb:233 smb:7906 d:- ref:0 ;
in:4589 out:4590 type:b dur:2 cpbdur:2 q:32.47 aq:31.00 tex:0 mv:0 misc:384 imb:0 pmb:0 smb:8160 d:- ref:0 ;
in:4592 out:4591 type:P dur:2 cpbdur:2 q:32.46 aq:22.98 tex:13879 mv:1579 misc:2750 imb:53 pmb:478 smb:7629 d:- ref:0 ;
in:4591 out:4592 type:b dur:2 cpbdur:2 q:32.47 aq:22.82 tex:22 mv:11 misc:399 imb:1 pmb:0 smb:8159 d:- ref:0 ;
in:4594 out:4593 type:P dur:2 cpbdur:2 q:32.46 aq:23.23 tex:6266 mv:922 misc:1844 imb:22 pmb:255 smb:7883 d:- ref:0 ;
in:4593 out:4594 type:b dur:2 cpbdur:2 q:32.46 aq:29.37 tex:62 mv:19 misc:407 imb:1 pmb:2 smb:8157 d:- ref:0 ;
in:4596 out:4595 type:P dur:2 cpbdur:2 q:32.45 aq:22.89 tex:14003 mv:1690 misc:2819 imb:54 pmb:509 smb:7597 d:- ref:0 ;
in:4595 out:4596 type:b dur:2 cpbdur:2 q:32.46 aq:30.95 tex:67 mv:23 misc:414 imb:1 pmb:3 smb:8156 d:- ref:0 ;
in:4598 out:4597 type:P dur:2 cpbdur:2 q:32.45 aq:23.12 tex:7110 mv:818 misc:1880 imb:23 pmb:262 smb:7875 d:- ref:0 ;
in:4597 out:4598 type:b dur:2 cpbdur:2 q:32.45 aq:32.22 tex:91 mv:24 misc:421 imb:1 pmb:4 smb:8155 d:- ref:0 ;
in:4600 out:4599 type:P dur:2 cpbdur:2 q:32.44 aq:23.39 tex:13380 mv:1609 misc:2707 imb:49 pmb:485 smb:7626 d:- ref:0 ;
in:4599 out:4600 type:b dur:2 cpbdur:2 q:32.45 aq:30.96 tex:50 mv:8 misc:406 imb:0 pmb:2 smb:8158 d:- ref:0 ;
in:4602 out:4601 type:P dur:2 cpbdur:2 q:32.44 aq:22.40 tex:6435 mv:775 misc:1790 imb:24 pmb:246 smb:7890 d:- ref:0 ;
in:4601 out:4602 type:b dur:2 cpbdur:2 q:32.44 aq:24.12 tex:89 mv:12 misc:411 imb:0 pmb:3 smb:8157 d:- ref:0 ;
in:4604 out:4603 type:P dur:2 cpbdur:2 q:32.42 aq:22.90 tex:12528 mv:1707 misc:2805 imb:65 pmb:467 smb:7628 d:- ref:0 ;
in:4603 out:4604 type:b dur:2 cpbdur:2 q:32.43 aq:30.92 tex:54 mv:31 misc:411 imb:2 pmb:2 smb:8156 d:- ref:0 ;
in:4606 out:4605 type:P dur:2 cpbdur:2 q:32.41 aq:24.16 tex:8112 mv:846 misc:1690 imb:28 pmb:220 smb:7912 d:- ref:0 ;
in:4605 out:4606 type:b dur:2 cpbdur:2 q:32.42 aq:30.97 tex:15 mv:22 misc:411 imb:1 pmb:4 smb:8155 d:- ref:0 ;
in:4608 out:4607 type:P dur:2 cpbdur:2 q:32.40 aq:23.15 tex:14804 mv:1763 misc:2993 imb:63 pmb:531 smb:7566 d:- ref:0 ;
in:4607 out:4608 type:b dur:2 cpbdur:2 q:32.41 aq:28.59 tex:111 mv:51 misc:438 imb:4 pmb:2 smb:8154 d:- ref:0 ;
in:4610 out:4609 type:P dur:2 cpbdur:2 q:32.40 aq:23.65 tex:5754 mv:612 misc:1650 imb:14 pmb:219 smb:7927 d:- ref:0 ;
in:4609 out:4610 type:b dur:2 cpbdur:2 q:32.40 aq:28.25 tex:30 mv:22 misc:404 imb:2 pmb:0 smb:8158 d:- ref:0 ;
in:4612 out:4611 type:P dur:2 cpbdur:2 q:32.38 aq:22.87 tex:12919 mv:1550 misc:2763 imb:50 pmb:485 smb:7625 d:- ref:0 ;
in:4611 out:4612 type:b dur:2 cpbdur:2 q:32.39 aq:19.36 tex:40 mv:36 misc:420 imb:3 pmb:1 smb:8156 d:- ref:0 ;
in:4614 out:4613 type:P dur:2 cpbdur:2 q:32.37 aq:23.54 tex:6155 mv:641 misc:1700 imb:13 pmb:239 smb:7908 d:- ref:0 ;
in:4613 out:4614 type:b dur:2 cpbdur:2 q:32.38 aq:31.71 tex:106 mv:36 misc:418 imb:2 pmb:3 smb:8155 d:- ref:0 ;
in:4616 out:4615 type:P dur:2 cpbdur:2 q:32.36 aq:22.76 tex:12624 mv:1465 misc:2591 imb:44 pmb:456 smb:7660 d:- ref:0 ;
in:4615 out:4616 type:b dur:2 cpbdur:2 q:32.37 aq:33.07 tex:103 mv:31 misc:418 imb:2 pmb:2 smb:8156 d:- ref:0 ;
in:4618 out:4617 type:P dur:2 cpbdur:2 q:32.35 aq:23.14 tex:6373 mv:866 misc:1873 imb:33 pmb:251 smb:7876 d:- ref:0 ;
in:4617 out:4618 type:b dur:2 cpbdur:2 q:32.36 aq:29.60 tex:68 mv:41 misc:427 imb:3 pmb:2 smb:8155 d:- ref:0 ;
in:4620 out:4619 type:P dur:2 cpbdur:2 q:32.35 aq:23.34 tex:13260 mv:1612 misc:2768 imb:55 pmb:479 smb:7626 d:- ref:0 ;
in:4619 out:4620 type:b dur:2 cpbdur:2 q:32.35 aq:28.95 tex:18 mv:12 misc:394 imb:1 pmb:0 smb:8159 d:- ref:0 ;
in:4622 out:4621 type:P dur:2 cpbdur:2 q:32.35 aq:23.87 tex:6240 mv:915 misc:1869 imb:25 pmb:267 smb:7868 d:- ref:0 ;
in:4621 out:4622 type:b dur:2 cpbdur:2 q:32.35 aq:26.56 tex:115 mv:34 misc:427 imb:2 pmb:3 smb:8155 d:- ref:0 ;
in:4624 out:4623 type:P dur:2 cpbdur:2 q:32.33 aq:23.08 tex:11966 mv:1426 misc:2560 imb:34 pmb:450 smb:7676 d:- ref:0 ;
in:4623 out:4624 type:b dur:2 cpbdur:2 q:32.34 aq:31.00 tex:0 mv:0 misc:384 imb:0 pmb:0 smb:8160 d:- ref:0 ;
in:4626 out:4625 type:P dur:2 cpbdur:2 q:32.33 aq:23.21 tex:7313 mv:747 misc:1804 imb:18 pmb:260 smb:7882 d:- ref:0 ;
in:4625 out:4626 type:b dur:2 cpbdur:2 q:32.33 aq:30.90 tex:98 mv:13 misc:417 imb:0 pmb:4 smb:8156 d:- ref:0 ;
in:4628 out:4627 type:P dur:2 cpbdur:2 q:32.32 aq:23.55 tex:13135 mv:1607 misc:2650 imb:52 pmb:464 smb:7644 d:- ref:0 ;
in:4627 out:4628 type:b dur:2 cpbdur:2 q:32.32 aq:30.72 tex:48 mv:22 misc:410 imb:1 pmb:2 smb:8157 d:- ref:0 ;
in:4630 out:4629 type:P dur:2 cpbdur:2 q:32.32 aq:23.13 tex:6379 mv:684 misc:1673 imb:27 pmb:213 smb:7920 d:- ref:0 ;
in:4629 out:4630 type:b dur:2 cpbdur:2 q:32.32 aq:30.98 tex:27 mv:5 misc:392 imb:0 pmb:1 smb:8159 d:- ref:0 ;
in:4632 out:4631 type:P dur:2 cpbdur:2 q:32.31 aq:23.09 tex:11681 mv:1457 misc:2526 imb:68 pmb:413 smb:7679 d:- ref:0 ;
in:4631 out:4632 type:b dur:2 cpbdur:2 q:32.31 aq:31.00 tex:28 mv:18 misc:402 imb:0 pmb:2 smb:8158 d:- ref:0 ;
in:4634 out:4633 type:P dur:2 cpbdur:2 q:32.30 aq:24.33 tex:5478 mv:602 misc:1576 imb:19 pmb:202 smb:7939 d:- ref:0 ;
in:4633 out:4634 type:b dur:2 cpbdur:2 q:32.30 aq:30.98 tex:64 mv:25 misc:407 imb:0 pmb:4 smb:8156 d:- ref:0 ;
in:4636 out:4635 type:P dur:2 cpbdur:2 q:32.29 aq:23.70 tex:13228 mv:1240 misc:2412 imb:40 pmb:402 smb:7718 d:- ref:0 ;
in:4635 out:4636 type:b dur:2 cpbdur:2 q:32.29 aq:30.94 tex:73 mv:33 misc:430 imb:1 pmb:7 smb:8152 d:- ref:0 ;
in:4638 out:4637 type:P dur:2 cpbdur:2 q:32.28 aq:24.44 tex:5958 mv:712 misc:1674 imb:26 pmb:212 smb:7922 d:- ref:0 ;
in:4637 out:4638 type:b dur:2 cpbdur:2 q:32.28 aq:30.93 tex:83 mv:34 misc:419 imb:2 pmb:3 smb:8155 d:- ref:0 ;
in:4640 out:4639 type:P dur:2 cpbdur:2 q:32.26 aq:24.78 tex:11060 mv:1150 misc:2230 imb:32 pmb:379 smb:7749 d:- ref:0 ;
in:4639 out:4640 type:b dur:2 cpbdur:2 q:32.27 aq:29.45 tex:85 mv:41 misc:426 imb:3 pmb:2 smb:8155 d:- ref:0 ;
in:4642 out:4641 type:P dur:2 cpbdur:2 q:32.25 aq:24.13 tex:5977 mv:592 misc:1575 imb:17 pmb:212 smb:7931 d:- ref:0 ;
in:4641 out:4642 type:b dur:2 cpbdur:2 q:32.26 aq:30.88 tex:21 mv:12 misc:391 imb:1 pmb:0 smb:8159 d:- ref:0 ;
in:4644 out:4643 type:P dur:2 cpbdur:2 q:32.24 aq:23.70 tex:12395 mv:1064 misc:2349 imb:40 pmb:397 smb:7723 d:- ref:0 ;
in:4643 out:4644 type:b dur:2 cpbdur:2 q:32.25 aq:30.92 tex:54 mv:70 misc:444 imb:4 pmb:4 smb:8152 d:- ref:0 ;
in:4646 out:4645 type:P dur:2 cpbdur:2 q:32.23 aq:23.74 tex:6765 mv:581 misc:1654 imb:18 pmb:242 smb:7900 d:- ref:0 ;
in:4645 out:4646 type:b dur:2 cpbdur:2 q:32.24 aq:24.13 tex:50 mv:27 misc:411 imb:2 pmb:1 smb:8157 d:- ref:0 ;
in:4648 out:4647 type:P dur:2 cpbdur:2 q:32.22 aq:24.14 tex:9790 mv:881 misc:1969 imb:15 pmb:349 smb:7796 d:- ref:0 ;
in:4647 out:4648 type:b dur:2 cpbdur:2 q:32.23 aq:29.02 tex:124 mv:54 misc:438 imb:4 pmb:3 smb:8153 d:- ref:0 ;
in:4652 out:4649 type:P dur:2 cpbdur:2 q:32.21 aq:23.62 tex:24657 mv:2901 misc:4074 imb:99 pmb:871 smb:7190 d:- ref:0 ;
in:4650 out:4650 type:B dur:2 cpbdur:2 q:32.22 aq:29.51 tex:171 mv:37 misc:448 imb:2 pmb:4 smb:8154 d:- ref:0 ;
in:4649 out:4651 type:b dur:2 cpbdur:2 q:32.22 aq:21.19 tex:127 mv:63 misc:442 imb:5 pmb:2 smb:8153 d:- ref:0 ;
in:4651 out:4652 type:b dur:2 cpbdur:2 q:32.21 aq:30.93 tex:36 mv:47 misc:429 imb:2 pmb:4 smb:8154 d:- ref:0 ;
in:4654 out:4653 type:P dur:2 cpbdur:2 q:32.36 aq:22.29 tex:17267 mv:2478 misc:3671 imb:116 pmb:649 smb:7395 d:- ref:0 ;
in:4653 out:4654 type:b dur:2 cpbdur:2 q:32.28 aq:29.68 tex:50 mv:39 misc:423 imb:3 pmb:1 smb:8156 d:- ref:0 ;
in:4656 out:4655 type:P dur:2 cpbdur:2 q:32.37 aq:23.44 tex:7182 mv:1047 misc:2051 imb:44 pmb:273 smb:7843 d:- ref:0 ;
in:4655 out:4656 type:b dur:2 cpbdur:2 q:32.36 aq:31.87 tex:28 mv:8 misc:404 imb:0 pmb:2 smb:8158 d:- ref:0 ;
in:4658 out:4657 type:P dur:2 cpbdur:2 q:32.37 aq:23.03 tex:13800 mv:1827 misc:2925 imb:72 pmb:527 smb:7561 d:- ref:0 ;
in:4657 out:4658 type:b dur:2 cpbdur:2 q:32.37 aq:24.75 tex:42 mv:31 misc:415 imb:3 pmb:0 smb:8157 d:- ref:0 ;
in:4660 out:4659 type:P dur:2 cpbdur:2 q:32.35 aq:22.78 tex:6890 mv:851 misc:1955 imb:30 pmb:266 smb:7864 d:- ref:0 ;
in:4659 out:4660 type:b dur:2 cpbdur:2 q:32.36 aq:21.00 tex:72 mv:71 misc:441 imb:5 pmb:2 smb:8153 d:- ref:0 ;
in:4662 out:4661 type:P dur:2 cpbdur:2 q:32.35 aq:22.24 tex:12737 mv:1612 misc:2827 imb:59 pmb:469 smb:7632 d:- ref:0 ;
in:4661 out:4662 type:b dur:2 cpbdur:2 q:32.35 aq:30.96 tex:15 mv:11 misc:398 imb:1 pmb:0 smb:8159 d:- ref:0 ;
in:4664 out:4663 type:P dur:2 cpbdur:2 q:32.33 aq:22.24 tex:6570 mv:909 misc:1889 imb:32 pmb:252 smb:7876 d:- ref:0 ;
in:4663 out:4664 type:b dur:2 cpbdur:2 q:32.34 aq:22.93 tex:61 mv:19 misc:408 imb:1 pmb:2 smb:8157 d:- ref:0 ;
in:4666 out:4665 type:P dur:2 cpbdur:2 q:32.34 aq:22.11 tex:15679 mv:1789 misc:2908 imb:81 pmb:486 smb:7593 d:- ref:0 ;
in:4665 out:4666 type:b dur:2 cpbdur:2 q:32.34 aq:21.38 tex:60 mv:36 misc:424 imb:2 pmb:5 smb:8153 d:- ref:0 ;
in:4668 out:4667 type:P dur:2 cpbdur:2 q:32.27 aq:23.69 tex:7584 mv:902 misc:2058 imb:25 pmb:290 smb:7845 d:- ref:0 ;
in:4667 out:4668 type:b dur:2 cpbdur:2 q:32.30 aq:31.00 tex:0 mv:0 misc:384 imb:0 pmb:0 smb:8160 d:- ref:0 ;
in:4670 out:4669 type:P dur:2 cpbdur:2 q:32.21 aq:22.74 tex:14863 mv:1718 misc:2859 imb:71 pmb:491 smb:7598 d:- ref:0 ;
in:4669 out:4670 type:b dur:2 cpbdur:2 q:32.24 aq:32.04 tex:71 mv:8 misc:401 imb:0 pmb:2 smb:8158 d:- ref:0 ;
in:4672 out:4671 type:P dur:2 cpbdur:2 q:32.15 aq:23.76 tex:6217 mv:789 misc:1818 imb:25 pmb:240 smb:7895 d:- ref:0 ;
in:4671 out:4672 type:b dur:2 cpbdur:2 q:32.18 aq:30.93 tex:28 mv:5 misc:391 imb:0 pmb:1 smb:8159 d:- ref:0 ;
in:4674 out:4673 type:P dur:2 cpbdur:2 q:32.13 aq:23.00 tex:14962 mv:1770 misc:2980 imb:60 pmb:532 smb:7568 d:- ref:0 ;
in:4673 out:4674 type:b dur:2 cpbdur:2 q:32.14 aq:29.43 tex:78 mv:31 misc:419 imb:2 pmb:2 smb:8156 d:- ref:0 ;
in:4676 out:4675 type:P dur:2 cpbdur:2 q:32.12 aq:23.45 tex:7015 mv:872 misc:1905 imb:29 pmb:258 smb:7873 d:- ref:0 ;
in:4675 out:4676 type:b dur:2 cpbdur:2 q:32.13 aq:26.15 tex:51 mv:30 misc:415 imb:2 pmb:2 smb:8156 d:- ref:0 ;
in:4678 out:4677 type:P dur:2 cpbdur:2 q:32.11 aq:22.69 tex:14803 mv:1715 misc:2994 imb:65 pmb:525 smb:7570 d:- ref:0 ;
in:4677 out:4678 type:b dur:2 cpbdur:2 q:32.12 aq:28.72 tex:43 mv:9 misc:404 imb:0 pmb:2 smb:8158 d:- ref:0 ;
in:4680 out:4679 type:P dur:2 cpbdur:2 q:32.11 aq:23.31 tex:7428 mv:874 misc:1938 imb:26 pmb:269 smb:7865 d:- ref:0 ;
in:4679 out:4680 type:b dur:2 cpbdur:2 q:32.11 aq:27.47 tex:24 mv:22 misc:402 imb:2 pmb:0 smb:8158 d:- ref:0 ;
in:4682 out:4681 type:P dur:2 cpbdur:2 q:32.09 aq:22.53 tex:15645 mv:1879 misc:3076 imb:76 pmb:566 smb:7518 d:- ref:0 ;
in:4681 out:4682 type:b dur:2 cpbdur:2 q:32.10 aq:24.08 tex:56 mv:31 misc:417 imb:2 pmb:2 smb:8156 d:- ref:0 ;
in:4684 out:4683 type:P dur:2 cpbdur:2 q:32.08 aq:23.57 tex:9297 mv:1030 misc:2193 imb:24 pmb:357 smb:7779 d:- ref:0 ;
in:4683 out:4684 type:b dur:2 cpbdur:2 q:32.09 aq:29.65 tex:129 mv:34 misc:429 imb:2 pmb:3 smb:8155 d:- ref:0 ;
in:4686 out:4685 type:P dur:2 cpbdur:2 q:32.08 aq:22.99 tex:17141 mv:1845 misc:3102 imb:59 pmb:588 smb:7513 d:- ref:0 ;
in:4685 out:4686 type:b dur:2 cpbdur:2 q:32.08 aq:23.93 tex:52 mv:37 misc:423 imb:3 pmb:1 smb:8156 d:- ref:0 ;
in:4688 out:4687 type:P dur:2 cpbdur:2 q:32.08 aq:23.13 tex:7494 mv:992 misc:2074 imb:33 pmb:290 smb:7837 d:- ref:0 ;
in:4687 out:4688 type:b dur:2 cpbdur:2 q:32.08 aq:31.00 tex:0 mv:0 misc:384 imb:0 pmb:0 smb:8160 d:- ref:0 ;
in:4690 out:4689 type:P dur:2 cpbdur:2 q:32.07 aq:22.78 tex:15036 mv:1823 misc:2965 imb:47 pmb:555 smb:7558 d:- ref:0 ;
in:4689 out:4690 type:b dur:2 cpbdur:2 q:32.07 aq:23.33 tex:124 mv:76 misc:464 imb:4 pmb:8 smb:8148 d:- ref:0 ;
in:4692 out:4691 type:P dur:2 cpbdur:2 q:32.07 aq:22.13 tex:7028 mv:942 misc:1934 imb:27 pmb:271 smb:7862 d:- ref:0 ;
in:4691 out:4692 type:b dur:2 cpbdur:2 q:32.07 aq:31.00 tex:0 mv:9 misc:391 imb:0 pmb:1 smb:8159 d:- ref:0 ;
in:4694 out:4693 type:P dur:2 cpbdur:2 q:32.06 aq:22.86 tex:16467 mv:1778 misc:3011 imb:59 pmb:552 smb:7549 d:- ref:0 ;
in:4693 out:4694 type:b dur:2 cpbdur:2 q:32.06 aq:24.47 tex:80 mv:49 misc:431 imb:3 pmb:4 smb:8153 d:- ref:0 ;
in:4696 out:4695 type:P dur:2 cpbdur:2 q:32.05 aq:23.79 tex:8487 mv:707 misc:1758 imb:23 pmb:230 smb:7907 d:- ref:0 ;
in:4695 out:4696 type:b dur:2 cpbdur:2 q:32.06 aq:23.93 tex:52 mv:25 misc:419 imb:1 pmb:5 smb:8154 d:- ref:0 ;
in:4698 out:4697 type:P dur:2 cpbdur:2 q:32.04 aq:23.06 tex:15093 mv:1814 misc:2925 imb:70 pmb:502 smb:7588 d:- ref:0 ;
in:4697 out:4698 type:b dur:2 cpbdur:2 q:32.05 aq:30.93 tex:101 mv:49 misc:434 imb:3 pmb:5 smb:8152 d:- ref:0 ;
in:4700 out:4699 type:P dur:2 cpbdur:2 q:32.03 aq:23.45 tex:7366 mv:793 misc:1881 imb:21 pmb:264 smb:7875 d:- ref:0 ;
in:4699 out:4700 type:b dur:2 cpbdur:2 q:32.04 aq:30.55 tex:90 mv:22 misc:424 imb:1 pmb:3 smb:8156 d:- ref:0 ;
in:4702 out:4701 type:P dur:2 cpbdur:2 q:32.02 aq:22.84 tex:17319 mv:1831 misc:3058 imb:60 pmb:579 smb:7521 d:- ref:0 ;
in:4701 out:4702 type:b dur:2 cpbdur:2 q:32.03 aq:29.93 tex:121 mv:57 misc:438 imb:3 pmb:4 smb:8153 d:- ref:0 ;
in:4704 out:4703 type:P dur:2 cpbdur:2 q:32.02 aq:23.86 tex:7185 mv:746 misc:1805 imb:16 pmb:259 smb:7885 d:- ref:0 ;
in:4703 out:4704 type:b dur:2 cpbdur:2 q:32.02 aq:23.61 tex:68 mv:5 misc:399 imb:0 pmb:1 smb:8159 d:- ref:0 ;
in:4706 out:4705 type:P dur:2 cpbdur:2 q:32.01 aq:22.46 tex:15353 mv:1918 misc:3033 imb:66 pmb:545 smb:7549 d:- ref:0 ;
in:4705 out:4706 type:b dur:2 cpbdur:2 q:32.02 aq:30.93 tex:52 mv:40 misc:412 imb:2 pmb:3 smb:8155 d:- ref:0 ;
in:4708 out:4707 type:P dur:2 cpbdur:2 q:32.01 aq:23.21 tex:7032 mv:805 misc:1899 imb:28 pmb:268 smb:7864 d:- ref:0 ;
in:4707 out:4708 type:b dur:2 cpbdur:2 q:32.01 aq:23.65 tex:136 mv:27 misc:421 imb:1 pmb:4 smb:8155 d:- ref:0 ;
in:4710 out:4709 type:P dur:2 cpbdur:2 q:31.99 aq:23.64 tex:14770 mv:1632 misc:2782 imb:42 pmb:516 smb:7602 d:- ref:0 ;
in:4709 out:4710 type:b dur:2 cpbdur:2 q:32.00 aq:32.38 tex:68 mv:38 misc:414 imb:3 pmb:1 smb:8156 d:- ref:0 ;
in:4712 out:4711 type:P dur:2 cpbdur:2 q:31.99 aq:23.76 tex:7664 mv:977 misc:2055 imb:28 pmb:295 smb:7837 d:- ref:0 ;
in:4711 out:4712 type:b dur:2 cpbdur:2 q:31.99 aq:30.92 tex:87 mv:50 misc:415 imb:3 pmb:2 smb:8155 d:- ref:0 ;
in:4714 out:4713 type:P dur:2 cpbdur:2 q:31.99 aq:23.05 tex:16849 mv:2052 misc:3227 imb:66 pmb:602 smb:7492 d:- ref:0 ;
in:4713 out:4714 type:b dur:2 cpbdur:2 q:31.99 aq:30.93 tex:82 mv:40 misc:422 imb:3 pmb:2 smb:8155 d:- ref:0 ;
in:4716 out:4715 type:P dur:2 cpbdur:2 q:32.00 aq:23.10 tex:8997 mv:932 misc:2079 imb:29 pmb:323 smb:7808 d:- ref:0 ;
in:4715 out:4716 type:b dur:2 cpbdur:2 q:31.99 aq:29.57 tex:71 mv:20 misc:413 imb:1 pmb:2 smb:8157 d:- ref:0 ;
in:4718 out:4717 type:P dur:2 cpbdur:2 q:31.99 aq:22.77 tex:16552 mv:1906 misc:3094 imb:78 pmb:576 smb:7506 d:- ref:0 ;
in:4717 out:4718 type:b dur:2 cpbdur:2 q:31.99 aq:30.78 tex:109 mv:47 misc:428 imb:2 pmb:4 smb:8154 d:- ref:0 ;
in:4720 out:4719 type:P dur:2 cpbdur:2 q:31.99 aq:23.10 tex:7397 mv:850 misc:2025 imb:26 pmb:294 smb:7840 d:- ref:0 ;
in:4719 out:4720 type:b dur:2 cpbdur:2 q:31.99 aq:30.94 tex:86 mv:33 misc:425 imb:2 pmb:3 smb:8155 d:- ref:0 ;
in:4722 out:4721 type:P dur:2 cpbdur:2 q:31.97 aq:23.13 tex:16273 mv:1711 misc:2984 imb:57 pmb:551 smb:7552 d:- ref:0 ;
in:4721 out:4722 type:b dur:2 cpbdur:2 q:31.98 aq:29.04 tex:58 mv:33 misc:429 imb:2 pmb:3 smb:8155 d:- ref:0 ;
in:4724 out:4723 type:P dur:2 cpbdur:2 q:31.97 aq:23.26 tex:6440 mv:844 misc:1860 imb:31 pmb:244 smb:7885 d:- ref:0 ;
in:4723 out:4724 type:b dur:2 cpbdur:2 q:31.97 aq:30.92 tex:87 mv:41 misc:424 imb:2 pmb:4 smb:8154 d:- ref:0 ;
in:4726 out:4725 type:P dur:2 cpbdur:2 q:31.96 aq:22.34 tex:18962 mv:2006 misc:3168 imb:88 pmb:561 smb:7511 d:- ref:0 ;
in:4725 out:4726 type:b dur:2 cpbdur:2 q:31.97 aq:30.97 tex:30 mv:27 misc:423 imb:0 pmb:7 smb:8153 d:- ref:0 ;
in:4728 out:4727 type:P dur:2 cpbdur:2 q:31.97 aq:23.45 tex:7491 mv:709 misc:1840 imb:19 pmb:269 smb:7872 d:- ref:0 ;
in:4727 out:4728 type:b dur:2 cpbdur:2 q:31.96 aq:31.00 tex:0 mv:9 misc:399 imb:0 pmb:1 smb:8159 d:- ref:0 ;
in:4730 out:4729 type:P dur:2 cpbdur:2 q:31.95 aq:23.16 tex:16590 mv:1938 misc:3080 imb:63 pmb:568 smb:7529 d:- ref:0 ;
in:4729 out:4730 type:b dur:2 cpbdur:2 q:31.96 aq:30.93 tex:61 mv:43 misc:424 imb:2 pmb:3 smb:8155 d:- ref:0 ;
in:4732 out:4731 type:P dur:2 cpbdur:2 q:31.94 aq:22.80 tex:8003 mv:938 misc:2035 imb:34 pmb:286 smb:7840 d:- ref:0 ;
in:4731 out:4732 type:b dur:2 cpbdur:2 q:31.94 aq:20.29 tex:27 mv:46 misc:423 imb:4 pmb:1 smb:8155 d:- ref:0 ;
in:4734 out:4733 type:P dur:2 cpbdur:2 q:31.92 aq:23.32 tex:15463 mv:1600 misc:2809 imb:66 pmb:493 smb:7601 d:- ref:0 ;
in:4733 out:4734 type:b dur:2 cpbdur:2 q:31.93 aq:29.09 tex:135 mv:74 misc:463 imb:6 pmb:4 smb:8150 d:- ref:0 ;
in:4736 out:4735 type:P dur:2 cpbdur:2 q:31.92 aq:22.98 tex:8053 mv:897 misc:1994 imb:26 pmb:302 smb:7832 d:- ref:0 ;
in:4735 out:4736 type:b dur:2 cpbdur:2 q:31.92 aq:27.24 tex:70 mv:37 misc:421 imb:3 pmb:1 smb:8156 d:- ref:0 ;
in:4738 out:4737 type:P dur:2 cpbdur:2 q:31.91 aq:22.76 tex:16670 mv:1868 misc:3086 imb:64 pmb:568 smb:7528 d:- ref:0 ;
in:4737 out:4738 type:b dur:2 cpbdur:2 q:31.92 aq:30.97 tex:17 mv:11 misc:396 imb:1 pmb:0 smb:8159 d:- ref:0 ;
in:4740 out:4739 type:P dur:2 cpbdur:2 q:31.92 aq:22.40 tex:7853 mv:1030 misc:2061 imb:42 pmb:281 smb:7837 d:- ref:0 ;
in:4739 out:4740 type:b dur:2 cpbdur:2 q:31.92 aq:31.00 tex:0 mv:18 misc:398 imb:0 pmb:2 smb:8158 d:- ref:0 ;
in:4742 out:4741 type:P dur:2 cpbdur:2 q:31.91 aq:22.59 tex:16371 mv:1718 misc:2967 imb:61 pmb:530 smb:7569 d:- ref:0 ;
in:4741 out:4742 type:b dur:2 cpbdur:2 q:31.91 aq:30.92 tex:53 mv:36 misc:423 imb:2 pmb:3 smb:8155 d:- ref:0 ;
in:4744 out:4743 type:P dur:2 cpbdur:2 q:31.90 aq:23.05 tex:8767 mv:882 misc:2039 imb:14 pmb:316 smb:7830 d:- ref:0 ;
in:4743 out:4744 type:b dur:2 cpbdur:2 q:31.91 aq:21.21 tex:95 mv:60 misc:437 imb:3 pmb:4 smb:8153 d:- ref:0 ;
in:4746 out:4745 type:P dur:2 cpbdur:2 q:31.89 aq:22.78 tex:17256 mv:1894 misc:3114 imb:78 pmb:599 smb:7483 d:- ref:0 ;
in:4745 out:4746 type:b dur:2 cpbdur:2 q:31.90 aq:29.02 tex:96 mv:54 misc:442 imb:4 pmb:3 smb:8153 d:- ref:0 ;
in:4748 out:4747 type:P dur:2 cpbdur:2 q:31.90 aq:23.26 tex:8287 mv:911 misc:2002 imb:38 pmb:285 smb:7837 d:- ref:0 ;
in:4747 out:4748 type:b dur:2 cpbdur:2 q:31.90 aq:30.96 tex:27 mv:5 misc:392 imb:0 pmb:1 smb:8159 d:- ref:0 ;
in:4749 out:4749 type:P dur:2 cpbdur:2 q:31.89 aq:24.68 tex:135 mv:46 misc:459 imb:6 pmb:2 smb:8152 d:- ref:0 ;
in:4750 out:4750 type:I dur:2 cpbdur:2 q:29.04 aq:19.88 tex:519516 mv:143060 misc:688 imb:8160 pmb:0 smb:0 d:- ref:;
in:4752 out:4751 type:P dur:2 cpbdur:2 q:32.52 aq:24.04 tex:3562 mv:514 misc:1220 imb:29 pmb:114 smb:8017 d:- ref:0 ;
in:4751 out:4752 type:b dur:2 cpbdur:2 q:32.52 aq:31.93 tex:16 mv:12 misc:396 imb:1 pmb:0 smb:8159 d:- ref:0 ;
in:4754 out:4753 type:P dur:2 cpbdur:2 q:32.50 aq:23.41 tex:12117 mv:1658 misc:2681 imb:76 pmb:408 smb:7676 d:- ref:0 ;
in:4753 out:4754 type:b dur:2 cpbdur:2 q:32.51 aq:31.91 tex:43 mv:54 misc:415 imb:3 pmb:2 smb:8155 d:- ref:0 ;
in:4756 out:4755 type:P dur:2 cpbdur:2 q:32.49 aq:23.68 tex:9187 mv:819 misc:1778 imb:32 pmb:225 smb:7903 d:- ref:0 ;
in:4755 out:4756 type:b dur:2 cpbdur:2 q:32.50 aq:18.96 tex:122 mv:46 misc:440 imb:2 pmb:8 smb:8150 d:- ref:0 ;
in:4758 out:4757 type:P dur:2 cpbdur:2 q:32.48 aq:23.73 tex:14580 mv:1830 misc:2806 imb:68 pmb:479 smb:7613 d:- ref:0 ;
in:4757 out:4758 type:b dur:2 cpbdur:2 q:32.49 aq:23.78 tex:76 mv:30 misc:414 imb:2 pmb:2 smb:8156 d:- ref:0 ;
in:4760 out:4759 type:P dur:2 cpbdur:2 q:32.48 aq:24.17 tex:6474 mv:797 misc:1833 imb:23 pmb:248 smb:7889 d:- ref:0 ;
in:4759 out:4760 type:b dur:2 cpbdur:2 q:32.48 aq:32.00 tex:0 mv:0 misc:384 imb:0 pmb:0 smb:8160 d:- ref:0 ;
in:4762 out:4761 type:P dur:2 cpbdur:2 q:32.47 aq:23.47 tex:15649 mv:1875 misc:3020 imb:79 pmb:530 smb:7551 d:- ref:0 ;
in:4761 out:4762 type:b dur:2 cpbdur:2 q:32.47 aq:24.90 tex:152 mv:49 misc:439 imb:3 pmb:5 smb:8152 d:- ref:0 ;
in:4764 out:4763 type:P dur:2 cpbdur:2 q:32.46 aq:24.42 tex:7177 mv:907 misc:1884 imb:34 pmb:264 smb:7862 d:- ref:0 ;
in:4763 out:4764 type:b dur:2 cpbdur:2 q:32.47 aq:28.47 tex:85 mv:54 misc:437 imb:3 pmb:4 smb:8153 d:- ref:0 ;
in:4766 out:4765 type:P dur:2 cpbdur:2 q:32.45 aq:23.28 tex:13356 mv:1749 misc:2911 imb:71 pmb:490 smb:7599 d:- ref:0 ;
in:4765 out:4766 type:b dur:2 cpbdur:2 q:32.45 aq:25.75 tex:71 mv:40 misc:425 imb:3 pmb:2 smb:8155 d:- ref:0 ;
in:4768 out:4767 type:P dur:2 cpbdur:2 q:32.44 aq:22.77 tex:6960 mv:942 misc:1866 imb:30 pmb:259 smb:7871 d:- ref:0 ;
in:4767 out:4768 type:b dur:2 cpbdur:2 q:32.44 aq:24.17 tex:44 mv:56 misc:436 imb:5 pmb:2 smb:8153 d:- ref:0 ;
in:4770 out:4769 type:P dur:2 cpbdur:2 q:32.53 aq:23.49 tex:11573 mv:1585 misc:2682 imb:47 pmb:454 smb:7659 d:- ref:0 ;
in:4769 out:4770 type:b dur:2 cpbdur:2 q:32.49 aq:30.93 tex:81 mv:13 misc:418 imb:0 pmb:4 smb:8156 d:- ref:0 ;
in:4772 out:4771 type:P dur:2 cpbdur:2 q:32.53 aq:23.01 tex:6030 mv:842 misc:1816 imb:23 pmb:239 smb:7898 d:- ref:0 ;
in:4771 out:4772 type:b dur:2 cpbdur:2 q:32.53 aq:27.14 tex:27 mv:28 misc:401 imb:1 pmb:1 smb:8158 d:- ref:0 ;
in:4774 out:4773 type:P dur:2 cpbdur:2 q:32.52 aq:23.19 tex:14146 mv:2148 misc:3066 imb:74 pmb:546 smb:7540 d:- ref:0 ;
in:4773 out:4774 type:b dur:2 cpbdur:2 q:32.52 aq:30.96 tex:12 mv:11 misc:393 imb:1 pmb:0 smb:8159 d:- ref:0 ;
in:4776 out:4775 type:P dur:2 cpbdur:2 q:32.52 aq:24.17 tex:7075 mv:849 misc:1924 imb:22 pmb:285 smb:7853 d:- ref:0 ;
in:4775 out:4776 type:b dur:2 cpbdur:2 q:32.52 aq:30.96 tex:38 mv:34 misc:416 imb:3 pmb:1 smb:8156 d:- ref:0 ;
in:4778 out:4777 type:P dur:2 cpbdur:2 q:32.50 aq:23.77 tex:11813 mv:1683 misc:2728 imb:53 pmb:460 smb:7647 d:- ref:0 ;
in:4777 out:4778 type:b dur:2 cpbdur:2 q:32.51 aq:31.00 tex:0 mv:0 misc:384 imb:0 pmb:0 smb:8160 d:- ref:0 ;
in:4780 out:4779 type:P dur:2 cpbdur:2 q:32.49 aq:23.70 tex:5610 mv:781 misc:1793 imb:38 pmb:220 smb:7902 d:- ref:0 ;
in:4779 out:4780 type:b dur:2 cpbdur:2 q:32.50 aq:23.11 tex:70 mv:27 misc:407 imb:2 pmb:1 smb:8157 d:- ref:0 ;
in:4782 out:4781 type:P dur:2 cpbdur:2 q:32.48 aq:22.52 tex:12773 mv:1768 misc:2923 imb:73 pmb:483 smb:7604 d:- ref:0 ;
in:4781 out:4782 type:b dur:2 cpbdur:2 q:32.49 aq:31.61 tex:100 mv:71 misc:437 imb:5 pmb:2 smb:8153 d:- ref:0 ;
in:4784 out:4783 type:P dur:2 cpbdur:2 q:32.48 aq:23.20 tex:5945 mv:845 misc:1810 imb:33 pmb:240 smb:7887 d:- ref:0 ;
in:4783 out:4784 type:b dur:2 cpbdur:2 q:32.48 aq:30.60 tex:23 mv:11 misc:398 imb:1 pmb:0 smb:8159 d:- ref:0 ;
in:4786 out:4785 type:P dur:2 cpbdur:2 q:32.47 aq:22.84 tex:14358 mv:1762 misc:2816 imb:75 pmb:460 smb:7625 d:- ref:0 ;
in:4785 out:4786 type:b dur:2 cpbdur:2 q:32.48 aq:31.40 tex:71 mv:58 misc:431 imb:4 pmb:5 smb:8151 d:- ref:0 ;
in:4788 out:4787 type:P dur:2 cpbdur:2 q:32.46 aq:24.12 tex:6921 mv:743 misc:1768 imb:23 pmb:248 smb:7889 d:- ref:0 ;
in:4787 out:4788 type:b dur:2 cpbdur:2 q:32.46 aq:22.89 tex:59 mv:16 misc:405 imb:1 pmb:1 smb:8158 d:- ref:0 ;
in:4790 out:4789 type:P dur:2 cpbdur:2 q:32.44 aq:23.36 tex:11171 mv:1487 misc:2614 imb:56 pmb:423 smb:7681 d:- ref:0 ;
in:4789 out:4790 type:b dur:2 cpbdur:2 q:32.45 aq:29.61 tex:155 mv:54 misc:439 imb:4 pmb:3 smb:8153 d:- ref:0 ;
in:4792 out:4791 type:P dur:2 cpbdur:2 q:32.44 aq:24.18 tex:6643 mv:798 misc:1839 imb:20 pmb:253 smb:7887 d:- ref:0 ;
in:4791 out:4792 type:b dur:2 cpbdur:2 q:32.44 aq:30.95 tex:57 mv:20 misc:411 imb:1 pmb:2 smb:8157 d:- ref:0 ;
in:4794 out:4793 type:P dur:2 cpbdur:2 q:32.43 aq:23.03 tex:13707 mv:1608 misc:2749 imb:68 pmb:474 smb:7618 d:- ref:0 ;
in:4793 out:4794 type:b dur:2 cpbdur:2 q:32.43 aq:30.94 tex:60 mv:36 misc:416 imb:2 pmb:3 smb:8155 d:- ref:0 ;
in:4796 out:4795 type:P dur:2 cpbdur:2 q:32.43 aq:25.21 tex:5812 mv:688 misc:1716 imb:17 pmb:225 smb:7918 d:- ref:0 ;
in:4795 out:4796 type:b dur:2 cpbdur:2 q:32.43 aq:30.95 tex:46 mv:8 misc:402 imb:0 pmb:2 smb:8158 d:- ref:0 ;
in:4798 out:4797 type:P dur:2 cpbdur:2 q:32.41 aq:22.93 tex:12080 mv:1428 misc:2676 imb:51 pmb:451 smb:7658 d:- ref:0 ;
in:4797 out:4798 type:b dur:2 cpbdur:2 q:32.42 aq:28.45 tex:40 mv:24 misc:424 imb:1 pmb:3 smb:8156 d:- ref:0 ;
in:4800 out:4799 type:P dur:2 cpbdur:2 q:32.40 aq:24.27 tex:5056 mv:719 misc:1577 imb:19 pmb:201 smb:7940 d:- ref:0 ;
in:4799 out:4800 type:b dur:2 cpbdur:2 q:32.41 aq:30.94 tex:29 mv:5 misc:398 imb:0 pmb:1 smb:8159 d:- ref:0 ;
in:4802 out:4801 type:P dur:2 cpbdur:2 q:32.39 aq:23.58 tex:10785 mv:1285 misc:2522 imb:43 pmb:414 smb:7703 d:- ref:0 ;
in:4801 out:4802 type:b dur:2 cpbdur:2 q:32.40 aq:30.95 tex:63 mv:29 misc:412 imb:2 pmb:2 smb:8156 d:- ref:0 ;
in:4804 out:4803 type:P dur:2 cpbdur:2 q:32.38 aq:22.90 tex:7008 mv:838 misc:1938 imb:34 pmb:256 smb:7870 d:- ref:0 ;
in:4803 out:4804 type:b dur:2 cpbdur:2 q:32.38 aq:28.95 tex:76 mv:30 misc:414 imb:2 pmb:2 smb:8156 d:- ref:0 ;
in:4806 out:4805 type:P dur:2 cpbdur:2 q:32.38 aq:22.78 tex:12995 mv:1598 misc:2815 imb:71 pmb:466 smb:7623 d:- ref:0 ;
in:4805 out:4806 type:b dur:2 cpbdur:2 q:32.38 aq:25.98 tex:58 mv:21 misc:409 imb:1 pmb:2 smb:8157 d:- ref:0 ;
in:4808 out:4807 type:P dur:2 cpbdur:2 q:32.37 aq:23.77 tex:6274 mv:785 misc:1757 imb:25 pmb:249 smb:7886 d:- ref:0 ;
in:4807 out:4808 type:b dur:2 cpbdur:2 q:32.37 aq:29.65 tex:55 mv:23 misc:418 imb:1 pmb:3 smb:8156 d:- ref:0 ;
in:4810 out:4809 type:P dur:2 cpbdur:2 q:32.37 aq:22.65 tex:12922 mv:1566 misc:2896 imb:63 pmb:470 smb:7627 d:- ref:0 ;
in:4809 out:4810 type:b dur:2 cpbdur:2 q:32.37 aq:23.02 tex:134 mv:38 misc:436 imb:2 pmb:4 smb:8154 d:- ref:0 ;
in:4812 out:4811 type:P dur:2 cpbdur:2 q:32.37 aq:23.34 tex:6509 mv:764 misc:1799 imb:16 pmb:261 smb:7883 d:- ref:0 ;
in:4811 out:4812 type:b dur:2 cpbdur:2 q:32.37 aq:29.14 tex:61 mv:31 misc:420 imb:2 pmb:2 smb:8156 d:- ref:0 ;
in:4814 out:4813 type:P dur:2 cpbdur:2 q:32.35 aq:22.99 tex:11440 mv:1559 misc:2609 imb:43 pmb:456 smb:7661 d:- ref:0 ;
in:4813 out:4814 type:b dur:2 cpbdur:2 q:32.36 aq:23.67 tex:37 mv:5 misc:398 imb:0 pmb:1 smb:8159 d:- ref:0 ;
in:4816 out:4815 type:P dur:2 cpbdur:2 q:32.35 aq:23.62 tex:7672 mv:748 misc:1716 imb:23 pmb:224 smb:7913 d:- ref:0 ;
in:4815 out:4816 type:b dur:2 cpbdur:2 q:32.35 aq:23.56 tex:66 mv:45 misc:433 imb:1 pmb:7 smb:8152 d:- ref:0 ;
in:4818 out:4817 type:P dur:2 cpbdur:2 q:32.33 aq:23.00 tex:12737 mv:1386 misc:2629 imb:48 pmb:442 smb:7670 d:- ref:0 ;
in:4817 out:4818 type:b dur:2 cpbdur:2 q:32.34 aq:22.86 tex:52 mv:38 misc:422 imb:3 pmb:1 smb:8156 d:- ref:0 ;
in:4820 out:4819 type:P dur:2 cpbdur:2 q:32.33 aq:24.42 tex:6159 mv:718 misc:1771 imb:20 pmb:230 smb:7910 d:- ref:0 ;
in:4819 out:4820 type:b dur:2 cpbdur:2 q:32.33 aq:30.96 tex:83 mv:18 misc:419 imb:0 pmb:4 smb:8156 d:- ref:0 ;
in:4822 out:4821 type:P dur:2 cpbdur:2 q:32.32 aq:23.00 tex:12569 mv:1459 misc:2700 imb:57 pmb:451 smb:7652 d:- ref:0 ;
in:4821 out:4822 type:b dur:2 cpbdur:2 q:32.32 aq:30.95 tex:51 mv:15 misc:414 imb:0 pmb:4 smb:8156 d:- ref:0 ;
in:4824 out:4823 type:P dur:2 cpbdur:2 q:32.31 aq:23.77 tex:7138 mv:820 misc:1962 imb:22 pmb:274 smb:7864 d:- ref:0 ;
in:4823 out:4824 type:b dur:2 cpbdur:2 q:32.32 aq:30.96 tex:30 mv:16 misc:402 imb:1 pmb:1 smb:8158 d:- ref:0 ;
in:4826 out:4825 type:P dur:2 cpbdur:2 q:32.30 aq:23.76 tex:13140 mv:1638 misc:2854 imb:56 pmb:481 smb:7623 d:- ref:0 ;
in:4825 out:4826 type:b dur:2 cpbdur:2 q:32.30 aq:30.92 tex:50 mv:37 misc:417 imb:3 pmb:1 smb:8156 d:- ref:0 ;
in:4828 out:4827 type:P dur:2 cpbdur:2 q:32.29 aq:24.12 tex:5990 mv:762 misc:1768 imb:20 pmb:234 smb:7906 d:- ref:0 ;
in:4827 out:4828 type:b dur:2 cpbdur:2 q:32.29 aq:26.36 tex:50 mv:22 misc:400 imb:2 pmb:0 smb:8158 d:- ref:0 ;
in:4830 out:4829 type:P dur:2 cpbdur:2 q:32.28 aq:23.16 tex:14178 mv:1777 misc:2933 imb:58 pmb:519 smb:7583 d:- ref:0 ;
in:4829 out:4830 type:b dur:2 cpbdur:2 q:32.28 aq:30.98 tex:25 mv:21 misc:402 imb:0 pmb:2 smb:8158 d:- ref:0 ;
in:4832 out:4831 type:P dur:2 cpbdur:2 q:32.28 aq:23.63 tex:7096 mv:931 misc:1957 imb:32 pmb:267 smb:7861 d:- ref:0 ;
in:4831 out:4832 type:b dur:2 cpbdur:2 q:32.28 aq:23.79 tex:24 mv:37 misc:411 imb:2 pmb:1 smb:8157 d:- ref:0 ;
in:4834 out:4833 type:P dur:2 cpbdur:2 q:32.27 aq:23.62 tex:14604 mv:1663 misc:2869 imb:63 pmb:513 smb:7584 d:- ref:0 ;
in:4833 out:4834 type:b dur:2 cpbdur:2 q:32.27 aq:26.64 tex:52 mv:25 misc:411 imb:2 pmb:1 smb:8157 d:- ref:0 ;
in:4836 out:4835 type:P dur:2 cpbdur:2 q:32.26 aq:23.17 tex:6275 mv:773 misc:1864 imb:23 pmb:254 smb:7883 d:- ref:0 ;
in:4835 out:4836 type:b dur:2 cpbdur:2 q:32.27 aq:28.01 tex:53 mv:42 misc:409 imb:2 pmb:1 smb:8157 d:- ref:0 ;
in:4838 out:4837 type:P dur:2 cpbdur:2 q:32.25 aq:23.40 tex:13236 mv:1585 misc:2891 imb:58 pmb:484 smb:7618 d:- ref:0 ;
in:4837 out:4838 type:b dur:2 cpbdur:2 q:32.26 aq:22.91 tex:43 mv:42 misc:419 imb:4 pmb:0 smb:8156 d:- ref:0 ;
in:4840 out:4839 type:P dur:2 cpbdur:2 q:32.24 aq:22.98 tex:6024 mv:819 misc:1789 imb:32 pmb:234 smb:7894 d:- ref:0 ;
in:4839 out:4840 type:b dur:2 cpbdur:2 q:32.24 aq:30.91 tex:36 mv:27 misc:401 imb:2 pmb:1 smb:8157 d:- ref:0 ;
in:4842 out:4841 type:P dur:2 cpbdur:2 q:32.22 aq:23.66 tex:13661 mv:1483 misc:2768 imb:48 pmb:480 smb:7632 d:- ref:0 ;
in:4841 out:4842 type:b dur:2 cpbdur:2 q:32.23 aq:19.10 tex:52 mv:38 misc:422 imb:1 pmb:3 smb:8156 d:- ref:0 ;
in:4844 out:4843 type:P dur:2 cpbdur:2 q:32.22 aq:24.40 tex:7734 mv:756 misc:1910 imb:11 pmb:285 smb:7864 d:- ref:0 ;
in:4843 out:4844 type:b dur:2 cpbdur:2 q:32.22 aq:30.94 tex:82 mv:22 misc:416 imb:1 pmb:3 smb:8156 d:- ref:0 ;
in:4846 out:4845 type:P dur:2 cpbdur:2 q:32.21 aq:23.28 tex:15585 mv:1725 misc:2874 imb:57 pmb:499 smb:7604 d:- ref:0 ;
in:4845 out:4846 type:b dur:2 cpbdur:2 q:32.21 aq:30.10 tex:30 mv:41 misc:417 imb:3 pmb:4 smb:8153 d:- ref:0 ;
in:4848 out:4847 type:P dur:2 cpbdur:2 q:32.21 aq:23.36 tex:7872 mv:797 misc:2003 imb:17 pmb:302 smb:7841 d:- ref:0 ;
in:4847 out:4848 type:b dur:2 cpbdur:2 q:32.21 aq:26.87 tex:142 mv:55 misc:443 imb:4 pmb:4 smb:8152 d:- ref:0 ;
in:4850 out:4849 type:P dur:2 cpbdur:2 q:32.20 aq:22.49 tex:13732 mv:1773 misc:2943 imb:71 pmb:490 smb:7599 d:- ref:0 ;
in:4849 out:4850 type:b dur:2 cpbdur:2 q:32.20 aq:23.84 tex:49 mv:42 misc:421 imb:4 pmb:0 smb:8156 d:- ref:0 ;
in:4852 out:4851 type:P dur:2 cpbdur:2 q:32.20 aq:22.86 tex:7560 mv:821 misc:1931 imb:26 pmb:270 smb:7864 d:- ref:0 ;
in:4851 out:4852 type:b dur:2 cpbdur:2 q:32.20 aq:25.97 tex:52 mv:47 misc:421 imb:4 pmb:1 smb:8155 d:- ref:0 ;
in:4854 out:4853 type:P dur:2 cpbdur:2 q:32.18 aq:23.79 tex:13186 mv:1442 misc:2596 imb:46 pmb:459 smb:7655 d:- ref:0 ;
in:4853 out:4854 type:b dur:2 cpbdur:2 q:32.19 aq:30.93 tex:36 mv:41 misc:419 imb:4 pmb:0 smb:8156 d:- ref:0 ;
in:4856 out:4855 type:P dur:2 cpbdur:2 q:32.18 aq:23.93 tex:5910 mv:656 misc:1642 imb:26 pmb:204 smb:7930 d:- ref:0 ;
in:4855 out:4856 type:b dur:2 cpbdur:2 q:32.18 aq:30.39 tex:52 mv:27 misc:409 imb:2 pmb:1 smb:8157 d:- ref:0 ;
in:4858 out:4857 type:P dur:2 cpbdur:2 q:32.16 aq:23.30 tex:11840 mv:1333 misc:2507 imb:42 pmb:413 smb:7705 d:- ref:0 ;
in:4857 out:4858 type:b dur:2 cpbdur:2 q:32.17 aq:23.52 tex:93 mv:57 misc:442 imb:5 pmb:2 smb:8153 d:- ref:0 ;
in:4860 out:4859 type:P dur:2 cpbdur:2 q:32.15 aq:23.44 tex:5538 mv:683 misc:1659 imb:19 pmb:218 smb:7923 d:- ref:0 ;
in:4859 out:4860 type:b dur:2 cpbdur:2 q:32.15 aq:33.27 tex:116 mv:36 misc:432 imb:2 pmb:4 smb:8154 d:- ref:0 ;
in:4862 out:4861 type:P dur:2 cpbdur:2 q:32.14 aq:22.85 tex:12690 mv:1556 misc:2770 imb:63 pmb:458 smb:7639 d:- ref:0 ;
in:4861 out:4862 type:b dur:2 cpbdur:2 q:32.14 aq:30.34 tex:84 mv:47 misc:429 imb:2 pmb:3 smb:8155 d:- ref:0 ;
in:4864 out:4863 type:P dur:2 cpbdur:2 q:32.13 aq:22.88 tex:6909 mv:741 misc:1806 imb:18 pmb:247 smb:7895 d:- ref:0 ;
in:4863 out:4864 type:b dur:2 cpbdur:2 q:32.13 aq:30.21 tex:93 mv:23 misc:420 imb:1 pmb:3 smb:8156 d:- ref:0 ;
in:4866 out:4865 type:P dur:2 cpbdur:2 q:32.11 aq:22.57 tex:13591 mv:1630 misc:2851 imb:70 pmb:475 smb:7615 d:- ref:0 ;
in:4865 out:4866 type:b dur:2 cpbdur:2 q:32.12 aq:30.93 tex:50 mv:27 misc:411 imb:2 pmb:1 smb:8157 d:- ref:0 ;
in:4868 out:4867 type:P dur:2 cpbdur:2 q:32.11 aq:23.81 tex:5711 mv:657 misc:1696 imb:23 pmb:221 smb:7916 d:- ref:0 ;
in:4867 out:4868 type:b dur:2 cpbdur:2 q:32.11 aq:29.07 tex:87 mv:35 misc:422 imb:2 pmb:3 smb:8155 d:- ref:0 ;
in:4870 out:4869 type:P dur:2 cpbdur:2 q:32.10 aq:22.55 tex:13284 mv:1518 misc:2838 imb:58 pmb:476 smb:7626 d:- ref:0 ;
in:4869 out:4870 type:b dur:2 cpbdur:2 q:32.11 aq:24.27 tex:66 mv:44 misc:418 imb:2 pmb:3 smb:8155 d:- ref:0 ;
in:4872 out:4871 type:P dur:2 cpbdur:2 q:32.10 aq:24.21 tex:5696 mv:629 misc:1611 imb:27 pmb:194 smb:7939 d:- ref:0 ;
in:4871 out:4872 type:b dur:2 cpbdur:2 q:32.10 aq:23.76 tex:116 mv:55 misc:437 imb:4 pmb:4 smb:8152 d:- ref:0 ;
in:4874 out:4873 type:P dur:2 cpbdur:2 q:32.09 aq:23.90 tex:11019 mv:1170 misc:2395 imb:34 pmb:386 smb:7740 d:- ref:0 ;
in:4873 out:4874 type:b dur:2 cpbdur:2 q:32.10 aq:19.45 tex:85 mv:74 misc:449 imb:6 pmb:3 smb:8151 d:- ref:0 ;
in:4876 out:4875 type:P dur:2 cpbdur:2 q:32.08 aq:23.90 tex:7150 mv:681 misc:1641 imb:20 pmb:209 smb:7931 d:- ref:0 ;
in:4875 out:4876 type:b dur:2 cpbdur:2 q:32.09 aq:18.83 tex:73 mv:58 misc:437 imb:4 pmb:4 smb:8152 d:- ref:0 ;
in:4878 out:4877 type:P dur:2 cpbdur:2 q:32.07 aq:23.47 tex:16433 mv:2504 misc:2863 imb:70 pmb:576 smb:7514 d:- ref:0 ;
in:4877 out:4878 type:b dur:2 cpbdur:2 q:32.08 aq:29.82 tex:135 mv:149 misc:548 imb:3 pmb:28 smb:8129 d:- ref:0 ;
in:4880 out:4879 type:P dur:2 cpbdur:2 q:32.06 aq:24.25 tex:10867 mv:1994 misc:2051 imb:23 pmb:404 smb:7733 d:- ref:0 ;
in:4879 out:4880 type:b dur:2 cpbdur:2 q:32.07 aq:32.01 tex:330 mv:95 misc:439 imb:1 pmb:12 smb:8147 d:- ref:0 ;
in:4882 out:4881 type:P dur:2 cpbdur:2 q:32.06 aq:22.96 tex:19462 mv:3446 misc:3332 imb:82 pmb:723 smb:7355 d:- ref:0 ;
in:4881 out:4882 type:b dur:2 cpbdur:2 q:32.06 aq:25.07 tex:750 mv:272 misc:538 imb:6 pmb:27 smb:8127 d:- ref:0 ;
in:4884 out:4883 type:P dur:2 cpbdur:2 q:32.06 aq:23.37 tex:11773 mv:2013 misc:2094 imb:36 pmb:421 smb:7703 d:- ref:0 ;
in:4883 out:4884 type:b dur:2 cpbdur:2 q:32.06 aq:32.45 tex:233 mv:120 misc:471 imb:0 pmb:17 smb:8143 d:- ref:0 ;
in:4886 out:4885 type:P dur:2 cpbdur:2 q:32.05 aq:23.21 tex:19758 mv:3160 misc:3010 imb:82 pmb:676 smb:7402 d:- ref:0 ;
in:4885 out:4886 type:b dur:2 cpbdur:2 q:32.06 aq:32.05 tex:146 mv:225 misc:525 imb:3 pmb:23 smb:8134 d:- ref:0 ;
in:4888 out:4887 type:P dur:2 cpbdur:2 q:32.05 aq:23.57 tex:10526 mv:1991 misc:2059 imb:38 pmb:403 smb:7719 d:- ref:0 ;
in:4887 out:4888 type:b dur:2 cpbdur:2 q:32.05 aq:30.83 tex:226 mv:55 misc:463 imb:1 pmb:10 smb:8149 d:- ref:0 ;
in:4890 out:4889 type:P dur:2 cpbdur:2 q:32.03 aq:24.67 tex:19528 mv:3426 misc:2886 imb:93 pmb:656 smb:7411 d:- ref:0 ;
in:4889 out:4890 type:b dur:2 cpbdur:2 q:32.04 aq:30.13 tex:338 mv:282 misc:524 imb:3 pmb:29 smb:8128 d:- ref:0 ;
in:4892 out:4891 type:P dur:2 cpbdur:2 q:32.03 aq:23.91 tex:10237 mv:1580 misc:1911 imb:29 pmb:349 smb:7782 d:- ref:0 ;
in:4891 out:4892 type:b dur:2 cpbdur:2 q:32.03 aq:33.90 tex:330 mv:119 misc:455 imb:0 pmb:17 smb:8143 d:- ref:0 ;
in:4894 out:4893 type:P dur:2 cpbdur:2 q:32.02 aq:24.19 tex:15255 mv:2520 misc:2417 imb:50 pmb:539 smb:7571 d:- ref:0 ;
in:4893 out:4894 type:b dur:2 cpbdur:2 q:32.03 aq:32.44 tex:540 mv:199 misc:485 imb:3 pmb:25 smb:8132 d:- ref:0 ;
in:4896 out:4895 type:P dur:2 cpbdur:2 q:32.01 aq:25.43 tex:9794 mv:1584 misc:1798 imb:30 pmb:338 smb:7792 d:- ref:0 ;
in:4895 out:4896 type:b dur:2 cpbdur:2 q:32.02 aq:31.94 tex:141 mv:163 misc:512 imb:3 pmb:18 smb:8139 d:- ref:0 ;
in:4898 out:4897 type:P dur:2 cpbdur:2 q:32.00 aq:25.92 tex:16485 mv:2298 misc:2417 imb:37 pmb:549 smb:7574 d:- ref:0 ;
in:4897 out:4898 type:b dur:2 cpbdur:2 q:32.01 aq:26.64 tex:223 mv:199 misc:514 imb:3 pmb:21 smb:8136 d:- ref:0 ;
in:4902 out:4899 type:P dur:2 cpbdur:2 q:31.99 aq:23.55 tex:34388 mv:5541 misc:4615 imb:157 pmb:1194 smb:6809 d:- ref:0 ;
in:4900 out:4900 type:B dur:2 cpbdur:2 q:32.00 aq:31.19 tex:1247 mv:815 misc:770 imb:5 pmb:102 smb:8053 d:- ref:0 ;
in:4899 out:4901 type:b dur:2 cpbdur:2 q:32.00 aq:31.04 tex:137 mv:107 misc:452 imb:0 pmb:13 smb:8147 d:- ref:0 ;
in:4901 out:4902 type:b dur:2 cpbdur:2 q:32.00 aq:32.43 tex:724 mv:281 misc:555 imb:1 pmb:39 smb:8120 d:- ref:0 ;
in:4904 out:4903 type:P dur:2 cpbdur:2 q:32.16 aq:22.62 tex:22925 mv:3829 misc:3958 imb:143 pmb:834 smb:7183 d:- ref:0 ;
in:4903 out:4904 type:b dur:2 cpbdur:2 q:32.08 aq:30.25 tex:551 mv:252 misc:493 imb:4 pmb:29 smb:8127 d:- ref:0 ;
in:4906 out:4905 type:P dur:2 cpbdur:2 q:32.17 aq:23.29 tex:11566 mv:1724 misc:2326 imb:42 pmb:390 smb:7728 d:- ref:0 ;
in:4905 out:4906 type:b dur:2 cpbdur:2 q:32.17 aq:31.60 tex:441 mv:138 misc:517 imb:2 pmb:21 smb:8137 d:- ref:0 ;
in:4908 out:4907 type:P dur:2 cpbdur:2 q:32.18 aq:22.89 tex:17338 mv:2850 misc:3156 imb:98 pmb:620 smb:7442 d:- ref:0 ;
in:4907 out:4908 type:b dur:2 cpbdur:2 q:32.18 aq:33.14 tex:134 mv:202 misc:504 imb:3 pmb:18 smb:8139 d:- ref:0 ;
in:4910 out:4909 type:P dur:2 cpbdur:2 q:32.18 aq:23.75 tex:11516 mv:2123 misc:2289 imb:59 pmb:403 smb:7698 d:- ref:0 ;
in:4909 out:4910 type:b dur:2 cpbdur:2 q:32.18 aq:30.82 tex:119 mv:176 misc:521 imb:1 pmb:28 smb:8131 d:- ref:0 ;
in:4912 out:4911 type:P dur:2 cpbdur:2 q:32.19 aq:22.59 tex:19033 mv:3015 misc:3424 imb:109 pmb:667 smb:7384 d:- ref:0 ;
in:4911 out:4912 type:b dur:2 cpbdur:2 q:32.18 aq:32.50 tex:436 mv:156 misc:464 imb:2 pmb:16 smb:8142 d:- ref:0 ;
in:4914 out:4913 type:P dur:2 cpbdur:2 q:32.19 aq:23.57 tex:11437 mv:2145 misc:2402 imb:60 pmb:430 smb:7670 d:- ref:0 ;
in:4913 out:4914 type:b dur:2 cpbdur:2 q:32.19 aq:26.79 tex:467 mv:180 misc:489 imb:2 pmb:22 smb:8136 d:- ref:0 ;
in:4916 out:4915 type:P dur:2 cpbdur:2 q:32.19 aq:23.08 tex:16683 mv:3194 misc:3251 imb:101 pmb:618 smb:7441 d:- ref:0 ;
in:4915 out:4916 type:b dur:2 cpbdur:2 q:32.19 aq:30.45 tex:264 mv:199 misc:497 imb:2 pmb:22 smb:8136 d:- ref:0 ;
in:4918 out:4917 type:P dur:2 cpbdur:2 q:32.13 aq:24.22 tex:11085 mv:1993 misc:2282 imb:49 pmb:423 smb:7688 d:- ref:0 ;
in:4917 out:4918 type:b dur:2 cpbdur:2 q:32.16 aq:32.63 tex:168 mv:117 misc:467 imb:2 pmb:13 smb:8145 d:- ref:0 ;
in:4920 out:4919 type:P dur:2 cpbdur:2 q:32.08 aq:22.54 tex:19016 mv:3603 misc:3445 imb:123 pmb:705 smb:7332 d:- ref:0 ;
in:4919 out:4920 type:b dur:2 cpbdur:2 q:32.11 aq:25.84 tex:107 mv:94 misc:447 imb:3 pmb:9 smb:8148 d:- ref:0 ;
in:4922 out:4921 type:P dur:2 cpbdur:2 q:32.03 aq:23.65 tex:11380 mv:1925 misc:2247 imb:40 pmb:413 smb:7707 d:- ref:0 ;
in:4921 out:4922 type:b dur:2 cpbdur:2 q:32.06 aq:30.23 tex:284 mv:133 misc:463 imb:2 pmb:16 smb:8142 d:- ref:0 ;
in:4924 out:4923 type:P dur:2 cpbdur:2 q:32.02 aq:22.92 tex:20409 mv:3208 misc:3311 imb:98 pmb:698 smb:7364 d:- ref:0 ;
in:4923 out:4924 type:b dur:2 cpbdur:2 q:32.03 aq:29.42 tex:342 mv:253 misc:509 imb:5 pmb:22 smb:8133 d:- ref:0 ;
in:4926 out:4925 type:P dur:2 cpbdur:2 q:32.02 aq:23.41 tex:10095 mv:2049 misc:2376 imb:50 pmb:406 smb:7704 d:- ref:0 ;
in:4925 out:4926 type:b dur:2 cpbdur:2 q:32.02 aq:25.94 tex:389 mv:143 misc:476 imb:1 pmb:21 smb:8138 d:- ref:0 ;
in:4928 out:4927 type:P dur:2 cpbdur:2 q:32.01 aq:22.73 tex:21396 mv:3439 misc:3485 imb:78 pmb:761 smb:7321 d:- ref:0 ;
in:4927 out:4928 type:b dur:2 cpbdur:2 q:32.02 aq:33.01 tex:91 mv:260 misc:537 imb:2 pmb:37 smb:8121 d:- ref:0 ;
in:4930 out:4929 type:P dur:2 cpbdur:2 q:32.02 aq:23.20 tex:11528 mv:1987 misc:2293 imb:34 pmb:431 smb:7695 d:- ref:0 ;
in:4929 out:4930 type:b dur:2 cpbdur:2 q:32.02 aq:33.54 tex:146 mv:107 misc:475 imb:3 pmb:11 smb:8146 d:- ref:0 ;
in:4932 out:4931 type:P dur:2 cpbdur:2 q:32.01 aq:23.16 tex:18294 mv:3137 misc:3209 imb:79 pmb:683 smb:7398 d:- ref:0 ;
in:4931 out:4932 type:b dur:2 cpbdur:2 q:32.01 aq:19.41 tex:54 mv:73 misc:449 imb:5 pmb:3 smb:8152 d:- ref:0 ;
in:4934 out:4933 type:P dur:2 cpbdur:2 q:32.01 aq:23.00 tex:12285 mv:2251 misc:2456 imb:45 pmb:469 smb:7646 d:- ref:0 ;
in:4933 out:4934 type:b dur:2 cpbdur:2 q:32.01 aq:33.44 tex:372 mv:132 misc:456 imb:1 pmb:17 smb:8142 d:- ref:0 ;
in:4936 out:4935 type:P dur:2 cpbdur:2 q:32.01 aq:22.84 tex:22386 mv:3679 misc:3335 imb:104 pmb:704 smb:7352 d:- ref:0 ;
in:4935 out:4936 type:b dur:2 cpbdur:2 q:32.01 aq:31.65 tex:432 mv:293 misc:523 imb:2 pmb:35 smb:8123 d:- ref:0 ;
in:4938 out:4937 type:P dur:2 cpbdur:2 q:32.02 aq:24.00 tex:12058 mv:2122 misc:2292 imb:42 pmb:428 smb:7690 d:- ref:0 ;
in:4937 out:4938 type:b dur:2 cpbdur:2 q:32.02 aq:30.64 tex:569 mv:235 misc:516 imb:3 pmb:27 smb:8130 d:- ref:0 ;
in:4940 out:4939 type:P dur:2 cpbdur:2 q:32.02 aq:22.84 tex:21974 mv:3305 misc:3305 imb:99 pmb:700 smb:7361 d:- ref:0 ;
in:4939 out:4940 type:b dur:2 cpbdur:2 q:32.02 aq:31.12 tex:263 mv:270 misc:555 imb:5 pmb:33 smb:8122 d:- ref:0 ;
in:4942 out:4941 type:P dur:2 cpbdur:2 q:32.03 aq:23.89 tex:12274 mv:2204 misc:2378 imb:42 pmb:450 smb:7668 d:- ref:0 ;
in:4941 out:4942 type:b dur:2 cpbdur:2 q:32.02 aq:29.88 tex:135 mv:85 misc:468 imb:4 pmb:7 smb:8149 d:- ref:0 ;
in:4944 out:4943 type:P dur:2 cpbdur:2 q:32.03 aq:22.87 tex:19462 mv:3328 misc:3394 imb:96 pmb:689 smb:7375 d:- ref:0 ;
in:4943 out:4944 type:b dur:2 cpbdur:2 q:32.03 aq:30.59 tex:79 mv:30 misc:419 imb:2 pmb:2 smb:8156 d:- ref:0 ;
in:4946 out:4945 type:P dur:2 cpbdur:2 q:32.04 aq:23.34 tex:9187 mv:1296 misc:2101 imb:37 pmb:327 smb:7796 d:- ref:0 ;
in:4945 out:4946 type:b dur:2 cpbdur:2 q:32.03 aq:30.24 tex:27 mv:33 misc:412 imb:3 pmb:0 smb:8157 d:- ref:0 ;
in:4948 out:4947 type:P dur:2 cpbdur:2 q:32.03 aq:22.96 tex:15810 mv:2259 misc:3219 imb:89 pmb:561 smb:7510 d:- ref:0 ;
in:4947 out:4948 type:b dur:2 cpbdur:2 q:32.03 aq:24.31 tex:148 mv:52 misc:440 imb:3 pmb:4 smb:8153 d:- ref:0 ;
in:4950 out:4949 type:P dur:2 cpbdur:2 q:32.03 aq:22.90 tex:8378 mv:1180 misc:2082 imb:41 pmb:317 smb:7802 d:- ref:0 ;
in:4949 out:4950 type:b dur:2 cpbdur:2 q:32.03 aq:31.00 tex:0 mv:12 misc:396 imb:0 pmb:1 smb:8159 d:- ref:0 ;
in:4952 out:4951 type:P dur:2 cpbdur:2 q:32.02 aq:22.92 tex:17593 mv:2757 misc:3130 imb:80 pmb:655 smb:7425 d:- ref:0 ;
in:4951 out:4952 type:b dur:2 cpbdur:2 q:32.02 aq:24.69 tex:183 mv:93 misc:468 imb:6 pmb:6 smb:8148 d:- ref:0 ;
in:4954 out:4953 type:P dur:2 cpbdur:2 q:32.02 aq:22.60 tex:12018 mv:2035 misc:2299 imb:37 pmb:433 smb:7690 d:- ref:0 ;
in:4953 out:4954 type:b dur:2 cpbdur:2 q:32.02 aq:31.70 tex:170 mv:161 misc:493 imb:1 pmb:19 smb:8140 d:- ref:0 ;
in:4956 out:4955 type:P dur:2 cpbdur:2 q:32.02 aq:22.66 tex:23643 mv:4006 misc:3415 imb:116 pmb:753 smb:7291 d:- ref:0 ;
in:4955 out:4956 type:b dur:2 cpbdur:2 q:32.02 aq:31.62 tex:518 mv:470 misc:636 imb:3 pmb:58 smb:8099 d:- ref:0 ;
in:4958 out:4957 type:P dur:2 cpbdur:2 q:32.03 aq:22.22 tex:14491 mv:2900 misc:2465 imb:47 pmb:531 smb:7582 d:- ref:0 ;
in:4957 out:4958 type:b dur:2 cpbdur:2 q:32.02 aq:32.10 tex:315 mv:112 misc:485 imb:0 pmb:23 smb:8137 d:- ref:0 ;
in:4960 out:4959 type:P dur:2 cpbdur:2 q:32.03 aq:22.78 tex:28558 mv:4327 misc:3435 imb:119 pmb:822 smb:7219 d:- ref:0 ;
in:4959 out:4960 type:b dur:2 cpbdur:2 q:32.03 aq:28.35 tex:56 mv:452 misc:564 imb:2 pmb:46 smb:8112 d:- ref:0 ;
in:4962 out:4961 type:P dur:2 cpbdur:2 q:32.04 aq:23.17 tex:14454 mv:1938 misc:2384 imb:43 pmb:485 smb:7632 d:- ref:0 ;
in:4961 out:4962 type:b dur:2 cpbdur:2 q:32.03 aq:30.91 tex:16 mv:14 misc:402 imb:1 pmb:1 smb:8158 d:- ref:0 ;
in:4964 out:4963 type:P dur:2 cpbdur:2 q:32.03 aq:23.01 tex:19937 mv:2467 misc:3068 imb:77 pmb:652 smb:7431 d:- ref:0 ;
in:4963 out:4964 type:b dur:2 cpbdur:2 q:32.03 aq:30.93 tex:70 mv:42 misc:424 imb:3 pmb:2 smb:8155 d:- ref:0 ;
in:4966 out:4965 type:P dur:2 cpbdur:2 q:32.03 aq:23.52 tex:13092 mv:1148 misc:2248 imb:31 pmb:389 smb:7740 d:- ref:0 ;
in:4965 out:4966 type:b dur:2 cpbdur:2 q:32.03 aq:28.79 tex:111 mv:42 misc:439 imb:2 pmb:7 smb:8151 d:- ref:0 ;
in:4968 out:4967 type:P dur:2 cpbdur:2 q:32.03 aq:22.50 tex:19774 mv:2085 misc:3189 imb:84 pmb:632 smb:7444 d:- ref:0 ;
in:4967 out:4968 type:b dur:2 cpbdur:2 q:32.03 aq:22.26 tex:84 mv:96 misc:460 imb:9 pmb:1 smb:8150 d:- ref:0 ;
in:4970 out:4969 type:P dur:2 cpbdur:2 q:32.03 aq:23.52 tex:9659 mv:938 misc:2059 imb:29 pmb:321 smb:7810 d:- ref:0 ;
in:4969 out:4970 type:b dur:2 cpbdur:2 q:32.03 aq:30.70 tex:60 mv:46 misc:422 imb:4 pmb:1 smb:8155 d:- ref:0 ;
in:4972 out:4971 type:P dur:2 cpbdur:2 q:32.02 aq:22.83 tex:17516 mv:2057 misc:2939 imb:72 pmb:577 smb:7511 d:- ref:0 ;
in:4971 out:4972 type:b dur:2 cpbdur:2 q:32.03 aq:30.94 tex:125 mv:49 misc:426 imb:1 pmb:7 smb:8152 d:- ref:0 ;
in:4974 out:4973 type:P dur:2 cpbdur:2 q:32.02 aq:23.08 tex:8744 mv:955 misc:2077 imb:32 pmb:309 smb:7819 d:- ref:0 ;
in:4973 out:4974 type:b dur:2 cpbdur:2 q:32.02 aq:26.33 tex:49 mv:17 misc:406 imb:1 pmb:1 smb:8158 d:- ref:0 ;
in:4976 out:4975 type:P dur:2 cpbdur:2 q:32.02 aq:23.27 tex:17367 mv:1986 misc:3039 imb:72 pmb:579 smb:7509 d:- ref:0 ;
in:4975 out:4976 type:b dur:2 cpbdur:2 q:32.02 aq:30.87 tex:59 mv:49 misc:428 imb:4 pmb:2 smb:8154 d:- ref:0 ;
in:4978 out:4977 type:P dur:2 cpbdur:2 q:32.03 aq:24.66 tex:8954 mv:937 misc:2021 imb:21 pmb:321 smb:7818 d:- ref:0 ;
in:4977 out:4978 type:b dur:2 cpbdur:2 q:32.02 aq:20.56 tex:44 mv:37 misc:415 imb:3 pmb:1 smb:8156 d:- ref:0 ;
in:4980 out:4979 type:P dur:2 cpbdur:2 q:32.02 aq:22.59 tex:17670 mv:2059 misc:3039 imb:68 pmb:614 smb:7478 d:- ref:0 ;
in:4979 out:4980 type:b dur:2 cpbdur:2 q:32.02 aq:24.26 tex:143 mv:25 misc:424 imb:1 pmb:4 smb:8155 d:- ref:0 ;
in:4982 out:4981 type:P dur:2 cpbdur:2 q:32.03 aq:24.55 tex:7759 mv:882 misc:1919 imb:30 pmb:271 smb:7859 d:- ref:0 ;
in:4981 out:4982 type:b dur:2 cpbdur:2 q:32.02 aq:30.94 tex:65 mv:9 misc:406 imb:0 pmb:2 smb:8158 d:- ref:0 ;
in:4984 out:4983 type:P dur:2 cpbdur:2 q:32.02 aq:22.93 tex:15184 mv:1667 misc:2733 imb:52 pmb:508 smb:7600 d:- ref:0 ;
in:4983 out:4984 type:b dur:2 cpbdur:2 q:32.03 aq:22.12 tex:70 mv:48 misc:418 imb:5 pmb:0 smb:8155 d:- ref:0 ;
in:4986 out:4985 type:P dur:2 cpbdur:2 q:32.02 aq:23.39 tex:8073 mv:1035 misc:2100 imb:25 pmb:322 smb:7813 d:- ref:0 ;
in:4985 out:4986 type:b dur:2 cpbdur:2 q:32.02 aq:27.69 tex:113 mv:40 misc:423 imb:3 pmb:2 smb:8155 d:- ref:0 ;
in:4988 out:4987 type:P dur:2 cpbdur:2 q:32.02 aq:23.03 tex:17337 mv:1861 misc:3098 imb:56 pmb:588 smb:7516 d:- ref:0 ;
in:4987 out:4988 type:b dur:2 cpbdur:2 q:32.02 aq:28.36 tex:80 mv:55 misc:433 imb:3 pmb:3 smb:8154 d:- ref:0 ;
in:4990 out:4989 type:P dur:2 cpbdur:2 q:32.03 aq:22.63 tex:7793 mv:900 misc:2003 imb:25 pmb:290 smb:7845 d:- ref:0 ;
in:4989 out:4990 type:b dur:2 cpbdur:2 q:32.02 aq:22.18 tex:61 mv:29 misc:406 imb:2 pmb:1 smb:8157 d:- ref:0 ;
in:4992 out:4991 type:P dur:2 cpbdur:2 q:32.02 aq:22.53 tex:16836 mv:1863 misc:3077 imb:76 pmb:571 smb:7513 d:- ref:0 ;
in:4991 out:4992 type:b dur:2 cpbdur:2 q:32.02 aq:29.69 tex:113 mv:39 misc:440 imb:2 pmb:5 smb:8153 d:- ref:0 ;
in:4994 out:4993 type:P dur:2 cpbdur:2 q:32.02 aq:23.35 tex:7111 mv:862 misc:1939 imb:23 pmb:277 smb:7860 d:- ref:0 ;
in:4993 out:4994 type:b dur:2 cpbdur:2 q:32.02 aq:19.87 tex:34 mv:45 misc:425 imb:4 pmb:1 smb:8155 d:- ref:0 ;
in:4996 out:4995 type:P dur:2 cpbdur:2 q:32.01 aq:22.61 tex:18354 mv:1760 misc:2982 imb:54 pmb:557 smb:7549 d:- ref:0 ;
in:4995 out:4996 type:b dur:2 cpbdur:2 q:32.02 aq:22.06 tex:76 mv:46 misc:430 imb:3 pmb:5 smb:8152 d:- ref:0 ;
in:4998 out:4997 type:P dur:2 cpbdur:2 q:32.01 aq:23.52 tex:7433 mv:929 misc:2022 imb:27 pmb:308 smb:7825 d:- ref:0 ;
in:4997 out:4998 type:b dur:2 cpbdur:2 q:32.01 aq:30.96 tex:41 mv:9 misc:406 imb:0 pmb:2 smb:8158 d:- ref:0 ;
in:4999 out:4999 type:P dur:2 cpbdur:2 q:32.00 aq:29.88 tex:112 mv:37 misc:435 imb:4 pmb:2 smb:8154 d:- ref:0 ;
in:5000 out:5000 type:I dur:2 cpbdur:2 q:29.11 aq:19.92 tex:514182 mv:143080 misc:682 imb:8160 pmb:0 smb:0 d:- ref:;
in:5002 out:5001 type:P dur:2 cpbdur:2 q:32.60 aq:23.39 tex:3392 mv:455 misc:1193 imb:38 pmb:105 smb:8017 d:- ref:0 ;
in:5001 out:5002 type:b dur:2 cpbdur:2 q:32.60 aq:31.96 tex:29 mv:5 misc:398 imb:0 pmb:1 smb:8159 d:- ref:0 ;
in:5004 out:5003 type:P dur:2 cpbdur:2 q:32.58 aq:22.50 tex:13449 mv:1915 misc:2876 imb:102 pmb:457 smb:7601 d:- ref:0 ;
in:5003 out:5004 type:b dur:2 cpbdur:2 q:32.59 aq:31.93 tex:41 mv:40 misc:423 imb:3 pmb:2 smb:8155 d:- ref:0 ;
in:5006 out:5005 type:P dur:2 cpbdur:2 q:32.58 aq:23.94 tex:6575 mv:788 misc:1749 imb:28 pmb:236 smb:7896 d:- ref:0 ;
in:5005 out:5006 type:b dur:2 cpbdur:2 q:32.58 aq:28.98 tex:42 mv:43 misc:419 imb:4 pmb:0 smb:8156 d:- ref:0 ;
in:5008 out:5007 type:P dur:2 cpbdur:2 q:32.56 aq:23.44 tex:12883 mv:1517 misc:2680 imb:58 pmb:436 smb:7666 d:- ref:0 ;
in:5007 out:5008 type:b dur:2 cpbdur:2 q:32.57 aq:25.62 tex:71 mv:28 misc:413 imb:2 pmb:1 smb:8157 d:- ref:0 ;
in:5010 out:5009 type:P dur:2 cpbdur:2 q:32.55 aq:23.89 tex:7570 mv:947 misc:1915 imb:28 pmb:274 smb:7858 d:- ref:0 ;
in:5009 out:5010 type:b dur:2 cpbdur:2 q:32.55 aq:31.94 tex:45 mv:63 misc:428 imb:4 pmb:2 smb:8154 d:- ref:0 ;
in:5012 out:5011 type:P dur:2 cpbdur:2 q:32.54 aq:23.08 tex:13402 mv:1788 misc:3002 imb:92 pmb:473 smb:7595 d:- ref:0 ;
in:5011 out:5012 type:b dur:2 cpbdur:2 q:32.55 aq:27.41 tex:101 mv:34 misc:425 imb:2 pmb:3 smb:8155 d:- ref:0 ;
in:5014 out:5013 type:P dur:2 cpbdur:2 q:32.54 aq:23.91 tex:6520 mv:773 misc:1787 imb:26 pmb:240 smb:7894 d:- ref:0 ;
in:5013 out:5014 type:b dur:2 cpbdur:2 q:32.54 aq:31.96 tex:27 mv:5 misc:392 imb:0 pmb:1 smb:8159 d:- ref:0 ;
in:5016 out:5015 type:P dur:2 cpbdur:2 q:32.52 aq:22.81 tex:12975 mv:1605 misc:2660 imb:68 pmb:445 smb:7647 d:- ref:0 ;
in:5015 out:5016 type:b dur:2 cpbdur:2 q:32.53 aq:31.95 tex:27 mv:20 misc:401 imb:0 pmb:2 smb:8158 d:- ref:0 ;
in:5018 out:5017 type:P dur:2 cpbdur:2 q:32.52 aq:23.15 tex:6145 mv:801 misc:1806 imb:21 pmb:242 smb:7897 d:- ref:0 ;
in:5017 out:5018 type:b dur:2 cpbdur:2 q:32.52 aq:31.98 tex:19 mv:12 misc:393 imb:1 pmb:0 smb:8159 d:- ref:0 ;
in:5020 out:5019 type:P dur:2 cpbdur:2 q:32.60 aq:23.32 tex:11684 mv:1515 misc:2545 imb:61 pmb:413 smb:7686 d:- ref:0 ;
in:5019 out:5020 type:b dur:2 cpbdur:2 q:32.56 aq:31.98 tex:31 mv:5 misc:396 imb:0 pmb:1 smb:8159 d:- ref:0 ;
in:5022 out:5021 type:P dur:2 cpbdur:2 q:32.60 aq:25.20 tex:5236 mv:638 misc:1662 imb:17 pmb:214 smb:7929 d:- ref:0 ;
in:5021 out:5022 type:b dur:2 cpbdur:2 q:32.60 aq:32.00 tex:0 mv:0 misc:384 imb:0 pmb:0 smb:8160 d:- ref:0 ;
in:5024 out:5023 type:P dur:2 cpbdur:2 q:32.58 aq:22.27 tex:11819 mv:1686 misc:2743 imb:66 pmb:439 smb:7655 d:- ref:0 ;
in:5023 out:5024 type:b dur:2 cpbdur:2 q:32.59 aq:28.88 tex:67 mv:48 misc:421 imb:4 pmb:1 smb:8155 d:- ref:0 ;
in:5026 out:5025 type:P dur:2 cpbdur:2 q:32.58 aq:23.53 tex:8680 mv:966 misc:1874 imb:34 pmb:253 smb:7873 d:- ref:0 ;
in:5025 out:5026 type:b dur:2 cpbdur:2 q:32.58 aq:28.09 tex:78 mv:41 misc:433 imb:2 pmb:6 smb:8152 d:- ref:0 ;
in:5028 out:5027 type:P dur:2 cpbdur:2 q:32.57 aq:23.09 tex:11868 mv:1488 misc:2572 imb:53 pmb:424 smb:7683 d:- ref:0 ;
in:5027 out:5028 type:b dur:2 cpbdur:2 q:32.58 aq:31.94 tex:22 mv:20 misc:406 imb:1 pmb:1 smb:8158 d:- ref:0 ;
in:5030 out:5029 type:P dur:2 cpbdur:2 q:32.56 aq:24.12 tex:6194 mv:899 misc:1835 imb:29 pmb:248 smb:7883 d:- ref:0 ;
in:5029 out:5030 type:b dur:2 cpbdur:2 q:32.57 aq:29.30 tex:93 mv:23 misc:420 imb:1 pmb:3 smb:8156 d:- ref:0 ;
in:5032 out:5031 type:P dur:2 cpbdur:2 q:32.55 aq:23.61 tex:11638 mv:1432 misc:2506 imb:48 pmb:414 smb:7698 d:- ref:0 ;
in:5031 out:5032 type:b dur:2 cpbdur:2 q:32.56 aq:32.00 tex:0 mv:13 misc:403 imb:0 pmb:2 smb:8158 d:- ref:0 ;
in:5034 out:5033 type:P dur:2 cpbdur:2 q:32.55 aq:23.54 tex:7396 mv:880 misc:1900 imb:27 pmb:269 smb:7864 d:- ref:0 ;
in:5033 out:5034 type:b dur:2 cpbdur:2 q:32.55 aq:30.91 tex:22 mv:11 misc:399 imb:1 pmb:0 smb:8159 d:- ref:0 ;
in:5036 out:5035 type:P dur:2 cpbdur:2 q:32.54 aq:23.32 tex:12273 mv:1512 misc:2703 imb:51 pmb:450 smb:7659 d:- ref:0 ;
in:5035 out:5036 type:b dur:2 cpbdur:2 q:32.55 aq:33.45 tex:91 mv:23 misc:414 imb:1 pmb:3 smb:8156 d:- ref:0 ;
in:5038 out:5037 type:P dur:2 cpbdur:2 q:32.54 aq:23.54 tex:4647 mv:670 misc:1603 imb:27 pmb:194 smb:7939 d:- ref:0 ;
in:5037 out:5038 type:b dur:2 cpbdur:2 q:32.54 aq:31.98 tex:37 mv:16 misc:403 imb:1 pmb:1 smb:8158 d:- ref:0 ;
in:5040 out:5039 type:P dur:2 cpbdur:2 q:32.52 aq:23.22 tex:11466 mv:1229 misc:2385 imb:46 pmb:382 smb:7732 d:- ref:0 ;
in:5039 out:5040 type:b dur:2 cpbdur:2 q:32.53 aq:24.18 tex:56 mv:21 misc:411 imb:1 pmb:2 smb:8157 d:- ref:0 ;
in:5042 out:5041 type:P dur:2 cpbdur:2 q:32.51 aq:24.16 tex:6039 mv:756 misc:1693 imb:14 pmb:243 smb:7903 d:- ref:0 ;
in:5041 out:5042 type:b dur:2 cpbdur:2 q:32.51 aq:31.93 tex:47 mv:8 misc:401 imb:0 pmb:2 smb:8158 d:- ref:0 ;
in:5044 out:5043 type:P dur:2 cpbdur:2 q:32.50 aq:22.76 tex:12353 mv:1436 misc:2667 imb:60 pmb:429 smb:7671 d:- ref:0 ;
in:5043 out:5044 type:b dur:2 cpbdur:2 q:32.50 aq:32.16 tex:43 mv:16 misc:405 imb:1 pmb:1 smb:8158 d:- ref:0 ;
in:5046 out:5045 type:P dur:2 cpbdur:2 q:32.50 aq:24.31 tex:6949 mv:784 misc:1883 imb:25 pmb:260 smb:7875 d:- ref:0 ;
in:5045 out:5046 type:b dur:2 cpbdur:2 q:32.50 aq:31.92 tex:60 mv:20 misc:408 imb:1 pmb:2 smb:8157 d:- ref:0 ;
in:5048 out:5047 type:P dur:2 cpbdur:2 q:32.48 aq:23.22 tex:12574 mv:1544 misc:2730 imb:63 pmb:439 smb:7658 d:- ref:0 ;
in:5047 out:5048 type:b dur:2 cpbdur:2 q:32.49 aq:28.37 tex:83 mv:32 misc:429 imb:1 pmb:4 smb:8155 d:- ref:0 ;
in:5050 out:5049 type:P dur:2 cpbdur:2 q:32.48 aq:23.94 tex:5755 mv:659 misc:1746 imb:21 pmb:229 smb:7910 d:- ref:0 ;
in:5049 out:5050 type:b dur:2 cpbdur:2 q:32.48 aq:23.63 tex:59 mv:20 misc:417 imb:1 pmb:2 smb:8157 d:- ref:0 ;
in:5052 out:5051 type:P dur:2 cpbdur:2 q:32.47 aq:23.17 tex:11376 mv:1660 misc:2708 imb:63 pmb:455 smb:7642 d:- ref:0 ;
in:5051 out:5052 type:b dur:2 cpbdur:2 q:32.47 aq:19.86 tex:138 mv:40 misc:438 imb:2 pmb:5 smb:8153 d:- ref:0 ;
in:5054 out:5053 type:P dur:2 cpbdur:2 q:32.46 aq:23.85 tex:6166 mv:779 misc:1879 imb:18 pmb:264 smb:7878 d:- ref:0 ;
in:5053 out:5054 type:b dur:2 cpbdur:2 q:32.47 aq:19.04 tex:77 mv:23 misc:412 imb:1 pmb:3 smb:8156 d:- ref:0 ;
in:5056 out:5055 type:P dur:2 cpbdur:2 q:32.46 aq:22.59 tex:16564 mv:1454 misc:2798 imb:63 pmb:454 smb:7643 d:- ref:0 ;
in:5055 out:5056 type:b dur:2 cpbdur:2 q:32.46 aq:24.42 tex:35 mv:59 misc:442 imb:4 pmb:6 smb:8150 d:- ref:0 ;
in:5058 out:5057 type:P dur:2 cpbdur:2 q:32.46 aq:24.50 tex:6136 mv:743 misc:1761 imb:19 pmb:240 smb:7901 d:- ref:0 ;
in:5057 out:5058 type:b dur:2 cpbdur:2 q:32.46 aq:31.95 tex:101 mv:24 misc:419 imb:1 pmb:3 smb:8156 d:- ref:0 ;
in:5060 out:5059 type:P dur:2 cpbdur:2 q:32.44 aq:24.04 tex:11461 mv:1432 misc:2475 imb:49 pmb:397 smb:7714 d:- ref:0 ;
in:5059 out:5060 type:b dur:2 cpbdur:2 q:32.45 aq:23.85 tex:83 mv:56 misc:437 imb:3 pmb:4 smb:8153 d:- ref:0 ;
in:5062 out:5061 type:P dur:2 cpbdur:2 q:32.43 aq:24.22 tex:5096 mv:657 misc:1615 imb:12 pmb:215 smb:7933 d:- ref:0 ;
in:5061 out:5062 type:b dur:2 cpbdur:2 q:32.44 aq:28.83 tex:82 mv:43 misc:419 imb:2 pmb:3 smb:8155 d:- ref:0 ;
in:5064 out:5063 type:P dur:2 cpbdur:2 q:32.41 aq:23.73 tex:10059 mv:1194 misc:2307 imb:34 pmb:371 smb:7755 d:- ref:0 ;
in:5063 out:5064 type:b dur:2 cpbdur:2 q:32.42 aq:30.96 tex:39 mv:16 misc:401 imb:1 pmb:1 smb:8158 d:- ref:0 ;
in:5066 out:5065 type:P dur:2 cpbdur:2 q:32.40 aq:23.96 tex:5579 mv:645 misc:1672 imb:19 pmb:215 smb:7926 d:- ref:0 ;
in:5065 out:5066 type:b dur:2 cpbdur:2 q:32.41 aq:24.23 tex:42 mv:37 misc:417 imb:3 pmb:1 smb:8156 d:- ref:0 ;
in:5068 out:5067 type:P dur:2 cpbdur:2 q:32.39 aq:23.27 tex:12056 mv:1486 misc:2610 imb:46 pmb:444 smb:7670 d:- ref:0 ;
in:5067 out:5068 type:b dur:2 cpbdur:2 q:32.40 aq:20.67 tex:22 mv:12 misc:398 imb:1 pmb:0 smb:8159 d:- ref:0 ;
in:5070 out:5069 type:P dur:2 cpbdur:2 q:32.39 aq:23.72 tex:5469 mv:708 misc:1727 imb:15 pmb:228 smb:7917 d:- ref:0 ;
in:5069 out:5070 type:b dur:2 cpbdur:2 q:32.39 aq:30.98 tex:30 mv:22 misc:404 imb:2 pmb:0 smb:8158 d:- ref:0 ;
in:5072 out:5071 type:P dur:2 cpbdur:2 q:32.37 aq:23.60 tex:12670 mv:1751 misc:2843 imb:57 pmb:497 smb:7606 d:- ref:0 ;
in:5071 out:5072 type:b dur:2 cpbdur:2 q:32.38 aq:30.94 tex:46 mv:8 misc:402 imb:0 pmb:2 smb:8158 d:- ref:0 ;
in:5074 out:5073 type:P dur:2 cpbdur:2 q:32.37 aq:23.45 tex:7313 mv:842 misc:1973 imb:24 pmb:274 smb:7862 d:- ref:0 ;
in:5073 out:5074 type:b dur:2 cpbdur:2 q:32.37 aq:23.17 tex:62 mv:19 misc:415 imb:1 pmb:2 smb:8157 d:- ref:0 ;
in:5076 out:5075 type:P dur:2 cpbdur:2 q:32.36 aq:22.80 tex:12527 mv:1809 misc:2880 imb:78 pmb:463 smb:7619 d:- ref:0 ;
in:5075 out:5076 type:b dur:2 cpbdur:2 q:32.37 aq:30.96 tex:78 mv:25 misc:409 imb:1 pmb:3 smb:8156 d:- ref:0 ;
in:5078 out:5077 type:P dur:2 cpbdur:2 q:32.37 aq:23.77 tex:5029 mv:588 misc:1583 imb:18 pmb:194 smb:7948 d:- ref:0 ;
in:5077 out:5078 type:b dur:2 cpbdur:2 q:32.36 aq:31.00 tex:0 mv:3 misc:397 imb:0 pmb:1 smb:8159 d:- ref:0 ;
in:5080 out:5079 type:P dur:2 cpbdur:2 q:32.35 aq:23.57 tex:11758 mv:1489 misc:2633 imb:58 pmb:429 smb:7673 d:- ref:0 ;
in:5079 out:5080 type:b dur:2 cpbdur:2 q:32.36 aq:30.94 tex:57 mv:32 misc:407 imb:3 pmb:0 smb:8157 d:- ref:0 ;
in:5082 out:5081 type:P dur:2 cpbdur:2 q:32.35 aq:23.11 tex:5596 mv:827 misc:1737 imb:23 pmb:226 smb:7911 d:- ref:0 ;
in:5081 out:5082 type:b dur:2 cpbdur:2 q:32.35 aq:17.17 tex:25 mv:22 misc:401 imb:2 pmb:0 smb:8158 d:- ref:0 ;
in:5084 out:5083 type:P dur:2 cpbdur:2 q:32.33 aq:22.77 tex:11393 mv:1490 misc:2693 imb:64 pmb:407 smb:7689 d:- ref:0 ;
in:5083 out:5084 type:b dur:2 cpbdur:2 q:32.34 aq:30.43 tex:104 mv:34 misc:422 imb:2 pmb:3 smb:8155 d:- ref:0 ;
in:5086 out:5085 type:P dur:2 cpbdur:2 q:32.32 aq:22.85 tex:7487 mv:764 misc:1797 imb:31 pmb:228 smb:7901 d:- ref:0 ;
in:5085 out:5086 type:b dur:2 cpbdur:2 q:32.32 aq:31.00 tex:25 mv:15 misc:408 imb:0 pmb:5 smb:8155 d:- ref:0 ;
in:5088 out:5087 type:P dur:2 cpbdur:2 q:32.31 aq:22.77 tex:12272 mv:1459 misc:2701 imb:51 pmb:451 smb:7658 d:- ref:0 ;
in:5087 out:5088 type:b dur:2 cpbdur:2 q:32.31 aq:23.76 tex:66 mv:41 misc:429 imb:3 pmb:2 smb:8155 d:- ref:0 ;
in:5090 out:5089 type:P dur:2 cpbdur:2 q:32.31 aq:24.06 tex:6065 mv:809 misc:1814 imb:26 pmb:237 smb:7897 d:- ref:0 ;
in:5089 out:5090 type:b dur:2 cpbdur:2 q:32.31 aq:30.95 tex:19 mv:21 misc:400 imb:2 pmb:0 smb:8158 d:- ref:0 ;
in:5092 out:5091 type:P dur:2 cpbdur:2 q:32.29 aq:23.33 tex:12517 mv:1579 misc:2808 imb:63 pmb:458 smb:7639 d:- ref:0 ;
in:5091 out:5092 type:b dur:2 cpbdur:2 q:32.30 aq:32.87 tex:52 mv:18 misc:410 imb:1 pmb:2 smb:8157 d:- ref:0 ;
in:5094 out:5093 type:P dur:2 cpbdur:2 q:32.29 aq:23.90 tex:7223 mv:1184 misc:1961 imb:29 pmb:304 smb:7827 d:- ref:0 ;
in:5093 out:5094 type:b dur:2 cpbdur:2 q:32.29 aq:22.68 tex:55 mv:30 misc:435 imb:1 pmb:6 smb:8153 d:- ref:0 ;
in:5096 out:5095 type:P dur:2 cpbdur:2 q:32.27 aq:23.33 tex:14966 mv:2442 misc:3016 imb:74 pmb:566 smb:7520 d:- ref:0 ;
in:5095 out:5096 type:b dur:2 cpbdur:2 q:32.28 aq:33.78 tex:119 mv:69 misc:452 imb:3 pmb:6 smb:8151 d:- ref:0 ;
in:5098 out:5097 type:P dur:2 cpbdur:2 q:32.27 aq:24.03 tex:10136 mv:1744 misc:1920 imb:23 pmb:363 smb:7774 d:- ref:0 ;
in:5097 out:5098 type:b dur:2 cpbdur:2 q:32.27 aq:33.72 tex:205 mv:103 misc:452 imb:0 pmb:16 smb:8144 d:- ref:0 ;
in:5100 out:5099 type:P dur:2 cpbdur:2 q:32.26 aq:23.45 tex:17386 mv:2829 misc:2817 imb:72 pmb:576 smb:7512 d:- ref:0 ;
in:5099 out:5100 type:b dur:2 cpbdur:2 q:32.27 aq:32.13 tex:576 mv:226 misc:526 imb:5 pmb:27 smb:8128 d:- ref:0 ;
in:5102 out:5101 type:P dur:2 cpbdur:2 q:32.25 aq:22.90 tex:10179 mv:1801 misc:2148 imb:34 pmb:398 smb:7728 d:- ref:0 ;
in:5101 out:5102 type:b dur:2 cpbdur:2 q:32.25 aq:30.01 tex:300 mv:155 misc:489 imb:5 pmb:17 smb:8138 d:- ref:0 ;
in:5104 out:5103 type:P dur:2 cpbdur:2 q:32.24 aq:23.25 tex:17585 mv:2701 misc:2978 imb:66 pmb:614 smb:7480 d:- ref:0 ;
in:5103 out:5104 type:b dur:2 cpbdur:2 q:32.25 aq:30.30 tex:495 mv:148 misc:501 imb:1 pmb:26 smb:8133 d:- ref:0 ;
in:5106 out:5105 type:P dur:2 cpbdur:2 q:32.24 aq:24.05 tex:9302 mv:1655 misc:2051 imb:33 pmb:361 smb:7766 d:- ref:0 ;
in:5105 out:5106 type:b dur:2 cpbdur:2 q:32.24 aq:31.50 tex:98 mv:24 misc:422 imb:1 pmb:3 smb:8156 d:- ref:0 ;
in:5108 out:5107 type:P dur:2 cpbdur:2 q:32.22 aq:23.50 tex:17127 mv:2820 misc:2893 imb:68 pmb:615 smb:7477 d:- ref:0 ;
in:5107 out:5108 type:b dur:2 cpbdur:2 q:32.23 aq:32.40 tex:157 mv:65 misc:458 imb:2 pmb:8 smb:8150 d:- ref:0 ;
in:5110 out:5109 type:P dur:2 cpbdur:2 q:32.22 aq:23.96 tex:8440 mv:1798 misc:2042 imb:36 pmb:360 smb:7764 d:- ref:0 ;
in:5109 out:5110 type:b dur:2 cpbdur:2 q:32.22 aq:32.54 tex:112 mv:34 misc:438 imb:1 pmb:5 smb:8154 d:- ref:0 ;
in:5112 out:5111 type:P dur:2 cpbdur:2 q:32.21 aq:23.45 tex:15419 mv:2626 misc:2979 imb:69 pmb:576 smb:7515 d:- ref:0 ;
in:5111 out:5112 type:b dur:2 cpbdur:2 q:32.21 aq:28.48 tex:153 mv:128 misc:503 imb:2 pmb:15 smb:8143 d:- ref:0 ;
in:5114 out:5113 type:P dur:2 cpbdur:2 q:32.21 aq:24.13 tex:9759 mv:1618 misc:2095 imb:28 pmb:385 smb:7747 d:- ref:0 ;
in:5113 out:5114 type:b dur:2 cpbdur:2 q:32.21 aq:24.90 tex:256 mv:69 misc:459 imb:2 pmb:9 smb:8149 d:- ref:0 ;
in:5116 out:5115 type:P dur:2 cpbdur:2 q:32.21 aq:23.08 tex:18478 mv:2660 misc:2910 imb:71 pmb:568 smb:7521 d:- ref:0 ;
in:5115 out:5116 type:b dur:2 cpbdur:2 q:32.21 aq:33.27 tex:197 mv:89 misc:466 imb:1 pmb:16 smb:8143 d:- ref:0 ;
in:5118 out:5117 type:P dur:2 cpbdur:2 q:32.21 aq:22.24 tex:8979 mv:1812 misc:1857 imb:33 pmb:344 smb:7783 d:- ref:0 ;
in:5117 out:5118 type:b dur:2 cpbdur:2 q:32.21 aq:25.88 tex:354 mv:149 misc:449 imb:3 pmb:11 smb:8146 d:- ref:0 ;
in:5120 out:5119 type:P dur:2 cpbdur:2 q:32.21 aq:23.07 tex:17217 mv:2842 misc:2773 imb:70 pmb:571 smb:7519 d:- ref:0 ;
in:5119 out:5120 type:b dur:2 cpbdur:2 q:32.21 aq:32.56 tex:304 mv:127 misc:449 imb:1 pmb:18 smb:8141 d:- ref:0 ;
in:5122 out:5121 type:P dur:2 cpbdur:2 q:32.21 aq:24.30 tex:8795 mv:1506 misc:1843 imb:25 pmb:326 smb:7809 d:- ref:0 ;
in:5121 out:5122 type:b dur:2 cpbdur:2 q:32.21 aq:25.16 tex:221 mv:126 misc:477 imb:2 pmb:14 smb:8144 d:- ref:0 ;
in:5124 out:5123 type:P dur:2 cpbdur:2 q:32.20 aq:23.32 tex:15996 mv:2577 misc:2875 imb:64 pmb:585 smb:7511 d:- ref:0 ;
in:5123 out:5124 type:b dur:2 cpbdur:2 q:32.20 aq:25.12 tex:184 mv:133 misc:499 imb:5 pmb:17 smb:8138 d:- ref:0 ;
in:5126 out:5125 type:P dur:2 cpbdur:2 q:32.20 aq:23.76 tex:10259 mv:2029 misc:2032 imb:38 pmb:383 smb:7739 d:- ref:0 ;
in:5125 out:5126 type:b dur:2 cpbdur:2 q:32.20 aq:32.46 tex:98 mv:61 misc:457 imb:3 pmb:8 smb:8149 d:- ref:0 ;
in:5128 out:5127 type:P dur:2 cpbdur:2 q:32.19 aq:23.58 tex:15139 mv:2744 misc:2869 imb:76 pmb:573 smb:7511 d:- ref:0 ;
in:5127 out:5128 type:b dur:2 cpbdur:2 q:32.19 aq:32.03 tex:261 mv:102 misc:485 imb:6 pmb:8 smb:8146 d:- ref:0 ;
in:5130 out:5129 type:P dur:2 cpbdur:2 q:32.19 aq:24.53 tex:9554 mv:1600 misc:1958 imb:36 pmb:353 smb:7771 d:- ref:0 ;
in:5129 out:5130 type:b dur:2 cpbdur:2 q:32.19 aq:33.95 tex:79 mv:38 misc:435 imb:1 pmb:5 smb:8154 d:- ref:0 ;
in:5132 out:5131 type:P dur:2 cpbdur:2 q:32.18 aq:23.03 tex:15330 mv:2466 misc:2788 imb:66 pmb:546 smb:7548 d:- ref:0 ;
in:5131 out:5132 type:b dur:2 cpbdur:2 q:32.18 aq:25.02 tex:164 mv:87 misc:461 imb:6 pmb:5 smb:8149 d:- ref:0 ;
in:5134 out:5133 type:P dur:2 cpbdur:2 q:32.19 aq:23.43 tex:11371 mv:1727 misc:2054 imb:35 pmb:391 smb:7734 d:- ref:0 ;
in:5133 out:5134 type:b dur:2 cpbdur:2 q:32.18 aq:33.66 tex:97 mv:74 misc:429 imb:1 pmb:10 smb:8149 d:- ref:0 ;
in:5136 out:5135 type:P dur:2 cpbdur:2 q:32.18 aq:23.50 tex:16497 mv:2511 misc:2752 imb:64 pmb:571 smb:7525 d:- ref:0 ;
in:5135 out:5136 type:b dur:2 cpbdur:2 q:32.18 aq:32.50 tex:432 mv:61 misc:435 imb:0 pmb:12 smb:8148 d:- ref:0 ;
in:5138 out:5137 type:P dur:2 cpbdur:2 q:32.19 aq:23.75 tex:11769 mv:1781 misc:1962 imb:37 pmb:381 smb:7742 d:- ref:0 ;
in:5137 out:5138 type:b dur:2 cpbdur:2 q:32.18 aq:33.64 tex:231 mv:119 misc:466 imb:2 pmb:11 smb:8147 d:- ref:0 ;
in:5140 out:5139 type:P dur:2 cpbdur:2 q:32.18 aq:23.83 tex:16750 mv:2686 misc:2748 imb:73 pmb:567 smb:7520 d:- ref:0 ;
in:5139 out:5140 type:b dur:2 cpbdur:2 q:32.19 aq:32.16 tex:617 mv:150 misc:505 imb:6 pmb:18 smb:8136 d:- ref:0 ;
in:5142 out:5141 type:P dur:2 cpbdur:2 q:32.19 aq:25.19 tex:9270 mv:1385 misc:1841 imb:26 pmb:351 smb:7783 d:- ref:0 ;
in:5141 out:5142 type:b dur:2 cpbdur:2 q:32.19 aq:32.56 tex:77 mv:40 misc:419 imb:0 pmb:6 smb:8154 d:- ref:0 ;
in:5144 out:5143 type:P dur:2 cpbdur:2 q:32.18 aq:23.18 tex:16535 mv:2543 misc:2466 imb:73 pmb:521 smb:7566 d:- ref:0 ;
in:5143 out:5144 type:b dur:2 cpbdur:2 q:32.19 aq:19.85 tex:141 mv:79 misc:468 imb:2 pmb:10 smb:8148 d:- ref:0 ;
in:5146 out:5145 type:P dur:2 cpbdur:2 q:32.18 aq:24.73 tex:12214 mv:1722 misc:1784 imb:41 pmb:332 smb:7787 d:- ref:0 ;
in:5145 out:5146 type:b dur:2 cpbdur:2 q:32.18 aq:33.48 tex:158 mv:59 misc:447 imb:3 pmb:9 smb:8148 d:- ref:0 ;
in:5148 out:5147 type:P dur:2 cpbdur:2 q:32.17 aq:24.35 tex:12870 mv:1829 misc:2125 imb:21 pmb:453 smb:7686 d:- ref:0 ;
in:5147 out:5148 type:b dur:2 cpbdur:2 q:32.17 aq:33.15 tex:139 mv:55 misc:446 imb:1 pmb:8 smb:8151 d:- ref:0 ;
in:5152 out:5149 type:P dur:2 cpbdur:2 q:32.15 aq:23.61 tex:31754 mv:5024 misc:4526 imb:132 pmb:1114 smb:6914 d:- ref:0 ;
in:5150 out:5150 type:B dur:2 cpbdur:2 q:32.16 aq:30.90 tex:981 mv:495 misc:692 imb:4 pmb:67 smb:8089 d:- ref:0 ;
in:5149 out:5151 type:b dur:2 cpbdur:2 q:32.16 aq:24.17 tex:214 mv:129 misc:505 imb:6 pmb:14 smb:8140 d:- ref:0 ;
in:5151 out:5152 type:b dur:2 cpbdur:2 q:32.16 aq:27.16 tex:195 mv:182 misc:487 imb:2 pmb:21 smb:8137 d:- ref:0 ;
in:5154 out:5153 type:P dur:2 cpbdur:2 q:32.30 aq:22.26 tex:19550 mv:3442 misc:3768 imb:145 pmb:711 smb:7304 d:- ref:0 ;
in:5153 out:5154 type:b dur:2 cpbdur:2 q:32.23 aq:32.19 tex:396 mv:112 misc:452 imb:3 pmb:10 smb:8147 d:- ref:0 ;
in:5156 out:5155 type:P dur:2 cpbdur:2 q:32.31 aq:22.97 tex:11943 mv:2375 misc:2426 imb:60 pmb:462 smb:7638 d:- ref:0 ;
in:5155 out:5156 type:b dur:2 cpbdur:2 q:32.30 aq:33.92 tex:247 mv:160 misc:481 imb:0 pmb:23 smb:8137 d:- ref:0 ;
in:5158 out:5157 type:P dur:2 cpbdur:2 q:32.31 aq:22.88 tex:17457 mv:3049 misc:3334 imb:96 pmb:635 smb:7429 d:- ref:0 ;
in:5157 out:5158 type:b dur:2 cpbdur:2 q:32.31 aq:32.65 tex:231 mv:105 misc:424 imb:2 pmb:8 smb:8150 d:- ref:0 ;
in:5160 out:5159 type:P dur:2 cpbdur:2 q:32.30 aq:23.02 tex:10386 mv:1814 misc:2224 imb:45 pmb:389 smb:7726 d:- ref:0 ;
in:5159 out:5160 type:b dur:2 cpbdur:2 q:32.30 aq:31.02 tex:216 mv:97 misc:463 imb:5 pmb:9 smb:8146 d:- ref:0 ;
in:5162 out:5161 type:P dur:2 cpbdur:2 q:32.31 aq:23.05 tex:19187 mv:3282 misc:3203 imb:98 pmb:680 smb:7382 d:- ref:0 ;
in:5161 out:5162 type:b dur:2 cpbdur:2 q:32.30 aq:32.17 tex:128 mv:42 misc:438 imb:1 pmb:6 smb:8153 d:- ref:0 ;
in:5164 out:5163 type:P dur:2 cpbdur:2 q:32.31 aq:23.17 tex:11306 mv:2068 misc:2258 imb:53 pmb:412 smb:7695 d:- ref:0 ;
in:5163 out:5164 type:b dur:2 cpbdur:2 q:32.31 aq:31.94 tex:122 mv:157 misc:489 imb:3 pmb:14 smb:8143 d:- ref:0 ;
in:5166 out:5165 type:P dur:2 cpbdur:2 q:32.32 aq:23.17 tex:17896 mv:2856 misc:3112 imb:76 pmb:631 smb:7453 d:- ref:0 ;
in:5165 out:5166 type:b dur:2 cpbdur:2 q:32.31 aq:27.69 tex:108 mv:63 misc:445 imb:4 pmb:4 smb:8152 d:- ref:0 ;
in:5168 out:5167 type:P dur:2 cpbdur:2 q:32.25 aq:22.93 tex:10313 mv:1735 misc:2192 imb:36 pmb:393 smb:7731 d:- ref:0 ;
in:5167 out:5168 type:b dur:2 cpbdur:2 q:32.29 aq:30.94 tex:85 mv:43 misc:448 imb:0 pmb:9 smb:8151 d:- ref:0 ;
in:5170 out:5169 type:P dur:2 cpbdur:2 q:32.21 aq:23.35 tex:19144 mv:3020 misc:3060 imb:90 pmb:628 smb:7442 d:- ref:0 ;
in:5169 out:5170 type:b dur:2 cpbdur:2 q:32.23 aq:28.31 tex:281 mv:183 misc:512 imb:6 pmb:21 smb:8133 d:- ref:0 ;
in:5172 out:5171 type:P dur:2 cpbdur:2 q:32.16 aq:23.55 tex:11430 mv:1993 misc:2113 imb:38 pmb:421 smb:7701 d:- ref:0 ;
in:5171 out:5172 type:b dur:2 cpbdur:2 q:32.18 aq:29.75 tex:282 mv:92 misc:458 imb:1 pmb:12 smb:8147 d:- ref:0 ;
in:5174 out:5173 type:P dur:2 cpbdur:2 q:32.15 aq:22.68 tex:22111 mv:3180 misc:3093 imb:80 pmb:688 smb:7392 d:- ref:0 ;
in:5173 out:5174 type:b dur:2 cpbdur:2 q:32.15 aq:31.68 tex:352 mv:215 misc:521 imb:1 pmb:24 smb:8135 d:- ref:0 ;
in:5176 out:5175 type:P dur:2 cpbdur:2 q:32.15 aq:22.95 tex:14481 mv:2014 misc:2225 imb:43 pmb:448 smb:7669 d:- ref:0 ;
in:5175 out:5176 type:b dur:2 cpbdur:2 q:32.15 aq:25.29 tex:390 mv:142 misc:484 imb:1 pmb:20 smb:8139 d:- ref:0 ;
in:5178 out:5177 type:P dur:2 cpbdur:2 q:32.15 aq:22.23 tex:25086 mv:3374 misc:3260 imb:101 pmb:715 smb:7344 d:- ref:0 ;
in:5177 out:5178 type:b dur:2 cpbdur:2 q:32.15 aq:29.94 tex:327 mv:140 misc:501 imb:1 pmb:20 smb:8139 d:- ref:0 ;
in:5180 out:5179 type:P dur:2 cpbdur:2 q:32.15 aq:23.49 tex:14197 mv:1511 misc:2220 imb:35 pmb:417 smb:7708 d:- ref:0 ;
in:5179 out:5180 type:b dur:2 cpbdur:2 q:32.15 aq:24.78 tex:41 mv:24 misc:423 imb:1 pmb:3 smb:8156 d:- ref:0 ;
in:5182 out:5181 type:P dur:2 cpbdur:2 q:32.14 aq:21.96 tex:18814 mv:2247 misc:3115 imb:64 pmb:620 smb:7476 d:- ref:0 ;
in:5181 out:5182 type:b dur:2 cpbdur:2 q:32.15 aq:23.55 tex:157 mv:48 misc:435 imb:2 pmb:7 smb:8151 d:- ref:0 ;
in:5184 out:5183 type:P dur:2 cpbdur:2 q:32.14 aq:22.79 tex:8684 mv:1043 misc:2017 imb:43 pmb:291 smb:7826 d:- ref:0 ;
in:5183 out:5184 type:b dur:2 cpbdur:2 q:32.14 aq:29.02 tex:59 mv:16 misc:405 imb:1 pmb:1 smb:8158 d:- ref:0 ;
in:5186 out:5185 type:P dur:2 cpbdur:2 q:32.14 aq:22.88 tex:18444 mv:2290 misc:3170 imb:76 pmb:647 smb:7437 d:- ref:0 ;
in:5185 out:5186 type:b dur:2 cpbdur:2 q:32.14 aq:30.93 tex:84 mv:41 misc:435 imb:2 pmb:6 smb:8152 d:- ref:0 ;
in:5188 out:5187 type:P dur:2 cpbdur:2 q:32.14 aq:23.61 tex:8248 mv:1095 misc:2105 imb:30 pmb:333 smb:7797 d:- ref:0 ;
in:5187 out:5188 type:b dur:2 cpbdur:2 q:32.14 aq:30.95 tex:14 mv:12 misc:398 imb:1 pmb:0 smb:8159 d:- ref:0 ;
in:5190 out:5189 type:P dur:2 cpbdur:2 q:32.13 aq:22.65 tex:14497 mv:1914 misc:2997 imb:71 pmb:512 smb:7577 d:- ref:0 ;
in:5189 out:5190 type:b dur:2 cpbdur:2 q:32.14 aq:29.63 tex:34 mv:11 misc:395 imb:1 pmb:0 smb:8159 d:- ref:0 ;
in:5192 out:5191 type:P dur:2 cpbdur:2 q:32.14 aq:23.24 tex:8683 mv:852 misc:2065 imb:36 pmb:302 smb:7822 d:- ref:0 ;
in:5191 out:5192 type:b dur:2 cpbdur:2 q:32.14 aq:30.92 tex:22 mv:11 misc:391 imb:1 pmb:0 smb:8159 d:- ref:0 ;
in:5194 out:5193 type:P dur:2 cpbdur:2 q:32.13 aq:22.91 tex:15265 mv:1834 misc:2973 imb:75 pmb:515 smb:7570 d:- ref:0 ;
in:5193 out:5194 type:b dur:2 cpbdur:2 q:32.13 aq:30.94 tex:77 mv:11 misc:408 imb:0 pmb:3 smb:8157 d:- ref:0 ;
in:5196 out:5195 type:P dur:2 cpbdur:2 q:32.13 aq:23.19 tex:8119 mv:911 misc:2050 imb:26 pmb:317 smb:7817 d:- ref:0 ;
in:5195 out:5196 type:b dur:2 cpbdur:2 q:32.13 aq:30.91 tex:84 mv:47 misc:437 imb:3 pmb:4 smb:8153 d:- ref:0 ;
in:5198 out:5197 type:P dur:2 cpbdur:2 q:32.13 aq:22.59 tex:16541 mv:1776 misc:2987 imb:69 pmb:548 smb:7543 d:- ref:0 ;
in:5197 out:5198 type:b dur:2 cpbdur:2 q:32.13 aq:30.06 tex:39 mv:40 misc:417 imb:4 pmb:0 smb:8156 d:- ref:0 ;
in:5200 out:5199 type:P dur:2 cpbdur:2 q:32.13 aq:23.45 tex:7986 mv:802 misc:1876 imb:21 pmb:290 smb:7849 d:- ref:0 ;
in:5199 out:5200 type:b dur:2 cpbdur:2 q:32.13 aq:30.96 tex:17 mv:11 misc:396 imb:1 pmb:0 smb:8159 d:- ref:0 ;
in:5202 out:5201 type:P dur:2 cpbdur:2 q:32.12 aq:21.95 tex:15778 mv:1857 misc:2989 imb:70 pmb:543 smb:7547 d:- ref:0 ;
in:5201 out:5202 type:b dur:2 cpbdur:2 q:32.13 aq:30.94 tex:97 mv:27 misc:420 imb:1 pmb:4 smb:8155 d:- ref:0 ;
in:5204 out:5203 type:P dur:2 cpbdur:2 q:32.12 aq:23.51 tex:7305 mv:810 misc:1893 imb:22 pmb:273 smb:7865 d:- ref:0 ;
in:5203 out:5204 type:b dur:2 cpbdur:2 q:32.12 aq:23.76 tex:90 mv:36 misc:426 imb:2 pmb:4 smb:8154 d:- ref:0 ;
in:5206 out:5205 type:P dur:2 cpbdur:2 q:32.11 aq:22.23 tex:17022 mv:1752 misc:2994 imb:69 pmb:521 smb:7570 d:- ref:0 ;
in:5205 out:5206 type:b dur:2 cpbdur:2 q:32.12 aq:24.14 tex:51 mv:25 misc:420 imb:1 pmb:5 smb:8154 d:- ref:0 ;
in:5208 out:5207 type:P dur:2 cpbdur:2 q:32.11 aq:23.47 tex:7513 mv:847 misc:1984 imb:28 pmb:271 smb:7861 d:- ref:0 ;
in:5207 out:5208 type:b dur:2 cpbdur:2 q:32.11 aq:23.44 tex:22 mv:12 misc:398 imb:1 pmb:0 smb:8159 d:- ref:0 ;
in:5210 out:5209 type:P dur:2 cpbdur:2 q:32.10 aq:22.49 tex:15824 mv:1806 misc:3018 imb:71 pmb:527 smb:7562 d:- ref:0 ;
in:5209 out:5210 type:b dur:2 cpbdur:2 q:32.11 aq:25.59 tex:60 mv:38 misc:422 imb:3 pmb:1 smb:8156 d:- ref:0 ;
in:5212 out:5211 type:P dur:2 cpbdur:2 q:32.10 aq:22.46 tex:6973 mv:967 misc:1940 imb:26 pmb:277 smb:7857 d:- ref:0 ;
in:5211 out:5212 type:b dur:2 cpbdur:2 q:32.10 aq:23.86 tex:45 mv:47 misc:428 imb:4 pmb:1 smb:8155 d:- ref:0 ;
in:5214 out:5213 type:P dur:2 cpbdur:2 q:32.09 aq:22.94 tex:14607 mv:1675 misc:2758 imb:60 pmb:499 smb:7601 d:- ref:0 ;
in:5213 out:5214 type:b dur:2 cpbdur:2 q:32.10 aq:28.87 tex:172 mv:69 misc:455 imb:5 pmb:5 smb:8150 d:- ref:0 ;
in:5216 out:5215 type:P dur:2 cpbdur:2 q:32.08 aq:22.48 tex:6733 mv:829 misc:1878 imb:22 pmb:263 smb:7875 d:- ref:0 ;
in:5215 out:5216 type:b dur:2 cpbdur:2 q:32.09 aq:31.14 tex:100 mv:48 misc:428 imb:2 pmb:4 smb:8154 d:- ref:0 ;
in:5218 out:5217 type:P dur:2 cpbdur:2 q:32.07 aq:23.30 tex:15513 mv:1792 misc:2951 imb:59 pmb:563 smb:7538 d:- ref:0 ;
in:5217 out:5218 type:b dur:2 cpbdur:2 q:32.08 aq:18.23 tex:87 mv:46 misc:435 imb:3 pmb:4 smb:8153 d:- ref:0 ;
in:5220 out:5219 type:P dur:2 cpbdur:2 q:32.07 aq:23.29 tex:8656 mv:921 misc:2023 imb:48 pmb:274 smb:7838 d:- ref:0 ;
in:5219 out:5220 type:b dur:2 cpbdur:2 q:32.07 aq:22.06 tex:25 mv:27 misc:412 imb:2 pmb:1 smb:8157 d:- ref:0 ;
in:5222 out:5221 type:P dur:2 cpbdur:2 q:32.06 aq:22.54 tex:15188 mv:1695 misc:2861 imb:64 pmb:516 smb:7580 d:- ref:0 ;
in:5221 out:5222 type:b dur:2 cpbdur:2 q:32.07 aq:28.00 tex:54 mv:38 misc:420 imb:3 pmb:1 smb:8156 d:- ref:0 ;
in:5224 out:5223 type:P dur:2 cpbdur:2 q:32.07 aq:24.17 tex:8125 mv:878 misc:1997 imb:28 pmb:286 smb:7846 d:- ref:0 ;
in:5223 out:5224 type:b dur:2 cpbdur:2 q:32.06 aq:30.94 tex:16 mv:11 misc:397 imb:1 pmb:0 smb:8159 d:- ref:0 ;
in:5226 out:5225 type:P dur:2 cpbdur:2 q:32.05 aq:22.38 tex:16299 mv:1749 misc:3056 imb:72 pmb:550 smb:7538 d:- ref:0 ;
in:5225 out:5226 type:b dur:2 cpbdur:2 q:32.06 aq:30.93 tex:81 mv:65 misc:422 imb:6 pmb:1 smb:8153 d:- ref:0 ;
in:5228 out:5227 type:P dur:2 cpbdur:2 q:32.05 aq:24.35 tex:6426 mv:811 misc:1787 imb:27 pmb:243 smb:7890 d:- ref:0 ;
in:5227 out:5228 type:b dur:2 cpbdur:2 q:32.05 aq:20.75 tex:71 mv:47 misc:426 imb:2 pmb:3 smb:8155 d:- ref:0 ;
in:5230 out:5229 type:P dur:2 cpbdur:2 q:32.04 aq:23.00 tex:14915 mv:1839 misc:2910 imb:53 pmb:558 smb:7549 d:- ref:0 ;
in:5229 out:5230 type:b dur:2 cpbdur:2 q:32.05 aq:30.97 tex:47 mv:45 misc:412 imb:2 pmb:2 smb:8156 d:- ref:0 ;
in:5232 out:5231 type:P dur:2 cpbdur:2 q:32.04 aq:23.22 tex:7396 mv:940 misc:1936 imb:38 pmb:272 smb:7850 d:- ref:0 ;
in:5231 out:5232 type:b dur:2 cpbdur:2 q:32.04 aq:22.38 tex:63 mv:30 misc:419 imb:2 pmb:2 smb:8156 d:- ref:0 ;
in:5234 out:5233 type:P dur:2 cpbdur:2 q:32.04 aq:22.78 tex:14077 mv:1684 misc:2847 imb:61 pmb:501 smb:7598 d:- ref:0 ;
in:5233 out:5234 type:b dur:2 cpbdur:2 q:32.04 aq:20.81 tex:74 mv:80 misc:446 imb:8 pmb:0 smb:8152 d:- ref:0 ;
in:5236 out:5235 type:P dur:2 cpbdur:2 q:32.04 aq:22.98 tex:9772 mv:930 misc:2010 imb:38 pmb:287 smb:7835 d:- ref:0 ;
in:5235 out:5236 type:b dur:2 cpbdur:2 q:32.04 aq:24.99 tex:76 mv:48 misc:428 imb:3 pmb:5 smb:8152 d:- ref:0 ;
in:5238 out:5237 type:P dur:2 cpbdur:2 q:32.03 aq:23.06 tex:16171 mv:1787 misc:3018 imb:59 pmb:547 smb:7554 d:- ref:0 ;
in:5237 out:5238 type:b dur:2 cpbdur:2 q:32.04 aq:21.00 tex:83 mv:26 misc:427 imb:1 pmb:4 smb:8155 d:- ref:0 ;
in:5240 out:5239 type:P dur:2 cpbdur:2 q:32.03 aq:24.07 tex:8025 mv:963 misc:2028 imb:24 pmb:306 smb:7830 d:- ref:0 ;
in:5239 out:5240 type:b dur:2 cpbdur:2 q:32.03 aq:30.99 tex:19 mv:11 misc:394 imb:1 pmb:0 smb:8159 d:- ref:0 ;
in:5242 out:5241 type:P dur:2 cpbdur:2 q:32.02 aq:22.74 tex:16112 mv:1921 misc:3119 imb:67 pmb:575 smb:7518 d:- ref:0 ;
in:5241 out:5242 type:b dur:2 cpbdur:2 q:32.02 aq:25.53 tex:111 mv:50 misc:431 imb:4 pmb:2 smb:8154 d:- ref:0 ;
in:5244 out:5243 type:P dur:2 cpbdur:2 q:32.02 aq:22.96 tex:7382 mv:823 misc:1955 imb:26 pmb:280 smb:7854 d:- ref:0 ;
in:5243 out:5244 type:b dur:2 cpbdur:2 q:32.02 aq:30.94 tex:39 mv:23 misc:402 imb:2 pmb:0 smb:8158 d:- ref:0 ;
in:5246 out:5245 type:P dur:2 cpbdur:2 q:32.00 aq:23.47 tex:14541 mv:1644 misc:2831 imb:62 pmb:495 smb:7603 d:- ref:0 ;
in:5245 out:5246 type:b dur:2 cpbdur:2 q:32.01 aq:29.24 tex:89 mv:40 misc:431 imb:3 pmb:2 smb:8155 d:- ref:0 ;
in:5248 out:5247 type:P dur:2 cpbdur:2 q:32.00 aq:23.04 tex:7987 mv:998 misc:2095 imb:41 pmb:293 smb:7826 d:- ref:0 ;
in:5247 out:5248 type:b dur:2 cpbdur:2 q:32.00 aq:28.66 tex:113 mv:38 misc:433 imb:2 pmb:4 smb:8154 d:- ref:0 ;
in:5249 out:5249 type:P dur:2 cpbdur:2 q:31.99 aq:22.92 tex:49 mv:30 misc:433 imb:4 pmb:0 smb:8156 d:- ref:0 ;
in:5250 out:5250 type:I dur:2 cpbdur:2 q:29.14 aq:19.81 tex:519701 mv:144081 misc:722 imb:8160 pmb:0 smb:0 d:- ref:;
in:5252 out:5251 type:P dur:2 cpbdur:2 q:32.57 aq:24.22 tex:5126 mv:490 misc:1352 imb:27 pmb:154 smb:7979 d:- ref:0 ;
in:5251 out:5252 type:b dur:2 cpbdur:2 q:32.57 aq:31.49 tex:22 mv:27 misc:399 imb:1 pmb:1 smb:8158 d:- ref:0 ;
in:5254 out:5253 type:P dur:2 cpbdur:2 q:32.56 aq:23.06 tex:13359 mv:1842 misc:2631 imb:80 pmb:432 smb:7648 d:- ref:0 ;
in:5253 out:5254 type:b dur:2 cpbdur:2 q:32.56 aq:30.99 tex:19 mv:12 misc:393 imb:1 pmb:0 smb:8159 d:- ref:0 ;
in:5256 out:5255 type:P dur:2 cpbdur:2 q:32.55 aq:23.66 tex:4814 mv:751 misc:1587 imb:38 pmb:179 smb:7943 d:- ref:0 ;
in:5255 out:5256 type:b dur:2 cpbdur:2 q:32.55 aq:32.00 tex:17 mv:5 misc:394 imb:0 pmb:1 smb:8159 d:- ref:0 ;
in:5258 out:5257 type:P dur:2 cpbdur:2 q:32.53 aq:23.40 tex:14584 mv:1794 misc:2814 imb:64 pmb:503 smb:7593 d:- ref:0 ;
in:5257 out:5258 type:b dur:2 cpbdur:2 q:32.54 aq:31.90 tex:80 mv:47 misc:417 imb:3 pmb:3 smb:8154 d:- ref:0 ;
in:5260 out:5259 type:P dur:2 cpbdur:2 q:32.52 aq:24.11 tex:5957 mv:890 misc:1737 imb:29 pmb:234 smb:7897 d:- ref:0 ;
in:5259 out:5260 type:b dur:2 cpbdur:2 q:32.53 aq:31.91 tex:53 mv:20 misc:407 imb:1 pmb:2 smb:8157 d:- ref:0 ;
in:5262 out:5261 type:P dur:2 cpbdur:2 q:32.51 aq:23.14 tex:12935 mv:1667 misc:2630 imb:65 pmb:441 smb:7654 d:- ref:0 ;
in:5261 out:5262 type:b dur:2 cpbdur:2 q:32.51 aq:31.92 tex:32 mv:33 misc:407 imb:3 pmb:0 smb:8157 d:- ref:0 ;
in:5264 out:5263 type:P dur:2 cpbdur:2 q:32.50 aq:23.86 tex:6835 mv:776 misc:1861 imb:30 pmb:252 smb:7878 d:- ref:0 ;
in:5263 out:5264 type:b dur:2 cpbdur:2 q:32.50 aq:29.47 tex:109 mv:35 misc:416 imb:2 pmb:3 smb:8155 d:- ref:0 ;
in:5266 out:5265 type:P dur:2 cpbdur:2 q:32.49 aq:22.79 tex:15059 mv:1851 misc:2938 imb:72 pmb:490 smb:7598 d:- ref:0 ;
in:5265 out:5266 type:b dur:2 cpbdur:2 q:32.50 aq:24.37 tex:106 mv:64 misc:446 imb:2 pmb:8 smb:8150 d:- ref:0 ;
in:5268 out:5267 type:P dur:2 cpbdur:2 q:32.49 aq:23.26 tex:7201 mv:1016 misc:1983 imb:44 pmb:269 smb:7847 d:- ref:0 ;
in:5267 out:5268 type:b dur:2 cpbdur:2 q:32.49 aq:31.79 tex:23 mv:11 misc:398 imb:1 pmb:0 smb:8159 d:- ref:0 ;
in:5270 out:5269 type:P dur:2 cpbdur:2 q:32.58 aq:22.63 tex:12972 mv:1876 misc:2912 imb:63 pmb:483 smb:7614 d:- ref:0 ;
in:5269 out:5270 type:b dur:2 cpbdur:2 q:32.54 aq:30.59 tex:48 mv:16 misc:400 imb:1 pmb:1 smb:8158 d:- ref:0 ;
in:5272 out:5271 type:P dur:2 cpbdur:2 q:32.58 aq:22.47 tex:6196 mv:743 misc:1677 imb:24 pmb:241 smb:7895 d:- ref:0 ;
in:5271 out:5272 type:b dur:2 cpbdur:2 q:32.58 aq:30.50 tex:53 mv:16 misc:403 imb:1 pmb:1 smb:8158 d:- ref:0 ;
in:5274 out:5273 type:P dur:2 cpbdur:2 q:32.57 aq:23.80 tex:12795 mv:1676 misc:2657 imb:68 pmb:443 smb:7649 d:- ref:0 ;
in:5273 out:5274 type:b dur:2 cpbdur:2 q:32.58 aq:31.94 tex:38 mv:21 misc:405 imb:1 pmb:2 smb:8157 d:- ref:0 ;
in:5276 out:5275 type:P dur:2 cpbdur:2 q:32.57 aq:23.64 tex:5683 mv:682 misc:1707 imb:27 pmb:209 smb:7924 d:- ref:0 ;
in:5275 out:5276 type:b dur:2 cpbdur:2 q:32.57 aq:31.94 tex:27 mv:5 misc:392 imb:0 pmb:1 smb:8159 d:- ref:0 ;
in:5278 out:5277 type:P dur:2 cpbdur:2 q:32.56 aq:23.41 tex:11957 mv:1685 misc:2742 imb:58 pmb:479 smb:7623 d:- ref:0 ;
in:5277 out:5278 type:b dur:2 cpbdur:2 q:32.56 aq:32.00 tex:0 mv:0 misc:384 imb:0 pmb:0 smb:8160 d:- ref:0 ;
in:5280 out:5279 type:P dur:2 cpbdur:2 q:32.56 aq:23.91 tex:6171 mv:841 misc:1748 imb:24 pmb:239 smb:7897 d:- ref:0 ;
in:5279 out:5280 type:b dur:2 cpbdur:2 q:32.56 aq:30.54 tex:25 mv:5 misc:394 imb:0 pmb:1 smb:8159 d:- ref:0 ;
in:5282 out:5281 type:P dur:2 cpbdur:2 q:32.54 aq:23.66 tex:12594 mv:1696 misc:2726 imb:58 pmb:467 smb:7635 d:- ref:0 ;
in:5281 out:5282 type:b dur:2 cpbdur:2 q:32.55 aq:31.38 tex:44 mv:27 misc:409 imb:2 pmb:1 smb:8157 d:- ref:0 ;
in:5284 out:5283 type:P dur:2 cpbdur:2 q:32.54 aq:23.89 tex:5334 mv:714 misc:1656 imb:28 pmb:202 smb:7930 d:- ref:0 ;
in:5283 out:5284 type:b dur:2 cpbdur:2 q:32.54 aq:31.98 tex:15 mv:11 misc:398 imb:1 pmb:0 smb:8159 d:- ref:0 ;
in:5286 out:5285 type:P dur:2 cpbdur:2 q:32.52 aq:23.49 tex:11585 mv:1519 misc:2704 imb:67 pmb:428 smb:7665 d:- ref:0 ;
in:5285 out:5286 type:b dur:2 cpbdur:2 q:32.53 aq:29.61 tex:79 mv:56 misc:425 imb:3 pmb:2 smb:8155 d:- ref:0 ;
in:5288 out:5287 type:P dur:2 cpbdur:2 q:32.52 aq:23.64 tex:6251 mv:882 misc:1827 imb:32 pmb:233 smb:7895 d:- ref:0 ;
in:5287 out:5288 type:b dur:2 cpbdur:2 q:32.52 aq:31.27 tex:69 mv:42 misc:425 imb:3 pmb:2 smb:8155 d:- ref:0 ;
in:5290 out:5289 type:P dur:2 cpbdur:2 q:32.50 aq:23.05 tex:11274 mv:1417 misc:2525 imb:53 pmb:417 smb:7690 d:- ref:0 ;
in:5289 out:5290 type:b dur:2 cpbdur:2 q:32.51 aq:31.92 tex:28 mv:5 misc:391 imb:0 pmb:1 smb:8159 d:- ref:0 ;
in:5292 out:5291 type:P dur:2 cpbdur:2 q:32.50 aq:25.21 tex:5897 mv:770 misc:1677 imb:25 pmb:212 smb:7923 d:- ref:0 ;
in:5291 out:5292 type:b dur:2 cpbdur:2 q:32.50 aq:31.92 tex:72 mv:12 misc:404 imb:0 pmb:3 smb:8157 d:- ref:0 ;
in:5294 out:5293 type:P dur:2 cpbdur:2 q:32.49 aq:22.83 tex:11955 mv:1498 misc:2659 imb:59 pmb:428 smb:7673 d:- ref:0 ;
in:5293 out:5294 type:b dur:2 cpbdur:2 q:32.50 aq:20.61 tex:64 mv:42 misc:422 imb:4 pmb:0 smb:8156 d:- ref:0 ;
in:5296 out:5295 type:P dur:2 cpbdur:2 q:32.48 aq:24.70 tex:9317 mv:742 misc:1749 imb:15 pmb:255 smb:7890 d:- ref:0 ;
in:5295 out:5296 type:b dur:2 cpbdur:2 q:32.48 aq:31.97 tex:67 mv:31 misc:422 imb:1 pmb:6 smb:8153 d:- ref:0 ;
in:5298 out:5297 type:P dur:2 cpbdur:2 q:32.47 aq:22.42 tex:12435 mv:1588 misc:2689 imb:54 pmb:449 smb:7657 d:- ref:0 ;
in:5297 out:5298 type:b dur:2 cpbdur:2 q:32.47 aq:28.30 tex:115 mv:44 misc:441 imb:2 pmb:5 smb:8153 d:- ref:0 ;
in:5300 out:5299 type:P dur:2 cpbdur:2 q:32.46 aq:24.38 tex:5282 mv:770 misc:1748 imb:23 pmb:222 smb:7915 d:- ref:0 ;
in:5299 out:5300 type:b dur:2 cpbdur:2 q:32.47 aq:31.94 tex:25 mv:22 misc:401 imb:2 pmb:0 smb:8158 d:- ref:0 ;
in:5302 out:5301 type:P dur:2 cpbdur:2 q:32.45 aq:23.41 tex:12756 mv:1633 misc:2779 imb:50 pmb:476 smb:7634 d:- ref:0 ;
in:5301 out:5302 type:b dur:2 cpbdur:2 q:32.46 aq:32.63 tex:100 mv:23 misc:421 imb:1 pmb:3 smb:8156 d:- ref:0 ;
in:5304 out:5303 type:P dur:2 cpbdur:2 q:32.45 aq:23.19 tex:6200 mv:760 misc:1856 imb:22 pmb:247 smb:7891 d:- ref:0 ;
in:5303 out:5304 type:b dur:2 cpbdur:2 q:32.45 aq:32.00 tex:0 mv:0 misc:384 imb:0 pmb:0 smb:8160 d:- ref:0 ;
in:5306 out:5305 type:P dur:2 cpbdur:2 q:32.44 aq:23.20 tex:11761 mv:1453 misc:2578 imb:46 pmb:434 smb:7680 d:- ref:0 ;
in:5305 out:5306 type:b dur:2 cpbdur:2 q:32.44 aq:30.01 tex:108 mv:47 misc:429 imb:3 pmb:3 smb:8154 d:- ref:0 ;
in:5308 out:5307 type:P dur:2 cpbdur:2 q:32.43 aq:23.57 tex:5259 mv:728 misc:1669 imb:17 pmb:216 smb:7927 d:- ref:0 ;
in:5307 out:5308 type:b dur:2 cpbdur:2 q:32.43 aq:31.92 tex:46 mv:23 misc:419 imb:1 pmb:3 smb:8156 d:- ref:0 ;
in:5310 out:5309 type:P dur:2 cpbdur:2 q:32.42 aq:23.74 tex:11454 mv:1528 misc:2594 imb:49 pmb:431 smb:7680 d:- ref:0 ;
in:5309 out:5310 type:b dur:2 cpbdur:2 q:32.42 aq:24.78 tex:65 mv:39 misc:416 imb:3 pmb:1 smb:8156 d:- ref:0 ;
in:5312 out:5311 type:P dur:2 cpbdur:2 q:32.41 aq:22.17 tex:6543 mv:787 misc:1790 imb:25 pmb:249 smb:7886 d:- ref:0 ;
in:5311 out:5312 type:b dur:2 cpbdur:2 q:32.42 aq:31.20 tex:116 mv:25 misc:427 imb:1 pmb:4 smb:8155 d:- ref:0 ;
in:5314 out:5313 type:P dur:2 cpbdur:2 q:32.41 aq:22.61 tex:13282 mv:1615 misc:2887 imb:65 pmb:484 smb:7611 d:- ref:0 ;
in:5313 out:5314 type:b dur:2 cpbdur:2 q:32.41 aq:31.08 tex:86 mv:45 misc:429 imb:3 pmb:3 smb:8154 d:- ref:0 ;
in:5316 out:5315 type:P dur:2 cpbdur:2 q:32.41 aq:23.56 tex:6409 mv:771 misc:1852 imb:23 pmb:251 smb:7886 d:- ref:0 ;
in:5315 out:5316 type:b dur:2 cpbdur:2 q:32.41 aq:29.41 tex:49 mv:17 misc:406 imb:1 pmb:1 smb:8158 d:- ref:0 ;
in:5318 out:5317 type:P dur:2 cpbdur:2 q:32.39 aq:23.01 tex:13103 mv:1499 misc:2646 imb:55 pmb:443 smb:7662 d:- ref:0 ;
in:5317 out:5318 type:b dur:2 cpbdur:2 q:32.40 aq:31.93 tex:92 mv:36 misc:424 imb:2 pmb:3 smb:8155 d:- ref:0 ;
in:5320 out:5319 type:P dur:2 cpbdur:2 q:32.39 aq:23.14 tex:6833 mv:788 misc:1771 imb:12 pmb:268 smb:7880 d:- ref:0 ;
in:5319 out:5320 type:b dur:2 cpbdur:2 q:32.39 aq:24.07 tex:29 mv:41 misc:418 imb:4 pmb:0 smb:8156 d:- ref:0 ;
in:5322 out:5321 type:P dur:2 cpbdur:2 q:32.38 aq:23.07 tex:12881 mv:1625 misc:2734 imb:62 pmb:456 smb:7642 d:- ref:0 ;
in:5321 out:5322 type:b dur:2 cpbdur:2 q:32.38 aq:24.99 tex:22 mv:22 misc:404 imb:1 pmb:1 smb:8158 d:- ref:0 ;
in:5324 out:5323 type:P dur:2 cpbdur:2 q:32.37 aq:23.94 tex:5399 mv:701 misc:1660 imb:18 pmb:217 smb:7925 d:- ref:0 ;
in:5323 out:5324 type:b dur:2 cpbdur:2 q:32.37 aq:30.97 tex:25 mv:5 misc:394 imb:0 pmb:1 smb:8159 d:- ref:0 ;
in:5326 out:5325 type:P dur:2 cpbdur:2 q:32.36 aq:23.77 tex:15291 mv:1482 misc:2635 imb:62 pmb:445 smb:7653 d:- ref:0 ;
in:5325 out:5326 type:b dur:2 cpbdur:2 q:32.36 aq:24.51 tex:114 mv:76 misc:450 imb:6 pmb:5 smb:8149 d:- ref:0 ;
in:5328 out:5327 type:P dur:2 cpbdur:2 q:32.35 aq:23.46 tex:6762 mv:704 misc:1806 imb:19 pmb:252 smb:7889 d:- ref:0 ;
in:5327 out:5328 type:b dur:2 cpbdur:2 q:32.35 aq:21.19 tex:56 mv:27 misc:413 imb:2 pmb:1 smb:8157 d:- ref:0 ;
in:5330 out:5329 type:P dur:2 cpbdur:2 q:32.34 aq:22.69 tex:12673 mv:1533 misc:2810 imb:60 pmb:465 smb:7635 d:- ref:0 ;
in:5329 out:5330 type:b dur:2 cpbdur:2 q:32.34 aq:22.89 tex:87 mv:44 misc:429 imb:3 pmb:3 smb:8154 d:- ref:0 ;
in:5332 out:5331 type:P dur:2 cpbdur:2 q:32.33 aq:23.60 tex:6665 mv:822 misc:1857 imb:26 pmb:254 smb:7880 d:- ref:0 ;
in:5331 out:5332 type:b dur:2 cpbdur:2 q:32.33 aq:30.93 tex:46 mv:23 misc:419 imb:1 pmb:3 smb:8156 d:- ref:0 ;
in:5334 out:5333 type:P dur:2 cpbdur:2 q:32.32 aq:23.51 tex:13824 mv:1626 misc:2862 imb:61 pmb:494 smb:7605 d:- ref:0 ;
in:5333 out:5334 type:b dur:2 cpbdur:2 q:32.32 aq:30.93 tex:66 mv:11 misc:411 imb:0 pmb:3 smb:8157 d:- ref:0 ;
in:5336 out:5335 type:P dur:2 cpbdur:2 q:32.32 aq:23.20 tex:6506 mv:847 misc:1807 imb:31 pmb:243 smb:7886 d:- ref:0 ;
in:5335 out:5336 type:b dur:2 cpbdur:2 q:32.32 aq:31.87 tex:48 mv:9 misc:407 imb:0 pmb:2 smb:8158 d:- ref:0 ;
in:5338 out:5337 type:P dur:2 cpbdur:2 q:32.31 aq:22.71 tex:12703 mv:1596 misc:2781 imb:57 pmb:464 smb:7639 d:- ref:0 ;
in:5337 out:5338 type:b dur:2 cpbdur:2 q:32.31 aq:29.54 tex:35 mv:27 misc:418 imb:1 pmb:3 smb:8156 d:- ref:0 ;
in:5340 out:5339 type:P dur:2 cpbdur:2 q:32.30 aq:24.97 tex:5700 mv:700 misc:1720 imb:19 pmb:226 smb:7915 d:- ref:0 ;
in:5339 out:5340 type:b dur:2 cpbdur:2 q:32.31 aq:30.96 tex:43 mv:9 misc:404 imb:0 pmb:2 smb:8158 d:- ref:0 ;
in:5342 out:5341 type:P dur:2 cpbdur:2 q:32.29 aq:22.60 tex:13164 mv:1560 misc:2764 imb:50 pmb:465 smb:7645 d:- ref:0 ;
in:5341 out:5342 type:b dur:2 cpbdur:2 q:32.30 aq:30.98 tex:29 mv:5 misc:398 imb:0 pmb:1 smb:8159 d:- ref:0 ;
in:5344 out:5343 type:P dur:2 cpbdur:2 q:32.29 aq:23.70 tex:6388 mv:718 misc:1742 imb:19 pmb:247 smb:7894 d:- ref:0 ;
in:5343 out:5344 type:b dur:2 cpbdur:2 q:32.29 aq:30.98 tex:72 mv:57 misc:423 imb:2 pmb:4 smb:8154 d:- ref:0 ;
in:5346 out:5345 type:P dur:2 cpbdur:2 q:32.28 aq:23.50 tex:13506 mv:1457 misc:2701 imb:67 pmb:447 smb:7646 d:- ref:0 ;
in:5345 out:5346 type:b dur:2 cpbdur:2 q:32.28 aq:32.57 tex:93 mv:31 misc:412 imb:2 pmb:2 smb:8156 d:- ref:0 ;
in:5348 out:5347 type:P dur:2 cpbdur:2 q:32.28 aq:25.09 tex:6807 mv:645 misc:1772 imb:13 pmb:257 smb:7890 d:- ref:0 ;
in:5347 out:5348 type:b dur:2 cpbdur:2 q:32.28 aq:23.84 tex:91 mv:41 misc:420 imb:2 pmb:3 smb:8155 d:- ref:0 ;
in:5350 out:5349 type:P dur:2 cpbdur:2 q:32.26 aq:23.21 tex:12430 mv:1436 misc:2678 imb:69 pmb:431 smb:7660 d:- ref:0 ;
in:5349 out:5350 type:b dur:2 cpbdur:2 q:32.27 aq:29.47 tex:22 mv:12 misc:398 imb:1 pmb:0 smb:8159 d:- ref:0 ;
in:5352 out:5351 type:P dur:2 cpbdur:2 q:32.25 aq:23.86 tex:6433 mv:684 misc:1707 imb:18 pmb:239 smb:7903 d:- ref:0 ;
in:5351 out:5352 type:b dur:2 cpbdur:2 q:32.26 aq:26.08 tex:70 mv:37 misc:421 imb:3 pmb:1 smb:8156 d:- ref:0 ;
in:5354 out:5353 type:P dur:2 cpbdur:2 q:32.24 aq:24.03 tex:12651 mv:1433 misc:2580 imb:50 pmb:433 smb:7677 d:- ref:0 ;
in:5353 out:5354 type:b dur:2 cpbdur:2 q:32.25 aq:20.57 tex:26 mv:34 misc:412 imb:3 pmb:0 smb:8157 d:- ref:0 ;
in:5356 out:5355 type:P dur:2 cpbdur:2 q:32.23 aq:23.72 tex:11057 mv:847 misc:1936 imb:21 pmb:280 smb:7859 d:- ref:0 ;
in:5355 out:5356 type:b dur:2 cpbdur:2 q:32.23 aq:29.00 tex:200 mv:63 misc:457 imb:3 pmb:10 smb:8147 d:- ref:0 ;
in:5358 out:5357 type:P dur:2 cpbdur:2 q:32.22 aq:23.10 tex:14164 mv:1695 misc:2845 imb:69 pmb:479 smb:7612 d:- ref:0 ;
in:5357 out:5358 type:b dur:2 cpbdur:2 q:32.23 aq:30.94 tex:40 mv:27 misc:405 imb:2 pmb:1 smb:8157 d:- ref:0 ;
in:5360 out:5359 type:P dur:2 cpbdur:2 q:32.22 aq:24.06 tex:6389 mv:841 misc:1850 imb:29 pmb:239 smb:7892 d:- ref:0 ;
in:5359 out:5360 type:b dur:2 cpbdur:2 q:32.22 aq:30.93 tex:50 mv:20 misc:410 imb:1 pmb:2 smb:8157 d:- ref:0 ;
in:5362 out:5361 type:P dur:2 cpbdur:2 q:32.21 aq:22.95 tex:14284 mv:1763 misc:2905 imb:72 pmb:483 smb:7605 d:- ref:0 ;
in:5361 out:5362 type:b dur:2 cpbdur:2 q:32.22 aq:26.57 tex:113 mv:25 misc:430 imb:1 pmb:4 smb:8155 d:- ref:0 ;
in:5364 out:5363 type:P dur:2 cpbdur:2 q:32.21 aq:23.56 tex:6405 mv:689 misc:1746 imb:21 pmb:232 smb:7907 d:- ref:0 ;
in:5363 out:5364 type:b dur:2 cpbdur:2 q:32.21 aq:24.42 tex:39 mv:23 misc:402 imb:2 pmb:0 smb:8158 d:- ref:0 ;
in:5366 out:5365 type:P dur:2 cpbdur:2 q:32.19 aq:23.42 tex:13212 mv:1487 misc:2725 imb:60 pmb:447 smb:7653 d:- ref:0 ;
in:5365 out:5366 type:b dur:2 cpbdur:2 q:32.20 aq:26.17 tex:89 mv:33 misc:422 imb:1 pmb:3 smb:8156 d:- ref:0 ;
in:5368 out:5367 type:P dur:2 cpbdur:2 q:32.19 aq:21.88 tex:6349 mv:743 misc:1764 imb:34 pmb:224 smb:7902 d:- ref:0 ;
in:5367 out:5368 type:b dur:2 cpbdur:2 q:32.19 aq:30.99 tex:27 mv:5 misc:392 imb:0 pmb:1 smb:8159 d:- ref:0 ;
in:5370 out:5369 type:P dur:2 cpbdur:2 q:32.18 aq:23.65 tex:12719 mv:1364 misc:2605 imb:47 pmb:450 smb:7663 d:- ref:0 ;
in:5369 out:5370 type:b dur:2 cpbdur:2 q:32.18 aq:19.37 tex:40 mv:42 misc:422 imb:4 pmb:0 smb:8156 d:- ref:0 ;
in:5372 out:5371 type:P dur:2 cpbdur:2 q:32.17 aq:23.98 tex:6622 mv:697 misc:1713 imb:21 pmb:238 smb:7901 d:- ref:0 ;
in:5371 out:5372 type:b dur:2 cpbdur:2 q:32.18 aq:27.88 tex:107 mv:49 misc:428 imb:3 pmb:4 smb:8153 d:- ref:0 ;
in:5374 out:5373 type:P dur:2 cpbdur:2 q:32.17 aq:23.08 tex:12529 mv:1342 misc:2529 imb:52 pmb:414 smb:7694 d:- ref:0 ;
in:5373 out:5374 type:b dur:2 cpbdur:2 q:32.17 aq:25.30 tex:71 mv:35 misc:422 imb:2 pmb:3 smb:8155 d:- ref:0 ;
in:5376 out:5375 type:P dur:2 cpbdur:2 q:32.17 aq:23.84 tex:6624 mv:669 misc:1747 imb:24 pmb:230 smb:7906 d:- ref:0 ;
in:5375 out:5376 type:b dur:2 cpbdur:2 q:32.17 aq:30.95 tex:104 mv:15 misc:417 imb:0 pmb:5 smb:8155 d:- ref:0 ;
in:5378 out:5377 type:P dur:2 cpbdur:2 q:32.15 aq:23.24 tex:13953 mv:1575 misc:2776 imb:71 pmb:463 smb:7626 d:- ref:0 ;
in:5377 out:5378 type:b dur:2 cpbdur:2 q:32.16 aq:30.93 tex:81 mv:53 misc:434 imb:4 pmb:3 smb:8153 d:- ref:0 ;
in:5380 out:5379 type:P dur:2 cpbdur:2 q:32.15 aq:23.79 tex:6372 mv:711 misc:1741 imb:23 pmb:237 smb:7900 d:- ref:0 ;
in:5379 out:5380 type:b dur:2 cpbdur:2 q:32.15 aq:21.11 tex:81 mv:42 misc:421 imb:3 pmb:2 smb:8155 d:- ref:0 ;
in:5382 out:5381 type:P dur:2 cpbdur:2 q:32.14 aq:22.41 tex:11903 mv:1160 misc:2385 imb:39 pmb:405 smb:7716 d:- ref:0 ;
in:5381 out:5382 type:b dur:2 cpbdur:2 q:32.14 aq:28.00 tex:60 mv:20 misc:408 imb:1 pmb:2 smb:8157 d:- ref:0 ;
in:5384 out:5383 type:P dur:2 cpbdur:2 q:32.13 aq:24.66 tex:5512 mv:626 misc:1590 imb:23 pmb:200 smb:7937 d:- ref:0 ;
in:5383 out:5384 type:b dur:2 cpbdur:2 q:32.13 aq:30.08 tex:98 mv:40 misc:430 imb:2 pmb:5 smb:8153 d:- ref:0 ;
in:5386 out:5385 type:P dur:2 cpbdur:2 q:32.12 aq:23.32 tex:13987 mv:1168 misc:2437 imb:45 pmb:419 smb:7696 d:- ref:0 ;
in:5385 out:5386 type:b dur:2 cpbdur:2 q:32.12 aq:23.75 tex:85 mv:45 misc:438 imb:2 pmb:7 smb:8151 d:- ref:0 ;
in:5388 out:5387 type:P dur:2 cpbdur:2 q:32.12 aq:24.35 tex:6449 mv:633 misc:1702 imb:20 pmb:226 smb:7914 d:- ref:0 ;
in:5387 out:5388 type:b dur:2 cpbdur:2 q:32.12 aq:30.94 tex:14 mv:14 misc:404 imb:1 pmb:1 smb:8158 d:- ref:0 ;
in:5390 out:5389 type:P dur:2 cpbdur:2 q:32.11 aq:23.70 tex:12955 mv:1350 misc:2623 imb:56 pmb:431 smb:7673 d:- ref:0 ;
in:5389 out:5390 type:b dur:2 cpbdur:2 q:32.11 aq:30.92 tex:66 mv:34 misc:420 imb:2 pmb:3 smb:8155 d:- ref:0 ;
in:5392 out:5391 type:P dur:2 cpbdur:2 q:32.10 aq:24.37 tex:6362 mv:530 misc:1604 imb:17 pmb:223 smb:7920 d:- ref:0 ;
in:5391 out:5392 type:b dur:2 cpbdur:2 q:32.10 aq:26.07 tex:39 mv:17 misc:400 imb:1 pmb:1 smb:8158 d:- ref:0 ;
in:5394 out:5393 type:P dur:2 cpbdur:2 q:32.09 aq:23.76 tex:12232 mv:1410 misc:2486 imb:51 pmb:443 smb:7666 d:- ref:0 ;
in:5393 out:5394 type:b dur:2 cpbdur:2 q:32.09 aq:31.25 tex:128 mv:77 misc:451 imb:3 pmb:6 smb:8151 d:- ref:0 ;
in:5396 out:5395 type:P dur:2 cpbdur:2 q:32.08 aq:23.91 tex:5583 mv:587 misc:1502 imb:14 pmb:207 smb:7939 d:- ref:0 ;
in:5395 out:5396 type:b dur:2 cpbdur:2 q:32.08 aq:23.68 tex:99 mv:56 misc:445 imb:3 pmb:5 smb:8152 d:- ref:0 ;
in:5398 out:5397 type:P dur:2 cpbdur:2 q:32.06 aq:25.60 tex:11261 mv:961 misc:2058 imb:19 pmb:367 smb:7774 d:- ref:0 ;
in:5397 out:5398 type:b dur:2 cpbdur:2 q:32.07 aq:23.24 tex:29 mv:54 misc:429 imb:5 pmb:1 smb:8154 d:- ref:0 ;
in:5402 out:5399 type:P dur:2 cpbdur:2 q:32.05 aq:23.58 tex:25685 mv:3177 misc:4250 imb:95 pmb:912 smb:7153 d:- ref:0 ;
in:5400 out:5400 type:B dur:2 cpbdur:2 q:32.06 aq:29.93 tex:260 mv:101 misc:487 imb:7 pmb:7 smb:8146 d:- ref:0 ;
in:5399 out:5401 type:b dur:2 cpbdur:2 q:32.06 aq:30.31 tex:133 mv:43 misc:448 imb:2 pmb:6 smb:8152 d:- ref:0 ;
in:5401 out:5402 type:b dur:2 cpbdur:2 q:32.05 aq:29.18 tex:38 mv:34 misc:408 imb:3 pmb:0 smb:8157 d:- ref:0 ;
in:5404 out:5403 type:P dur:2 cpbdur:2 q:32.19 aq:22.49 tex:17336 mv:2422 misc:3698 imb:129 pmb:656 smb:7375 d:- ref:0 ;
in:5403 out:5404 type:b dur:2 cpbdur:2 q:32.12 aq:29.00 tex:73 mv:27 misc:412 imb:2 pmb:1 smb:8157 d:- ref:0 ;
in:5406 out:5405 type:P dur:2 cpbdur:2 q:32.19 aq:22.84 tex:8584 mv:1165 misc:2315 imb:49 pmb:330 smb:7781 d:- ref:0 ;
in:5405 out:5406 type:b dur:2 cpbdur:2 q:32.19 aq:28.11 tex:40 mv:30 misc:418 imb:2 pmb:2 smb:8156 d:- ref:0 ;
in:5408 out:5407 type:P dur:2 cpbdur:2 q:32.19 aq:23.14 tex:14583 mv:1850 misc:3015 imb:70 pmb:517 smb:7573 d:- ref:0 ;
in:5407 out:5408 type:b dur:2 cpbdur:2 q:32.19 aq:26.64 tex:73 mv:38 misc:417 imb:3 pmb:1 smb:8156 d:- ref:0 ;
in:5410 out:5409 type:P dur:2 cpbdur:2 q:32.18 aq:22.29 tex:8174 mv:957 misc:2053 imb:27 pmb:297 smb:7836 d:- ref:0 ;
in:5409 out:5410 type:b dur:2 cpbdur:2 q:32.18 aq:19.86 tex:106 mv:53 misc:425 imb:4 pmb:2 smb:8154 d:- ref:0 ;
in:5412 out:5411 type:P dur:2 cpbdur:2 q:32.18 aq:23.04 tex:14246 mv:1832 misc:2930 imb:68 pmb:513 smb:7579 d:- ref:0 ;
in:5411 out:5412 type:b dur:2 cpbdur:2 q:32.18 aq:31.00 tex:0 mv:0 misc:384 imb:0 pmb:0 smb:8160 d:- ref:0 ;
in:5414 out:5413 type:P dur:2 cpbdur:2 q:32.17 aq:23.41 tex:7642 mv:896 misc:1878 imb:24 pmb:273 smb:7863 d:- ref:0 ;
in:5413 out:5414 type:b dur:2 cpbdur:2 q:32.17 aq:19.33 tex:60 mv:52 misc:424 imb:5 pmb:0 smb:8155 d:- ref:0 ;
in:5416 out:5415 type:P dur:2 cpbdur:2 q:32.17 aq:23.03 tex:14920 mv:1819 misc:3013 imb:62 pmb:507 smb:7591 d:- ref:0 ;
in:5415 out:5416 type:b dur:2 cpbdur:2 q:32.17 aq:31.00 tex:1 mv:10 misc:397 imb:0 pmb:4 smb:8156 d:- ref:0 ;
in:5418 out:5417 type:P dur:2 cpbdur:2 q:32.10 aq:23.58 tex:8019 mv:803 misc:1962 imb:25 pmb:284 smb:7851 d:- ref:0 ;
in:5417 out:5418 type:b dur:2 cpbdur:2 q:32.14 aq:30.91 tex:40 mv:28 misc:404 imb:2 pmb:1 smb:8157 d:- ref:0 ;
in:5420 out:5419 type:P dur:2 cpbdur:2 q:32.06 aq:23.36 tex:15953 mv:1781 misc:2850 imb:55 pmb:527 smb:7578 d:- ref:0 ;
in:5419 out:5420 type:b dur:2 cpbdur:2 q:32.08 aq:24.59 tex:29 mv:42 misc:417 imb:4 pmb:0 smb:8156 d:- ref:0 ;
in:5422 out:5421 type:P dur:2 cpbdur:2 q:32.00 aq:23.14 tex:8106 mv:930 misc:2084 imb:31 pmb:299 smb:7830 d:- ref:0 ;
in:5421 out:5422 type:b dur:2 cpbdur:2 q:32.03 aq:24.63 tex:39 mv:22 misc:403 imb:2 pmb:0 smb:8158 d:- ref:0 ;
in:5424 out:5423 type:P dur:2 cpbdur:2 q:31.98 aq:22.55 tex:16663 mv:2068 misc:3173 imb:81 pmb:591 smb:7488 d:- ref:0 ;
in:5423 out:5424 type:b dur:2 cpbdur:2 q:31.99 aq:27.99 tex:61 mv:36 misc:415 imb:3 pmb:1 smb:8156 d:- ref:0 ;
in:5426 out:5425 type:P dur:2 cpbdur:2 q:31.97 aq:22.79 tex:9331 mv:1000 misc:2157 imb:29 pmb:335 smb:7796 d:- ref:0 ;
in:5425 out:5426 type:b dur:2 cpbdur:2 q:31.98 aq:31.00 tex:79 mv:32 misc:417 imb:2 pmb:2 smb:8156 d:- ref:0 ;
in:5428 out:5427 type:P dur:2 cpbdur:2 q:31.96 aq:22.73 tex:15398 mv:1811 misc:3047 imb:77 pmb:529 smb:7554 d:- ref:0 ;
in:5427 out:5428 type:b dur:2 cpbdur:2 q:31.97 aq:31.87 tex:23 mv:5 misc:396 imb:0 pmb:1 smb:8159 d:- ref:0 ;
in:5430 out:5429 type:P dur:2 cpbdur:2 q:31.96 aq:23.25 tex:7676 mv:800 misc:1964 imb:20 pmb:290 smb:7850 d:- ref:0 ;
in:5429 out:5430 type:b dur:2 cpbdur:2 q:31.96 aq:31.00 tex:0 mv:3 misc:397 imb:0 pmb:1 smb:8159 d:- ref:0 ;
in:5432 out:5431 type:P dur:2 cpbdur:2 q:31.95 aq:22.77 tex:17302 mv:2144 misc:3250 imb:76 pmb:620 smb:7464 d:- ref:0 ;
in:5431 out:5432 type:b dur:2 cpbdur:2 q:31.96 aq:23.95 tex:67 mv:47 misc:430 imb:3 pmb:3 smb:8154 d:- ref:0 ;
in:5434 out:5433 type:P dur:2 cpbdur:2 q:31.95 aq:22.53 tex:8238 mv:917 misc:2029 imb:40 pmb:280 smb:7840 d:- ref:0 ;
in:5433 out:5434 type:b dur:2 cpbdur:2 q:31.95 aq:30.99 tex:26 mv:5 misc:393 imb:0 pmb:1 smb:8159 d:- ref:0 ;
in:5436 out:5435 type:P dur:2 cpbdur:2 q:31.94 aq:22.43 tex:16874 mv:2007 misc:3319 imb:64 pmb:619 smb:7477 d:- ref:0 ;
in:5435 out:5436 type:b dur:2 cpbdur:2 q:31.95 aq:23.64 tex:68 mv:44 misc:424 imb:3 pmb:3 smb:8154 d:- ref:0 ;
in:5438 out:5437 type:P dur:2 cpbdur:2 q:31.95 aq:23.49 tex:7394 mv:874 misc:2060 imb:32 pmb:283 smb:7845 d:- ref:0 ;
in:5437 out:5438 type:b dur:2 cpbdur:2 q:31.95 aq:30.91 tex:88 mv:42 misc:422 imb:3 pmb:2 smb:8155 d:- ref:0 ;
in:5440 out:5439 type:P dur:2 cpbdur:2 q:31.94 aq:23.02 tex:17252 mv:1873 misc:3019 imb:72 pmb:551 smb:7537 d:- ref:0 ;
in:5439 out:5440 type:b dur:2 cpbdur:2 q:31.94 aq:31.68 tex:80 mv:72 misc:440 imb:1 pmb:6 smb:8153 d:- ref:0 ;
in:5442 out:5441 type:P dur:2 cpbdur:2 q:31.93 aq:22.51 tex:8013 mv:912 misc:1987 imb:39 pmb:282 smb:7839 d:- ref:0 ;
in:5441 out:5442 type:b dur:2 cpbdur:2 q:31.93 aq:18.39 tex:61 mv:39 misc:420 imb:3 pmb:1 smb:8156 d:- ref:0 ;
in:5444 out:5443 type:P dur:2 cpbdur:2 q:31.92 aq:22.39 tex:16989 mv:2041 misc:3162 imb:79 pmb:581 smb:7500 d:- ref:0 ;
in:5443 out:5444 type:b dur:2 cpbdur:2 q:31.93 aq:30.88 tex:68 mv:20 misc:408 imb:1 pmb:2 smb:8157 d:- ref:0 ;
in:5446 out:5445 type:P dur:2 cpbdur:2 q:31.92 aq:22.73 tex:9801 mv:938 misc:2085 imb:35 pmb:303 smb:7822 d:- ref:0 ;
in:5445 out:5446 type:b dur:2 cpbdur:2 q:31.92 aq:24.23 tex:46 mv:37 misc:421 imb:2 pmb:5 smb:8153 d:- ref:0 ;
in:5448 out:5447 type:P dur:2 cpbdur:2 q:31.91 aq:22.88 tex:15343 mv:1778 misc:2999 imb:61 pmb:561 smb:7538 d:- ref:0 ;
in:5447 out:5448 type:b dur:2 cpbdur:2 q:31.91 aq:21.19 tex:77 mv:43 misc:416 imb:4 pmb:0 smb:8156 d:- ref:0 ;
in:5450 out:5449 type:P dur:2 cpbdur:2 q:31.90 aq:23.29 tex:7909 mv:917 misc:1990 imb:28 pmb:298 smb:7834 d:- ref:0 ;
in:5449 out:5450 type:b dur:2 cpbdur:2 q:31.91 aq:30.93 tex:86 mv:30 misc:412 imb:2 pmb:2 smb:8156 d:- ref:0 ;
in:5452 out:5451 type:P dur:2 cpbdur:2 q:31.89 aq:23.31 tex:16403 mv:1877 misc:3072 imb:63 pmb:576 smb:7521 d:- ref:0 ;
in:5451 out:5452 type:b dur:2 cpbdur:2 q:31.90 aq:30.94 tex:53 mv:9 misc:402 imb:0 pmb:2 smb:8158 d:- ref:0 ;
in:5454 out:5453 type:P dur:2 cpbdur:2 q:31.89 aq:23.64 tex:8028 mv:879 misc:2013 imb:27 pmb:290 smb:7843 d:- ref:0 ;
in:5453 out:5454 type:b dur:2 cpbdur:2 q:31.89 aq:30.93 tex:93 mv:25 misc:418 imb:1 pmb:4 smb:8155 d:- ref:0 ;
in:5456 out:5455 type:P dur:2 cpbdur:2 q:31.88 aq:22.61 tex:17344 mv:2011 misc:3205 imb:76 pmb:581 smb:7503 d:- ref:0 ;
in:5455 out:5456 type:b dur:2 cpbdur:2 q:31.88 aq:27.88 tex:96 mv:41 misc:431 imb:2 pmb:5 smb:8153 d:- ref:0 ;
in:5458 out:5457 type:P dur:2 cpbdur:2 q:31.88 aq:23.50 tex:7653 mv:885 misc:2006 imb:25 pmb:294 smb:7841 d:- ref:0 ;
in:5457 out:5458 type:b dur:2 cpbdur:2 q:31.88 aq:26.63 tex:29 mv:24 misc:411 imb:2 pmb:1 smb:8157 d:- ref:0 ;
in:5460 out:5459 type:P dur:2 cpbdur:2 q:31.87 aq:23.44 tex:14807 mv:1495 misc:2938 imb:48 pmb:516 smb:7596 d:- ref:0 ;
in:5459 out:5460 type:b dur:2 cpbdur:2 q:31.88 aq:30.96 tex:73 mv:15 misc:416 imb:0 pmb:4 smb:8156 d:- ref:0 ;
in:5462 out:5461 type:P dur:2 cpbdur:2 q:31.87 aq:23.10 tex:6929 mv:950 misc:2049 imb:33 pmb:271 smb:7856 d:- ref:0 ;
in:5461 out:5462 type:b dur:2 cpbdur:2 q:31.87 aq:22.57 tex:101 mv:69 misc:438 imb:6 pmb:2 smb:8152 d:- ref:0 ;
in:5464 out:5463 type:P dur:2 cpbdur:2 q:31.87 aq:22.40 tex:14909 mv:1959 misc:3076 imb:58 pmb:553 smb:7549 d:- ref:0 ;
in:5463 out:5464 type:b dur:2 cpbdur:2 q:31.87 aq:24.62 tex:50 mv:22 misc:416 imb:1 pmb:3 smb:8156 d:- ref:0 ;
in:5466 out:5465 type:P dur:2 cpbdur:2 q:31.87 aq:23.41 tex:7564 mv:853 misc:1951 imb:29 pmb:270 smb:7861 d:- ref:0 ;
in:5465 out:5466 type:b dur:2 cpbdur:2 q:31.87 aq:30.97 tex:45 mv:38 misc:421 imb:1 pmb:4 smb:8155 d:- ref:0 ;
in:5468 out:5467 type:P dur:2 cpbdur:2 q:31.86 aq:22.53 tex:15480 mv:1890 misc:3038 imb:72 pmb:552 smb:7536 d:- ref:0 ;
in:5467 out:5468 type:b dur:2 cpbdur:2 q:31.86 aq:23.72 tex:78 mv:44 misc:430 imb:3 pmb:3 smb:8154 d:- ref:0 ;
in:5470 out:5469 type:P dur:2 cpbdur:2 q:31.86 aq:22.54 tex:7426 mv:904 misc:1942 imb:36 pmb:269 smb:7855 d:- ref:0 ;
in:5469 out:5470 type:b dur:2 cpbdur:2 q:31.86 aq:23.66 tex:23 mv:25 misc:408 imb:1 pmb:1 smb:8158 d:- ref:0 ;
in:5472 out:5471 type:P dur:2 cpbdur:2 q:31.84 aq:22.98 tex:14087 mv:1803 misc:2926 imb:69 pmb:504 smb:7587 d:- ref:0 ;
in:5471 out:5472 type:b dur:2 cpbdur:2 q:31.85 aq:26.65 tex:105 mv:41 misc:438 imb:2 pmb:5 smb:8153 d:- ref:0 ;
in:5474 out:5473 type:P dur:2 cpbdur:2 q:31.84 aq:22.64 tex:6644 mv:734 misc:1814 imb:26 pmb:238 smb:7896 d:- ref:0 ;
in:5473 out:5474 type:b dur:2 cpbdur:2 q:31.84 aq:28.98 tex:76 mv:24 misc:428 imb:1 pmb:4 smb:8155 d:- ref:0 ;
in:5476 out:5475 type:P dur:2 cpbdur:2 q:31.83 aq:22.51 tex:16580 mv:1881 misc:3019 imb:80 pmb:497 smb:7583 d:- ref:0 ;
in:5475 out:5476 type:b dur:2 cpbdur:2 q:31.83 aq:27.74 tex:87 mv:42 misc:439 imb:2 pmb:6 smb:8152 d:- ref:0 ;
in:5478 out:5477 type:P dur:2 cpbdur:2 q:31.83 aq:22.98 tex:7946 mv:966 misc:2056 imb:27 pmb:299 smb:7834 d:- ref:0 ;
in:5477 out:5478 type:b dur:2 cpbdur:2 q:31.83 aq:30.95 tex:43 mv:27 misc:410 imb:2 pmb:1 smb:8157 d:- ref:0 ;
in:5480 out:5479 type:P dur:2 cpbdur:2 q:31.82 aq:23.27 tex:19047 mv:3013 misc:3180 imb:65 pmb:686 smb:7409 d:- ref:0 ;
in:5479 out:5480 type:b dur:2 cpbdur:2 q:31.83 aq:33.64 tex:147 mv:98 misc:475 imb:0 pmb:20 smb:8140 d:- ref:0 ;
in:5482 out:5481 type:P dur:2 cpbdur:2 q:31.82 aq:22.58 tex:15199 mv:2447 misc:2338 imb:55 pmb:468 smb:7637 d:- ref:0 ;
in:5481 out:5482 type:b dur:2 cpbdur:2 q:31.82 aq:32.03 tex:715 mv:277 misc:528 imb:3 pmb:32 smb:8125 d:- ref:0 ;
in:5484 out:5483 type:P dur:2 cpbdur:2 q:31.82 aq:22.47 tex:20556 mv:3230 misc:3254 imb:90 pmb:675 smb:7395 d:- ref:0 ;
in:5483 out:5484 type:b dur:2 cpbdur:2 q:31.82 aq:32.60 tex:464 mv:188 misc:476 imb:0 pmb:20 smb:8140 d:- ref:0 ;
in:5486 out:5485 type:P dur:2 cpbdur:2 q:31.82 aq:23.48 tex:13314 mv:2279 misc:2383 imb:62 pmb:450 smb:7648 d:- ref:0 ;
in:5485 out:5486 type:b dur:2 cpbdur:2 q:31.82 aq:28.42 tex:433 mv:323 misc:572 imb:4 pmb:34 smb:8122 d:- ref:0 ;
in:5488 out:5487 type:P dur:2 cpbdur:2 q:31.82 aq:22.97 tex:20808 mv:3356 misc:3292 imb:83 pmb:711 smb:7366 d:- ref:0 ;
in:5487 out:5488 type:b dur:2 cpbdur:2 q:31.82 aq:34.34 tex:49 mv:80 misc:463 imb:0 pmb:11 smb:8149 d:- ref:0 ;
in:5490 out:5489 type:P dur:2 cpbdur:2 q:31.83 aq:23.58 tex:14139 mv:2430 misc:2399 imb:48 pmb:490 smb:7622 d:- ref:0 ;
in:5489 out:5490 type:b dur:2 cpbdur:2 q:31.82 aq:29.83 tex:141 mv:145 misc:490 imb:3 pmb:15 smb:8142 d:- ref:0 ;
in:5492 out:5491 type:P dur:2 cpbdur:2 q:31.81 aq:22.75 tex:21491 mv:3590 misc:3319 imb:94 pmb:735 smb:7331 d:- ref:0 ;
in:5491 out:5492 type:b dur:2 cpbdur:2 q:31.82 aq:31.23 tex:330 mv:157 misc:465 imb:2 pmb:16 smb:8142 d:- ref:0 ;
in:5494 out:5493 type:P dur:2 cpbdur:2 q:31.81 aq:22.66 tex:11785 mv:2005 misc:2370 imb:44 pmb:456 smb:7660 d:- ref:0 ;
in:5493 out:5494 type:b dur:2 cpbdur:2 q:31.81 aq:32.89 tex:541 mv:170 misc:489 imb:2 pmb:17 smb:8141 d:- ref:0 ;
in:5496 out:5495 type:P dur:2 cpbdur:2 q:31.80 aq:22.66 tex:21336 mv:3473 misc:3343 imb:114 pmb:711 smb:7335 d:- ref:0 ;
in:5495 out:5496 type:b dur:2 cpbdur:2 q:31.81 aq:29.74 tex:309 mv:268 misc:551 imb:5 pmb:30 smb:8125 d:- ref:0 ;
in:5498 out:5497 type:P dur:2 cpbdur:2 q:31.81 aq:22.65 tex:14256 mv:2246 misc:2434 imb:52 pmb:476 smb:7632 d:- ref:0 ;
in:5497 out:5498 type:b dur:2 cpbdur:2 q:31.81 aq:32.46 tex:207 mv:269 misc:548 imb:2 pmb:33 smb:8125 d:- ref:0 ;
in:5499 out:5499 type:P dur:2 cpbdur:2 q:31.81 aq:25.70 tex:198 mv:213 misc:621 imb:11 pmb:28 smb:8121 d:- ref:0 ;
in:5500 out:5500 type:I dur:2 cpbdur:2 q:28.93 aq:19.87 tex:506868 mv:144269 misc:703 imb:8160 pmb:0 smb:0 d:- ref:;
in:5502 out:5501 type:P dur:2 cpbdur:2 q:32.39 aq:22.50 tex:6745 mv:1313 misc:1478 imb:33 pmb:240 smb:7887 d:- ref:0 ;
in:5501 out:5502 type:b dur:2 cpbdur:2 q:32.39 aq:30.97 tex:436 mv:140 misc:472 imb:4 pmb:14 smb:8142 d:- ref:0 ;
in:5504 out:5503 type:P dur:2 cpbdur:2 q:32.38 aq:23.66 tex:16423 mv:2938 misc:2887 imb:81 pmb:583 smb:7496 d:- ref:0 ;
in:5503 out:5504 type:b dur:2 cpbdur:2 q:32.39 aq:29.85 tex:356 mv:231 misc:493 imb:2 pmb:23 smb:8135 d:- ref:0 ;
in:5506 out:5505 type:P dur:2 cpbdur:2 q:32.38 aq:23.64 tex:11642 mv:1898 misc:2036 imb:47 pmb:363 smb:7750 d:- ref:0 ;
in:5505 out:5506 type:b dur:2 cpbdur:2 q:32.38 aq:30.85 tex:263 mv:245 misc:516 imb:5 pmb:26 smb:8129 d:- ref:0 ;
in:5508 out:5507 type:P dur:2 cpbdur:2 q:32.38 aq:23.65 tex:18914 mv:3144 misc:3398 imb:121 pmb:636 smb:7403 d:- ref:0 ;
in:5507 out:5508 type:b dur:2 cpbdur:2 q:32.38 aq:28.78 tex:321 mv:300 misc:563 imb:2 pmb:42 smb:8116 d:- ref:0 ;
in:5510 out:5509 type:P dur:2 cpbdur:2 q:32.39 aq:23.83 tex:9395 mv:1998 misc:2239 imb:41 pmb:404 smb:7715 d:- ref:0 ;
in:5509 out:5510 type:b dur:2 cpbdur:2 q:32.38 aq:24.86 tex:31 mv:108 misc:469 imb:4 pmb:8 smb:8148 d:- ref:0 ;
in:5512 out:5511 type:P dur:2 cpbdur:2 q:32.38 aq:23.16 tex:17106 mv:2986 misc:3116 imb:79 pmb:632 smb:7449 d:- ref:0 ;
in:5511 out:5512 type:b dur:2 cpbdur:2 q:32.38 aq:30.66 tex:33 mv:138 misc:485 imb:4 pmb:13 smb:8143 d:- ref:0 ;
in:5514 out:5513 type:P dur:2 cpbdur:2 q:32.39 aq:23.75 tex:10814 mv:2077 misc:2309 imb:52 pmb:420 smb:7688 d:- ref:0 ;
in:5513 out:5514 type:b dur:2 cpbdur:2 q:32.38 aq:33.05 tex:382 mv:119 misc:427 imb:2 pmb:11 smb:8147 d:- ref:0 ;
in:5516 out:5515 type:P dur:2 cpbdur:2 q:32.38 aq:23.66 tex:17236 mv:3123 misc:3225 imb:93 pmb:636 smb:7431 d:- ref:0 ;
in:5515 out:5516 type:b dur:2 cpbdur:2 q:32.38 aq:32.35 tex:455 mv:173 misc:492 imb:3 pmb:22 smb:8135 d:- ref:0 ;
in:5518 out:5517 type:P dur:2 cpbdur:2 q:32.38 aq:23.96 tex:9323 mv:1946 misc:2283 imb:40 pmb:397 smb:7723 d:- ref:0 ;
in:5517 out:5518 type:b dur:2 cpbdur:2 q:32.38 aq:24.19 tex:152 mv:95 misc:449 imb:1 pmb:14 smb:8145 d:- ref:0 ;
in:5520 out:5519 type:P dur:2 cpbdur:2 q:32.45 aq:23.42 tex:16538 mv:2896 misc:3062 imb:95 pmb:601 smb:7464 d:- ref:0 ;
in:5519 out:5520 type:b dur:2 cpbdur:2 q:32.42 aq:33.29 tex:141 mv:188 misc:479 imb:1 pmb:20 smb:8139 d:- ref:0 ;
in:5522 out:5521 type:P dur:2 cpbdur:2 q:32.46 aq:24.21 tex:7926 mv:1705 misc:2017 imb:32 pmb:336 smb:7792 d:- ref:0 ;
in:5521 out:5522 type:b dur:2 cpbdur:2 q:32.46 aq:32.58 tex:161 mv:142 misc:489 imb:5 pmb:11 smb:8144 d:- ref:0 ;
in:5524 out:5523 type:P dur:2 cpbdur:2 q:32.45 aq:23.68 tex:14321 mv:2615 misc:2768 imb:61 pmb:541 smb:7558 d:- ref:0 ;
in:5523 out:5524 type:b dur:2 cpbdur:2 q:32.45 aq:27.77 tex:167 mv:230 misc:539 imb:6 pmb:23 smb:8131 d:- ref:0 ;
in:5526 out:5525 type:P dur:2 cpbdur:2 q:32.45 aq:24.82 tex:9236 mv:1809 misc:2067 imb:31 pmb:371 smb:7758 d:- ref:0 ;
in:5525 out:5526 type:b dur:2 cpbdur:2 q:32.45 aq:33.58 tex:436 mv:126 misc:470 imb:2 pmb:21 smb:8137 d:- ref:0 ;
in:5528 out:5527 type:P dur:2 cpbdur:2 q:32.44 aq:22.77 tex:15644 mv:2898 misc:2970 imb:80 pmb:576 smb:7504 d:- ref:0 ;
in:5527 out:5528 type:b dur:2 cpbdur:2 q:32.45 aq:29.68 tex:633 mv:276 misc:547 imb:2 pmb:32 smb:8126 d:- ref:0 ;
in:5530 out:5529 type:P dur:2 cpbdur:2 q:32.44 aq:24.64 tex:9377 mv:1824 misc:2191 imb:38 pmb:376 smb:7746 d:- ref:0 ;
in:5529 out:5530 type:b dur:2 cpbdur:2 q:32.44 aq:24.60 tex:236 mv:112 misc:468 imb:2 pmb:14 smb:8144 d:- ref:0 ;
in:5532 out:5531 type:P dur:2 cpbdur:2 q:32.44 aq:22.89 tex:17821 mv:3000 misc:3299 imb:97 pmb:678 smb:7385 d:- ref:0 ;
in:5531 out:5532 type:b dur:2 cpbdur:2 q:32.44 aq:29.46 tex:222 mv:208 misc:538 imb:5 pmb:25 smb:8130 d:- ref:0 ;
in:5534 out:5533 type:P dur:2 cpbdur:2 q:32.44 aq:24.03 tex:9077 mv:1661 misc:2094 imb:36 pmb:359 smb:7765 d:- ref:0 ;
in:5533 out:5534 type:b dur:2 cpbdur:2 q:32.44 aq:30.78 tex:127 mv:24 misc:425 imb:1 pmb:4 smb:8155 d:- ref:0 ;
in:5536 out:5535 type:P dur:2 cpbdur:2 q:32.43 aq:22.52 tex:20026 mv:3257 misc:3277 imb:100 pmb:647 smb:7413 d:- ref:0 ;
in:5535 out:5536 type:b dur:2 cpbdur:2 q:32.44 aq:25.76 tex:83 mv:243 misc:546 imb:2 pmb:32 smb:8126 d:- ref:0 ;
in:5538 out:5537 type:P dur:2 cpbdur:2 q:32.44 aq:23.27 tex:10224 mv:1980 misc:2180 imb:52 pmb:380 smb:7728 d:- ref:0 ;
in:5537 out:5538 type:b dur:2 cpbdur:2 q:32.44 aq:29.90 tex:418 mv:157 misc:465 imb:4 pmb:16 smb:8140 d:- ref:0 ;
in:5540 out:5539 type:P dur:2 cpbdur:2 q:32.43 aq:23.16 tex:16731 mv:3254 misc:2991 imb:93 pmb:584 smb:7483 d:- ref:0 ;
in:5539 out:5540 type:b dur:2 cpbdur:2 q:32.44 aq:29.81 tex:503 mv:286 misc:547 imb:4 pmb:31 smb:8125 d:- ref:0 ;
in:5542 out:5541 type:P dur:2 cpbdur:2 q:32.43 aq:23.78 tex:9573 mv:1955 misc:2120 imb:37 pmb:382 smb:7741 d:- ref:0 ;
in:5541 out:5542 type:b dur:2 cpbdur:2 q:32.43 aq:32.16 tex:173 mv:104 misc:451 imb:0 pmb:10 smb:8150 d:- ref:0 ;
in:5544 out:5543 type:P dur:2 cpbdur:2 q:32.42 aq:22.92 tex:18045 mv:2783 misc:2956 imb:87 pmb:590 smb:7483 d:- ref:0 ;
in:5543 out:5544 type:b dur:2 cpbdur:2 q:32.42 aq:29.78 tex:305 mv:217 misc:558 imb:5 pmb:27 smb:8128 d:- ref:0 ;
in:5546 out:5545 type:P dur:2 cpbdur:2 q:32.42 aq:23.41 tex:10687 mv:2033 misc:2200 imb:44 pmb:392 smb:7724 d:- ref:0 ;
in:5545 out:5546 type:b dur:2 cpbdur:2 q:32.42 aq:28.43 tex:180 mv:79 misc:477 imb:3 pmb:9 smb:8148 d:- ref:0 ;
in:5548 out:5547 type:P dur:2 cpbdur:2 q:32.41 aq:23.51 tex:14181 mv:2320 misc:2755 imb:67 pmb:545 smb:7548 d:- ref:0 ;
in:5547 out:5548 type:b dur:2 cpbdur:2 q:32.42 aq:21.63 tex:100 mv:33 misc:427 imb:2 pmb:3 smb:8155 d:- ref:0 ;
in:5550 out:5549 type:P dur:2 cpbdur:2 q:32.41 aq:24.09 tex:7150 mv:989 misc:1949 imb:20 pmb:287 smb:7853 d:- ref:0 ;
in:5549 out:5550 type:b dur:2 cpbdur:2 q:32.41 aq:29.80 tex:100 mv:66 misc:442 imb:4 pmb:3 smb:8153 d:- ref:0 ;
in:5552 out:5551 type:P dur:2 cpbdur:2 q:32.40 aq:23.07 tex:12661 mv:1655 misc:2828 imb:57 pmb:504 smb:7599 d:- ref:0 ;
in:5551 out:5552 type:b dur:2 cpbdur:2 q:32.41 aq:25.54 tex:109 mv:53 misc:438 imb:3 pmb:4 smb:8153 d:- ref:0 ;
in:5554 out:5553 type:P dur:2 cpbdur:2 q:32.40 aq:23.21 tex:8124 mv:1482 misc:2082 imb:27 pmb:357 smb:7776 d:- ref:0 ;
in:5553 out:5554 type:b dur:2 cpbdur:2 q:32.40 aq:30.98 tex:30 mv:18 misc:408 imb:0 pmb:3 smb:8157 d:- ref:0 ;
in:5556 out:5555 type:P dur:2 cpbdur:2 q:32.40 aq:22.80 tex:16202 mv:3014 misc:3096 imb:67 pmb:664 smb:7429 d:- ref:0 ;
in:5555 out:5556 type:b dur:2 cpbdur:2 q:32.40 aq:26.57 tex:201 mv:194 misc:493 imb:2 pmb:21 smb:8137 d:- ref:0 ;
in:5558 out:5557 type:P dur:2 cpbdur:2 q:32.42 aq:23.10 tex:11881 mv:2210 misc:2213 imb:49 pmb:412 smb:7699 d:- ref:0 ;
in:5557 out:5558 type:b dur:2 cpbdur:2 q:32.41 aq:30.83 tex:480 mv:322 misc:558 imb:5 pmb:35 smb:8120 d:- ref:0 ;
in:5560 out:5559 type:P dur:2 cpbdur:2 q:32.42 aq:22.87 tex:21565 mv:3554 misc:3057 imb:106 pmb:641 smb:7413 d:- ref:0 ;
in:5559 out:5560 type:b dur:2 cpbdur:2 q:32.42 aq:31.65 tex:512 mv:313 misc:559 imb:4 pmb:37 smb:8119 d:- ref:0 ;
in:5562 out:5561 type:P dur:2 cpbdur:2 q:32.43 aq:22.93 tex:12484 mv:2193 misc:2123 imb:43 pmb:421 smb:7696 d:- ref:0 ;
in:5561 out:5562 type:b dur:2 cpbdur:2 q:32.42 aq:33.77 tex:137 mv:139 misc:468 imb:1 pmb:19 smb:8140 d:- ref:0 ;
in:5564 out:5563 type:P dur:2 cpbdur:2 q:32.42 aq:22.45 tex:25334 mv:3889 misc:2985 imb:99 pmb:714 smb:7347 d:- ref:0 ;
in:5563 out:5564 type:b dur:2 cpbdur:2 q:32.42 aq:32.90 tex:33 mv:305 misc:574 imb:0 pmb:50 smb:8110 d:- ref:0 ;
in:5566 out:5565 type:P dur:2 cpbdur:2 q:32.42 aq:24.43 tex:12694 mv:1387 misc:2135 imb:30 pmb:375 smb:7755 d:- ref:0 ;
in:5565 out:5566 type:b dur:2 cpbdur:2 q:32.42 aq:23.35 tex:99 mv:42 misc:435 imb:2 pmb:7 smb:8151 d:- ref:0 ;
in:5568 out:5567 type:P dur:2 cpbdur:2 q:32.41 aq:23.66 tex:16275 mv:2021 misc:2936 imb:66 pmb:557 smb:7537 d:- ref:0 ;
in:5567 out:5568 type:b dur:2 cpbdur:2 q:32.42 aq:23.98 tex:137 mv:43 misc:444 imb:1 pmb:6 smb:8153 d:- ref:0 ;
in:5570 out:5569 type:P dur:2 cpbdur:2 q:32.41 aq:23.79 tex:9324 mv:1037 misc:2103 imb:23 pmb:349 smb:7788 d:- ref:0 ;
in:5569 out:5570 type:b dur:2 cpbdur:2 q:32.41 aq:25.22 tex:24 mv:22 misc:402 imb:2 pmb:0 smb:8158 d:- ref:0 ;
in:5572 out:5571 type:P dur:2 cpbdur:2 q:32.40 aq:23.28 tex:15269 mv:1524 misc:2711 imb:45 pmb:506 smb:7609 d:- ref:0 ;
in:5571 out:5572 type:b dur:2 cpbdur:2 q:32.40 aq:30.36 tex:87 mv:33 misc:432 imb:2 pmb:3 smb:8155 d:- ref:0 ;
in:5574 out:5573 type:P dur:2 cpbdur:2 q:32.39 aq:23.47 tex:8059 mv:759 misc:1838 imb:21 pmb:276 smb:7863 d:- ref:0 ;
in:5573 out:5574 type:b dur:2 cpbdur:2 q:32.39 aq:30.93 tex:79 mv:23 misc:418 imb:1 pmb:3 smb:8156 d:- ref:0 ;
in:5576 out:5575 type:P dur:2 cpbdur:2 q:32.37 aq:23.55 tex:13932 mv:1601 misc:2771 imb:56 pmb:498 smb:7606 d:- ref:0 ;
in:5575 out:5576 type:b dur:2 cpbdur:2 q:32.38 aq:19.72 tex:67 mv:50 misc:435 imb:4 pmb:2 smb:8154 d:- ref:0 ;
in:5578 out:5577 type:P dur:2 cpbdur:2 q:32.37 aq:23.52 tex:7580 mv:903 misc:1909 imb:26 pmb:282 smb:7852 d:- ref:0 ;
in:5577 out:5578 type:b dur:2 cpbdur:2 q:32.37 aq:19.78 tex:41 mv:32 misc:415 imb:3 pmb:0 smb:8157 d:- ref:0 ;
in:5580 out:5579 type:P dur:2 cpbdur:2 q:32.37 aq:22.64 tex:14102 mv:1679 misc:2771 imb:59 pmb:497 smb:7604 d:- ref:0 ;
in:5579 out:5580 type:b dur:2 cpbdur:2 q:32.37 aq:30.95 tex:59 mv:27 misc:410 imb:2 pmb:1 smb:8157 d:- ref:0 ;
in:5582 out:5581 type:P dur:2 cpbdur:2 q:32.38 aq:23.56 tex:8427 mv:872 misc:1957 imb:18 pmb:299 smb:7843 d:- ref:0 ;
in:5581 out:5582 type:b dur:2 cpbdur:2 q:32.38 aq:18.72 tex:77 mv:27 misc:408 imb:2 pmb:1 smb:8157 d:- ref:0 ;
in:5584 out:5583 type:P dur:2 cpbdur:2 q:32.38 aq:23.68 tex:15479 mv:1866 misc:2975 imb:66 pmb:543 smb:7551 d:- ref:0 ;
in:5583 out:5584 type:b dur:2 cpbdur:2 q:32.38 aq:24.96 tex:95 mv:69 misc:452 imb:5 pmb:4 smb:8151 d:- ref:0 ;
in:5586 out:5585 type:P dur:2 cpbdur:2 q:32.38 aq:24.38 tex:5581 mv:811 misc:1728 imb:22 pmb:223 smb:7915 d:- ref:0 ;
in:5585 out:5586 type:b dur:2 cpbdur:2 q:32.38 aq:31.00 tex:0 mv:0 misc:384 imb:0 pmb:0 smb:8160 d:- ref:0 ;
in:5588 out:5587 type:P dur:2 cpbdur:2 q:32.37 aq:23.30 tex:13598 mv:1453 misc:2621 imb:55 pmb:469 smb:7636 d:- ref:0 ;
in:5587 out:5588 type:b dur:2 cpbdur:2 q:32.38 aq:23.79 tex:50 mv:27 misc:411 imb:1 pmb:2 smb:8157 d:- ref:0 ;
in:5590 out:5589 type:P dur:2 cpbdur:2 q:32.36 aq:24.01 tex:6844 mv:833 misc:1923 imb:27 pmb:270 smb:7863 d:- ref:0 ;
in:5589 out:5590 type:b dur:2 cpbdur:2 q:32.37 aq:30.96 tex:37 mv:16 misc:403 imb:1 pmb:1 smb:8158 d:- ref:0 ;
in:5592 out:5591 type:P dur:2 cpbdur:2 q:32.35 aq:23.27 tex:14220 mv:1672 misc:2852 imb:59 pmb:506 smb:7595 d:- ref:0 ;
in:5591 out:5592 type:b dur:2 cpbdur:2 q:32.36 aq:31.00 tex:0 mv:0 misc:384 imb:0 pmb:0 smb:8160 d:- ref:0 ;
in:5594 out:5593 type:P dur:2 cpbdur:2 q:32.35 aq:23.62 tex:7549 mv:962 misc:2001 imb:28 pmb:280 smb:7852 d:- ref:0 ;
in:5593 out:5594 type:b dur:2 cpbdur:2 q:32.35 aq:31.00 tex:17 mv:5 misc:394 imb:0 pmb:1 smb:8159 d:- ref:0 ;
in:5596 out:5595 type:P dur:2 cpbdur:2 q:32.34 aq:23.23 tex:17557 mv:1791 misc:2948 imb:74 pmb:537 smb:7549 d:- ref:0 ;
in:5595 out:5596 type:b dur:2 cpbdur:2 q:32.34 aq:30.95 tex:29 mv:15 misc:404 imb:0 pmb:5 smb:8155 d:- ref:0 ;
in:5598 out:5597 type:P dur:2 cpbdur:2 q:32.34 aq:23.89 tex:6234 mv:812 misc:1770 imb:19 pmb:236 smb:7905 d:- ref:0 ;
in:5597 out:5598 type:b dur:2 cpbdur:2 q:32.34 aq:31.00 tex:0 mv:0 misc:384 imb:0 pmb:0 smb:8160 d:- ref:0 ;
in:5600 out:5599 type:P dur:2 cpbdur:2 q:32.32 aq:22.82 tex:13498 mv:1422 misc:2616 imb:46 pmb:468 smb:7646 d:- ref:0 ;
in:5599 out:5600 type:b dur:2 cpbdur:2 q:32.33 aq:30.97 tex:24 mv:5 misc:395 imb:0 pmb:1 smb:8159 d:- ref:0 ;
in:5602 out:5601 type:P dur:2 cpbdur:2 q:32.32 aq:24.87 tex:6116 mv:650 misc:1666 imb:17 pmb:224 smb:7919 d:- ref:0 ;
in:5601 out:5602 type:b dur:2 cpbdur:2 q:32.32 aq:30.97 tex:36 mv:31 misc:405 imb:1 pmb:2 smb:8157 d:- ref:0 ;
in:5604 out:5603 type:P dur:2 cpbdur:2 q:32.30 aq:24.35 tex:13744 mv:1465 misc:2559 imb:42 pmb:462 smb:7656 d:- ref:0 ;
in:5603 out:5604 type:b dur:2 cpbdur:2 q:32.31 aq:29.77 tex:60 mv:28 misc:408 imb:2 pmb:1 smb:8157 d:- ref:0 ;
in:5606 out:5605 type:P dur:2 cpbdur:2 q:32.30 aq:23.44 tex:5896 mv:813 misc:1819 imb:26 pmb:238 smb:7896 d:- ref:0 ;
in:5605 out:5606 type:b dur:2 cpbdur:2 q:32.30 aq:30.92 tex:46 mv:19 misc:407 imb:1 pmb:2 smb:8157 d:- ref:0 ;
in:5608 out:5607 type:P dur:2 cpbdur:2 q:32.29 aq:22.26 tex:13439 mv:1470 misc:2691 imb:54 pmb:481 smb:7625 d:- ref:0 ;
in:5607 out:5608 type:b dur:2 cpbdur:2 q:32.29 aq:19.80 tex:114 mv:54 misc:448 imb:4 pmb:4 smb:8152 d:- ref:0 ;
in:5610 out:5609 type:P dur:2 cpbdur:2 q:32.29 aq:24.33 tex:6300 mv:722 misc:1738 imb:14 pmb:241 smb:7905 d:- ref:0 ;
in:5609 out:5610 type:b dur:2 cpbdur:2 q:32.29 aq:18.01 tex:56 mv:57 misc:431 imb:5 pmb:1 smb:8154 d:- ref:0 ;
in:5612 out:5611 type:P dur:2 cpbdur:2 q:32.28 aq:23.12 tex:13786 mv:1419 misc:2707 imb:59 pmb:458 smb:7643 d:- ref:0 ;
in:5611 out:5612 type:b dur:2 cpbdur:2 q:32.28 aq:30.98 tex:48 mv:12 misc:404 imb:0 pmb:2 smb:8158 d:- ref:0 ;
in:5614 out:5613 type:P dur:2 cpbdur:2 q:32.28 aq:24.78 tex:6440 mv:730 misc:1726 imb:24 pmb:243 smb:7893 d:- ref:0 ;
in:5613 out:5614 type:b dur:2 cpbdur:2 q:32.28 aq:29.47 tex:81 mv:26 misc:429 imb:1 pmb:4 smb:8155 d:- ref:0 ;
in:5616 out:5615 type:P dur:2 cpbdur:2 q:32.26 aq:22.72 tex:12605 mv:1372 misc:2535 imb:53 pmb:436 smb:7671 d:- ref:0 ;
in:5615 out:5616 type:b dur:2 cpbdur:2 q:32.27 aq:30.95 tex:93 mv:25 misc:418 imb:1 pmb:4 smb:8155 d:- ref:0 ;
in:5618 out:5617 type:P dur:2 cpbdur:2 q:32.26 aq:23.62 tex:5782 mv:759 misc:1755 imb:24 pmb:231 smb:7905 d:- ref:0 ;
in:5617 out:5618 type:b dur:2 cpbdur:2 q:32.26 aq:30.95 tex:46 mv:57 misc:425 imb:0 pmb:5 smb:8155 d:- ref:0 ;
in:5620 out:5619 type:P dur:2 cpbdur:2 q:32.25 aq:23.06 tex:13095 mv:1461 misc:2820 imb:56 pmb:483 smb:7621 d:- ref:0 ;
in:5619 out:5620 type:b dur:2 cpbdur:2 q:32.26 aq:23.71 tex:56 mv:27 misc:413 imb:2 pmb:1 smb:8157 d:- ref:0 ;
in:5622 out:5621 type:P dur:2 cpbdur:2 q:32.26 aq:22.41 tex:7061 mv:897 misc:1898 imb:26 pmb:267 smb:7867 d:- ref:0 ;
in:5621 out:5622 type:b dur:2 cpbdur:2 q:32.26 aq:26.10 tex:82 mv:31 misc:415 imb:2 pmb:2 smb:8156 d:- ref:0 ;
in:5624 out:5623 type:P dur:2 cpbdur:2 q:32.25 aq:22.94 tex:13629 mv:1856 misc:2931 imb:74 pmb:506 smb:7580 d:- ref:0 ;
in:5623 out:5624 type:b dur:2 cpbdur:2 q:32.25 aq:30.96 tex:28 mv:25 misc:411 imb:2 pmb:1 smb:8157 d:- ref:0 ;
in:5626 out:5625 type:P dur:2 cpbdur:2 q:32.25 aq:24.18 tex:8660 mv:710 misc:1766 imb:19 pmb:252 smb:7889 d:- ref:0 ;
in:5625 out:5626 type:b dur:2 cpbdur:2 q:32.25 aq:30.97 tex:44 mv:19 misc:417 imb:0 pmb:6 smb:8154 d:- ref:0 ;
in:5628 out:5627 type:P dur:2 cpbdur:2 q:32.23 aq:22.81 tex:13359 mv:1448 misc:2633 imb:57 pmb:444 smb:7659 d:- ref:0 ;
in:5627 out:5628 type:b dur:2 cpbdur:2 q:32.24 aq:30.95 tex:102 mv:25 misc:417 imb:1 pmb:4 smb:8155 d:- ref:0 ;
in:5630 out:5629 type:P dur:2 cpbdur:2 q:32.22 aq:23.36 tex:6612 mv:708 misc:1712 imb:20 pmb:238 smb:7902 d:- ref:0 ;
in:5629 out:5630 type:b dur:2 cpbdur:2 q:32.23 aq:19.46 tex:83 mv:8 misc:405 imb:0 pmb:2 smb:8158 d:- ref:0 ;
in:5632 out:5631 type:P dur:2 cpbdur:2 q:32.21 aq:23.69 tex:11347 mv:1229 misc:2408 imb:40 pmb:394 smb:7726 d:- ref:0 ;
in:5631 out:5632 type:b dur:2 cpbdur:2 q:32.21 aq:23.89 tex:58 mv:67 misc:443 imb:6 pmb:2 smb:8152 d:- ref:0 ;
in:5634 out:5633 type:P dur:2 cpbdur:2 q:32.20 aq:24.41 tex:5926 mv:715 misc:1727 imb:13 pmb:241 smb:7906 d:- ref:0 ;
in:5633 out:5634 type:b dur:2 cpbdur:2 q:32.20 aq:27.30 tex:38 mv:25 misc:409 imb:2 pmb:1 smb:8157 d:- ref:0 ;
in:5636 out:5635 type:P dur:2 cpbdur:2 q:32.19 aq:22.95 tex:12525 mv:1447 misc:2604 imb:57 pmb:432 smb:7671 d:- ref:0 ;
in:5635 out:5636 type:b dur:2 cpbdur:2 q:32.19 aq:31.73 tex:137 mv:56 misc:431 imb:4 pmb:4 smb:8152 d:- ref:0 ;
in:5638 out:5637 type:P dur:2 cpbdur:2 q:32.18 aq:25.67 tex:7038 mv:643 misc:1695 imb:18 pmb:246 smb:7896 d:- ref:0 ;
in:5637 out:5638 type:b dur:2 cpbdur:2 q:32.18 aq:31.87 tex:23 mv:5 misc:396 imb:0 pmb:1 smb:8159 d:- ref:0 ;
in:5640 out:5639 type:P dur:2 cpbdur:2 q:32.16 aq:24.51 tex:13845 mv:1242 misc:2441 imb:32 pmb:451 smb:7677 d:- ref:0 ;
in:5639 out:5640 type:b dur:2 cpbdur:2 q:32.17 aq:25.79 tex:86 mv:38 misc:420 imb:3 pmb:1 smb:8156 d:- ref:0 ;
in:5642 out:5641 type:P dur:2 cpbdur:2 q:32.16 aq:25.33 tex:6311 mv:665 misc:1632 imb:20 pmb:225 smb:7915 d:- ref:0 ;
in:5641 out:5642 type:b dur:2 cpbdur:2 q:32.16 aq:31.79 tex:106 mv:53 misc:433 imb:2 pmb:5 smb:8153 d:- ref:0 ;
in:5644 out:5643 type:P dur:2 cpbdur:2 q:32.14 aq:24.84 tex:12137 mv:1176 misc:2279 imb:35 pmb:410 smb:7715 d:- ref:0 ;
in:5643 out:5644 type:b dur:2 cpbdur:2 q:32.15 aq:30.86 tex:44 mv:28 misc:408 imb:2 pmb:1 smb:8157 d:- ref:0 ;
in:5646 out:5645 type:P dur:2 cpbdur:2 q:32.13 aq:24.44 tex:4124 mv:497 misc:1371 imb:17 pmb:167 smb:7976 d:- ref:0 ;
in:5645 out:5646 type:b dur:2 cpbdur:2 q:32.14 aq:31.00 tex:0 mv:0 misc:384 imb:0 pmb:0 smb:8160 d:- ref:0 ;
in:5648 out:5647 type:P dur:2 cpbdur:2 q:32.12 aq:25.27 tex:9971 mv:844 misc:1929 imb:18 pmb:332 smb:7810 d:- ref:0 ;
in:5647 out:5648 type:b dur:2 cpbdur:2 q:32.13 aq:30.95 tex:64 mv:19 misc:413 imb:1 pmb:2 smb:8157 d:- ref:0 ;
in:5652 out:5649 type:P dur:2 cpbdur:2 q:32.10 aq:23.38 tex:26629 mv:3041 misc:4114 imb:91 pmb:914 smb:7155 d:- ref:0 ;
in:5650 out:5650 type:B dur:2 cpbdur:2 q:32.11 aq:29.71 tex:269 mv:70 misc:509 imb:2 pmb:15 smb:8143 d:- ref:0 ;
in:5649 out:5651 type:b dur:2 cpbdur:2 q:32.11 aq:31.38 tex:109 mv:49 misc:434 imb:3 pmb:4 smb:8153 d:- ref:0 ;
in:5651 out:5652 type:b dur:2 cpbdur:2 q:32.10 aq:26.63 tex:95 mv:80 misc:441 imb:7 pmb:2 smb:8151 d:- ref:0 ;
in:5654 out:5653 type:P dur:2 cpbdur:2 q:32.24 aq:22.43 tex:15674 mv:2073 misc:3341 imb:87 pmb:592 smb:7481 d:- ref:0 ;
in:5653 out:5654 type:b dur:2 cpbdur:2 q:32.17 aq:30.88 tex:79 mv:43 misc:422 imb:3 pmb:3 smb:8154 d:- ref:0 ;
in:5656 out:5655 type:P dur:2 cpbdur:2 q:32.24 aq:23.34 tex:10140 mv:831 misc:1893 imb:28 pmb:250 smb:7882 d:- ref:0 ;
in:5655 out:5656 type:b dur:2 cpbdur:2 q:32.24 aq:27.57 tex:73 mv:54 misc:441 imb:3 pmb:7 smb:8150 d:- ref:0 ;
in:5658 out:5657 type:P dur:2 cpbdur:2 q:32.25 aq:23.86 tex:12165 mv:1483 misc:2640 imb:44 pmb:450 smb:7666 d:- ref:0 ;
in:5657 out:5658 type:b dur:2 cpbdur:2 q:32.24 aq:26.88 tex:66 mv:9 misc:405 imb:0 pmb:2 smb:8158 d:- ref:0 ;
in:5660 out:5659 type:P dur:2 cpbdur:2 q:32.24 aq:24.48 tex:7205 mv:843 misc:1992 imb:24 pmb:285 smb:7851 d:- ref:0 ;
in:5659 out:5660 type:b dur:2 cpbdur:2 q:32.24 aq:27.83 tex:68 mv:19 misc:409 imb:1 pmb:2 smb:8157 d:- ref:0 ;
in:5662 out:5661 type:P dur:2 cpbdur:2 q:32.24 aq:23.23 tex:13014 mv:1523 misc:2791 imb:59 pmb:459 smb:7642 d:- ref:0 ;
in:5661 out:5662 type:b dur:2 cpbdur:2 q:32.24 aq:30.98 tex:24 mv:5 misc:395 imb:0 pmb:1 smb:8159 d:- ref:0 ;
in:5664 out:5663 type:P dur:2 cpbdur:2 q:32.24 aq:23.96 tex:7327 mv:879 misc:1914 imb:26 pmb:262 smb:7872 d:- ref:0 ;
in:5663 out:5664 type:b dur:2 cpbdur:2 q:32.24 aq:21.00 tex:66 mv:40 misc:430 imb:2 pmb:3 smb:8155 d:- ref:0 ;
in:5666 out:5665 type:P dur:2 cpbdur:2 q:32.25 aq:22.26 tex:14368 mv:1852 misc:3068 imb:72 pmb:530 smb:7558 d:- ref:0 ;
in:5665 out:5666 type:b dur:2 cpbdur:2 q:32.25 aq:30.59 tex:53 mv:53 misc:422 imb:2 pmb:3 smb:8155 d:- ref:0 ;
in:5668 out:5667 type:P dur:2 cpbdur:2 q:32.19 aq:23.28 tex:7529 mv:838 misc:2033 imb:23 pmb:293 smb:7844 d:- ref:0 ;
in:5667 out:5668 type:b dur:2 cpbdur:2 q:32.22 aq:31.00 tex:0 mv:0 misc:384 imb:0 pmb:0 smb:8160 d:- ref:0 ;
in:5670 out:5669 type:P dur:2 cpbdur:2 q:32.15 aq:22.54 tex:15775 mv:1894 misc:3219 imb:72 pmb:574 smb:7514 d:- ref:0 ;
in:5669 out:5670 type:b dur:2 cpbdur:2 q:32.17 aq:25.90 tex:95 mv:36 misc:429 imb:1 pmb:5 smb:8154 d:- ref:0 ;
in:5672 out:5671 type:P dur:2 cpbdur:2 q:32.10 aq:24.00 tex:7208 mv:817 misc:1935 imb:32 pmb:260 smb:7868 d:- ref:0 ;
in:5671 out:5672 type:b dur:2 cpbdur:2 q:32.12 aq:27.68 tex:65 mv:49 misc:422 imb:3 pmb:2 smb:8155 d:- ref:0 ;
in:5674 out:5673 type:P dur:2 cpbdur:2 q:32.08 aq:22.68 tex:14691 mv:1641 misc:2868 imb:67 pmb:503 smb:7590 d:- ref:0 ;
in:5673 out:5674 type:b dur:2 cpbdur:2 q:32.09 aq:24.15 tex:50 mv:27 misc:411 imb:2 pmb:1 smb:8157 d:- ref:0 ;
in:5676 out:5675 type:P dur:2 cpbdur:2 q:32.07 aq:23.75 tex:7303 mv:895 misc:2002 imb:28 pmb:286 smb:7846 d:- ref:0 ;
in:5675 out:5676 type:b dur:2 cpbdur:2 q:32.07 aq:28.71 tex:88 mv:31 misc:417 imb:2 pmb:2 smb:8156 d:- ref:0 ;
in:5678 out:5677 type:P dur:2 cpbdur:2 q:32.05 aq:23.18 tex:14214 mv:1802 misc:3016 imb:71 pmb:519 smb:7570 d:- ref:0 ;
in:5677 out:5678 type:b dur:2 cpbdur:2 q:32.06 aq:30.80 tex:67 mv:31 misc:414 imb:2 pmb:2 smb:8156 d:- ref:0 ;
in:5680 out:5679 type:P dur:2 cpbdur:2 q:32.05 aq:23.47 tex:6537 mv:935 misc:1968 imb:35 pmb:267 smb:7858 d:- ref:0 ;
in:5679 out:5680 type:b dur:2 cpbdur:2 q:32.05 aq:23.97 tex:70 mv:41 misc:425 imb:3 pmb:2 smb:8155 d:- ref:0 ;
in:5682 out:5681 type:P dur:2 cpbdur:2 q:32.03 aq:22.31 tex:15847 mv:1932 misc:3101 imb:83 pmb:535 smb:7542 d:- ref:0 ;
in:5681 out:5682 type:b dur:2 cpbdur:2 q:32.04 aq:30.93 tex:48 mv:27 misc:405 imb:2 pmb:1 smb:8157 d:- ref:0 ;
in:5684 out:5683 type:P dur:2 cpbdur:2 q:32.02 aq:22.90 tex:6128 mv:812 misc:1812 imb:26 pmb:258 smb:7876 d:- ref:0 ;
in:5683 out:5684 type:b dur:2 cpbdur:2 q:32.02 aq:33.26 tex:106 mv:62 misc:440 imb:5 pmb:3 smb:8152 d:- ref:0 ;
in:5686 out:5685 type:P dur:2 cpbdur:2 q:32.00 aq:22.57 tex:14610 mv:1717 misc:2969 imb:66 pmb:492 smb:7602 d:- ref:0 ;
in:5685 out:5686 type:b dur:2 cpbdur:2 q:32.01 aq:30.95 tex:32 mv:15 misc:409 imb:0 pmb:5 smb:8155 d:- ref:0 ;
in:5688 out:5687 type:P dur:2 cpbdur:2 q:32.00 aq:23.73 tex:6226 mv:815 misc:1927 imb:27 pmb:251 smb:7882 d:- ref:0 ;
in:5687 out:5688 type:b dur:2 cpbdur:2 q:32.00 aq:32.52 tex:73 mv:21 misc:410 imb:1 pmb:2 smb:8157 d:- ref:0 ;
in:5690 out:5689 type:P dur:2 cpbdur:2 q:31.99 aq:23.06 tex:13004 mv:1807 misc:2965 imb:75 pmb:487 smb:7598 d:- ref:0 ;
in:5689 out:5690 type:b dur:2 cpbdur:2 q:31.99 aq:29.00 tex:65 mv:59 misc:428 imb:5 pmb:1 smb:8154 d:- ref:0 ;
in:5692 out:5691 type:P dur:2 cpbdur:2 q:31.99 aq:22.97 tex:6190 mv:820 misc:1862 imb:33 pmb:236 smb:7891 d:- ref:0 ;
in:5691 out:5692 type:b dur:2 cpbdur:2 q:31.99 aq:31.00 tex:0 mv:0 misc:384 imb:0 pmb:0 smb:8160 d:- ref:0 ;
in:5694 out:5693 type:P dur:2 cpbdur:2 q:31.98 aq:22.92 tex:14281 mv:2169 misc:2982 imb:67 pmb:541 smb:7552 d:- ref:0 ;
in:5693 out:5694 type:b dur:2 cpbdur:2 q:31.99 aq:30.21 tex:99 mv:69 misc:456 imb:4 pmb:7 smb:8149 d:- ref:0 ;
in:5696 out:5695 type:P dur:2 cpbdur:2 q:31.97 aq:23.53 tex:11207 mv:1691 misc:2142 imb:33 pmb:412 smb:7715 d:- ref:0 ;
in:5695 out:5696 type:b dur:2 cpbdur:2 q:31.97 aq:32.36 tex:123 mv:39 misc:430 imb:1 pmb:5 smb:8154 d:- ref:0 ;
in:5698 out:5697 type:P dur:2 cpbdur:2 q:31.96 aq:23.32 tex:21299 mv:3210 misc:3307 imb:89 pmb:698 smb:7373 d:- ref:0 ;
in:5697 out:5698 type:b dur:2 cpbdur:2 q:31.97 aq:25.39 tex:310 mv:166 misc:508 imb:4 pmb:21 smb:8135 d:- ref:0 ;
in:5700 out:5699 type:P dur:2 cpbdur:2 q:31.97 aq:23.32 tex:10955 mv:2116 misc:2225 imb:35 pmb:433 smb:7692 d:- ref:0 ;
in:5699 out:5700 type:b dur:2 cpbdur:2 q:31.97 aq:32.44 tex:394 mv:84 misc:442 imb:1 pmb:9 smb:8150 d:- ref:0 ;
in:5702 out:5701 type:P dur:2 cpbdur:2 q:31.96 aq:23.03 tex:18799 mv:2932 misc:3085 imb:68 pmb:654 smb:7438 d:- ref:0 ;
in:5701 out:5702 type:b dur:2 cpbdur:2 q:31.96 aq:32.62 tex:248 mv:115 misc:477 imb:1 pmb:15 smb:8144 d:- ref:0 ;
in:5704 out:5703 type:P dur:2 cpbdur:2 q:31.96 aq:23.48 tex:12724 mv:2038 misc:2398 imb:37 pmb:481 smb:7642 d:- ref:0 ;
in:5703 out:5704 type:b dur:2 cpbdur:2 q:31.96 aq:32.99 tex:502 mv:121 misc:465 imb:4 pmb:14 smb:8142 d:- ref:0 ;
in:5706 out:5705 type:P dur:2 cpbdur:2 q:31.95 aq:22.69 tex:20225 mv:2919 misc:3160 imb:67 pmb:668 smb:7425 d:- ref:0 ;
in:5705 out:5706 type:b dur:2 cpbdur:2 q:31.96 aq:30.08 tex:187 mv:150 misc:487 imb:3 pmb:16 smb:8141 d:- ref:0 ;
in:5708 out:5707 type:P dur:2 cpbdur:2 q:31.95 aq:23.67 tex:10634 mv:1955 misc:2107 imb:35 pmb:425 smb:7700 d:- ref:0 ;
in:5707 out:5708 type:b dur:2 cpbdur:2 q:31.95 aq:31.10 tex:72 mv:30 misc:434 imb:1 pmb:5 smb:8154 d:- ref:0 ;
in:5710 out:5709 type:P dur:2 cpbdur:2 q:31.94 aq:23.44 tex:18603 mv:2837 misc:2968 imb:60 pmb:623 smb:7477 d:- ref:0 ;
in:5709 out:5710 type:b dur:2 cpbdur:2 q:31.95 aq:33.29 tex:229 mv:147 misc:496 imb:5 pmb:14 smb:8141 d:- ref:0 ;
in:5712 out:5711 type:P dur:2 cpbdur:2 q:31.94 aq:23.53 tex:9140 mv:1643 misc:2169 imb:29 pmb:384 smb:7747 d:- ref:0 ;
in:5711 out:5712 type:b dur:2 cpbdur:2 q:31.94 aq:28.73 tex:114 mv:109 misc:449 imb:3 pmb:7 smb:8150 d:- ref:0 ;
in:5714 out:5713 type:P dur:2 cpbdur:2 q:31.94 aq:22.82 tex:20840 mv:2981 misc:3331 imb:79 pmb:707 smb:7374 d:- ref:0 ;
in:5713 out:5714 type:b dur:2 cpbdur:2 q:31.94 aq:29.58 tex:273 mv:112 misc:487 imb:3 pmb:13 smb:8144 d:- ref:0 ;
in:5716 out:5715 type:P dur:2 cpbdur:2 q:31.96 aq:24.22 tex:14695 mv:2018 misc:2391 imb:29 pmb:507 smb:7624 d:- ref:0 ;
in:5715 out:5716 type:b dur:2 cpbdur:2 q:31.95 aq:32.54 tex:275 mv:78 misc:431 imb:0 pmb:12 smb:8148 d:- ref:0 ;
in:5718 out:5717 type:P dur:2 cpbdur:2 q:31.96 aq:22.45 tex:21305 mv:3172 misc:3419 imb:95 pmb:703 smb:7362 d:- ref:0 ;
in:5717 out:5718 type:b dur:2 cpbdur:2 q:31.96 aq:33.99 tex:546 mv:167 misc:487 imb:1 pmb:23 smb:8136 d:- ref:0 ;
in:5720 out:5719 type:P dur:2 cpbdur:2 q:31.97 aq:24.00 tex:10683 mv:1672 misc:1997 imb:27 pmb:375 smb:7758 d:- ref:0 ;
in:5719 out:5720 type:b dur:2 cpbdur:2 q:31.96 aq:31.51 tex:228 mv:84 misc:432 imb:3 pmb:9 smb:8148 d:- ref:0 ;
in:5722 out:5721 type:P dur:2 cpbdur:2 q:31.96 aq:22.86 tex:20137 mv:2813 misc:2946 imb:81 pmb:635 smb:7444 d:- ref:0 ;
in:5721 out:5722 type:b dur:2 cpbdur:2 q:31.96 aq:31.98 tex:506 mv:134 misc:480 imb:2 pmb:20 smb:8138 d:- ref:0 ;
in:5724 out:5723 type:P dur:2 cpbdur:2 q:31.96 aq:23.63 tex:9264 mv:1563 misc:1949 imb:31 pmb:358 smb:7771 d:- ref:0 ;
in:5723 out:5724 type:b dur:2 cpbdur:2 q:31.96 aq:23.99 tex:62 mv:38 misc:412 imb:1 pmb:4 smb:8155 d:- ref:0 ;
in:5726 out:5725 type:P dur:2 cpbdur:2 q:31.95 aq:23.46 tex:20260 mv:3156 misc:3040 imb:89 pmb:673 smb:7398 d:- ref:0 ;
in:5725 out:5726 type:b dur:2 cpbdur:2 q:31.96 aq:27.80 tex:146 mv:148 misc:498 imb:5 pmb:13 smb:8142 d:- ref:0 ;
in:5728 out:5727 type:P dur:2 cpbdur:2 q:31.95 aq:23.00 tex:10477 mv:1904 misc:2219 imb:36 pmb:435 smb:7689 d:- ref:0 ;
in:5727 out:5728 type:b dur:2 cpbdur:2 q:31.95 aq:31.83 tex:75 mv:30 misc:439 imb:1 pmb:5 smb:8154 d:- ref:0 ;
in:5730 out:5729 type:P dur:2 cpbdur:2 q:31.94 aq:23.02 tex:18950 mv:2934 misc:3164 imb:74 pmb:648 smb:7438 d:- ref:0 ;
in:5729 out:5730 type:b dur:2 cpbdur:2 q:31.95 aq:33.97 tex:112 mv:95 misc:481 imb:1 pmb:15 smb:8144 d:- ref:0 ;
in:5732 out:5731 type:P dur:2 cpbdur:2 q:31.94 aq:24.29 tex:11336 mv:1817 misc:2279 imb:33 pmb:437 smb:7690 d:- ref:0 ;
in:5731 out:5732 type:b dur:2 cpbdur:2 q:31.94 aq:30.04 tex:335 mv:63 misc:450 imb:2 pmb:7 smb:8151 d:- ref:0 ;
in:5734 out:5733 type:P dur:2 cpbdur:2 q:31.94 aq:22.61 tex:19625 mv:2813 misc:3138 imb:87 pmb:644 smb:7429 d:- ref:0 ;
in:5733 out:5734 type:b dur:2 cpbdur:2 q:31.94 aq:34.12 tex:279 mv:185 misc:480 imb:2 pmb:19 smb:8139 d:- ref:0 ;
in:5736 out:5735 type:P dur:2 cpbdur:2 q:31.94 aq:22.44 tex:11438 mv:1911 misc:2347 imb:38 pmb:431 smb:7691 d:- ref:0 ;
in:5735 out:5736 type:b dur:2 cpbdur:2 q:31.94 aq:31.48 tex:352 mv:120 misc:472 imb:3 pmb:14 smb:8143 d:- ref:0 ;
in:5738 out:5737 type:P dur:2 cpbdur:2 q:31.93 aq:22.69 tex:21480 mv:3378 misc:3262 imb:95 pmb:705 smb:7360 d:- ref:0 ;
in:5737 out:5738 type:b dur:2 cpbdur:2 q:31.94 aq:29.33 tex:322 mv:146 misc:492 imb:5 pmb:16 smb:8139 d:- ref:0 ;
in:5740 out:5739 type:P dur:2 cpbdur:2 q:31.95 aq:23.51 tex:11230 mv:1806 misc:2300 imb:36 pmb:425 smb:7699 d:- ref:0 ;
in:5739 out:5740 type:b dur:2 cpbdur:2 q:31.94 aq:30.10 tex:318 mv:92 misc:478 imb:2 pmb:14 smb:8144 d:- ref:0 ;
in:5742 out:5741 type:P dur:2 cpbdur:2 q:31.94 aq:22.43 tex:19345 mv:2798 misc:2961 imb:73 pmb:616 smb:7471 d:- ref:0 ;
in:5741 out:5742 type:b dur:2 cpbdur:2 q:31.94 aq:31.44 tex:204 mv:146 misc:498 imb:1 pmb:21 smb:8138 d:- ref:0 ;
in:5744 out:5743 type:P dur:2 cpbdur:2 q:31.95 aq:23.35 tex:11919 mv:2059 misc:2214 imb:48 pmb:415 smb:7697 d:- ref:0 ;
in:5743 out:5744 type:b dur:2 cpbdur:2 q:31.94 aq:28.99 tex:104 mv:85 misc:459 imb:5 pmb:5 smb:8150 d:- ref:0 ;
in:5746 out:5745 type:P dur:2 cpbdur:2 q:31.94 aq:23.19 tex:20539 mv:3156 misc:3081 imb:78 pmb:673 smb:7409 d:- ref:0 ;
in:5745 out:5746 type:b dur:2 cpbdur:2 q:31.94 aq:20.60 tex:184 mv:63 misc:473 imb:3 pmb:11 smb:8146 d:- ref:0 ;
in:5748 out:5747 type:P dur:2 cpbdur:2 q:31.95 aq:23.47 tex:13021 mv:1976 misc:2355 imb:56 pmb:436 smb:7668 d:- ref:0 ;
in:5747 out:5748 type:b dur:2 cpbdur:2 q:31.94 aq:29.67 tex:220 mv:106 misc:458 imb:5 pmb:8 smb:8147 d:- ref:0 ;
in:5749 out:5749 type:P dur:2 cpbdur:2 q:31.94 aq:31.39 tex:469 mv:261 misc:662 imb:7 pmb:44 smb:8109 d:- ref:0 ;
in:5750 out:5750 type:I dur:2 cpbdur:2 q:29.04 aq:19.97 tex:505884 mv:141776 misc:668 imb:8160 pmb:0 smb:0 d:- ref:;
in:5752 out:5751 type:P dur:2 cpbdur:2 q:32.50 aq:23.61 tex:6247 mv:1219 misc:1542 imb:23 pmb:246 smb:7891 d:- ref:0 ;
in:5751 out:5752 type:b dur:2 cpbdur:2 q:32.50 aq:32.47 tex:306 mv:68 misc:426 imb:2 pmb:8 smb:8150 d:- ref:0 ;
in:5754 out:5753 type:P dur:2 cpbdur:2 q:32.49 aq:23.10 tex:18105 mv:2974 misc:3025 imb:124 pmb:557 smb:7479 d:- ref:0 ;
in:5753 out:5754 type:b dur:2 cpbdur:2 q:32.50 aq:24.45 tex:509 mv:200 misc:523 imb:9 pmb:16 smb:8135 d:- ref:0 ;
in:5756 out:5755 type:P dur:2 cpbdur:2 q:32.50 aq:23.75 tex:11012 mv:1733 misc:1967 imb:41 pmb:361 smb:7758 d:- ref:0 ;
in:5755 out:5756 type:b dur:2 cpbdur:2 q:32.50 aq:32.30 tex:312 mv:146 misc:478 imb:6 pmb:12 smb:8142 d:- ref:0 ;
in:5758 out:5757 type:P dur:2 cpbdur:2 q:32.49 aq:23.39 tex:19331 mv:2992 misc:2909 imb:106 pmb:570 smb:7484 d:- ref:0 ;
in:5757 out:5758 type:b dur:2 cpbdur:2 q:32.49 aq:26.79 tex:410 mv:110 misc:464 imb:3 pmb:14 smb:8143 d:- ref:0 ;
in:5760 out:5759 type:P dur:2 cpbdur:2 q:32.49 aq:24.10 tex:11158 mv:1767 misc:1947 imb:33 pmb:364 smb:7763 d:- ref:0 ;
in:5759 out:5760 type:b dur:2 cpbdur:2 q:32.49 aq:33.78 tex:88 mv:69 misc:443 imb:3 pmb:4 smb:8153 d:- ref:0 ;
in:5762 out:5761 type:P dur:2 cpbdur:2 q:32.49 aq:23.29 tex:20762 mv:2878 misc:3040 imb:100 pmb:600 smb:7460 d:- ref:0 ;
in:5761 out:5762 type:b dur:2 cpbdur:2 q:32.49 aq:29.87 tex:34 mv:40 misc:430 imb:3 pmb:2 smb:8155 d:- ref:0 ;
in:5764 out:5763 type:P dur:2 cpbdur:2 q:32.49 aq:22.96 tex:9635 mv:1270 misc:2127 imb:28 pmb:356 smb:7776 d:- ref:0 ;
in:5763 out:5764 type:b dur:2 cpbdur:2 q:32.49 aq:29.52 tex:111 mv:61 misc:436 imb:5 pmb:3 smb:8152 d:- ref:0 ;
in:5766 out:5765 type:P dur:2 cpbdur:2 q:32.48 aq:22.97 tex:17492 mv:2200 misc:3052 imb:83 pmb:584 smb:7493 d:- ref:0 ;
in:5765 out:5766 type:b dur:2 cpbdur:2 q:32.49 aq:30.97 tex:28 mv:8 misc:404 imb:0 pmb:2 smb:8158 d:- ref:0 ;
in:5768 out:5767 type:P dur:2 cpbdur:2 q:32.48 aq:23.97 tex:9594 mv:1148 misc:2138 imb:35 pmb:332 smb:7793 d:- ref:0 ;
in:5767 out:5768 type:b dur:2 cpbdur:2 q:32.48 aq:24.39 tex:63 mv:47 misc:426 imb:4 pmb:1 smb:8155 d:- ref:0 ;
in:5770 out:5769 type:P dur:2 cpbdur:2 q:32.55 aq:23.31 tex:14418 mv:1545 misc:2701 imb:46 pmb:494 smb:7620 d:- ref:0 ;
in:5769 out:5770 type:b dur:2 cpbdur:2 q:32.52 aq:31.92 tex:79 mv:34 misc:415 imb:2 pmb:3 smb:8155 d:- ref:0 ;
in:5772 out:5771 type:P dur:2 cpbdur:2 q:32.55 aq:24.00 tex:7497 mv:890 misc:1821 imb:23 pmb:264 smb:7873 d:- ref:0 ;
in:5771 out:5772 type:b dur:2 cpbdur:2 q:32.55 aq:26.87 tex:24 mv:22 misc:402 imb:2 pmb:0 smb:8158 d:- ref:0 ;
in:5774 out:5773 type:P dur:2 cpbdur:2 q:32.54 aq:23.48 tex:13003 mv:1521 misc:2524 imb:42 pmb:447 smb:7671 d:- ref:0 ;
in:5773 out:5774 type:b dur:2 cpbdur:2 q:32.55 aq:24.59 tex:46 mv:16 misc:402 imb:1 pmb:1 smb:8158 d:- ref:0 ;
in:5776 out:5775 type:P dur:2 cpbdur:2 q:32.54 aq:24.27 tex:8024 mv:748 misc:1700 imb:29 pmb:218 smb:7913 d:- ref:0 ;
in:5775 out:5776 type:b dur:2 cpbdur:2 q:32.54 aq:32.00 tex:2 mv:12 misc:410 imb:0 pmb:4 smb:8156 d:- ref:0 ;
in:5778 out:5777 type:P dur:2 cpbdur:2 q:32.53 aq:23.77 tex:11159 mv:1336 misc:2473 imb:54 pmb:385 smb:7721 d:- ref:0 ;
in:5777 out:5778 type:b dur:2 cpbdur:2 q:32.54 aq:31.95 tex:72 mv:22 misc:418 imb:1 pmb:3 smb:8156 d:- ref:0 ;
in:5780 out:5779 type:P dur:2 cpbdur:2 q:32.53 aq:23.27 tex:6479 mv:1013 misc:1956 imb:24 pmb:286 smb:7850 d:- ref:0 ;
in:5779 out:5780 type:b dur:2 cpbdur:2 q:32.53 aq:30.98 tex:80 mv:11 misc:413 imb:0 pmb:3 smb:8157 d:- ref:0 ;
in:5782 out:5781 type:P dur:2 cpbdur:2 q:32.53 aq:23.31 tex:14298 mv:1829 misc:2969 imb:76 pmb:492 smb:7592 d:- ref:0 ;
in:5781 out:5782 type:b dur:2 cpbdur:2 q:32.53 aq:32.00 tex:0 mv:0 misc:384 imb:0 pmb:0 smb:8160 d:- ref:0 ;
in:5784 out:5783 type:P dur:2 cpbdur:2 q:32.53 aq:24.88 tex:7300 mv:879 misc:1877 imb:20 pmb:274 smb:7866 d:- ref:0 ;
in:5783 out:5784 type:b dur:2 cpbdur:2 q:32.53 aq:31.93 tex:62 mv:15 misc:411 imb:0 pmb:3 smb:8157 d:- ref:0 ;
in:5786 out:5785 type:P dur:2 cpbdur:2 q:32.53 aq:22.79 tex:13493 mv:1724 misc:2887 imb:75 pmb:474 smb:7611 d:- ref:0 ;
in:5785 out:5786 type:b dur:2 cpbdur:2 q:32.53 aq:31.95 tex:72 mv:52 misc:428 imb:4 pmb:2 smb:8154 d:- ref:0 ;
in:5788 out:5787 type:P dur:2 cpbdur:2 q:32.53 aq:23.62 tex:6158 mv:781 misc:1781 imb:23 pmb:244 smb:7893 d:- ref:0 ;
in:5787 out:5788 type:b dur:2 cpbdur:2 q:32.53 aq:31.93 tex:26 mv:32 misc:406 imb:2 pmb:1 smb:8157 d:- ref:0 ;
in:5790 out:5789 type:P dur:2 cpbdur:2 q:32.52 aq:22.98 tex:12744 mv:1608 misc:2648 imb:67 pmb:424 smb:7669 d:- ref:0 ;
in:5789 out:5790 type:b dur:2 cpbdur:2 q:32.52 aq:29.97 tex:61 mv:48 misc:427 imb:4 pmb:1 smb:8155 d:- ref:0 ;
in:5792 out:5791 type:P dur:2 cpbdur:2 q:32.51 aq:24.87 tex:5771 mv:693 misc:1688 imb:16 pmb:228 smb:7916 d:- ref:0 ;
in:5791 out:5792 type:b dur:2 cpbdur:2 q:32.52 aq:31.95 tex:23 mv:26 misc:399 imb:1 pmb:1 smb:8158 d:- ref:0 ;
in:5794 out:5793 type:P dur:2 cpbdur:2 q:32.50 aq:23.56 tex:13674 mv:1869 misc:2833 imb:69 pmb:487 smb:7604 d:- ref:0 ;
in:5793 out:5794 type:b dur:2 cpbdur:2 q:32.51 aq:32.21 tex:91 mv:31 misc:414 imb:2 pmb:2 smb:8156 d:- ref:0 ;
in:5796 out:5795 type:P dur:2 cpbdur:2 q:32.50 aq:24.72 tex:6167 mv:615 misc:1714 imb:21 pmb:218 smb:7921 d:- ref:0 ;
in:5795 out:5796 type:b dur:2 cpbdur:2 q:32.50 aq:30.93 tex:45 mv:20 misc:407 imb:1 pmb:2 smb:8157 d:- ref:0 ;
in:5798 out:5797 type:P dur:2 cpbdur:2 q:32.48 aq:23.13 tex:12575 mv:1606 misc:2739 imb:64 pmb:455 smb:7641 d:- ref:0 ;
in:5797 out:5798 type:b dur:2 cpbdur:2 q:32.49 aq:23.56 tex:97 mv:38 misc:433 imb:2 pmb:4 smb:8154 d:- ref:0 ;
in:5800 out:5799 type:P dur:2 cpbdur:2 q:32.47 aq:23.86 tex:6151 mv:861 misc:1860 imb:25 pmb:242 smb:7893 d:- ref:0 ;
in:5799 out:5800 type:b dur:2 cpbdur:2 q:32.48 aq:30.93 tex:31 mv:16 misc:401 imb:1 pmb:1 smb:8158 d:- ref:0 ;
in:5802 out:5801 type:P dur:2 cpbdur:2 q:32.46 aq:22.97 tex:13973 mv:1517 misc:2766 imb:61 pmb:478 smb:7621 d:- ref:0 ;
in:5801 out:5802 type:b dur:2 cpbdur:2 q:32.46 aq:30.11 tex:61 mv:38 misc:413 imb:3 pmb:1 smb:8156 d:- ref:0 ;
in:5804 out:5803 type:P dur:2 cpbdur:2 q:32.45 aq:23.48 tex:6745 mv:920 misc:1927 imb:36 pmb:269 smb:7855 d:- ref:0 ;
in:5803 out:5804 type:b dur:2 cpbdur:2 q:32.46 aq:31.00 tex:0 mv:0 misc:384 imb:0 pmb:0 smb:8160 d:- ref:0 ;
in:5806 out:5805 type:P dur:2 cpbdur:2 q:32.44 aq:23.19 tex:15042 mv:1567 misc:2799 imb:62 pmb:458 smb:7640 d:- ref:0 ;
in:5805 out:5806 type:b dur:2 cpbdur:2 q:32.45 aq:26.22 tex:65 mv:45 misc:434 imb:3 pmb:5 smb:8152 d:- ref:0 ;
in:5808 out:5807 type:P dur:2 cpbdur:2 q:32.44 aq:24.02 tex:6132 mv:728 misc:1724 imb:21 pmb:228 smb:7911 d:- ref:0 ;
in:5807 out:5808 type:b dur:2 cpbdur:2 q:32.44 aq:30.99 tex:26 mv:5 misc:393 imb:0 pmb:1 smb:8159 d:- ref:0 ;
in:5810 out:5809 type:P dur:2 cpbdur:2 q:32.43 aq:22.85 tex:12288 mv:1570 misc:2606 imb:52 pmb:449 smb:7659 d:- ref:0 ;
in:5809 out:5810 type:b dur:2 cpbdur:2 q:32.43 aq:28.37 tex:62 mv:27 misc:415 imb:2 pmb:1 smb:8157 d:- ref:0 ;
in:5812 out:5811 type:P dur:2 cpbdur:2 q:32.42 aq:23.19 tex:7318 mv:967 misc:1947 imb:31 pmb:290 smb:7839 d:- ref:0 ;
in:5811 out:5812 type:b dur:2 cpbdur:2 q:32.42 aq:18.88 tex:51 mv:27 misc:410 imb:2 pmb:1 smb:8157 d:- ref:0 ;
in:5814 out:5813 type:P dur:2 cpbdur:2 q:32.41 aq:23.29 tex:14061 mv:1763 misc:2824 imb:66 pmb:479 smb:7615 d:- ref:0 ;
in:5813 out:5814 type:b dur:2 cpbdur:2 q:32.42 aq:28.32 tex:95 mv:26 misc:423 imb:1 pmb:4 smb:8155 d:- ref:0 ;
in:5816 out:5815 type:P dur:2 cpbdur:2 q:32.41 aq:24.52 tex:5666 mv:754 misc:1732 imb:16 pmb:233 smb:7911 d:- ref:0 ;
in:5815 out:5816 type:b dur:2 cpbdur:2 q:32.41 aq:30.94 tex:17 mv:14 misc:401 imb:1 pmb:1 smb:8158 d:- ref:0 ;
in:5818 out:5817 type:P dur:2 cpbdur:2 q:32.40 aq:23.05 tex:12891 mv:1515 misc:2602 imb:51 pmb:458 smb:7651 d:- ref:0 ;
in:5817 out:5818 type:b dur:2 cpbdur:2 q:32.41 aq:19.54 tex:25 mv:21 misc:402 imb:2 pmb:0 smb:8158 d:- ref:0 ;
in:5820 out:5819 type:P dur:2 cpbdur:2 q:32.39 aq:24.15 tex:6297 mv:627 misc:1644 imb:18 pmb:222 smb:7920 d:- ref:0 ;
in:5819 out:5820 type:b dur:2 cpbdur:2 q:32.40 aq:30.92 tex:20 mv:22 misc:398 imb:2 pmb:0 smb:8158 d:- ref:0 ;
in:5822 out:5821 type:P dur:2 cpbdur:2 q:32.38 aq:22.97 tex:14090 mv:1732 misc:2802 imb:49 pmb:517 smb:7594 d:- ref:0 ;
in:5821 out:5822 type:b dur:2 cpbdur:2 q:32.39 aq:30.93 tex:28 mv:5 misc:391 imb:0 pmb:1 smb:8159 d:- ref:0 ;
in:5824 out:5823 type:P dur:2 cpbdur:2 q:32.38 aq:22.96 tex:7448 mv:891 misc:1925 imb:27 pmb:277 smb:7856 d:- ref:0 ;
in:5823 out:5824 type:b dur:2 cpbdur:2 q:32.38 aq:27.22 tex:95 mv:23 misc:418 imb:1 pmb:3 smb:8156 d:- ref:0 ;
in:5826 out:5825 type:P dur:2 cpbdur:2 q:32.37 aq:23.79 tex:13073 mv:1495 misc:2680 imb:49 pmb:464 smb:7647 d:- ref:0 ;
in:5825 out:5826 type:b dur:2 cpbdur:2 q:32.37 aq:29.33 tex:54 mv:19 misc:415 imb:1 pmb:2 smb:8157 d:- ref:0 ;
in:5828 out:5827 type:P dur:2 cpbdur:2 q:32.37 aq:23.94 tex:6103 mv:651 misc:1710 imb:13 pmb:235 smb:7912 d:- ref:0 ;
in:5827 out:5828 type:b dur:2 cpbdur:2 q:32.37 aq:30.95 tex:14 mv:29 misc:405 imb:1 pmb:1 smb:8158 d:- ref:0 ;
in:5830 out:5829 type:P dur:2 cpbdur:2 q:32.36 aq:22.99 tex:13391 mv:1666 misc:2895 imb:69 pmb:491 smb:7600 d:- ref:0 ;
in:5829 out:5830 type:b dur:2 cpbdur:2 q:32.36 aq:30.96 tex:56 mv:22 misc:410 imb:0 pmb:4 smb:8156 d:- ref:0 ;
in:5832 out:5831 type:P dur:2 cpbdur:2 q:32.35 aq:23.35 tex:6491 mv:744 misc:1821 imb:25 pmb:245 smb:7890 d:- ref:0 ;
in:5831 out:5832 type:b dur:2 cpbdur:2 q:32.35 aq:24.38 tex:72 mv:37 misc:419 imb:3 pmb:1 smb:8156 d:- ref:0 ;
in:5834 out:5833 type:P dur:2 cpbdur:2 q:32.34 aq:23.00 tex:12184 mv:1605 misc:2643 imb:44 pmb:474 smb:7642 d:- ref:0 ;
in:5833 out:5834 type:b dur:2 cpbdur:2 q:32.35 aq:18.49 tex:35 mv:44 misc:417 imb:4 pmb:0 smb:8156 d:- ref:0 ;
in:5836 out:5835 type:P dur:2 cpbdur:2 q:32.34 aq:23.54 tex:8709 mv:874 misc:1953 imb:30 pmb:269 smb:7861 d:- ref:0 ;
in:5835 out:5836 type:b dur:2 cpbdur:2 q:32.34 aq:30.95 tex:48 mv:18 misc:414 imb:0 pmb:6 smb:8154 d:- ref:0 ;
in:5838 out:5837 type:P dur:2 cpbdur:2 q:32.33 aq:23.18 tex:12811 mv:1597 misc:2840 imb:60 pmb:475 smb:7625 d:- ref:0 ;
in:5837 out:5838 type:b dur:2 cpbdur:2 q:32.33 aq:18.48 tex:67 mv:44 misc:425 imb:2 pmb:3 smb:8155 d:- ref:0 ;
in:5840 out:5839 type:P dur:2 cpbdur:2 q:32.33 aq:23.64 tex:6847 mv:789 misc:1860 imb:25 pmb:259 smb:7876 d:- ref:0 ;
in:5839 out:5840 type:b dur:2 cpbdur:2 q:32.33 aq:30.93 tex:32 mv:35 misc:413 imb:2 pmb:1 smb:8157 d:- ref:0 ;
in:5842 out:5841 type:P dur:2 cpbdur:2 q:32.32 aq:22.62 tex:13783 mv:1797 misc:2924 imb:74 pmb:505 smb:7581 d:- ref:0 ;
in:5841 out:5842 type:b dur:2 cpbdur:2 q:32.32 aq:19.22 tex:93 mv:44 misc:431 imb:3 pmb:3 smb:8154 d:- ref:0 ;
in:5844 out:5843 type:P dur:2 cpbdur:2 q:32.32 aq:23.06 tex:6143 mv:868 misc:1877 imb:30 pmb:252 smb:7878 d:- ref:0 ;
in:5843 out:5844 type:b dur:2 cpbdur:2 q:32.32 aq:29.58 tex:72 mv:41 misc:423 imb:3 pmb:2 smb:8155 d:- ref:0 ;
in:5846 out:5845 type:P dur:2 cpbdur:2 q:32.30 aq:23.38 tex:13350 mv:1512 misc:2698 imb:54 pmb:456 smb:7650 d:- ref:0 ;
in:5845 out:5846 type:b dur:2 cpbdur:2 q:32.31 aq:27.40 tex:31 mv:33 misc:416 imb:3 pmb:0 smb:8157 d:- ref:0 ;
in:5848 out:5847 type:P dur:2 cpbdur:2 q:32.29 aq:23.59 tex:6195 mv:611 misc:1698 imb:20 pmb:227 smb:7913 d:- ref:0 ;
in:5847 out:5848 type:b dur:2 cpbdur:2 q:32.30 aq:30.93 tex:18 mv:11 misc:395 imb:1 pmb:0 smb:8159 d:- ref:0 ;
in:5850 out:5849 type:P dur:2 cpbdur:2 q:32.28 aq:22.69 tex:15323 mv:1762 misc:3099 imb:75 pmb:546 smb:7539 d:- ref:0 ;
in:5849 out:5850 type:b dur:2 cpbdur:2 q:32.29 aq:30.71 tex:115 mv:41 misc:436 imb:2 pmb:5 smb:8153 d:- ref:0 ;
in:5852 out:5851 type:P dur:2 cpbdur:2 q:32.28 aq:23.67 tex:6420 mv:820 misc:1864 imb:22 pmb:255 smb:7883 d:- ref:0 ;
in:5851 out:5852 type:b dur:2 cpbdur:2 q:32.28 aq:31.85 tex:56 mv:23 misc:417 imb:1 pmb:3 smb:8156 d:- ref:0 ;
in:5854 out:5853 type:P dur:2 cpbdur:2 q:32.27 aq:23.25 tex:12105 mv:1563 misc:2580 imb:42 pmb:465 smb:7653 d:- ref:0 ;
in:5853 out:5854 type:b dur:2 cpbdur:2 q:32.27 aq:30.92 tex:102 mv:47 misc:427 imb:3 pmb:3 smb:8154 d:- ref:0 ;
in:5856 out:5855 type:P dur:2 cpbdur:2 q:32.25 aq:23.93 tex:6015 mv:697 misc:1752 imb:20 pmb:238 smb:7902 d:- ref:0 ;
in:5855 out:5856 type:b dur:2 cpbdur:2 q:32.26 aq:23.54 tex:56 mv:28 misc:412 imb:2 pmb:1 smb:8157 d:- ref:0 ;
in:5858 out:5857 type:P dur:2 cpbdur:2 q:32.24 aq:22.80 tex:12441 mv:1477 misc:2594 imb:50 pmb:445 smb:7665 d:- ref:0 ;
in:5857 out:5858 type:b dur:2 cpbdur:2 q:32.25 aq:30.96 tex:40 mv:16 misc:400 imb:1 pmb:1 smb:8158 d:- ref:0 ;
in:5860 out:5859 type:P dur:2 cpbdur:2 q:32.23 aq:23.55 tex:7224 mv:933 misc:1923 imb:32 pmb:266 smb:7862 d:- ref:0 ;
in:5859 out:5860 type:b dur:2 cpbdur:2 q:32.23 aq:30.98 tex:16 mv:19 misc:405 imb:1 pmb:1 smb:8158 d:- ref:0 ;
in:5862 out:5861 type:P dur:2 cpbdur:2 q:32.22 aq:23.01 tex:13859 mv:1699 misc:2858 imb:61 pmb:527 smb:7572 d:- ref:0 ;
in:5861 out:5862 type:b dur:2 cpbdur:2 q:32.23 aq:30.27 tex:78 mv:30 misc:420 imb:2 pmb:2 smb:8156 d:- ref:0 ;
in:5864 out:5863 type:P dur:2 cpbdur:2 q:32.23 aq:23.96 tex:7222 mv:858 misc:1896 imb:23 pmb:277 smb:7860 d:- ref:0 ;
in:5863 out:5864 type:b dur:2 cpbdur:2 q:32.22 aq:30.94 tex:38 mv:26 misc:408 imb:2 pmb:1 smb:8157 d:- ref:0 ;
in:5866 out:5865 type:P dur:2 cpbdur:2 q:32.21 aq:23.37 tex:15496 mv:1639 misc:2857 imb:50 pmb:489 smb:7621 d:- ref:0 ;
in:5865 out:5866 type:b dur:2 cpbdur:2 q:32.22 aq:30.94 tex:35 mv:30 misc:423 imb:1 pmb:6 smb:8153 d:- ref:0 ;
in:5868 out:5867 type:P dur:2 cpbdur:2 q:32.21 aq:23.61 tex:6685 mv:780 misc:1759 imb:24 pmb:249 smb:7887 d:- ref:0 ;
in:5867 out:5868 type:b dur:2 cpbdur:2 q:32.21 aq:22.89 tex:76 mv:57 misc:427 imb:4 pmb:1 smb:8155 d:- ref:0 ;
in:5870 out:5869 type:P dur:2 cpbdur:2 q:32.20 aq:23.31 tex:13393 mv:1464 misc:2719 imb:48 pmb:469 smb:7643 d:- ref:0 ;
in:5869 out:5870 type:b dur:2 cpbdur:2 q:32.20 aq:31.56 tex:95 mv:27 misc:422 imb:1 pmb:4 smb:8155 d:- ref:0 ;
in:5872 out:5871 type:P dur:2 cpbdur:2 q:32.20 aq:23.45 tex:7585 mv:793 misc:1902 imb:32 pmb:258 smb:7870 d:- ref:0 ;
in:5871 out:5872 type:b dur:2 cpbdur:2 q:32.20 aq:23.93 tex:85 mv:46 misc:421 imb:2 pmb:3 smb:8155 d:- ref:0 ;
in:5874 out:5873 type:P dur:2 cpbdur:2 q:32.20 aq:23.59 tex:13290 mv:1564 misc:2778 imb:53 pmb:483 smb:7624 d:- ref:0 ;
in:5873 out:5874 type:b dur:2 cpbdur:2 q:32.20 aq:30.58 tex:65 mv:19 misc:412 imb:1 pmb:2 smb:8157 d:- ref:0 ;
in:5876 out:5875 type:P dur:2 cpbdur:2 q:32.20 aq:23.68 tex:7697 mv:750 misc:1889 imb:25 pmb:275 smb:7860 d:- ref:0 ;
in:5875 out:5876 type:b dur:2 cpbdur:2 q:32.20 aq:31.02 tex:145 mv:62 misc:433 imb:3 pmb:5 smb:8152 d:- ref:0 ;
in:5878 out:5877 type:P dur:2 cpbdur:2 q:32.18 aq:23.22 tex:12622 mv:1341 misc:2589 imb:55 pmb:419 smb:7686 d:- ref:0 ;
in:5877 out:5878 type:b dur:2 cpbdur:2 q:32.19 aq:23.52 tex:106 mv:69 misc:449 imb:5 pmb:4 smb:8151 d:- ref:0 ;
in:5880 out:5879 type:P dur:2 cpbdur:2 q:32.17 aq:24.16 tex:5466 mv:545 misc:1573 imb:23 pmb:194 smb:7943 d:- ref:0 ;
in:5879 out:5880 type:b dur:2 cpbdur:2 q:32.18 aq:30.96 tex:25 mv:5 misc:394 imb:0 pmb:1 smb:8159 d:- ref:0 ;
in:5882 out:5881 type:P dur:2 cpbdur:2 q:32.16 aq:23.58 tex:12071 mv:1216 misc:2393 imb:45 pmb:391 smb:7724 d:- ref:0 ;
in:5881 out:5882 type:b dur:2 cpbdur:2 q:32.17 aq:30.93 tex:47 mv:32 misc:417 imb:1 pmb:3 smb:8156 d:- ref:0 ;
in:5884 out:5883 type:P dur:2 cpbdur:2 q:32.15 aq:24.15 tex:6995 mv:703 misc:1718 imb:24 pmb:237 smb:7899 d:- ref:0 ;
in:5883 out:5884 type:b dur:2 cpbdur:2 q:32.16 aq:30.84 tex:63 mv:20 misc:405 imb:1 pmb:2 smb:8157 d:- ref:0 ;
in:5886 out:5885 type:P dur:2 cpbdur:2 q:32.14 aq:22.67 tex:14345 mv:1315 misc:2644 imb:51 pmb:458 smb:7651 d:- ref:0 ;
in:5885 out:5886 type:b dur:2 cpbdur:2 q:32.15 aq:29.99 tex:60 mv:12 misc:408 imb:0 pmb:3 smb:8157 d:- ref:0 ;
in:5888 out:5887 type:P dur:2 cpbdur:2 q:32.14 aq:23.30 tex:6651 mv:702 misc:1727 imb:27 pmb:236 smb:7897 d:- ref:0 ;
in:5887 out:5888 type:b dur:2 cpbdur:2 q:32.14 aq:30.95 tex:27 mv:5 misc:392 imb:0 pmb:1 smb:8159 d:- ref:0 ;
in:5890 out:5889 type:P dur:2 cpbdur:2 q:32.13 aq:23.83 tex:13265 mv:1314 misc:2573 imb:49 pmb:440 smb:7671 d:- ref:0 ;
in:5889 out:5890 type:b dur:2 cpbdur:2 q:32.13 aq:30.94 tex:83 mv:44 misc:433 imb:1 pmb:6 smb:8153 d:- ref:0 ;
in:5892 out:5891 type:P dur:2 cpbdur:2 q:32.13 aq:23.98 tex:6028 mv:603 misc:1625 imb:13 pmb:221 smb:7926 d:- ref:0 ;
in:5891 out:5892 type:b dur:2 cpbdur:2 q:32.13 aq:31.00 tex:0 mv:0 misc:384 imb:0 pmb:0 smb:8160 d:- ref:0 ;
in:5894 out:5893 type:P dur:2 cpbdur:2 q:32.11 aq:23.52 tex:11638 mv:1177 misc:2297 imb:31 pmb:399 smb:7730 d:- ref:0 ;
in:5893 out:5894 type:b dur:2 cpbdur:2 q:32.12 aq:30.97 tex:36 mv:57 misc:427 imb:2 pmb:3 smb:8155 d:- ref:0 ;
in:5896 out:5895 type:P dur:2 cpbdur:2 q:32.11 aq:25.37 tex:8436 mv:572 misc:1552 imb:18 pmb:216 smb:7926 d:- ref:0 ;
in:5895 out:5896 type:b dur:2 cpbdur:2 q:32.11 aq:30.88 tex:23 mv:22 misc:411 imb:1 pmb:4 smb:8155 d:- ref:0 ;
in:5898 out:5897 type:P dur:2 cpbdur:2 q:32.10 aq:25.25 tex:11584 mv:946 misc:2158 imb:20 pmb:376 smb:7764 d:- ref:0 ;
in:5897 out:5898 type:b dur:2 cpbdur:2 q:32.10 aq:30.94 tex:71 mv:35 misc:422 imb:2 pmb:3 smb:8155 d:- ref:0 ;
in:5902 out:5899 type:P dur:2 cpbdur:2 q:32.08 aq:23.42 tex:27489 mv:2869 misc:4186 imb:89 pmb:922 smb:7149 d:- ref:0 ;
in:5900 out:5900 type:B dur:2 cpbdur:2 q:32.09 aq:28.60 tex:338 mv:107 misc:507 imb:2 pmb:16 smb:8142 d:- ref:0 ;
in:5899 out:5901 type:b dur:2 cpbdur:2 q:32.09 aq:30.92 tex:80 mv:35 misc:413 imb:2 pmb:3 smb:8155 d:- ref:0 ;
in:5901 out:5902 type:b dur:2 cpbdur:2 q:32.09 aq:31.25 tex:45 mv:28 misc:407 imb:2 pmb:1 smb:8157 d:- ref:0 ;
in:5904 out:5903 type:P dur:2 cpbdur:2 q:32.22 aq:21.89 tex:16880 mv:2205 misc:3579 imb:118 pmb:635 smb:7407 d:- ref:0 ;
in:5903 out:5904 type:b dur:2 cpbdur:2 q:32.15 aq:23.34 tex:55 mv:39 misc:418 imb:3 pmb:2 smb:8155 d:- ref:0 ;
in:5906 out:5905 type:P dur:2 cpbdur:2 q:32.22 aq:22.78 tex:6907 mv:1072 misc:2101 imb:33 pmb:310 smb:7817 d:- ref:0 ;
in:5905 out:5906 type:b dur:2 cpbdur:2 q:32.22 aq:31.00 tex:23 mv:5 misc:396 imb:0 pmb:1 smb:8159 d:- ref:0 ;
in:5908 out:5907 type:P dur:2 cpbdur:2 q:32.22 aq:22.85 tex:13511 mv:1674 misc:2943 imb:61 pmb:494 smb:7605 d:- ref:0 ;
in:5907 out:5908 type:b dur:2 cpbdur:2 q:32.22 aq:31.00 tex:1 mv:13 misc:402 imb:0 pmb:2 smb:8158 d:- ref:0 ;
in:5910 out:5909 type:P dur:2 cpbdur:2 q:32.20 aq:23.46 tex:6275 mv:767 misc:1846 imb:23 pmb:241 smb:7896 d:- ref:0 ;
in:5909 out:5910 type:b dur:2 cpbdur:2 q:32.21 aq:29.33 tex:101 mv:42 misc:433 imb:2 pmb:4 smb:8154 d:- ref:0 ;
in:5912 out:5911 type:P dur:2 cpbdur:2 q:32.20 aq:22.95 tex:14185 mv:1547 misc:2828 imb:52 pmb:493 smb:7615 d:- ref:0 ;
in:5911 out:5912 type:b dur:2 cpbdur:2 q:32.20 aq:30.92 tex:23 mv:25 misc:416 imb:1 pmb:3 smb:8156 d:- ref:0 ;
in:5914 out:5913 type:P dur:2 cpbdur:2 q:32.19 aq:23.62 tex:7596 mv:762 misc:1818 imb:20 pmb:261 smb:7879 d:- ref:0 ;
in:5913 out:5914 type:b dur:2 cpbdur:2 q:32.20 aq:30.95 tex:33 mv:30 misc:409 imb:1 pmb:2 smb:8157 d:- ref:0 ;
in:5916 out:5915 type:P dur:2 cpbdur:2 q:32.20 aq:22.79 tex:13421 mv:1729 misc:2834 imb:51 pmb:500 smb:7609 d:- ref:0 ;
in:5915 out:5916 type:b dur:2 cpbdur:2 q:32.20 aq:23.91 tex:152 mv:70 misc:434 imb:4 pmb:4 smb:8152 d:- ref:0 ;
in:5918 out:5917 type:P dur:2 cpbdur:2 q:32.14 aq:23.39 tex:7173 mv:877 misc:2006 imb:26 pmb:277 smb:7857 d:- ref:0 ;
in:5917 out:5918 type:b dur:2 cpbdur:2 q:32.17 aq:23.94 tex:40 mv:34 misc:414 imb:3 pmb:0 smb:8157 d:- ref:0 ;
in:5920 out:5919 type:P dur:2 cpbdur:2 q:32.09 aq:23.07 tex:14997 mv:1591 misc:2940 imb:63 pmb:515 smb:7582 d:- ref:0 ;
in:5919 out:5920 type:b dur:2 cpbdur:2 q:32.11 aq:30.85 tex:72 mv:30 misc:418 imb:2 pmb:2 smb:8156 d:- ref:0 ;
in:5922 out:5921 type:P dur:2 cpbdur:2 q:32.04 aq:23.15 tex:6646 mv:848 misc:1930 imb:32 pmb:257 smb:7871 d:- ref:0 ;
in:5921 out:5922 type:b dur:2 cpbdur:2 q:32.07 aq:30.87 tex:29 mv:11 misc:392 imb:1 pmb:0 smb:8159 d:- ref:0 ;
in:5924 out:5923 type:P dur:2 cpbdur:2 q:32.02 aq:22.58 tex:16514 mv:1729 misc:3093 imb:57 pmb:573 smb:7530 d:- ref:0 ;
in:5923 out:5924 type:b dur:2 cpbdur:2 q:32.03 aq:24.05 tex:110 mv:50 misc:432 imb:2 pmb:4 smb:8154 d:- ref:0 ;
in:5926 out:5925 type:P dur:2 cpbdur:2 q:32.01 aq:23.77 tex:11326 mv:876 misc:2134 imb:17 pmb:331 smb:7812 d:- ref:0 ;
in:5925 out:5926 type:b dur:2 cpbdur:2 q:32.02 aq:30.88 tex:46 mv:45 misc:421 imb:1 pmb:6 smb:8153 d:- ref:0 ;
in:5928 out:5927 type:P dur:2 cpbdur:2 q:32.00 aq:22.31 tex:15389 mv:1736 misc:2931 imb:72 pmb:503 smb:7585 d:- ref:0 ;
in:5927 out:5928 type:b dur:2 cpbdur:2 q:32.01 aq:23.51 tex:89 mv:107 misc:452 imb:9 pmb:2 smb:8149 d:- ref:0 ;
in:5930 out:5929 type:P dur:2 cpbdur:2 q:32.00 aq:22.24 tex:7335 mv:797 misc:1852 imb:26 pmb:258 smb:7876 d:- ref:0 ;
in:5929 out:5930 type:b dur:2 cpbdur:2 q:32.00 aq:30.28 tex:25 mv:25 misc:414 imb:2 pmb:1 smb:8157 d:- ref:0 ;
in:5932 out:5931 type:P dur:2 cpbdur:2 q:31.99 aq:22.82 tex:16112 mv:1805 misc:3091 imb:71 pmb:550 smb:7539 d:- ref:0 ;
in:5931 out:5932 type:b dur:2 cpbdur:2 q:31.99 aq:24.90 tex:108 mv:36 misc:440 imb:2 pmb:4 smb:8154 d:- ref:0 ;
in:5934 out:5933 type:P dur:2 cpbdur:2 q:31.98 aq:22.77 tex:7630 mv:944 misc:2026 imb:32 pmb:278 smb:7850 d:- ref:0 ;
in:5933 out:5934 type:b dur:2 cpbdur:2 q:31.98 aq:26.06 tex:107 mv:28 misc:409 imb:2 pmb:1 smb:8157 d:- ref:0 ;
in:5936 out:5935 type:P dur:2 cpbdur:2 q:31.97 aq:23.03 tex:16775 mv:1857 misc:3144 imb:80 pmb:571 smb:7509 d:- ref:0 ;
in:5935 out:5936 type:b dur:2 cpbdur:2 q:31.98 aq:22.96 tex:72 mv:34 misc:422 imb:2 pmb:3 smb:8155 d:- ref:0 ;
in:5938 out:5937 type:P dur:2 cpbdur:2 q:31.98 aq:22.58 tex:7856 mv:760 misc:1936 imb:30 pmb:271 smb:7859 d:- ref:0 ;
in:5937 out:5938 type:b dur:2 cpbdur:2 q:31.97 aq:25.36 tex:39 mv:23 misc:410 imb:1 pmb:2 smb:8157 d:- ref:0 ;
in:5940 out:5939 type:P dur:2 cpbdur:2 q:31.97 aq:22.18 tex:16576 mv:1762 misc:3150 imb:66 pmb:574 smb:7520 d:- ref:0 ;
in:5939 out:5940 type:b dur:2 cpbdur:2 q:31.97 aq:30.95 tex:100 mv:50 misc:426 imb:4 pmb:2 smb:8154 d:- ref:0 ;
in:5942 out:5941 type:P dur:2 cpbdur:2 q:31.97 aq:22.23 tex:8851 mv:990 misc:2151 imb:26 pmb:328 smb:7806 d:- ref:0 ;
in:5941 out:5942 type:b dur:2 cpbdur:2 q:31.97 aq:30.77 tex:90 mv:35 misc:427 imb:2 pmb:3 smb:8155 d:- ref:0 ;
in:5944 out:5943 type:P dur:2 cpbdur:2 q:31.97 aq:22.23 tex:16944 mv:1916 misc:3116 imb:77 pmb:575 smb:7508 d:- ref:0 ;
in:5943 out:5944 type:b dur:2 cpbdur:2 q:31.97 aq:23.01 tex:107 mv:56 misc:437 imb:4 pmb:3 smb:8153 d:- ref:0 ;
in:5946 out:5945 type:P dur:2 cpbdur:2 q:31.97 aq:22.25 tex:7494 mv:989 misc:2109 imb:36 pmb:296 smb:7828 d:- ref:0 ;
in:5945 out:5946 type:b dur:2 cpbdur:2 q:31.97 aq:22.88 tex:67 mv:42 misc:419 imb:3 pmb:2 smb:8155 d:- ref:0 ;
in:5948 out:5947 type:P dur:2 cpbdur:2 q:31.95 aq:22.51 tex:15366 mv:1857 misc:3049 imb:60 pmb:542 smb:7558 d:- ref:0 ;
in:5947 out:5948 type:b dur:2 cpbdur:2 q:31.96 aq:28.12 tex:149 mv:66 misc:449 imb:5 pmb:4 smb:8151 d:- ref:0 ;
in:5950 out:5949 type:P dur:2 cpbdur:2 q:31.95 aq:23.22 tex:7470 mv:869 misc:1965 imb:29 pmb:272 smb:7859 d:- ref:0 ;
in:5949 out:5950 type:b dur:2 cpbdur:2 q:31.95 aq:23.66 tex:22 mv:11 misc:399 imb:1 pmb:0 smb:8159 d:- ref:0 ;
in:5952 out:5951 type:P dur:2 cpbdur:2 q:31.94 aq:22.57 tex:15418 mv:1948 misc:3026 imb:78 pmb:565 smb:7517 d:- ref:0 ;
in:5951 out:5952 type:b dur:2 cpbdur:2 q:31.94 aq:30.95 tex:109 mv:19 misc:432 imb:0 pmb:6 smb:8154 d:- ref:0 ;
in:5954 out:5953 type:P dur:2 cpbdur:2 q:31.93 aq:22.71 tex:7569 mv:1117 misc:2050 imb:37 pmb:316 smb:7807 d:- ref:0 ;
in:5953 out:5954 type:b dur:2 cpbdur:2 q:31.93 aq:30.88 tex:41 mv:20 misc:411 imb:1 pmb:2 smb:8157 d:- ref:0 ;
in:5956 out:5955 type:P dur:2 cpbdur:2 q:31.92 aq:22.98 tex:20790 mv:1706 misc:2968 imb:76 pmb:512 smb:7572 d:- ref:0 ;
in:5955 out:5956 type:b dur:2 cpbdur:2 q:31.92 aq:22.39 tex:165 mv:82 misc:473 imb:5 pmb:11 smb:8144 d:- ref:0 ;
in:5958 out:5957 type:P dur:2 cpbdur:2 q:31.92 aq:22.53 tex:7102 mv:1027 misc:2087 imb:37 pmb:307 smb:7816 d:- ref:0 ;
in:5957 out:5958 type:b dur:2 cpbdur:2 q:31.92 aq:30.75 tex:91 mv:43 misc:434 imb:3 pmb:3 smb:8154 d:- ref:0 ;
in:5960 out:5959 type:P dur:2 cpbdur:2 q:31.91 aq:22.53 tex:16733 mv:1950 misc:3197 imb:70 pmb:594 smb:7496 d:- ref:0 ;
in:5959 out:5960 type:b dur:2 cpbdur:2 q:31.91 aq:22.91 tex:60 mv:27 misc:409 imb:2 pmb:1 smb:8157 d:- ref:0 ;
in:5962 out:5961 type:P dur:2 cpbdur:2 q:31.91 aq:23.40 tex:8713 mv:897 misc:2126 imb:31 pmb:313 smb:7816 d:- ref:0 ;
in:5961 out:5962 type:b dur:2 cpbdur:2 q:31.91 aq:30.95 tex:63 mv:12 misc:413 imb:0 pmb:3 smb:8157 d:- ref:0 ;
in:5964 out:5963 type:P dur:2 cpbdur:2 q:31.90 aq:22.55 tex:17615 mv:1809 misc:3144 imb:67 pmb:580 smb:7513 d:- ref:0 ;
in:5963 out:5964 type:b dur:2 cpbdur:2 q:31.91 aq:29.26 tex:73 mv:44 misc:435 imb:3 pmb:3 smb:8154 d:- ref:0 ;
in:5966 out:5965 type:P dur:2 cpbdur:2 q:31.90 aq:24.14 tex:6704 mv:828 misc:1900 imb:15 pmb:273 smb:7872 d:- ref:0 ;
in:5965 out:5966 type:b dur:2 cpbdur:2 q:31.90 aq:30.93 tex:28 mv:5 misc:399 imb:0 pmb:1 smb:8159 d:- ref:0 ;
in:5968 out:5967 type:P dur:2 cpbdur:2 q:31.89 aq:22.65 tex:15836 mv:1677 misc:2927 imb:65 pmb:523 smb:7572 d:- ref:0 ;
in:5967 out:5968 type:b dur:2 cpbdur:2 q:31.90 aq:30.93 tex:78 mv:61 misc:437 imb:4 pmb:4 smb:8152 d:- ref:0 ;
in:5970 out:5969 type:P dur:2 cpbdur:2 q:31.89 aq:23.82 tex:7756 mv:824 misc:1876 imb:29 pmb:271 smb:7860 d:- ref:0 ;
in:5969 out:5970 type:b dur:2 cpbdur:2 q:31.89 aq:29.70 tex:42 mv:33 misc:413 imb:3 pmb:0 smb:8157 d:- ref:0 ;
in:5972 out:5971 type:P dur:2 cpbdur:2 q:31.89 aq:23.16 tex:15851 mv:1579 misc:2802 imb:50 pmb:523 smb:7587 d:- ref:0 ;
in:5971 out:5972 type:b dur:2 cpbdur:2 q:31.89 aq:30.80 tex:100 mv:56 misc:436 imb:4 pmb:4 smb:8152 d:- ref:0 ;
in:5974 out:5973 type:P dur:2 cpbdur:2 q:31.89 aq:23.63 tex:8714 mv:887 misc:2039 imb:28 pmb:294 smb:7838 d:- ref:0 ;
in:5973 out:5974 type:b dur:2 cpbdur:2 q:31.89 aq:31.27 tex:82 mv:11 misc:411 imb:0 pmb:3 smb:8157 d:- ref:0 ;
in:5976 out:5975 type:P dur:2 cpbdur:2 q:31.88 aq:22.79 tex:17737 mv:1881 misc:3214 imb:67 pmb:601 smb:7492 d:- ref:0 ;
in:5975 out:5976 type:b dur:2 cpbdur:2 q:31.89 aq:30.93 tex:53 mv:39 misc:420 imb:1 pmb:4 smb:8155 d:- ref:0 ;
in:5978 out:5977 type:P dur:2 cpbdur:2 q:31.89 aq:23.19 tex:6804 mv:752 misc:1916 imb:23 pmb:256 smb:7881 d:- ref:0 ;
in:5977 out:5978 type:b dur:2 cpbdur:2 q:31.89 aq:20.29 tex:26 mv:32 misc:414 imb:3 pmb:0 smb:8157 d:- ref:0 ;
in:5980 out:5979 type:P dur:2 cpbdur:2 q:31.88 aq:22.32 tex:17451 mv:2039 misc:3246 imb:70 pmb:579 smb:7511 d:- ref:0 ;
in:5979 out:5980 type:b dur:2 cpbdur:2 q:31.89 aq:30.92 tex:32 mv:16 misc:400 imb:1 pmb:1 smb:8158 d:- ref:0 ;
in:5982 out:5981 type:P dur:2 cpbdur:2 q:31.89 aq:22.50 tex:8295 mv:904 misc:1985 imb:43 pmb:267 smb:7850 d:- ref:0 ;
in:5981 out:5982 type:b dur:2 cpbdur:2 q:31.89 aq:30.89 tex:114 mv:52 misc:434 imb:1 pmb:7 smb:8152 d:- ref:0 ;
in:5984 out:5983 type:P dur:2 cpbdur:2 q:31.88 aq:22.60 tex:17114 mv:1811 misc:3075 imb:80 pmb:584 smb:7496 d:- ref:0 ;
in:5983 out:5984 type:b dur:2 cpbdur:2 q:31.88 aq:29.08 tex:40 mv:32 misc:408 imb:3 pmb:0 smb:8157 d:- ref:0 ;
in:5986 out:5985 type:P dur:2 cpbdur:2 q:31.88 aq:23.53 tex:8736 mv:758 misc:1898 imb:25 pmb:278 smb:7857 d:- ref:0 ;
in:5985 out:5986 type:b dur:2 cpbdur:2 q:31.88 aq:30.85 tex:30 mv:32 misc:410 imb:2 pmb:4 smb:8154 d:- ref:0 ;
in:5988 out:5987 type:P dur:2 cpbdur:2 q:31.87 aq:23.13 tex:15271 mv:1544 misc:2785 imb:51 pmb:519 smb:7590 d:- ref:0 ;
in:5987 out:5988 type:b dur:2 cpbdur:2 q:31.87 aq:24.37 tex:41 mv:44 misc:419 imb:1 pmb:3 smb:8156 d:- ref:0 ;
in:5990 out:5989 type:P dur:2 cpbdur:2 q:31.86 aq:23.31 tex:7809 mv:784 misc:1935 imb:23 pmb:278 smb:7859 d:- ref:0 ;
in:5989 out:5990 type:b dur:2 cpbdur:2 q:31.86 aq:30.96 tex:35 mv:20 misc:409 imb:1 pmb:2 smb:8157 d:- ref:0 ;
in:5992 out:5991 type:P dur:2 cpbdur:2 q:31.85 aq:22.89 tex:16148 mv:1615 misc:2997 imb:54 pmb:543 smb:7563 d:- ref:0 ;
in:5991 out:5992 type:b dur:2 cpbdur:2 q:31.85 aq:30.83 tex:75 mv:31 misc:414 imb:2 pmb:2 smb:8156 d:- ref:0 ;
in:5994 out:5993 type:P dur:2 cpbdur:2 q:31.84 aq:23.70 tex:7496 mv:829 misc:1955 imb:23 pmb:287 smb:7850 d:- ref:0 ;
in:5993 out:5994 type:b dur:2 cpbdur:2 q:31.84 aq:30.92 tex:77 mv:9 misc:402 imb:0 pmb:2 smb:8158 d:- ref:0 ;
in:5996 out:5995 type:P dur:2 cpbdur:2 q:31.83 aq:22.83 tex:17611 mv:1845 misc:3256 imb:69 pmb:589 smb:7502 d:- ref:0 ;
in:5995 out:5996 type:b dur:2 cpbdur:2 q:31.84 aq:19.92 tex:65 mv:53 misc:442 imb:4 pmb:3 smb:8153 d:- ref:0 ;
in:5998 out:5997 type:P dur:2 cpbdur:2 q:31.84 aq:22.49 tex:9514 mv:1016 misc:2230 imb:38 pmb:327 smb:7795 d:- ref:0 ;
in:5997 out:5998 type:b dur:2 cpbdur:2 q:31.84 aq:24.31 tex:48 mv:19 misc:413 imb:1 pmb:2 smb:8157 d:- ref:0 ;
in:5999 out:5999 type:P dur:2 cpbdur:2 q:31.83 aq:28.05 tex:147 mv:54 misc:471 imb:7 pmb:2 smb:8151 d:- ref:0 ;
in:6000 out:6000 type:I dur:2 cpbdur:2 q:28.97 aq:19.73 tex:530623 mv:143788 misc:709 imb:8160 pmb:0 smb:0 d:- ref:;
in:6002 out:6001 type:P dur:2 cpbdur:2 q:32.40 aq:23.20 tex:3865 mv:453 misc:1226 imb:21 pmb:138 smb:8001 d:- ref:0 ;
in:6001 out:6002 type:b dur:2 cpbdur:2 q:32.40 aq:31.93 tex:42 mv:8 misc:406 imb:0 pmb:2 smb:8158 d:- ref:0 ;
in:6004 out:6003 type:P dur:2 cpbdur:2 q:32.39 aq:23.66 tex:13432 mv:1631 misc:2641 imb:80 pmb:408 smb:7672 d:- ref:0 ;
in:6003 out:6004 type:b dur:2 cpbdur:2 q:32.40 aq:22.65 tex:35 mv:76 misc:449 imb:7 pmb:2 smb:8151 d:- ref:0 ;
in:6006 out:6005 type:P dur:2 cpbdur:2 q:32.38 aq:24.63 tex:6514 mv:755 misc:1659 imb:25 pmb:223 smb:7912 d:- ref:0 ;
in:6005 out:6006 type:b dur:2 cpbdur:2 q:32.38 aq:25.33 tex:91 mv:24 misc:429 imb:1 pmb:4 smb:8155 d:- ref:0 ;
in:6008 out:6007 type:P dur:2 cpbdur:2 q:32.37 aq:23.06 tex:16336 mv:1978 misc:3062 imb:95 pmb:517 smb:7548 d:- ref:0 ;
in:6007 out:6008 type:b dur:2 cpbdur:2 q:32.37 aq:24.32 tex:115 mv:85 misc:456 imb:6 pmb:3 smb:8151 d:- ref:0 ;
in:6010 out:6009 type:P dur:2 cpbdur:2 q:32.36 aq:23.00 tex:6428 mv:842 misc:1842 imb:28 pmb:239 smb:7893 d:- ref:0 ;
in:6009 out:6010 type:b dur:2 cpbdur:2 q:32.37 aq:23.78 tex:99 mv:39 misc:438 imb:2 pmb:5 smb:8153 d:- ref:0 ;
in:6012 out:6011 type:P dur:2 cpbdur:2 q:32.35 aq:22.24 tex:14221 mv:1828 misc:2887 imb:84 pmb:483 smb:7593 d:- ref:0 ;
in:6011 out:6012 type:b dur:2 cpbdur:2 q:32.36 aq:24.05 tex:27 mv:44 misc:409 imb:3 pmb:1 smb:8156 d:- ref:0 ;
in:6014 out:6013 type:P dur:2 cpbdur:2 q:32.34 aq:23.77 tex:7361 mv:1005 misc:2074 imb:33 pmb:292 smb:7835 d:- ref:0 ;
in:6013 out:6014 type:b dur:2 cpbdur:2 q:32.35 aq:29.13 tex:82 mv:24 misc:414 imb:1 pmb:3 smb:8156 d:- ref:0 ;
in:6016 out:6015 type:P dur:2 cpbdur:2 q:32.33 aq:23.51 tex:16507 mv:1903 misc:2910 imb:70 pmb:498 smb:7592 d:- ref:0 ;
in:6015 out:6016 type:b dur:2 cpbdur:2 q:32.34 aq:29.78 tex:121 mv:80 misc:447 imb:6 pmb:6 smb:8148 d:- ref:0 ;
in:6018 out:6017 type:P dur:2 cpbdur:2 q:32.33 aq:22.96 tex:7713 mv:1029 misc:2042 imb:35 pmb:283 smb:7842 d:- ref:0 ;
in:6017 out:6018 type:b dur:2 cpbdur:2 q:32.33 aq:30.90 tex:68 mv:20 misc:408 imb:1 pmb:2 smb:8157 d:- ref:0 ;
in:6020 out:6019 type:P dur:2 cpbdur:2 q:32.41 aq:22.93 tex:13417 mv:1653 misc:2762 imb:62 pmb:472 smb:7626 d:- ref:0 ;
in:6019 out:6020 type:b dur:2 cpbdur:2 q:32.37 aq:28.53 tex:84 mv:62 misc:446 imb:4 pmb:3 smb:8153 d:- ref:0 ;
in:6022 out:6021 type:P dur:2 cpbdur:2 q:32.41 aq:23.41 tex:6312 mv:859 misc:1805 imb:27 pmb:248 smb:7885 d:- ref:0 ;
in:6021 out:6022 type:b dur:2 cpbdur:2 q:32.41 aq:30.92 tex:44 mv:57 misc:411 imb:4 pmb:1 smb:8155 d:- ref:0 ;
in:6024 out:6023 type:P dur:2 cpbdur:2 q:32.40 aq:23.57 tex:12699 mv:1642 misc:2771 imb:62 pmb:465 smb:7633 d:- ref:0 ;
in:6023 out:6024 type:b dur:2 cpbdur:2 q:32.41 aq:29.11 tex:51 mv:27 misc:410 imb:2 pmb:1 smb:8157 d:- ref:0 ;
in:6026 out:6025 type:P dur:2 cpbdur:2 q:32.40 aq:23.62 tex:6409 mv:802 misc:1861 imb:26 pmb:244 smb:7890 d:- ref:0 ;
in:6025 out:6026 type:b dur:2 cpbdur:2 q:32.40 aq:30.98 tex:37 mv:16 misc:403 imb:1 pmb:1 smb:8158 d:- ref:0 ;
in:6028 out:6027 type:P dur:2 cpbdur:2 q:32.39 aq:23.00 tex:14080 mv:1873 misc:3039 imb:78 pmb:512 smb:7570 d:- ref:0 ;
in:6027 out:6028 type:b dur:2 cpbdur:2 q:32.40 aq:30.96 tex:51 mv:8 misc:405 imb:0 pmb:2 smb:8158 d:- ref:0 ;
in:6030 out:6029 type:P dur:2 cpbdur:2 q:32.39 aq:22.66 tex:7560 mv:900 misc:1956 imb:33 pmb:275 smb:7852 d:- ref:0 ;
in:6029 out:6030 type:b dur:2 cpbdur:2 q:32.39 aq:30.19 tex:49 mv:27 misc:412 imb:2 pmb:1 smb:8157 d:- ref:0 ;
in:6032 out:6031 type:P dur:2 cpbdur:2 q:32.37 aq:23.20 tex:12783 mv:1665 misc:2768 imb:62 pmb:457 smb:7641 d:- ref:0 ;
in:6031 out:6032 type:b dur:2 cpbdur:2 q:32.38 aq:30.03 tex:99 mv:31 misc:422 imb:2 pmb:2 smb:8156 d:- ref:0 ;
in:6034 out:6033 type:P dur:2 cpbdur:2 q:32.37 aq:21.97 tex:5513 mv:807 misc:1656 imb:24 pmb:215 smb:7921 d:- ref:0 ;
in:6033 out:6034 type:b dur:2 cpbdur:2 q:32.37 aq:30.99 tex:48 mv:9 misc:407 imb:0 pmb:2 smb:8158 d:- ref:0 ;
in:6036 out:6035 type:P dur:2 cpbdur:2 q:32.35 aq:23.81 tex:12950 mv:1465 misc:2585 imb:48 pmb:449 smb:7663 d:- ref:0 ;
in:6035 out:6036 type:b dur:2 cpbdur:2 q:32.36 aq:28.46 tex:63 mv:62 misc:435 imb:4 pmb:2 smb:8154 d:- ref:0 ;
in:6038 out:6037 type:P dur:2 cpbdur:2 q:32.35 aq:24.38 tex:5913 mv:661 misc:1674 imb:23 pmb:216 smb:7921 d:- ref:0 ;
in:6037 out:6038 type:b dur:2 cpbdur:2 q:32.35 aq:30.96 tex:27 mv:11 misc:394 imb:1 pmb:0 smb:8159 d:- ref:0 ;
in:6040 out:6039 type:P dur:2 cpbdur:2 q:32.33 aq:24.10 tex:11897 mv:1495 misc:2656 imb:48 pmb:431 smb:7681 d:- ref:0 ;
in:6039 out:6040 type:b dur:2 cpbdur:2 q:32.34 aq:30.93 tex:84 mv:94 misc:446 imb:7 pmb:3 smb:8150 d:- ref:0 ;
in:6042 out:6041 type:P dur:2 cpbdur:2 q:32.33 aq:23.87 tex:5458 mv:669 misc:1753 imb:21 pmb:225 smb:7914 d:- ref:0 ;
in:6041 out:6042 type:b dur:2 cpbdur:2 q:32.33 aq:32.19 tex:69 mv:49 misc:426 imb:4 pmb:1 smb:8155 d:- ref:0 ;
in:6044 out:6043 type:P dur:2 cpbdur:2 q:32.32 aq:23.39 tex:12209 mv:1478 misc:2729 imb:64 pmb:437 smb:7659 d:- ref:0 ;
in:6043 out:6044 type:b dur:2 cpbdur:2 q:32.32 aq:26.01 tex:107 mv:68 misc:449 imb:5 pmb:4 smb:8151 d:- ref:0 ;
in:6046 out:6045 type:P dur:2 cpbdur:2 q:32.31 aq:23.39 tex:8019 mv:871 misc:1814 imb:33 pmb:245 smb:7882 d:- ref:0 ;
in:6045 out:6046 type:b dur:2 cpbdur:2 q:32.31 aq:26.05 tex:84 mv:56 misc:444 imb:2 pmb:8 smb:8150 d:- ref:0 ;
in:6048 out:6047 type:P dur:2 cpbdur:2 q:32.31 aq:22.38 tex:13126 mv:1800 misc:2858 imb:87 pmb:475 smb:7598 d:- ref:0 ;
in:6047 out:6048 type:b dur:2 cpbdur:2 q:32.31 aq:23.75 tex:65 mv:30 misc:417 imb:2 pmb:2 smb:8156 d:- ref:0 ;
in:6050 out:6049 type:P dur:2 cpbdur:2 q:32.31 aq:24.23 tex:4649 mv:631 misc:1512 imb:16 pmb:193 smb:7951 d:- ref:0 ;
in:6049 out:6050 type:b dur:2 cpbdur:2 q:32.31 aq:31.00 tex:0 mv:0 misc:384 imb:0 pmb:0 smb:8160 d:- ref:0 ;
in:6052 out:6051 type:P dur:2 cpbdur:2 q:32.30 aq:23.36 tex:11310 mv:1426 misc:2584 imb:55 pmb:403 smb:7702 d:- ref:0 ;
in:6051 out:6052 type:b dur:2 cpbdur:2 q:32.31 aq:29.79 tex:57 mv:38 misc:417 imb:3 pmb:1 smb:8156 d:- ref:0 ;
in:6054 out:6053 type:P dur:2 cpbdur:2 q:32.30 aq:22.75 tex:6141 mv:759 misc:1740 imb:20 pmb:238 smb:7902 d:- ref:0 ;
in:6053 out:6054 type:b dur:2 cpbdur:2 q:32.30 aq:23.46 tex:24 mv:22 misc:402 imb:2 pmb:0 smb:8158 d:- ref:0 ;
in:6056 out:6055 type:P dur:2 cpbdur:2 q:32.29 aq:23.25 tex:10387 mv:1548 misc:2681 imb:63 pmb:415 smb:7682 d:- ref:0 ;
in:6055 out:6056 type:b dur:2 cpbdur:2 q:32.29 aq:30.27 tex:136 mv:52 misc:444 imb:3 pmb:5 smb:8152 d:- ref:0 ;
in:6058 out:6057 type:P dur:2 cpbdur:2 q:32.29 aq:23.90 tex:5539 mv:769 misc:1772 imb:29 pmb:213 smb:7918 d:- ref:0 ;
in:6057 out:6058 type:b dur:2 cpbdur:2 q:32.29 aq:31.00 tex:1 mv:2 misc:397 imb:0 pmb:1 smb:8159 d:- ref:0 ;
in:6060 out:6059 type:P dur:2 cpbdur:2 q:32.27 aq:22.85 tex:10945 mv:1356 misc:2611 imb:58 pmb:404 smb:7698 d:- ref:0 ;
in:6059 out:6060 type:b dur:2 cpbdur:2 q:32.28 aq:31.00 tex:1 mv:3 misc:396 imb:0 pmb:1 smb:8159 d:- ref:0 ;
in:6062 out:6061 type:P dur:2 cpbdur:2 q:32.27 aq:24.20 tex:10879 mv:1861 misc:2212 imb:35 pmb:408 smb:7717 d:- ref:0 ;
in:6061 out:6062 type:b dur:2 cpbdur:2 q:32.27 aq:30.99 tex:30 mv:44 misc:422 imb:0 pmb:6 smb:8154 d:- ref:0 ;
in:6064 out:6063 type:P dur:2 cpbdur:2 q:32.26 aq:22.90 tex:17358 mv:2888 misc:3098 imb:75 pmb:628 smb:7457 d:- ref:0 ;
in:6063 out:6064 type:b dur:2 cpbdur:2 q:32.26 aq:31.68 tex:511 mv:135 misc:474 imb:3 pmb:14 smb:8143 d:- ref:0 ;
in:6066 out:6065 type:P dur:2 cpbdur:2 q:32.26 aq:23.61 tex:11017 mv:2110 misc:2225 imb:53 pmb:419 smb:7688 d:- ref:0 ;
in:6065 out:6066 type:b dur:2 cpbdur:2 q:32.26 aq:29.93 tex:397 mv:138 misc:433 imb:1 pmb:12 smb:8147 d:- ref:0 ;
in:6068 out:6067 type:P dur:2 cpbdur:2 q:32.25 aq:22.83 tex:18975 mv:3388 misc:3253 imb:97 pmb:677 smb:7386 d:- ref:0 ;
in:6067 out:6068 type:b dur:2 cpbdur:2 q:32.25 aq:31.59 tex:382 mv:265 misc:545 imb:2 pmb:32 smb:8126 d:- ref:0 ;
in:6070 out:6069 type:P dur:2 cpbdur:2 q:32.25 aq:23.96 tex:10694 mv:1727 misc:2179 imb:37 pmb:394 smb:7729 d:- ref:0 ;
in:6069 out:6070 type:b dur:2 cpbdur:2 q:32.25 aq:32.76 tex:93 mv:25 misc:418 imb:0 pmb:6 smb:8154 d:- ref:0 ;
in:6072 out:6071 type:P dur:2 cpbdur:2 q:32.24 aq:24.21 tex:17730 mv:3316 misc:3074 imb:78 pmb:660 smb:7422 d:- ref:0 ;
in:6071 out:6072 type:b dur:2 cpbdur:2 q:32.25 aq:30.96 tex:79 mv:165 misc:484 imb:2 pmb:14 smb:8144 d:- ref:0 ;
in:6074 out:6073 type:P dur:2 cpbdur:2 q:32.23 aq:23.41 tex:10935 mv:2085 misc:2220 imb:27 pmb:450 smb:7683 d:- ref:0 ;
in:6073 out:6074 type:b dur:2 cpbdur:2 q:32.24 aq:34.41 tex:216 mv:98 misc:470 imb:1 pmb:15 smb:8144 d:- ref:0 ;
in:6076 out:6075 type:P dur:2 cpbdur:2 q:32.22 aq:23.66 tex:22095 mv:3119 misc:2922 imb:71 pmb:665 smb:7424 d:- ref:0 ;
in:6075 out:6076 type:b dur:2 cpbdur:2 q:32.23 aq:29.49 tex:367 mv:297 misc:552 imb:7 pmb:27 smb:8126 d:- ref:0 ;
in:6078 out:6077 type:P dur:2 cpbdur:2 q:32.22 aq:24.46 tex:11054 mv:2152 misc:2186 imb:50 pmb:405 smb:7705 d:- ref:0 ;
in:6077 out:6078 type:b dur:2 cpbdur:2 q:32.22 aq:28.85 tex:303 mv:133 misc:476 imb:1 pmb:20 smb:8139 d:- ref:0 ;
in:6080 out:6079 type:P dur:2 cpbdur:2 q:32.21 aq:23.43 tex:16835 mv:2630 misc:2919 imb:71 pmb:581 smb:7508 d:- ref:0 ;
in:6079 out:6080 type:b dur:2 cpbdur:2 q:32.21 aq:31.29 tex:235 mv:106 misc:459 imb:0 pmb:15 smb:8145 d:- ref:0 ;
in:6082 out:6081 type:P dur:2 cpbdur:2 q:32.21 aq:23.84 tex:9498 mv:1826 misc:2220 imb:38 pmb:408 smb:7714 d:- ref:0 ;
in:6081 out:6082 type:b dur:2 cpbdur:2 q:32.21 aq:33.99 tex:64 mv:14 misc:410 imb:0 pmb:3 smb:8157 d:- ref:0 ;
in:6084 out:6083 type:P dur:2 cpbdur:2 q:32.20 aq:22.98 tex:18377 mv:3041 misc:3142 imb:97 pmb:654 smb:7409 d:- ref:0 ;
in:6083 out:6084 type:b dur:2 cpbdur:2 q:32.20 aq:24.72 tex:227 mv:239 misc:542 imb:2 pmb:34 smb:8124 d:- ref:0 ;
in:6086 out:6085 type:P dur:2 cpbdur:2 q:32.21 aq:24.15 tex:10025 mv:1843 misc:2164 imb:32 pmb:411 smb:7717 d:- ref:0 ;
in:6085 out:6086 type:b dur:2 cpbdur:2 q:32.20 aq:26.96 tex:402 mv:151 misc:439 imb:1 pmb:14 smb:8145 d:- ref:0 ;
in:6088 out:6087 type:P dur:2 cpbdur:2 q:32.20 aq:22.84 tex:18456 mv:2991 misc:3217 imb:80 pmb:635 smb:7445 d:- ref:0 ;
in:6087 out:6088 type:b dur:2 cpbdur:2 q:32.20 aq:24.50 tex:699 mv:296 misc:557 imb:2 pmb:39 smb:8119 d:- ref:0 ;
in:6090 out:6089 type:P dur:2 cpbdur:2 q:32.21 aq:23.39 tex:9212 mv:1667 misc:2113 imb:36 pmb:365 smb:7759 d:- ref:0 ;
in:6089 out:6090 type:b dur:2 cpbdur:2 q:32.21 aq:33.44 tex:173 mv:116 misc:487 imb:0 pmb:19 smb:8141 d:- ref:0 ;
in:6092 out:6091 type:P dur:2 cpbdur:2 q:32.20 aq:22.96 tex:15682 mv:2902 misc:2888 imb:73 pmb:581 smb:7506 d:- ref:0 ;
in:6091 out:6092 type:b dur:2 cpbdur:2 q:32.21 aq:33.16 tex:134 mv:212 misc:534 imb:2 pmb:32 smb:8126 d:- ref:0 ;
in:6094 out:6093 type:P dur:2 cpbdur:2 q:32.21 aq:23.83 tex:10855 mv:1905 misc:2144 imb:30 pmb:420 smb:7710 d:- ref:0 ;
in:6093 out:6094 type:b dur:2 cpbdur:2 q:32.21 aq:30.94 tex:98 mv:126 misc:472 imb:3 pmb:12 smb:8145 d:- ref:0 ;
in:6096 out:6095 type:P dur:2 cpbdur:2 q:32.21 aq:22.85 tex:17289 mv:2770 misc:3013 imb:74 pmb:608 smb:7478 d:- ref:0 ;
in:6095 out:6096 type:b dur:2 cpbdur:2 q:32.21 aq:33.44 tex:333 mv:226 misc:505 imb:1 pmb:23 smb:8136 d:- ref:0 ;
in:6098 out:6097 type:P dur:2 cpbdur:2 q:32.21 aq:23.22 tex:10380 mv:1925 misc:2111 imb:49 pmb:387 smb:7724 d:- ref:0 ;
in:6097 out:6098 type:b dur:2 cpbdur:2 q:32.21 aq:29.19 tex:483 mv:122 misc:499 imb:0 pmb:21 smb:8139 d:- ref:0 ;
in:6100 out:6099 type:P dur:2 cpbdur:2 q:32.21 aq:22.77 tex:17778 mv:3209 misc:3141 imb:91 pmb:652 smb:7417 d:- ref:0 ;
in:6099 out:6100 type:b dur:2 cpbdur:2 q:32.21 aq:24.15 tex:259 mv:312 misc:549 imb:6 pmb:29 smb:8125 d:- ref:0 ;
in:6102 out:6101 type:P dur:2 cpbdur:2 q:32.21 aq:22.98 tex:9488 mv:1544 misc:2048 imb:42 pmb:347 smb:7771 d:- ref:0 ;
in:6101 out:6102 type:b dur:2 cpbdur:2 q:32.21 aq:24.17 tex:173 mv:71 misc:460 imb:3 pmb:9 smb:8148 d:- ref:0 ;
in:6104 out:6103 type:P dur:2 cpbdur:2 q:32.20 aq:23.20 tex:16632 mv:2797 misc:2931 imb:76 pmb:594 smb:7490 d:- ref:0 ;
in:6103 out:6104 type:b dur:2 cpbdur:2 q:32.21 aq:31.60 tex:201 mv:227 misc:500 imb:2 pmb:23 smb:8135 d:- ref:0 ;
in:6106 out:6105 type:P dur:2 cpbdur:2 q:32.21 aq:24.77 tex:12505 mv:1897 misc:2038 imb:47 pmb:381 smb:7732 d:- ref:0 ;
in:6105 out:6106 type:b dur:2 cpbdur:2 q:32.20 aq:30.09 tex:172 mv:81 misc:467 imb:1 pmb:16 smb:8143 d:- ref:0 ;
in:6108 out:6107 type:P dur:2 cpbdur:2 q:32.20 aq:23.52 tex:17938 mv:3055 misc:2815 imb:86 pmb:590 smb:7484 d:- ref:0 ;
in:6107 out:6108 type:b dur:2 cpbdur:2 q:32.20 aq:27.21 tex:497 mv:456 misc:615 imb:4 pmb:42 smb:8114 d:- ref:0 ;
in:6110 out:6109 type:P dur:2 cpbdur:2 q:32.20 aq:24.80 tex:9701 mv:1850 misc:2057 imb:43 pmb:376 smb:7741 d:- ref:0 ;
in:6109 out:6110 type:b dur:2 cpbdur:2 q:32.20 aq:32.02 tex:378 mv:172 misc:482 imb:1 pmb:21 smb:8138 d:- ref:0 ;
in:6112 out:6111 type:P dur:2 cpbdur:2 q:32.19 aq:22.91 tex:16810 mv:2581 misc:2609 imb:71 pmb:540 smb:7549 d:- ref:0 ;
in:6111 out:6112 type:b dur:2 cpbdur:2 q:32.20 aq:24.35 tex:123 mv:68 misc:441 imb:2 pmb:7 smb:8151 d:- ref:0 ;
in:6114 out:6113 type:P dur:2 cpbdur:2 q:32.19 aq:24.21 tex:11449 mv:1901 misc:2058 imb:49 pmb:360 smb:7751 d:- ref:0 ;
in:6113 out:6114 type:b dur:2 cpbdur:2 q:32.19 aq:24.40 tex:105 mv:66 misc:445 imb:2 pmb:7 smb:8151 d:- ref:0 ;
in:6116 out:6115 type:P dur:2 cpbdur:2 q:32.18 aq:23.73 tex:15074 mv:2378 misc:2700 imb:72 pmb:504 smb:7584 d:- ref:0 ;
in:6115 out:6116 type:b dur:2 cpbdur:2 q:32.19 aq:32.66 tex:52 mv:26 misc:410 imb:0 pmb:3 smb:8157 d:- ref:0 ;
in:6118 out:6117 type:P dur:2 cpbdur:2 q:32.18 aq:23.30 tex:8161 mv:1080 misc:1927 imb:27 pmb:288 smb:7845 d:- ref:0 ;
in:6117 out:6118 type:b dur:2 cpbdur:2 q:32.18 aq:22.61 tex:77 mv:22 misc:421 imb:1 pmb:3 smb:8156 d:- ref:0 ;
in:6120 out:6119 type:P dur:2 cpbdur:2 q:32.18 aq:23.62 tex:12786 mv:1608 misc:2614 imb:54 pmb:459 smb:7647 d:- ref:0 ;
in:6119 out:6120 type:b dur:2 cpbdur:2 q:32.18 aq:33.51 tex:82 mv:35 misc:419 imb:2 pmb:3 smb:8155 d:- ref:0 ;
in:6122 out:6121 type:P dur:2 cpbdur:2 q:32.18 aq:23.68 tex:6772 mv:1026 misc:1818 imb:22 pmb:287 smb:7851 d:- ref:0 ;
in:6121 out:6122 type:b dur:2 cpbdur:2 q:32.18 aq:29.82 tex:47 mv:9 misc:400 imb:0 pmb:2 smb:8158 d:- ref:0 ;
in:6124 out:6123 type:P dur:2 cpbdur:2 q:32.18 aq:24.41 tex:13466 mv:2280 misc:2574 imb:44 pmb:528 smb:7588 d:- ref:0 ;
in:6123 out:6124 type:b dur:2 cpbdur:2 q:32.18 aq:34.59 tex:200 mv:125 misc:483 imb:3 pmb:13 smb:8144 d:- ref:0 ;
in:6126 out:6125 type:P dur:2 cpbdur:2 q:32.19 aq:24.21 tex:12179 mv:1876 misc:2073 imb:31 pmb:395 smb:7734 d:- ref:0 ;
in:6125 out:6126 type:b dur:2 cpbdur:2 q:32.19 aq:31.25 tex:369 mv:237 misc:514 imb:4 pmb:24 smb:8132 d:- ref:0 ;
in:6128 out:6127 type:P dur:2 cpbdur:2 q:32.20 aq:24.46 tex:20129 mv:3203 misc:2668 imb:77 pmb:606 smb:7477 d:- ref:0 ;
in:6127 out:6128 type:b dur:2 cpbdur:2 q:32.20 aq:28.98 tex:602 mv:440 misc:574 imb:6 pmb:41 smb:8113 d:- ref:0 ;
in:6130 out:6129 type:P dur:2 cpbdur:2 q:32.22 aq:23.98 tex:13420 mv:2287 misc:2133 imb:31 pmb:458 smb:7671 d:- ref:0 ;
in:6129 out:6130 type:b dur:2 cpbdur:2 q:32.21 aq:30.22 tex:343 mv:165 misc:476 imb:4 pmb:18 smb:8138 d:- ref:0 ;
in:6132 out:6131 type:P dur:2 cpbdur:2 q:32.23 aq:23.59 tex:22233 mv:3671 misc:2784 imb:83 pmb:656 smb:7421 d:- ref:0 ;
in:6131 out:6132 type:b dur:2 cpbdur:2 q:32.22 aq:31.41 tex:309 mv:325 misc:590 imb:4 pmb:39 smb:8117 d:- ref:0 ;
in:6134 out:6133 type:P dur:2 cpbdur:2 q:32.24 aq:24.04 tex:12707 mv:1493 misc:2000 imb:25 pmb:390 smb:7745 d:- ref:0 ;
in:6133 out:6134 type:b dur:2 cpbdur:2 q:32.24 aq:30.95 tex:44 mv:30 misc:414 imb:2 pmb:2 smb:8156 d:- ref:0 ;
in:6136 out:6135 type:P dur:2 cpbdur:2 q:32.24 aq:23.63 tex:19234 mv:2226 misc:2700 imb:58 pmb:580 smb:7522 d:- ref:0 ;
in:6135 out:6136 type:b dur:2 cpbdur:2 q:32.24 aq:24.11 tex:99 mv:73 misc:460 imb:5 pmb:7 smb:8148 d:- ref:0 ;
in:6138 out:6137 type:P dur:2 cpbdur:2 q:32.24 aq:24.63 tex:9916 mv:988 misc:1928 imb:24 pmb:326 smb:7810 d:- ref:0 ;
in:6137 out:6138 type:b dur:2 cpbdur:2 q:32.24 aq:29.54 tex:34 mv:23 misc:407 imb:2 pmb:0 smb:8158 d:- ref:0 ;
in:6140 out:6139 type:P dur:2 cpbdur:2 q:32.23 aq:22.61 tex:15216 mv:1659 misc:2669 imb:66 pmb:486 smb:7608 d:- ref:0 ;
in:6139 out:6140 type:b dur:2 cpbdur:2 q:32.23 aq:24.42 tex:90 mv:42 misc:428 imb:3 pmb:2 smb:8155 d:- ref:0 ;
in:6142 out:6141 type:P dur:2 cpbdur:2 q:32.23 aq:24.04 tex:7134 mv:701 misc:1717 imb:19 pmb:245 smb:7896 d:- ref:0 ;
in:6141 out:6142 type:b dur:2 cpbdur:2 q:32.23 aq:24.18 tex:70 mv:56 misc:434 imb:5 pmb:1 smb:8154 d:- ref:0 ;
in:6144 out:6143 type:P dur:2 cpbdur:2 q:32.21 aq:23.92 tex:13066 mv:1320 misc:2310 imb:43 pmb:429 smb:7688 d:- ref:0 ;
in:6143 out:6144 type:b dur:2 cpbdur:2 q:32.22 aq:25.91 tex:84 mv:40 misc:428 imb:3 pmb:2 smb:8155 d:- ref:0 ;
in:6146 out:6145 type:P dur:2 cpbdur:2 q:32.20 aq:25.05 tex:7433 mv:656 misc:1735 imb:15 pmb:259 smb:7886 d:- ref:0 ;
in:6145 out:6146 type:b dur:2 cpbdur:2 q:32.20 aq:30.93 tex:67 mv:19 misc:410 imb:0 pmb:3 smb:8157 d:- ref:0 ;
in:6148 out:6147 type:P dur:2 cpbdur:2 q:32.18 aq:24.14 tex:10888 mv:1052 misc:2100 imb:17 pmb:381 smb:7762 d:- ref:0 ;
in:6147 out:6148 type:b dur:2 cpbdur:2 q:32.19 aq:31.72 tex:63 mv:26 misc:407 imb:2 pmb:1 smb:8157 d:- ref:0 ;
in:6152 out:6149 type:P dur:2 cpbdur:2 q:32.17 aq:23.23 tex:27232 mv:3663 misc:4249 imb:114 pmb:979 smb:7067 d:- ref:0 ;
in:6150 out:6150 type:B dur:2 cpbdur:2 q:32.17 aq:30.57 tex:269 mv:80 misc:507 imb:5 pmb:12 smb:8143 d:- ref:0 ;
in:6149 out:6151 type:b dur:2 cpbdur:2 q:32.18 aq:28.71 tex:91 mv:60 misc:433 imb:5 pmb:2 smb:8153 d:- ref:0 ;
in:6151 out:6152 type:b dur:2 cpbdur:2 q:32.17 aq:28.34 tex:83 mv:52 misc:433 imb:3 pmb:4 smb:8153 d:- ref:0 ;
in:6154 out:6153 type:P dur:2 cpbdur:2 q:32.29 aq:22.93 tex:18304 mv:2582 misc:3578 imb:122 pmb:652 smb:7386 d:- ref:0 ;
in:6153 out:6154 type:b dur:2 cpbdur:2 q:32.23 aq:30.64 tex:81 mv:34 misc:429 imb:2 pmb:3 smb:8155 d:- ref:0 ;
in:6156 out:6155 type:P dur:2 cpbdur:2 q:32.28 aq:23.48 tex:8607 mv:998 misc:2203 imb:35 pmb:327 smb:7798 d:- ref:0 ;
in:6155 out:6156 type:b dur:2 cpbdur:2 q:32.29 aq:18.83 tex:107 mv:57 misc:444 imb:4 pmb:4 smb:8152 d:- ref:0 ;
in:6158 out:6157 type:P dur:2 cpbdur:2 q:32.27 aq:23.11 tex:15320 mv:1932 misc:3076 imb:68 pmb:550 smb:7542 d:- ref:0 ;
in:6157 out:6158 type:b dur:2 cpbdur:2 q:32.28 aq:30.56 tex:88 mv:55 misc:433 imb:4 pmb:3 smb:8153 d:- ref:0 ;
in:6160 out:6159 type:P dur:2 cpbdur:2 q:32.26 aq:23.11 tex:8368 mv:1039 misc:2089 imb:34 pmb:306 smb:7820 d:- ref:0 ;
in:6159 out:6160 type:b dur:2 cpbdur:2 q:32.27 aq:31.99 tex:60 mv:52 misc:424 imb:3 pmb:2 smb:8155 d:- ref:0 ;
in:6162 out:6161 type:P dur:2 cpbdur:2 q:32.26 aq:23.00 tex:14270 mv:1814 misc:2908 imb:64 pmb:515 smb:7581 d:- ref:0 ;
in:6161 out:6162 type:b dur:2 cpbdur:2 q:32.26 aq:19.50 tex:38 mv:59 misc:431 imb:3 pmb:3 smb:8154 d:- ref:0 ;
in:6164 out:6163 type:P dur:2 cpbdur:2 q:32.25 aq:23.59 tex:8003 mv:1012 misc:2025 imb:32 pmb:298 smb:7830 d:- ref:0 ;
in:6163 out:6164 type:b dur:2 cpbdur:2 q:32.25 aq:29.96 tex:106 mv:53 misc:425 imb:4 pmb:2 smb:8154 d:- ref:0 ;
in:6166 out:6165 type:P dur:2 cpbdur:2 q:32.24 aq:23.52 tex:16522 mv:1859 misc:2939 imb:61 pmb:540 smb:7559 d:- ref:0 ;
in:6165 out:6166 type:b dur:2 cpbdur:2 q:32.25 aq:31.00 tex:1 mv:10 misc:397 imb:0 pmb:4 smb:8156 d:- ref:0 ;
in:6168 out:6167 type:P dur:2 cpbdur:2 q:32.18 aq:23.71 tex:8099 mv:839 misc:2134 imb:22 pmb:324 smb:7814 d:- ref:0 ;
in:6167 out:6168 type:b dur:2 cpbdur:2 q:32.21 aq:26.31 tex:22 mv:11 misc:399 imb:1 pmb:0 smb:8159 d:- ref:0 ;
in:6170 out:6169 type:P dur:2 cpbdur:2 q:32.14 aq:22.84 tex:14700 mv:1799 misc:2997 imb:75 pmb:524 smb:7561 d:- ref:0 ;
in:6169 out:6170 type:b dur:2 cpbdur:2 q:32.16 aq:30.30 tex:96 mv:8 misc:400 imb:0 pmb:2 smb:8158 d:- ref:0 ;
in:6172 out:6171 type:P dur:2 cpbdur:2 q:32.10 aq:23.22 tex:7926 mv:872 misc:2074 imb:21 pmb:305 smb:7834 d:- ref:0 ;
in:6171 out:6172 type:b dur:2 cpbdur:2 q:32.12 aq:30.95 tex:15 mv:24 misc:401 imb:1 pmb:1 smb:8158 d:- ref:0 ;
in:6174 out:6173 type:P dur:2 cpbdur:2 q:32.08 aq:22.55 tex:15016 mv:1719 misc:2937 imb:63 pmb:530 smb:7567 d:- ref:0 ;
in:6173 out:6174 type:b dur:2 cpbdur:2 q:32.09 aq:31.00 tex:0 mv:13 misc:395 imb:0 pmb:1 smb:8159 d:- ref:0 ;
in:6176 out:6175 type:P dur:2 cpbdur:2 q:32.08 aq:24.42 tex:7216 mv:741 misc:1867 imb:22 pmb:265 smb:7873 d:- ref:0 ;
in:6175 out:6176 type:b dur:2 cpbdur:2 q:32.08 aq:31.00 tex:0 mv:0 misc:384 imb:0 pmb:0 smb:8160 d:- ref:0 ;
in:6178 out:6177 type:P dur:2 cpbdur:2 q:32.07 aq:22.79 tex:15768 mv:1942 misc:2994 imb:66 pmb:548 smb:7546 d:- ref:0 ;
in:6177 out:6178 type:b dur:2 cpbdur:2 q:32.08 aq:30.95 tex:67 mv:16 misc:413 imb:0 pmb:3 smb:8157 d:- ref:0 ;
in:6180 out:6179 type:P dur:2 cpbdur:2 q:32.07 aq:23.88 tex:6305 mv:891 misc:1876 imb:23 pmb:276 smb:7861 d:- ref:0 ;
in:6179 out:6180 type:b dur:2 cpbdur:2 q:32.07 aq:27.92 tex:47 mv:23 misc:402 imb:2 pmb:0 smb:8158 d:- ref:0 ;
in:6182 out:6181 type:P dur:2 cpbdur:2 q:32.06 aq:23.16 tex:14799 mv:1661 misc:2948 imb:60 pmb:528 smb:7572 d:- ref:0 ;
in:6181 out:6182 type:b dur:2 cpbdur:2 q:32.07 aq:30.93 tex:48 mv:12 misc:412 imb:0 pmb:3 smb:8157 d:- ref:0 ;
in:6184 out:6183 type:P dur:2 cpbdur:2 q:32.06 aq:23.30 tex:7654 mv:864 misc:1954 imb:24 pmb:282 smb:7854 d:- ref:0 ;
in:6183 out:6184 type:b dur:2 cpbdur:2 q:32.06 aq:30.93 tex:16 mv:17 misc:407 imb:1 pmb:2 smb:8157 d:- ref:0 ;
in:6186 out:6185 type:P dur:2 cpbdur:2 q:32.05 aq:22.45 tex:16634 mv:1876 misc:3186 imb:85 pmb:563 smb:7512 d:- ref:0 ;
in:6185 out:6186 type:b dur:2 cpbdur:2 q:32.06 aq:25.85 tex:129 mv:90 misc:469 imb:6 pmb:5 smb:8149 d:- ref:0 ;
in:6188 out:6187 type:P dur:2 cpbdur:2 q:32.05 aq:23.55 tex:6736 mv:807 misc:1929 imb:32 pmb:260 smb:7868 d:- ref:0 ;
in:6187 out:6188 type:b dur:2 cpbdur:2 q:32.05 aq:31.00 tex:1 mv:30 misc:401 imb:0 pmb:2 smb:8158 d:- ref:0 ;
in:6190 out:6189 type:P dur:2 cpbdur:2 q:32.04 aq:23.40 tex:13133 mv:1546 misc:2705 imb:60 pmb:466 smb:7634 d:- ref:0 ;
in:6189 out:6190 type:b dur:2 cpbdur:2 q:32.05 aq:30.26 tex:48 mv:31 misc:417 imb:2 pmb:2 smb:8156 d:- ref:0 ;
in:6192 out:6191 type:P dur:2 cpbdur:2 q:32.03 aq:23.14 tex:7226 mv:848 misc:1942 imb:25 pmb:273 smb:7862 d:- ref:0 ;
in:6191 out:6192 type:b dur:2 cpbdur:2 q:32.04 aq:27.58 tex:66 mv:48 misc:438 imb:4 pmb:2 smb:8154 d:- ref:0 ;
in:6194 out:6193 type:P dur:2 cpbdur:2 q:32.02 aq:23.18 tex:14043 mv:1734 misc:2911 imb:55 pmb:511 smb:7594 d:- ref:0 ;
in:6193 out:6194 type:b dur:2 cpbdur:2 q:32.03 aq:24.26 tex:75 mv:51 misc:426 imb:3 pmb:2 smb:8155 d:- ref:0 ;
in:6196 out:6195 type:P dur:2 cpbdur:2 q:32.02 aq:23.05 tex:10553 mv:953 misc:2038 imb:24 pmb:305 smb:7831 d:- ref:0 ;
in:6195 out:6196 type:b dur:2 cpbdur:2 q:32.02 aq:30.97 tex:28 mv:34 misc:426 imb:2 pmb:5 smb:8153 d:- ref:0 ;
in:6198 out:6197 type:P dur:2 cpbdur:2 q:32.01 aq:22.94 tex:14591 mv:1672 misc:2857 imb:41 pmb:519 smb:7600 d:- ref:0 ;
in:6197 out:6198 type:b dur:2 cpbdur:2 q:32.01 aq:30.95 tex:71 mv:23 misc:418 imb:1 pmb:3 smb:8156 d:- ref:0 ;
in:6200 out:6199 type:P dur:2 cpbdur:2 q:32.01 aq:23.16 tex:8446 mv:1008 misc:2074 imb:34 pmb:304 smb:7822 d:- ref:0 ;
in:6199 out:6200 type:b dur:2 cpbdur:2 q:32.01 aq:24.03 tex:38 mv:16 misc:402 imb:1 pmb:1 smb:8158 d:- ref:0 ;
in:6202 out:6201 type:P dur:2 cpbdur:2 q:32.00 aq:23.13 tex:17578 mv:2101 misc:3249 imb:77 pmb:626 smb:7457 d:- ref:0 ;
in:6201 out:6202 type:b dur:2 cpbdur:2 q:32.01 aq:30.92 tex:68 mv:33 misc:427 imb:2 pmb:3 smb:8155 d:- ref:0 ;
in:6204 out:6203 type:P dur:2 cpbdur:2 q:32.01 aq:22.99 tex:6774 mv:839 misc:1915 imb:27 pmb:272 smb:7861 d:- ref:0 ;
in:6203 out:6204 type:b dur:2 cpbdur:2 q:32.01 aq:31.00 tex:17 mv:5 misc:394 imb:0 pmb:1 smb:8159 d:- ref:0 ;
in:6206 out:6205 type:P dur:2 cpbdur:2 q:31.99 aq:23.28 tex:15340 mv:1687 misc:2893 imb:62 pmb:523 smb:7575 d:- ref:0 ;
in:6205 out:6206 type:b dur:2 cpbdur:2 q:32.00 aq:30.38 tex:22 mv:33 misc:409 imb:2 pmb:1 smb:8157 d:- ref:0 ;
in:6208 out:6207 type:P dur:2 cpbdur:2 q:31.99 aq:23.60 tex:7087 mv:791 misc:1882 imb:30 pmb:264 smb:7866 d:- ref:0 ;
in:6207 out:6208 type:b dur:2 cpbdur:2 q:31.99 aq:23.44 tex:38 mv:30 misc:412 imb:1 pmb:2 smb:8157 d:- ref:0 ;
in:6210 out:6209 type:P dur:2 cpbdur:2 q:31.98 aq:22.47 tex:15147 mv:1866 misc:2955 imb:60 pmb:543 smb:7557 d:- ref:0 ;
in:6209 out:6210 type:b dur:2 cpbdur:2 q:31.99 aq:23.15 tex:82 mv:62 misc:432 imb:5 pmb:2 smb:8153 d:- ref:0 ;
in:6212 out:6211 type:P dur:2 cpbdur:2 q:31.98 aq:22.98 tex:7552 mv:829 misc:2003 imb:26 pmb:289 smb:7845 d:- ref:0 ;
in:6211 out:6212 type:b dur:2 cpbdur:2 q:31.98 aq:29.98 tex:22 mv:32 misc:410 imb:2 pmb:1 smb:8157 d:- ref:0 ;
in:6214 out:6213 type:P dur:2 cpbdur:2 q:31.97 aq:22.36 tex:16965 mv:1877 misc:3062 imb:64 pmb:575 smb:7521 d:- ref:0 ;
in:6213 out:6214 type:b dur:2 cpbdur:2 q:31.97 aq:30.93 tex:93 mv:34 misc:425 imb:2 pmb:3 smb:8155 d:- ref:0 ;
in:6216 out:6215 type:P dur:2 cpbdur:2 q:31.97 aq:23.26 tex:7541 mv:927 misc:2060 imb:32 pmb:301 smb:7827 d:- ref:0 ;
in:6215 out:6216 type:b dur:2 cpbdur:2 q:31.97 aq:28.60 tex:51 mv:42 misc:427 imb:2 pmb:3 smb:8155 d:- ref:0 ;
in:6218 out:6217 type:P dur:2 cpbdur:2 q:31.95 aq:22.53 tex:17206 mv:1985 misc:3081 imb:68 pmb:594 smb:7498 d:- ref:0 ;
in:6217 out:6218 type:b dur:2 cpbdur:2 q:31.96 aq:30.94 tex:74 mv:44 misc:426 imb:2 pmb:3 smb:8155 d:- ref:0 ;
in:6220 out:6219 type:P dur:2 cpbdur:2 q:31.95 aq:22.91 tex:6217 mv:714 misc:1757 imb:25 pmb:229 smb:7906 d:- ref:0 ;
in:6219 out:6220 type:b dur:2 cpbdur:2 q:31.95 aq:28.85 tex:53 mv:27 misc:416 imb:2 pmb:1 smb:8157 d:- ref:0 ;
in:6222 out:6221 type:P dur:2 cpbdur:2 q:31.94 aq:22.98 tex:14686 mv:1921 misc:2929 imb:61 pmb:530 smb:7569 d:- ref:0 ;
in:6221 out:6222 type:b dur:2 cpbdur:2 q:31.94 aq:23.73 tex:105 mv:104 misc:455 imb:6 pmb:5 smb:8149 d:- ref:0 ;
in:6224 out:6223 type:P dur:2 cpbdur:2 q:31.93 aq:23.53 tex:6602 mv:869 misc:1865 imb:34 pmb:248 smb:7878 d:- ref:0 ;
in:6223 out:6224 type:b dur:2 cpbdur:2 q:31.93 aq:26.11 tex:84 mv:56 misc:428 imb:4 pmb:1 smb:8155 d:- ref:0 ;
in:6226 out:6225 type:P dur:2 cpbdur:2 q:31.92 aq:22.77 tex:18667 mv:1846 misc:3119 imb:71 pmb:568 smb:7521 d:- ref:0 ;
in:6225 out:6226 type:b dur:2 cpbdur:2 q:31.93 aq:26.59 tex:71 mv:28 misc:437 imb:0 pmb:9 smb:8151 d:- ref:0 ;
in:6228 out:6227 type:P dur:2 cpbdur:2 q:31.92 aq:23.44 tex:7613 mv:931 misc:1952 imb:27 pmb:283 smb:7850 d:- ref:0 ;
in:6227 out:6228 type:b dur:2 cpbdur:2 q:31.92 aq:23.66 tex:68 mv:82 misc:450 imb:6 pmb:2 smb:8152 d:- ref:0 ;
in:6230 out:6229 type:P dur:2 cpbdur:2 q:31.91 aq:22.71 tex:16181 mv:1903 misc:3052 imb:76 pmb:538 smb:7546 d:- ref:0 ;
in:6229 out:6230 type:b dur:2 cpbdur:2 q:31.92 aq:32.44 tex:52 mv:28 misc:408 imb:2 pmb:1 smb:8157 d:- ref:0 ;
in:6232 out:6231 type:P dur:2 cpbdur:2 q:31.91 aq:23.45 tex:8093 mv:869 misc:2054 imb:22 pmb:302 smb:7836 d:- ref:0 ;
in:6231 out:6232 type:b dur:2 cpbdur:2 q:31.91 aq:30.92 tex:91 mv:25 misc:420 imb:1 pmb:3 smb:8156 d:- ref:0 ;
in:6234 out:6233 type:P dur:2 cpbdur:2 q:31.90 aq:22.99 tex:17287 mv:1948 misc:3085 imb:66 pmb:592 smb:7502 d:- ref:0 ;
in:6233 out:6234 type:b dur:2 cpbdur:2 q:31.91 aq:22.07 tex:53 mv:27 misc:408 imb:2 pmb:1 smb:8157 d:- ref:0 ;
in:6236 out:6235 type:P dur:2 cpbdur:2 q:31.90 aq:22.28 tex:7555 mv:1004 misc:1969 imb:34 pmb:279 smb:7847 d:- ref:0 ;
in:6235 out:6236 type:b dur:2 cpbdur:2 q:31.90 aq:29.52 tex:88 mv:27 misc:429 imb:1 pmb:4 smb:8155 d:- ref:0 ;
in:6238 out:6237 type:P dur:2 cpbdur:2 q:31.90 aq:22.24 tex:16188 mv:1902 misc:3094 imb:79 pmb:543 smb:7538 d:- ref:0 ;
in:6237 out:6238 type:b dur:2 cpbdur:2 q:31.90 aq:26.24 tex:75 mv:11 misc:410 imb:0 pmb:3 smb:8157 d:- ref:0 ;
in:6240 out:6239 type:P dur:2 cpbdur:2 q:31.90 aq:22.56 tex:8176 mv:991 misc:2041 imb:25 pmb:299 smb:7836 d:- ref:0 ;
in:6239 out:6240 type:b dur:2 cpbdur:2 q:31.90 aq:24.10 tex:51 mv:37 misc:416 imb:3 pmb:1 smb:8156 d:- ref:0 ;
in:6242 out:6241 type:P dur:2 cpbdur:2 q:31.89 aq:22.21 tex:16700 mv:1774 misc:2998 imb:58 pmb:556 smb:7546 d:- ref:0 ;
in:6241 out:6242 type:b dur:2 cpbdur:2 q:31.90 aq:30.92 tex:123 mv:65 misc:436 imb:4 pmb:5 smb:8151 d:- ref:0 ;
in:6244 out:6243 type:P dur:2 cpbdur:2 q:31.90 aq:23.19 tex:7507 mv:937 misc:1940 imb:32 pmb:274 smb:7854 d:- ref:0 ;
in:6243 out:6244 type:b dur:2 cpbdur:2 q:31.89 aq:30.94 tex:40 mv:35 misc:421 imb:2 pmb:3 smb:8155 d:- ref:0 ;
in:6246 out:6245 type:P dur:2 cpbdur:2 q:31.89 aq:22.72 tex:16420 mv:1742 misc:3086 imb:75 pmb:548 smb:7537 d:- ref:0 ;
in:6245 out:6246 type:b dur:2 cpbdur:2 q:31.89 aq:22.60 tex:39 mv:72 misc:441 imb:7 pmb:1 smb:8152 d:- ref:0 ;
in:6248 out:6247 type:P dur:2 cpbdur:2 q:31.89 aq:23.72 tex:7771 mv:798 misc:1951 imb:29 pmb:267 smb:7864 d:- ref:0 ;
in:6247 out:6248 type:b dur:2 cpbdur:2 q:31.89 aq:30.88 tex:73 mv:35 misc:420 imb:1 pmb:3 smb:8156 d:- ref:0 ;
in:6249 out:6249 type:P dur:2 cpbdur:2 q:31.87 aq:20.94 tex:125 mv:73 misc:482 imb:8 pmb:2 smb:8150 d:- ref:0 ;
in:6250 out:6250 type:I dur:2 cpbdur:2 q:29.01 aq:19.87 tex:519308 mv:143649 misc:699 imb:8160 pmb:0 smb:0 d:- ref:;
in:6252 out:6251 type:P dur:2 cpbdur:2 q:32.42 aq:23.17 tex:4970 mv:658 misc:1492 imb:33 pmb:167 smb:7960 d:- ref:0 ;
in:6251 out:6252 type:b dur:2 cpbdur:2 q:32.42 aq:23.24 tex:24 mv:25 misc:415 imb:2 pmb:1 smb:8157 d:- ref:0 ;
in:6254 out:6253 type:P dur:2 cpbdur:2 q:32.41 aq:23.21 tex:14180 mv:1779 misc:2953 imb:97 pmb:472 smb:7591 d:- ref:0 ;
in:6253 out:6254 type:b dur:2 cpbdur:2 q:32.42 aq:23.66 tex:86 mv:59 misc:447 imb:4 pmb:4 smb:8152 d:- ref:0 ;
in:6256 out:6255 type:P dur:2 cpbdur:2 q:32.40 aq:23.04 tex:9173 mv:856 misc:1899 imb:42 pmb:233 smb:7885 d:- ref:0 ;
in:6255 out:6256 type:b dur:2 cpbdur:2 q:32.41 aq:25.63 tex:24 mv:26 misc:422 imb:1 pmb:6 smb:8153 d:- ref:0 ;
in:6258 out:6257 type:P dur:2 cpbdur:2 q:32.39 aq:23.16 tex:14407 mv:1726 misc:2827 imb:61 pmb:502 smb:7597 d:- ref:0 ;
in:6257 out:6258 type:b dur:2 cpbdur:2 q:32.40 aq:25.34 tex:80 mv:60 misc:444 imb:3 pmb:4 smb:8153 d:- ref:0 ;
in:6260 out:6259 type:P dur:2 cpbdur:2 q:32.38 aq:23.60 tex:8284 mv:1218 misc:2162 imb:31 pmb:335 smb:7794 d:- ref:0 ;
in:6259 out:6260 type:b dur:2 cpbdur:2 q:32.39 aq:31.95 tex:90 mv:19 misc:411 imb:1 pmb:2 smb:8157 d:- ref:0 ;
in:6262 out:6261 type:P dur:2 cpbdur:2 q:32.37 aq:23.67 tex:16304 mv:2226 misc:3246 imb:94 pmb:563 smb:7503 d:- ref:0 ;
in:6261 out:6262 type:b dur:2 cpbdur:2 q:32.38 aq:30.96 tex:37 mv:15 misc:404 imb:1 pmb:1 smb:8158 d:- ref:0 ;
in:6264 out:6263 type:P dur:2 cpbdur:2 q:32.37 aq:23.85 tex:6184 mv:804 misc:1868 imb:33 pmb:236 smb:7891 d:- ref:0 ;
in:6263 out:6264 type:b dur:2 cpbdur:2 q:32.37 aq:23.35 tex:54 mv:33 misc:417 imb:2 pmb:2 smb:8156 d:- ref:0 ;
in:6266 out:6265 type:P dur:2 cpbdur:2 q:32.36 aq:23.42 tex:14249 mv:1959 misc:2968 imb:63 pmb:538 smb:7559 d:- ref:0 ;
in:6265 out:6266 type:b dur:2 cpbdur:2 q:32.36 aq:22.99 tex:94 mv:102 misc:476 imb:9 pmb:4 smb:8147 d:- ref:0 ;
in:6268 out:6267 type:P dur:2 cpbdur:2 q:32.35 aq:22.99 tex:6155 mv:880 misc:1893 imb:38 pmb:244 smb:7878 d:- ref:0 ;
in:6267 out:6268 type:b dur:2 cpbdur:2 q:32.35 aq:24.08 tex:70 mv:32 misc:418 imb:2 pmb:2 smb:8156 d:- ref:0 ;
in:6270 out:6269 type:P dur:2 cpbdur:2 q:32.42 aq:22.97 tex:13550 mv:1767 misc:2955 imb:67 pmb:502 smb:7591 d:- ref:0 ;
in:6269 out:6270 type:b dur:2 cpbdur:2 q:32.39 aq:23.75 tex:70 mv:31 misc:419 imb:2 pmb:2 smb:8156 d:- ref:0 ;
in:6272 out:6271 type:P dur:2 cpbdur:2 q:32.41 aq:23.14 tex:6452 mv:891 misc:1897 imb:33 pmb:258 smb:7869 d:- ref:0 ;
in:6271 out:6272 type:b dur:2 cpbdur:2 q:32.42 aq:23.23 tex:25 mv:22 misc:401 imb:2 pmb:0 smb:8158 d:- ref:0 ;
in:6274 out:6273 type:P dur:2 cpbdur:2 q:32.40 aq:23.16 tex:12601 mv:1695 misc:2768 imb:71 pmb:455 smb:7634 d:- ref:0 ;
in:6273 out:6274 type:b dur:2 cpbdur:2 q:32.41 aq:22.89 tex:22 mv:27 misc:407 imb:1 pmb:1 smb:8158 d:- ref:0 ;
in:6276 out:6275 type:P dur:2 cpbdur:2 q:32.40 aq:23.66 tex:6648 mv:891 misc:1893 imb:33 pmb:249 smb:7878 d:- ref:0 ;
in:6275 out:6276 type:b dur:2 cpbdur:2 q:32.40 aq:31.00 tex:1 mv:3 misc:396 imb:0 pmb:1 smb:8159 d:- ref:0 ;
in:6278 out:6277 type:P dur:2 cpbdur:2 q:32.39 aq:23.32 tex:11280 mv:1698 misc:2790 imb:75 pmb:438 smb:7647 d:- ref:0 ;
in:6277 out:6278 type:b dur:2 cpbdur:2 q:32.40 aq:23.30 tex:75 mv:30 misc:423 imb:1 pmb:3 smb:8156 d:- ref:0 ;
in:6280 out:6279 type:P dur:2 cpbdur:2 q:32.39 aq:24.31 tex:6053 mv:879 misc:1892 imb:24 pmb:251 smb:7885 d:- ref:0 ;
in:6279 out:6280 type:b dur:2 cpbdur:2 q:32.39 aq:25.28 tex:75 mv:37 misc:416 imb:3 pmb:1 smb:8156 d:- ref:0 ;
in:6282 out:6281 type:P dur:2 cpbdur:2 q:32.38 aq:22.87 tex:13714 mv:1967 misc:3079 imb:91 pmb:505 smb:7564 d:- ref:0 ;
in:6281 out:6282 type:b dur:2 cpbdur:2 q:32.38 aq:23.98 tex:90 mv:33 misc:413 imb:2 pmb:3 smb:8155 d:- ref:0 ;
in:6284 out:6283 type:P dur:2 cpbdur:2 q:32.38 aq:24.29 tex:5579 mv:773 misc:1728 imb:34 pmb:209 smb:7917 d:- ref:0 ;
in:6283 out:6284 type:b dur:2 cpbdur:2 q:32.38 aq:28.92 tex:37 mv:55 misc:428 imb:5 pmb:1 smb:8154 d:- ref:0 ;
in:6286 out:6285 type:P dur:2 cpbdur:2 q:32.37 aq:23.56 tex:13180 mv:1639 misc:2653 imb:70 pmb:446 smb:7644 d:- ref:0 ;
in:6285 out:6286 type:b dur:2 cpbdur:2 q:32.38 aq:30.95 tex:45 mv:19 misc:408 imb:0 pmb:6 smb:8154 d:- ref:0 ;
in:6288 out:6287 type:P dur:2 cpbdur:2 q:32.36 aq:23.55 tex:5593 mv:751 misc:1728 imb:28 pmb:223 smb:7909 d:- ref:0 ;
in:6287 out:6288 type:b dur:2 cpbdur:2 q:32.37 aq:31.00 tex:0 mv:0 misc:384 imb:0 pmb:0 smb:8160 d:- ref:0 ;
in:6290 out:6289 type:P dur:2 cpbdur:2 q:32.35 aq:23.45 tex:10738 mv:1489 misc:2589 imb:57 pmb:407 smb:7696 d:- ref:0 ;
in:6289 out:6290 type:b dur:2 cpbdur:2 q:32.36 aq:26.06 tex:107 mv:54 misc:439 imb:2 pmb:5 smb:8153 d:- ref:0 ;
in:6292 out:6291 type:P dur:2 cpbdur:2 q:32.35 aq:25.14 tex:5303 mv:737 misc:1704 imb:15 pmb:222 smb:7923 d:- ref:0 ;
in:6291 out:6292 type:b dur:2 cpbdur:2 q:32.35 aq:31.00 tex:0 mv:0 misc:384 imb:0 pmb:0 smb:8160 d:- ref:0 ;
in:6294 out:6293 type:P dur:2 cpbdur:2 q:32.34 aq:23.53 tex:12845 mv:1994 misc:2849 imb:61 pmb:514 smb:7585 d:- ref:0 ;
in:6293 out:6294 type:b dur:2 cpbdur:2 q:32.34 aq:23.87 tex:55 mv:45 misc:436 imb:2 pmb:6 smb:8152 d:- ref:0 ;
in:6296 out:6295 type:P dur:2 cpbdur:2 q:32.33 aq:22.72 tex:9991 mv:1670 misc:2019 imb:23 pmb:386 smb:7751 d:- ref:0 ;
in:6295 out:6296 type:b dur:2 cpbdur:2 q:32.33 aq:29.25 tex:133 mv:33 misc:434 imb:1 pmb:6 smb:8153 d:- ref:0 ;
in:6298 out:6297 type:P dur:2 cpbdur:2 q:32.32 aq:23.26 tex:15972 mv:2522 misc:2794 imb:52 pmb:576 smb:7532 d:- ref:0 ;
in:6297 out:6298 type:b dur:2 cpbdur:2 q:32.33 aq:24.16 tex:106 mv:72 misc:438 imb:2 pmb:9 smb:8149 d:- ref:0 ;
in:6300 out:6299 type:P dur:2 cpbdur:2 q:32.32 aq:23.61 tex:10652 mv:1939 misc:2081 imb:34 pmb:389 smb:7737 d:- ref:0 ;
in:6299 out:6300 type:b dur:2 cpbdur:2 q:32.32 aq:32.59 tex:302 mv:82 misc:408 imb:0 pmb:8 smb:8152 d:- ref:0 ;
in:6302 out:6301 type:P dur:2 cpbdur:2 q:32.32 aq:23.82 tex:16246 mv:2737 misc:2953 imb:62 pmb:595 smb:7503 d:- ref:0 ;
in:6301 out:6302 type:b dur:2 cpbdur:2 q:32.32 aq:30.63 tex:263 mv:97 misc:464 imb:3 pmb:9 smb:8148 d:- ref:0 ;
in:6304 out:6303 type:P dur:2 cpbdur:2 q:32.32 aq:23.26 tex:10549 mv:2039 misc:2116 imb:43 pmb:420 smb:7697 d:- ref:0 ;
in:6303 out:6304 type:b dur:2 cpbdur:2 q:32.32 aq:31.38 tex:420 mv:141 misc:495 imb:5 pmb:16 smb:8139 d:- ref:0 ;
in:6306 out:6305 type:P dur:2 cpbdur:2 q:32.32 aq:23.15 tex:17668 mv:2658 misc:3090 imb:92 pmb:598 smb:7470 d:- ref:0 ;
in:6305 out:6306 type:b dur:2 cpbdur:2 q:32.32 aq:32.53 tex:169 mv:132 misc:467 imb:0 pmb:14 smb:8146 d:- ref:0 ;
in:6308 out:6307 type:P dur:2 cpbdur:2 q:32.32 aq:24.02 tex:9636 mv:1706 misc:2002 imb:25 pmb:370 smb:7765 d:- ref:0 ;
in:6307 out:6308 type:b dur:2 cpbdur:2 q:32.32 aq:19.95 tex:40 mv:41 misc:423 imb:1 pmb:4 smb:8155 d:- ref:0 ;
in:6310 out:6309 type:P dur:2 cpbdur:2 q:32.31 aq:23.06 tex:16002 mv:2928 misc:2862 imb:74 pmb:588 smb:7498 d:- ref:0 ;
in:6309 out:6310 type:b dur:2 cpbdur:2 q:32.32 aq:24.14 tex:117 mv:65 misc:458 imb:3 pmb:7 smb:8150 d:- ref:0 ;
in:6312 out:6311 type:P dur:2 cpbdur:2 q:32.31 aq:23.62 tex:8604 mv:1749 misc:2023 imb:33 pmb:364 smb:7763 d:- ref:0 ;
in:6311 out:6312 type:b dur:2 cpbdur:2 q:32.31 aq:19.63 tex:155 mv:49 misc:436 imb:2 pmb:5 smb:8153 d:- ref:0 ;
in:6314 out:6313 type:P dur:2 cpbdur:2 q:32.30 aq:23.03 tex:13842 mv:2305 misc:2821 imb:60 pmb:537 smb:7563 d:- ref:0 ;
in:6313 out:6314 type:b dur:2 cpbdur:2 q:32.31 aq:29.33 tex:237 mv:62 misc:437 imb:2 pmb:5 smb:8153 d:- ref:0 ;
in:6316 out:6315 type:P dur:2 cpbdur:2 q:32.30 aq:23.97 tex:12209 mv:1796 misc:2083 imb:43 pmb:359 smb:7758 d:- ref:0 ;
in:6315 out:6316 type:b dur:2 cpbdur:2 q:32.30 aq:31.81 tex:189 mv:102 misc:461 imb:3 pmb:14 smb:8143 d:- ref:0 ;
in:6318 out:6317 type:P dur:2 cpbdur:2 q:32.30 aq:23.81 tex:16906 mv:2757 misc:2897 imb:59 pmb:602 smb:7499 d:- ref:0 ;
in:6317 out:6318 type:b dur:2 cpbdur:2 q:32.30 aq:32.96 tex:310 mv:165 misc:437 imb:2 pmb:12 smb:8146 d:- ref:0 ;
in:6320 out:6319 type:P dur:2 cpbdur:2 q:32.30 aq:23.51 tex:11561 mv:1943 misc:2104 imb:33 pmb:424 smb:7703 d:- ref:0 ;
in:6319 out:6320 type:b dur:2 cpbdur:2 q:32.30 aq:31.65 tex:296 mv:54 misc:442 imb:0 pmb:10 smb:8150 d:- ref:0 ;
in:6322 out:6321 type:P dur:2 cpbdur:2 q:32.29 aq:23.14 tex:17312 mv:2732 misc:2900 imb:62 pmb:606 smb:7492 d:- ref:0 ;
in:6321 out:6322 type:b dur:2 cpbdur:2 q:32.29 aq:31.00 tex:559 mv:131 misc:470 imb:5 pmb:14 smb:8141 d:- ref:0 ;
in:6324 out:6323 type:P dur:2 cpbdur:2 q:32.29 aq:23.75 tex:9041 mv:1508 misc:2051 imb:33 pmb:338 smb:7789 d:- ref:0 ;
in:6323 out:6324 type:b dur:2 cpbdur:2 q:32.29 aq:24.76 tex:131 mv:43 misc:442 imb:2 pmb:6 smb:8152 d:- ref:0 ;
in:6326 out:6325 type:P dur:2 cpbdur:2 q:32.29 aq:23.01 tex:18505 mv:3035 misc:3076 imb:103 pmb:627 smb:7430 d:- ref:0 ;
in:6325 out:6326 type:b dur:2 cpbdur:2 q:32.29 aq:33.74 tex:112 mv:124 misc:460 imb:3 pmb:9 smb:8148 d:- ref:0 ;
in:6328 out:6327 type:P dur:2 cpbdur:2 q:32.29 aq:23.26 tex:9205 mv:1799 misc:2124 imb:36 pmb:382 smb:7742 d:- ref:0 ;
in:6327 out:6328 type:b dur:2 cpbdur:2 q:32.29 aq:27.63 tex:92 mv:73 misc:451 imb:2 pmb:7 smb:8151 d:- ref:0 ;
in:6330 out:6329 type:P dur:2 cpbdur:2 q:32.28 aq:23.76 tex:15821 mv:2451 misc:2744 imb:60 pmb:538 smb:7562 d:- ref:0 ;
in:6329 out:6330 type:b dur:2 cpbdur:2 q:32.29 aq:33.45 tex:229 mv:185 misc:530 imb:4 pmb:21 smb:8135 d:- ref:0 ;
in:6332 out:6331 type:P dur:2 cpbdur:2 q:32.28 aq:24.21 tex:9560 mv:1690 misc:2022 imb:28 pmb:375 smb:7757 d:- ref:0 ;
in:6331 out:6332 type:b dur:2 cpbdur:2 q:32.28 aq:31.14 tex:139 mv:35 misc:434 imb:1 pmb:5 smb:8154 d:- ref:0 ;
in:6334 out:6333 type:P dur:2 cpbdur:2 q:32.27 aq:23.47 tex:17580 mv:2947 misc:3001 imb:84 pmb:612 smb:7464 d:- ref:0 ;
in:6333 out:6334 type:b dur:2 cpbdur:2 q:32.27 aq:32.88 tex:374 mv:108 misc:486 imb:0 pmb:20 smb:8140 d:- ref:0 ;
in:6336 out:6335 type:P dur:2 cpbdur:2 q:32.27 aq:23.79 tex:10783 mv:1972 misc:2069 imb:34 pmb:393 smb:7733 d:- ref:0 ;
in:6335 out:6336 type:b dur:2 cpbdur:2 q:32.27 aq:32.56 tex:402 mv:94 misc:448 imb:0 pmb:15 smb:8145 d:- ref:0 ;
in:6338 out:6337 type:P dur:2 cpbdur:2 q:32.27 aq:22.84 tex:17509 mv:2903 misc:2940 imb:74 pmb:601 smb:7485 d:- ref:0 ;
in:6337 out:6338 type:b dur:2 cpbdur:2 q:32.27 aq:33.63 tex:167 mv:77 misc:436 imb:0 pmb:12 smb:8148 d:- ref:0 ;
in:6340 out:6339 type:P dur:2 cpbdur:2 q:32.27 aq:23.80 tex:11634 mv:1856 misc:2334 imb:25 pmb:441 smb:7694 d:- ref:0 ;
in:6339 out:6340 type:b dur:2 cpbdur:2 q:32.27 aq:31.99 tex:251 mv:99 misc:442 imb:1 pmb:11 smb:8148 d:- ref:0 ;
in:6342 out:6341 type:P dur:2 cpbdur:2 q:32.26 aq:23.27 tex:18334 mv:2690 misc:3088 imb:75 pmb:613 smb:7472 d:- ref:0 ;
in:6341 out:6342 type:b dur:2 cpbdur:2 q:32.26 aq:32.53 tex:200 mv:172 misc:500 imb:5 pmb:17 smb:8138 d:- ref:0 ;
in:6344 out:6343 type:P dur:2 cpbdur:2 q:32.27 aq:23.11 tex:11287 mv:2053 misc:2204 imb:41 pmb:422 smb:7697 d:- ref:0 ;
in:6343 out:6344 type:b dur:2 cpbdur:2 q:32.27 aq:28.42 tex:83 mv:49 misc:436 imb:3 pmb:3 smb:8154 d:- ref:0 ;
in:6346 out:6345 type:P dur:2 cpbdur:2 q:32.27 aq:23.13 tex:20346 mv:3047 misc:3183 imb:94 pmb:638 smb:7428 d:- ref:0 ;
in:6345 out:6346 type:b dur:2 cpbdur:2 q:32.27 aq:31.57 tex:164 mv:79 misc:477 imb:3 pmb:12 smb:8145 d:- ref:0 ;
in:6348 out:6347 type:P dur:2 cpbdur:2 q:32.28 aq:22.97 tex:9777 mv:1840 misc:2143 imb:42 pmb:398 smb:7720 d:- ref:0 ;
in:6347 out:6348 type:b dur:2 cpbdur:2 q:32.27 aq:28.80 tex:101 mv:70 misc:445 imb:3 pmb:5 smb:8152 d:- ref:0 ;
in:6350 out:6349 type:P dur:2 cpbdur:2 q:32.27 aq:23.04 tex:17895 mv:2753 misc:3048 imb:82 pmb:611 smb:7467 d:- ref:0 ;
in:6349 out:6350 type:b dur:2 cpbdur:2 q:32.27 aq:33.10 tex:151 mv:90 misc:471 imb:0 pmb:12 smb:8148 d:- ref:0 ;
in:6352 out:6351 type:P dur:2 cpbdur:2 q:32.27 aq:23.99 tex:11420 mv:1910 misc:2190 imb:45 pmb:398 smb:7717 d:- ref:0 ;
in:6351 out:6352 type:b dur:2 cpbdur:2 q:32.27 aq:24.12 tex:143 mv:79 misc:442 imb:2 pmb:9 smb:8149 d:- ref:0 ;
in:6354 out:6353 type:P dur:2 cpbdur:2 q:32.26 aq:23.15 tex:19368 mv:3117 misc:3091 imb:72 pmb:663 smb:7425 d:- ref:0 ;
in:6353 out:6354 type:b dur:2 cpbdur:2 q:32.27 aq:30.95 tex:517 mv:145 misc:474 imb:5 pmb:16 smb:8139 d:- ref:0 ;
in:6356 out:6355 type:P dur:2 cpbdur:2 q:32.27 aq:23.31 tex:11521 mv:1910 misc:2129 imb:37 pmb:397 smb:7726 d:- ref:0 ;
in:6355 out:6356 type:b dur:2 cpbdur:2 q:32.27 aq:33.75 tex:201 mv:64 misc:407 imb:0 pmb:6 smb:8154 d:- ref:0 ;
in:6358 out:6357 type:P dur:2 cpbdur:2 q:32.26 aq:23.16 tex:19903 mv:2787 misc:3054 imb:76 pmb:622 smb:7462 d:- ref:0 ;
in:6357 out:6358 type:b dur:2 cpbdur:2 q:32.26 aq:31.65 tex:520 mv:170 misc:494 imb:2 pmb:24 smb:8134 d:- ref:0 ;
in:6360 out:6359 type:P dur:2 cpbdur:2 q:32.25 aq:22.46 tex:11276 mv:1613 misc:1983 imb:35 pmb:373 smb:7752 d:- ref:0 ;
in:6359 out:6360 type:b dur:2 cpbdur:2 q:32.26 aq:31.00 tex:21 mv:36 misc:415 imb:0 pmb:6 smb:8154 d:- ref:0 ;
in:6362 out:6361 type:P dur:2 cpbdur:2 q:32.24 aq:23.03 tex:23370 mv:2938 misc:2940 imb:90 pmb:651 smb:7419 d:- ref:0 ;
in:6361 out:6362 type:b dur:2 cpbdur:2 q:32.25 aq:27.53 tex:122 mv:73 misc:517 imb:2 pmb:20 smb:8138 d:- ref:0 ;
in:6364 out:6363 type:P dur:2 cpbdur:2 q:32.25 aq:23.82 tex:10103 mv:1120 misc:2017 imb:31 pmb:329 smb:7800 d:- ref:0 ;
in:6363 out:6364 type:b dur:2 cpbdur:2 q:32.24 aq:24.48 tex:85 mv:34 misc:425 imb:2 pmb:3 smb:8155 d:- ref:0 ;
in:6366 out:6365 type:P dur:2 cpbdur:2 q:32.24 aq:23.79 tex:16828 mv:1949 misc:2815 imb:53 pmb:549 smb:7558 d:- ref:0 ;
in:6365 out:6366 type:b dur:2 cpbdur:2 q:32.24 aq:24.12 tex:116 mv:87 misc:453 imb:8 pmb:1 smb:8151 d:- ref:0 ;
in:6368 out:6367 type:P dur:2 cpbdur:2 q:32.24 aq:22.61 tex:9172 mv:1059 misc:2017 imb:27 pmb:325 smb:7808 d:- ref:0 ;
in:6367 out:6368 type:b dur:2 cpbdur:2 q:32.24 aq:30.95 tex:130 mv:45 misc:441 imb:2 pmb:6 smb:8152 d:- ref:0 ;
in:6370 out:6369 type:P dur:2 cpbdur:2 q:32.23 aq:23.00 tex:16141 mv:1853 misc:2942 imb:69 pmb:546 smb:7545 d:- ref:0 ;
in:6369 out:6370 type:b dur:2 cpbdur:2 q:32.23 aq:28.49 tex:106 mv:55 misc:439 imb:3 pmb:4 smb:8153 d:- ref:0 ;
in:6372 out:6371 type:P dur:2 cpbdur:2 q:32.23 aq:23.03 tex:7858 mv:920 misc:1958 imb:26 pmb:285 smb:7849 d:- ref:0 ;
in:6371 out:6372 type:b dur:2 cpbdur:2 q:32.23 aq:30.93 tex:57 mv:19 misc:412 imb:1 pmb:2 smb:8157 d:- ref:0 ;
in:6374 out:6373 type:P dur:2 cpbdur:2 q:32.23 aq:22.73 tex:15747 mv:1936 misc:3005 imb:86 pmb:523 smb:7551 d:- ref:0 ;
in:6373 out:6374 type:b dur:2 cpbdur:2 q:32.23 aq:30.86 tex:60 mv:31 misc:413 imb:2 pmb:2 smb:8156 d:- ref:0 ;
in:6376 out:6375 type:P dur:2 cpbdur:2 q:32.24 aq:23.96 tex:9261 mv:810 misc:1905 imb:31 pmb:260 smb:7869 d:- ref:0 ;
in:6375 out:6376 type:b dur:2 cpbdur:2 q:32.23 aq:31.00 tex:2 mv:8 misc:406 imb:0 pmb:3 smb:8157 d:- ref:0 ;
in:6378 out:6377 type:P dur:2 cpbdur:2 q:32.23 aq:22.82 tex:13735 mv:1573 misc:2764 imb:61 pmb:464 smb:7635 d:- ref:0 ;
in:6377 out:6378 type:b dur:2 cpbdur:2 q:32.23 aq:23.60 tex:66 mv:38 misc:424 imb:1 pmb:5 smb:8154 d:- ref:0 ;
in:6380 out:6379 type:P dur:2 cpbdur:2 q:32.23 aq:23.11 tex:7552 mv:807 misc:1721 imb:19 pmb:258 smb:7883 d:- ref:0 ;
in:6379 out:6380 type:b dur:2 cpbdur:2 q:32.23 aq:29.64 tex:58 mv:27 misc:411 imb:2 pmb:1 smb:8157 d:- ref:0 ;
in:6382 out:6381 type:P dur:2 cpbdur:2 q:32.23 aq:23.58 tex:14729 mv:1602 misc:2773 imb:71 pmb:473 smb:7616 d:- ref:0 ;
in:6381 out:6382 type:b dur:2 cpbdur:2 q:32.23 aq:28.62 tex:56 mv:27 misc:413 imb:2 pmb:1 smb:8157 d:- ref:0 ;
in:6384 out:6383 type:P dur:2 cpbdur:2 q:32.23 aq:24.34 tex:6857 mv:629 misc:1746 imb:14 pmb:250 smb:7896 d:- ref:0 ;
in:6383 out:6384 type:b dur:2 cpbdur:2 q:32.23 aq:30.84 tex:22 mv:11 misc:399 imb:1 pmb:0 smb:8159 d:- ref:0 ;
in:6386 out:6385 type:P dur:2 cpbdur:2 q:32.22 aq:23.30 tex:12677 mv:1442 misc:2601 imb:58 pmb:436 smb:7666 d:- ref:0 ;
in:6385 out:6386 type:b dur:2 cpbdur:2 q:32.22 aq:24.00 tex:119 mv:44 misc:429 imb:3 pmb:3 smb:8154 d:- ref:0 ;
in:6388 out:6387 type:P dur:2 cpbdur:2 q:32.21 aq:23.13 tex:6066 mv:637 misc:1609 imb:21 pmb:209 smb:7930 d:- ref:0 ;
in:6387 out:6388 type:b dur:2 cpbdur:2 q:32.21 aq:25.70 tex:56 mv:39 misc:425 imb:3 pmb:2 smb:8155 d:- ref:0 ;
in:6390 out:6389 type:P dur:2 cpbdur:2 q:32.20 aq:23.35 tex:12363 mv:1254 misc:2447 imb:45 pmb:417 smb:7698 d:- ref:0 ;
in:6389 out:6390 type:b dur:2 cpbdur:2 q:32.21 aq:30.94 tex:42 mv:17 misc:405 imb:1 pmb:1 smb:8158 d:- ref:0 ;
in:6392 out:6391 type:P dur:2 cpbdur:2 q:32.19 aq:24.09 tex:7868 mv:724 misc:1816 imb:26 pmb:262 smb:7872 d:- ref:0 ;
in:6391 out:6392 type:b dur:2 cpbdur:2 q:32.20 aq:24.97 tex:145 mv:45 misc:434 imb:2 pmb:6 smb:8152 d:- ref:0 ;
in:6394 out:6393 type:P dur:2 cpbdur:2 q:32.18 aq:23.91 tex:13019 mv:1260 misc:2369 imb:37 pmb:422 smb:7701 d:- ref:0 ;
in:6393 out:6394 type:b dur:2 cpbdur:2 q:32.19 aq:33.98 tex:135 mv:44 misc:421 imb:3 pmb:3 smb:8154 d:- ref:0 ;
in:6396 out:6395 type:P dur:2 cpbdur:2 q:32.18 aq:25.75 tex:5758 mv:478 misc:1532 imb:10 pmb:207 smb:7943 d:- ref:0 ;
in:6395 out:6396 type:b dur:2 cpbdur:2 q:32.18 aq:29.51 tex:51 mv:27 misc:410 imb:2 pmb:1 smb:8157 d:- ref:0 ;
in:6398 out:6397 type:P dur:2 cpbdur:2 q:32.17 aq:25.58 tex:11257 mv:865 misc:2062 imb:17 pmb:371 smb:7772 d:- ref:0 ;
in:6397 out:6398 type:b dur:2 cpbdur:2 q:32.17 aq:18.38 tex:67 mv:27 misc:418 imb:1 pmb:3 smb:8156 d:- ref:0 ;
in:6402 out:6399 type:P dur:2 cpbdur:2 q:32.15 aq:23.50 tex:25880 mv:3099 misc:4045 imb:101 pmb:889 smb:7170 d:- ref:0 ;
in:6400 out:6400 type:B dur:2 cpbdur:2 q:32.16 aq:31.58 tex:280 mv:66 misc:486 imb:2 pmb:15 smb:8143 d:- ref:0 ;
in:6399 out:6401 type:b dur:2 cpbdur:2 q:32.16 aq:30.70 tex:144 mv:50 misc:438 imb:3 pmb:4 smb:8153 d:- ref:0 ;
in:6401 out:6402 type:b dur:2 cpbdur:2 q:32.16 aq:29.03 tex:69 mv:11 misc:408 imb:0 pmb:3 smb:8157 d:- ref:0 ;
in:6404 out:6403 type:P dur:2 cpbdur:2 q:32.29 aq:22.40 tex:19192 mv:2695 misc:3857 imb:141 pmb:697 smb:7322 d:- ref:0 ;
in:6403 out:6404 type:b dur:2 cpbdur:2 q:32.22 aq:30.94 tex:46 mv:8 misc:402 imb:0 pmb:2 smb:8158 d:- ref:0 ;
in:6406 out:6405 type:P dur:2 cpbdur:2 q:32.30 aq:23.84 tex:9258 mv:952 misc:2070 imb:33 pmb:283 smb:7844 d:- ref:0 ;
in:6405 out:6406 type:b dur:2 cpbdur:2 q:32.29 aq:24.17 tex:54 mv:49 misc:433 imb:3 pmb:5 smb:8152 d:- ref:0 ;
in:6408 out:6407 type:P dur:2 cpbdur:2 q:32.30 aq:23.03 tex:13452 mv:1868 misc:2952 imb:88 pmb:486 smb:7586 d:- ref:0 ;
in:6407 out:6408 type:b dur:2 cpbdur:2 q:32.30 aq:31.00 tex:0 mv:0 misc:384 imb:0 pmb:0 smb:8160 d:- ref:0 ;
in:6410 out:6409 type:P dur:2 cpbdur:2 q:32.28 aq:23.90 tex:6193 mv:949 misc:1922 imb:25 pmb:269 smb:7866 d:- ref:0 ;
in:6409 out:6410 type:b dur:2 cpbdur:2 q:32.29 aq:19.54 tex:72 mv:30 misc:426 imb:2 pmb:2 smb:8156 d:- ref:0 ;
in:6412 out:6411 type:P dur:2 cpbdur:2 q:32.29 aq:23.03 tex:15087 mv:1792 misc:3057 imb:80 pmb:514 smb:7566 d:- ref:0 ;
in:6411 out:6412 type:b dur:2 cpbdur:2 q:32.29 aq:19.54 tex:57 mv:16 misc:407 imb:1 pmb:1 smb:8158 d:- ref:0 ;
in:6414 out:6413 type:P dur:2 cpbdur:2 q:32.28 aq:23.37 tex:6681 mv:847 misc:1928 imb:36 pmb:249 smb:7875 d:- ref:0 ;
in:6413 out:6414 type:b dur:2 cpbdur:2 q:32.29 aq:30.96 tex:25 mv:5 misc:394 imb:0 pmb:1 smb:8159 d:- ref:0 ;
in:6416 out:6415 type:P dur:2 cpbdur:2 q:32.29 aq:23.21 tex:14065 mv:1706 misc:2813 imb:74 pmb:483 smb:7603 d:- ref:0 ;
in:6415 out:6416 type:b dur:2 cpbdur:2 q:32.29 aq:31.00 tex:25 mv:18 misc:405 imb:0 pmb:2 smb:8158 d:- ref:0 ;
in:6418 out:6417 type:P dur:2 cpbdur:2 q:32.22 aq:24.11 tex:6965 mv:761 misc:1842 imb:24 pmb:258 smb:7878 d:- ref:0 ;
in:6417 out:6418 type:b dur:2 cpbdur:2 q:32.25 aq:30.97 tex:56 mv:20 misc:404 imb:1 pmb:2 smb:8157 d:- ref:0 ;
in:6420 out:6419 type:P dur:2 cpbdur:2 q:32.18 aq:23.50 tex:12993 mv:1745 misc:2830 imb:48 pmb:492 smb:7620 d:- ref:0 ;
in:6419 out:6420 type:b dur:2 cpbdur:2 q:32.20 aq:23.30 tex:80 mv:41 misc:423 imb:3 pmb:2 smb:8155 d:- ref:0 ;
in:6422 out:6421 type:P dur:2 cpbdur:2 q:32.12 aq:23.53 tex:8817 mv:956 misc:2107 imb:34 pmb:318 smb:7808 d:- ref:0 ;
in:6421 out:6422 type:b dur:2 cpbdur:2 q:32.15 aq:30.97 tex:53 mv:20 misc:399 imb:1 pmb:2 smb:8157 d:- ref:0 ;
in:6424 out:6423 type:P dur:2 cpbdur:2 q:32.11 aq:22.67 tex:15824 mv:1727 misc:2961 imb:60 pmb:551 smb:7549 d:- ref:0 ;
in:6423 out:6424 type:b dur:2 cpbdur:2 q:32.12 aq:23.37 tex:66 mv:45 misc:425 imb:4 pmb:1 smb:8155 d:- ref:0 ;
in:6426 out:6425 type:P dur:2 cpbdur:2 q:32.11 aq:23.47 tex:7120 mv:908 misc:1996 imb:32 pmb:274 smb:7854 d:- ref:0 ;
in:6425 out:6426 type:b dur:2 cpbdur:2 q:32.11 aq:29.79 tex:47 mv:16 misc:401 imb:1 pmb:1 smb:8158 d:- ref:0 ;
in:6428 out:6427 type:P dur:2 cpbdur:2 q:32.10 aq:23.05 tex:14490 mv:1768 misc:2934 imb:53 pmb:525 smb:7582 d:- ref:0 ;
in:6427 out:6428 type:b dur:2 cpbdur:2 q:32.10 aq:31.79 tex:125 mv:49 misc:426 imb:3 pmb:4 smb:8153 d:- ref:0 ;
in:6430 out:6429 type:P dur:2 cpbdur:2 q:32.09 aq:23.37 tex:7252 mv:863 misc:1917 imb:34 pmb:272 smb:7854 d:- ref:0 ;
in:6429 out:6430 type:b dur:2 cpbdur:2 q:32.09 aq:30.92 tex:37 mv:16 misc:403 imb:1 pmb:1 smb:8158 d:- ref:0 ;
in:6432 out:6431 type:P dur:2 cpbdur:2 q:32.08 aq:23.02 tex:15251 mv:1654 misc:2975 imb:57 pmb:532 smb:7571 d:- ref:0 ;
in:6431 out:6432 type:b dur:2 cpbdur:2 q:32.09 aq:23.61 tex:77 mv:67 misc:440 imb:4 pmb:3 smb:8153 d:- ref:0 ;
in:6434 out:6433 type:P dur:2 cpbdur:2 q:32.08 aq:24.03 tex:7214 mv:850 misc:1912 imb:30 pmb:268 smb:7862 d:- ref:0 ;
in:6433 out:6434 type:b dur:2 cpbdur:2 q:32.08 aq:24.00 tex:26 mv:49 misc:421 imb:3 pmb:1 smb:8156 d:- ref:0 ;
in:6436 out:6435 type:P dur:2 cpbdur:2 q:32.08 aq:22.15 tex:17662 mv:1758 misc:2996 imb:57 pmb:540 smb:7563 d:- ref:0 ;
in:6435 out:6436 type:b dur:2 cpbdur:2 q:32.08 aq:24.00 tex:25 mv:35 misc:412 imb:2 pmb:4 smb:8154 d:- ref:0 ;
in:6438 out:6437 type:P dur:2 cpbdur:2 q:32.09 aq:23.71 tex:7512 mv:714 misc:1926 imb:25 pmb:273 smb:7862 d:- ref:0 ;
in:6437 out:6438 type:b dur:2 cpbdur:2 q:32.08 aq:29.44 tex:38 mv:13 misc:405 imb:1 pmb:1 smb:8158 d:- ref:0 ;
in:6440 out:6439 type:P dur:2 cpbdur:2 q:32.08 aq:22.44 tex:16013 mv:1916 misc:3071 imb:72 pmb:544 smb:7544 d:- ref:0 ;
in:6439 out:6440 type:b dur:2 cpbdur:2 q:32.08 aq:30.97 tex:64 mv:9 misc:399 imb:0 pmb:2 smb:8158 d:- ref:0 ;
in:6442 out:6441 type:P dur:2 cpbdur:2 q:32.08 aq:22.76 tex:7543 mv:781 misc:1908 imb:28 pmb:272 smb:7860 d:- ref:0 ;
in:6441 out:6442 type:b dur:2 cpbdur:2 q:32.08 aq:30.88 tex:59 mv:27 misc:410 imb:2 pmb:1 smb:8157 d:- ref:0 ;
in:6444 out:6443 type:P dur:2 cpbdur:2 q:32.07 aq:22.62 tex:14344 mv:1801 misc:2951 imb:66 pmb:527 smb:7567 d:- ref:0 ;
in:6443 out:6444 type:b dur:2 cpbdur:2 q:32.07 aq:32.40 tex:105 mv:24 misc:423 imb:1 pmb:4 smb:8155 d:- ref:0 ;
in:6446 out:6445 type:P dur:2 cpbdur:2 q:32.06 aq:22.92 tex:6430 mv:875 misc:1871 imb:27 pmb:254 smb:7879 d:- ref:0 ;
in:6445 out:6446 type:b dur:2 cpbdur:2 q:32.07 aq:30.98 tex:39 mv:8 misc:401 imb:0 pmb:2 smb:8158 d:- ref:0 ;
in:6448 out:6447 type:P dur:2 cpbdur:2 q:32.05 aq:22.54 tex:15771 mv:1631 misc:2782 imb:58 pmb:509 smb:7593 d:- ref:0 ;
in:6447 out:6448 type:b dur:2 cpbdur:2 q:32.06 aq:25.46 tex:184 mv:54 misc:450 imb:3 pmb:6 smb:8151 d:- ref:0 ;
in:6450 out:6449 type:P dur:2 cpbdur:2 q:32.05 aq:23.32 tex:6445 mv:788 misc:1895 imb:26 pmb:249 smb:7885 d:- ref:0 ;
in:6449 out:6450 type:b dur:2 cpbdur:2 q:32.05 aq:28.46 tex:24 mv:23 misc:401 imb:2 pmb:0 smb:8158 d:- ref:0 ;
in:6452 out:6451 type:P dur:2 cpbdur:2 q:32.03 aq:23.46 tex:14092 mv:1505 misc:2755 imb:42 pmb:480 smb:7638 d:- ref:0 ;
in:6451 out:6452 type:b dur:2 cpbdur:2 q:32.04 aq:28.22 tex:78 mv:19 misc:415 imb:1 pmb:2 smb:8157 d:- ref:0 ;
in:6454 out:6453 type:P dur:2 cpbdur:2 q:32.02 aq:23.08 tex:6929 mv:927 misc:2016 imb:33 pmb:269 smb:7858 d:- ref:0 ;
in:6453 out:6454 type:b dur:2 cpbdur:2 q:32.03 aq:22.82 tex:29 mv:39 misc:420 imb:4 pmb:0 smb:8156 d:- ref:0 ;
in:6456 out:6455 type:P dur:2 cpbdur:2 q:32.01 aq:22.50 tex:13865 mv:1731 misc:2932 imb:51 pmb:532 smb:7577 d:- ref:0 ;
in:6455 out:6456 type:b dur:2 cpbdur:2 q:32.02 aq:31.00 tex:17 mv:5 misc:394 imb:0 pmb:1 smb:8159 d:- ref:0 ;
in:6458 out:6457 type:P dur:2 cpbdur:2 q:32.01 aq:23.09 tex:8202 mv:820 misc:1994 imb:28 pmb:282 smb:7850 d:- ref:0 ;
in:6457 out:6458 type:b dur:2 cpbdur:2 q:32.01 aq:30.80 tex:97 mv:24 misc:423 imb:1 pmb:4 smb:8155 d:- ref:0 ;
in:6460 out:6459 type:P dur:2 cpbdur:2 q:32.00 aq:23.26 tex:14852 mv:1578 misc:2834 imb:47 pmb:523 smb:7590 d:- ref:0 ;
in:6459 out:6460 type:b dur:2 cpbdur:2 q:32.00 aq:23.77 tex:113 mv:64 misc:431 imb:4 pmb:3 smb:8153 d:- ref:0 ;
in:6462 out:6461 type:P dur:2 cpbdur:2 q:32.00 aq:23.40 tex:8748 mv:939 misc:2113 imb:29 pmb:312 smb:7819 d:- ref:0 ;
in:6461 out:6462 type:b dur:2 cpbdur:2 q:32.00 aq:30.95 tex:59 mv:20 misc:409 imb:1 pmb:2 smb:8157 d:- ref:0 ;
in:6464 out:6463 type:P dur:2 cpbdur:2 q:32.00 aq:22.74 tex:16416 mv:1647 misc:3065 imb:53 pmb:563 smb:7544 d:- ref:0 ;
in:6463 out:6464 type:b dur:2 cpbdur:2 q:32.00 aq:30.94 tex:42 mv:10 misc:412 imb:0 pmb:3 smb:8157 d:- ref:0 ;
in:6466 out:6465 type:P dur:2 cpbdur:2 q:32.00 aq:23.05 tex:10264 mv:986 misc:2094 imb:27 pmb:313 smb:7820 d:- ref:0 ;
in:6465 out:6466 type:b dur:2 cpbdur:2 q:32.00 aq:24.99 tex:97 mv:37 misc:434 imb:1 pmb:8 smb:8151 d:- ref:0 ;
in:6468 out:6467 type:P dur:2 cpbdur:2 q:32.00 aq:22.54 tex:17269 mv:1879 misc:3204 imb:79 pmb:573 smb:7508 d:- ref:0 ;
in:6467 out:6468 type:b dur:2 cpbdur:2 q:32.00 aq:30.37 tex:98 mv:41 misc:421 imb:3 pmb:2 smb:8155 d:- ref:0 ;
in:6470 out:6469 type:P dur:2 cpbdur:2 q:32.00 aq:23.13 tex:5852 mv:826 misc:1874 imb:20 pmb:252 smb:7888 d:- ref:0 ;
in:6469 out:6470 type:b dur:2 cpbdur:2 q:32.00 aq:30.94 tex:35 mv:16 misc:405 imb:1 pmb:1 smb:8158 d:- ref:0 ;
in:6472 out:6471 type:P dur:2 cpbdur:2 q:31.99 aq:22.89 tex:15476 mv:1585 misc:2819 imb:52 pmb:515 smb:7593 d:- ref:0 ;
in:6471 out:6472 type:b dur:2 cpbdur:2 q:32.00 aq:27.22 tex:80 mv:66 misc:438 imb:4 pmb:3 smb:8153 d:- ref:0 ;
in:6474 out:6473 type:P dur:2 cpbdur:2 q:31.98 aq:24.46 tex:7257 mv:841 misc:1974 imb:19 pmb:286 smb:7855 d:- ref:0 ;
in:6473 out:6474 type:b dur:2 cpbdur:2 q:31.99 aq:23.75 tex:47 mv:19 misc:414 imb:1 pmb:2 smb:8157 d:- ref:0 ;
in:6476 out:6475 type:P dur:2 cpbdur:2 q:31.97 aq:22.37 tex:15800 mv:1805 misc:3051 imb:62 pmb:555 smb:7543 d:- ref:0 ;
in:6475 out:6476 type:b dur:2 cpbdur:2 q:31.98 aq:32.04 tex:77 mv:31 misc:428 imb:1 pmb:4 smb:8155 d:- ref:0 ;
in:6478 out:6477 type:P dur:2 cpbdur:2 q:31.97 aq:23.52 tex:7675 mv:725 misc:1888 imb:19 pmb:269 smb:7872 d:- ref:0 ;
in:6477 out:6478 type:b dur:2 cpbdur:2 q:31.97 aq:30.94 tex:18 mv:11 misc:395 imb:1 pmb:0 smb:8159 d:- ref:0 ;
in:6480 out:6479 type:P dur:2 cpbdur:2 q:31.96 aq:22.27 tex:15946 mv:1734 misc:2992 imb:58 pmb:546 smb:7556 d:- ref:0 ;
in:6479 out:6480 type:b dur:2 cpbdur:2 q:31.96 aq:30.88 tex:55 mv:48 misc:417 imb:3 pmb:2 smb:8155 d:- ref:0 ;
in:6482 out:6481 type:P dur:2 cpbdur:2 q:31.95 aq:23.47 tex:8093 mv:860 misc:1967 imb:24 pmb:289 smb:7847 d:- ref:0 ;
in:6481 out:6482 type:b dur:2 cpbdur:2 q:31.95 aq:31.00 tex:0 mv:0 misc:384 imb:0 pmb:0 smb:8160 d:- ref:0 ;
in:6484 out:6483 type:P dur:2 cpbdur:2 q:31.94 aq:23.41 tex:15917 mv:1717 misc:2950 imb:70 pmb:533 smb:7557 d:- ref:0 ;
in:6483 out:6484 type:b dur:2 cpbdur:2 q:31.94 aq:30.95 tex:28 mv:14 misc:406 imb:0 pmb:2 smb:8158 d:- ref:0 ;
in:6486 out:6485 type:P dur:2 cpbdur:2 q:31.94 aq:23.52 tex:8183 mv:864 misc:2041 imb:26 pmb:301 smb:7833 d:- ref:0 ;
in:6485 out:6486 type:b dur:2 cpbdur:2 q:31.94 aq:28.88 tex:89 mv:35 misc:420 imb:1 pmb:4 smb:8155 d:- ref:0 ;
in:6488 out:6487 type:P dur:2 cpbdur:2 q:31.92 aq:23.28 tex:15995 mv:1702 misc:3023 imb:73 pmb:532 smb:7555 d:- ref:0 ;
in:6487 out:6488 type:b dur:2 cpbdur:2 q:31.93 aq:31.73 tex:68 mv:31 misc:421 imb:2 pmb:2 smb:8156 d:- ref:0 ;
in:6490 out:6489 type:P dur:2 cpbdur:2 q:31.93 aq:23.33 tex:7234 mv:754 misc:1796 imb:25 pmb:249 smb:7886 d:- ref:0 ;
in:6489 out:6490 type:b dur:2 cpbdur:2 q:31.93 aq:30.92 tex:15 mv:12 misc:397 imb:1 pmb:0 smb:8159 d:- ref:0 ;
in:6492 out:6491 type:P dur:2 cpbdur:2 q:31.92 aq:22.70 tex:16844 mv:1950 misc:3206 imb:72 pmb:587 smb:7501 d:- ref:0 ;
in:6491 out:6492 type:b dur:2 cpbdur:2 q:31.92 aq:29.20 tex:60 mv:62 misc:430 imb:1 pmb:5 smb:8154 d:- ref:0 ;
in:6494 out:6493 type:P dur:2 cpbdur:2 q:31.92 aq:22.71 tex:8093 mv:959 misc:2076 imb:31 pmb:304 smb:7825 d:- ref:0 ;
in:6493 out:6494 type:b dur:2 cpbdur:2 q:31.92 aq:26.17 tex:68 mv:27 misc:409 imb:2 pmb:1 smb:8157 d:- ref:0 ;
in:6496 out:6495 type:P dur:2 cpbdur:2 q:31.91 aq:22.95 tex:18091 mv:1775 misc:2982 imb:58 pmb:538 smb:7564 d:- ref:0 ;
in:6495 out:6496 type:b dur:2 cpbdur:2 q:31.91 aq:23.56 tex:92 mv:57 misc:435 imb:3 pmb:7 smb:8150 d:- ref:0 ;
in:6498 out:6497 type:P dur:2 cpbdur:2 q:31.91 aq:22.93 tex:8275 mv:1039 misc:2078 imb:37 pmb:302 smb:7821 d:- ref:0 ;
in:6497 out:6498 type:b dur:2 cpbdur:2 q:31.91 aq:30.98 tex:27 mv:5 misc:392 imb:0 pmb:1 smb:8159 d:- ref:0 ;
in:6499 out:6499 type:P dur:2 cpbdur:2 q:31.90 aq:31.04 tex:134 mv:45 misc:453 imb:5 pmb:3 smb:8152 d:- ref:0 ;
in:6500 out:6500 type:I dur:2 cpbdur:2 q:29.04 aq:19.82 tex:520880 mv:143922 misc:686 imb:8160 pmb:0 smb:0 d:- ref:;
in:6502 out:6501 type:P dur:2 cpbdur:2 q:32.44 aq:23.48 tex:5155 mv:616 misc:1453 imb:26 pmb:169 smb:7965 d:- ref:0 ;
in:6501 out:6502 type:b dur:2 cpbdur:2 q:32.44 aq:24.43 tex:85 mv:45 misc:422 imb:3 pmb:2 smb:8155 d:- ref:0 ;
in:6504 out:6503 type:P dur:2 cpbdur:2 q:32.42 aq:22.88 tex:14771 mv:1987 misc:2954 imb:100 pmb:476 smb:7584 d:- ref:0 ;
in:6503 out:6504 type:b dur:2 cpbdur:2 q:32.43 aq:23.74 tex:113 mv:79 misc:448 imb:7 pmb:2 smb:8151 d:- ref:0 ;
in:6506 out:6505 type:P dur:2 cpbdur:2 q:32.42 aq:23.18 tex:7128 mv:923 misc:1797 imb:38 pmb:231 smb:7891 d:- ref:0 ;
in:6505 out:6506 type:b dur:2 cpbdur:2 q:32.42 aq:30.95 tex:61 mv:22 misc:421 imb:1 pmb:3 smb:8156 d:- ref:0 ;
in:6508 out:6507 type:P dur:2 cpbdur:2 q:32.40 aq:22.76 tex:16092 mv:1917 misc:2983 imb:84 pmb:516 smb:7560 d:- ref:0 ;
in:6507 out:6508 type:b dur:2 cpbdur:2 q:32.41 aq:24.75 tex:136 mv:67 misc:461 imb:5 pmb:4 smb:8151 d:- ref:0 ;
in:6510 out:6509 type:P dur:2 cpbdur:2 q:32.40 aq:23.06 tex:7146 mv:1041 misc:2005 imb:40 pmb:264 smb:7856 d:- ref:0 ;
in:6509 out:6510 type:b dur:2 cpbdur:2 q:32.40 aq:20.91 tex:30 mv:50 misc:432 imb:5 pmb:0 smb:8155 d:- ref:0 ;
in:6512 out:6511 type:P dur:2 cpbdur:2 q:32.38 aq:22.68 tex:15710 mv:1957 misc:3133 imb:88 pmb:538 smb:7534 d:- ref:0 ;
in:6511 out:6512 type:b dur:2 cpbdur:2 q:32.39 aq:27.82 tex:136 mv:59 misc:437 imb:4 pmb:4 smb:8152 d:- ref:0 ;
in:6514 out:6513 type:P dur:2 cpbdur:2 q:32.38 aq:23.15 tex:7457 mv:1072 misc:2031 imb:35 pmb:295 smb:7830 d:- ref:0 ;
in:6513 out:6514 type:b dur:2 cpbdur:2 q:32.38 aq:20.19 tex:126 mv:57 misc:449 imb:4 pmb:4 smb:8152 d:- ref:0 ;
in:6516 out:6515 type:P dur:2 cpbdur:2 q:32.37 aq:22.54 tex:14060 mv:1925 misc:3015 imb:73 pmb:522 smb:7565 d:- ref:0 ;
in:6515 out:6516 type:b dur:2 cpbdur:2 q:32.38 aq:31.87 tex:103 mv:33 misc:424 imb:2 pmb:3 smb:8155 d:- ref:0 ;
in:6518 out:6517 type:P dur:2 cpbdur:2 q:32.37 aq:23.79 tex:6794 mv:801 misc:1901 imb:21 pmb:260 smb:7879 d:- ref:0 ;
in:6517 out:6518 type:b dur:2 cpbdur:2 q:32.37 aq:23.34 tex:73 mv:47 misc:424 imb:4 pmb:1 smb:8155 d:- ref:0 ;
in:6520 out:6519 type:P dur:2 cpbdur:2 q:32.43 aq:23.08 tex:13782 mv:1761 misc:2865 imb:67 pmb:486 smb:7607 d:- ref:0 ;
in:6519 out:6520 type:b dur:2 cpbdur:2 q:32.40 aq:29.66 tex:110 mv:40 misc:442 imb:2 pmb:5 smb:8153 d:- ref:0 ;
in:6522 out:6521 type:P dur:2 cpbdur:2 q:32.43 aq:24.44 tex:5903 mv:734 misc:1675 imb:24 pmb:234 smb:7902 d:- ref:0 ;
in:6521 out:6522 type:b dur:2 cpbdur:2 q:32.43 aq:29.21 tex:12 mv:12 misc:392 imb:1 pmb:0 smb:8159 d:- ref:0 ;
in:6524 out:6523 type:P dur:2 cpbdur:2 q:32.42 aq:23.58 tex:12936 mv:1603 misc:2709 imb:54 pmb:448 smb:7658 d:- ref:0 ;
in:6523 out:6524 type:b dur:2 cpbdur:2 q:32.42 aq:31.00 tex:0 mv:0 misc:384 imb:0 pmb:0 smb:8160 d:- ref:0 ;
in:6526 out:6525 type:P dur:2 cpbdur:2 q:32.42 aq:23.87 tex:9018 mv:866 misc:1812 imb:26 pmb:256 smb:7878 d:- ref:0 ;
in:6525 out:6526 type:b dur:2 cpbdur:2 q:32.42 aq:30.67 tex:50 mv:21 misc:417 imb:0 pmb:6 smb:8154 d:- ref:0 ;
in:6528 out:6527 type:P dur:2 cpbdur:2 q:32.41 aq:23.62 tex:13638 mv:1668 misc:2854 imb:65 pmb:485 smb:7610 d:- ref:0 ;
in:6527 out:6528 type:b dur:2 cpbdur:2 q:32.41 aq:24.16 tex:77 mv:26 misc:425 imb:1 pmb:4 smb:8155 d:- ref:0 ;
in:6530 out:6529 type:P dur:2 cpbdur:2 q:32.41 aq:23.18 tex:5848 mv:948 misc:1860 imb:39 pmb:246 smb:7875 d:- ref:0 ;
in:6529 out:6530 type:b dur:2 cpbdur:2 q:32.41 aq:19.73 tex:35 mv:22 misc:407 imb:2 pmb:0 smb:8158 d:- ref:0 ;
in:6532 out:6531 type:P dur:2 cpbdur:2 q:32.40 aq:22.53 tex:13780 mv:1811 misc:2865 imb:63 pmb:495 smb:7602 d:- ref:0 ;
in:6531 out:6532 type:b dur:2 cpbdur:2 q:32.41 aq:30.87 tex:58 mv:38 misc:416 imb:3 pmb:1 smb:8156 d:- ref:0 ;
in:6534 out:6533 type:P dur:2 cpbdur:2 q:32.40 aq:24.38 tex:6695 mv:752 misc:1921 imb:18 pmb:267 smb:7875 d:- ref:0 ;
in:6533 out:6534 type:b dur:2 cpbdur:2 q:32.40 aq:28.55 tex:51 mv:27 misc:410 imb:2 pmb:1 smb:8157 d:- ref:0 ;
in:6536 out:6535 type:P dur:2 cpbdur:2 q:32.39 aq:22.75 tex:12875 mv:1514 misc:2667 imb:63 pmb:435 smb:7662 d:- ref:0 ;
in:6535 out:6536 type:b dur:2 cpbdur:2 q:32.40 aq:29.83 tex:61 mv:36 misc:423 imb:3 pmb:1 smb:8156 d:- ref:0 ;
in:6538 out:6537 type:P dur:2 cpbdur:2 q:32.39 aq:23.17 tex:6198 mv:905 misc:1897 imb:27 pmb:254 smb:7879 d:- ref:0 ;
in:6537 out:6538 type:b dur:2 cpbdur:2 q:32.39 aq:23.55 tex:81 mv:46 misc:425 imb:2 pmb:3 smb:8155 d:- ref:0 ;
in:6540 out:6539 type:P dur:2 cpbdur:2 q:32.38 aq:23.41 tex:13402 mv:1894 misc:2920 imb:59 pmb:523 smb:7578 d:- ref:0 ;
in:6539 out:6540 type:b dur:2 cpbdur:2 q:32.39 aq:19.75 tex:57 mv:47 misc:432 imb:4 pmb:2 smb:8154 d:- ref:0 ;
in:6542 out:6541 type:P dur:2 cpbdur:2 q:32.39 aq:23.76 tex:5942 mv:684 misc:1710 imb:24 pmb:223 smb:7913 d:- ref:0 ;
in:6541 out:6542 type:b dur:2 cpbdur:2 q:32.39 aq:20.29 tex:24 mv:22 misc:402 imb:2 pmb:0 smb:8158 d:- ref:0 ;
in:6544 out:6543 type:P dur:2 cpbdur:2 q:32.38 aq:22.68 tex:11932 mv:1465 misc:2627 imb:62 pmb:433 smb:7665 d:- ref:0 ;
in:6543 out:6544 type:b dur:2 cpbdur:2 q:32.38 aq:30.81 tex:58 mv:55 misc:423 imb:5 pmb:1 smb:8154 d:- ref:0 ;
in:6546 out:6545 type:P dur:2 cpbdur:2 q:32.38 aq:23.72 tex:7274 mv:773 misc:1897 imb:23 pmb:263 smb:7874 d:- ref:0 ;
in:6545 out:6546 type:b dur:2 cpbdur:2 q:32.38 aq:31.27 tex:126 mv:61 misc:437 imb:4 pmb:5 smb:8151 d:- ref:0 ;
in:6548 out:6547 type:P dur:2 cpbdur:2 q:32.37 aq:23.34 tex:13261 mv:1604 misc:2839 imb:61 pmb:463 smb:7636 d:- ref:0 ;
in:6547 out:6548 type:b dur:2 cpbdur:2 q:32.37 aq:29.33 tex:138 mv:43 misc:427 imb:3 pmb:3 smb:8154 d:- ref:0 ;
in:6550 out:6549 type:P dur:2 cpbdur:2 q:32.37 aq:23.35 tex:6337 mv:865 misc:1902 imb:28 pmb:256 smb:7876 d:- ref:0 ;
in:6549 out:6550 type:b dur:2 cpbdur:2 q:32.37 aq:30.98 tex:16 mv:13 misc:403 imb:1 pmb:1 smb:8158 d:- ref:0 ;
in:6552 out:6551 type:P dur:2 cpbdur:2 q:32.36 aq:22.71 tex:14587 mv:1842 misc:3091 imb:79 pmb:529 smb:7552 d:- ref:0 ;
in:6551 out:6552 type:b dur:2 cpbdur:2 q:32.36 aq:32.26 tex:118 mv:26 misc:424 imb:1 pmb:4 smb:8155 d:- ref:0 ;
in:6554 out:6553 type:P dur:2 cpbdur:2 q:32.36 aq:24.34 tex:5992 mv:699 misc:1725 imb:22 pmb:214 smb:7924 d:- ref:0 ;
in:6553 out:6554 type:b dur:2 cpbdur:2 q:32.36 aq:29.54 tex:72 mv:38 misc:418 imb:3 pmb:1 smb:8156 d:- ref:0 ;
in:6556 out:6555 type:P dur:2 cpbdur:2 q:32.34 aq:23.50 tex:15289 mv:1382 misc:2617 imb:49 pmb:429 smb:7682 d:- ref:0 ;
in:6555 out:6556 type:b dur:2 cpbdur:2 q:32.35 aq:24.67 tex:71 mv:31 misc:426 imb:1 pmb:7 smb:8152 d:- ref:0 ;
in:6558 out:6557 type:P dur:2 cpbdur:2 q:32.33 aq:24.22 tex:8103 mv:844 misc:1965 imb:25 pmb:300 smb:7835 d:- ref:0 ;
in:6557 out:6558 type:b dur:2 cpbdur:2 q:32.34 aq:30.88 tex:22 mv:11 misc:399 imb:1 pmb:0 smb:8159 d:- ref:0 ;
in:6560 out:6559 type:P dur:2 cpbdur:2 q:32.32 aq:23.16 tex:13187 mv:1516 misc:2673 imb:57 pmb:440 smb:7663 d:- ref:0 ;
in:6559 out:6560 type:b dur:2 cpbdur:2 q:32.33 aq:23.23 tex:77 mv:27 misc:416 imb:2 pmb:1 smb:8157 d:- ref:0 ;
in:6562 out:6561 type:P dur:2 cpbdur:2 q:32.31 aq:23.19 tex:6374 mv:737 misc:1825 imb:18 pmb:245 smb:7897 d:- ref:0 ;
in:6561 out:6562 type:b dur:2 cpbdur:2 q:32.32 aq:17.25 tex:139 mv:84 misc:457 imb:4 pmb:7 smb:8149 d:- ref:0 ;
in:6564 out:6563 type:P dur:2 cpbdur:2 q:32.30 aq:22.94 tex:12279 mv:1463 misc:2794 imb:63 pmb:448 smb:7649 d:- ref:0 ;
in:6563 out:6564 type:b dur:2 cpbdur:2 q:32.31 aq:31.11 tex:135 mv:50 misc:439 imb:2 pmb:5 smb:8153 d:- ref:0 ;
in:6566 out:6565 type:P dur:2 cpbdur:2 q:32.30 aq:23.27 tex:7644 mv:844 misc:1920 imb:28 pmb:268 smb:7864 d:- ref:0 ;
in:6565 out:6566 type:b dur:2 cpbdur:2 q:32.30 aq:30.98 tex:26 mv:5 misc:393 imb:0 pmb:1 smb:8159 d:- ref:0 ;
in:6568 out:6567 type:P dur:2 cpbdur:2 q:32.29 aq:22.08 tex:15384 mv:1765 misc:2963 imb:65 pmb:520 smb:7575 d:- ref:0 ;
in:6567 out:6568 type:b dur:2 cpbdur:2 q:32.29 aq:30.88 tex:77 mv:44 misc:423 imb:3 pmb:3 smb:8154 d:- ref:0 ;
in:6570 out:6569 type:P dur:2 cpbdur:2 q:32.29 aq:22.78 tex:6440 mv:795 misc:1797 imb:32 pmb:235 smb:7893 d:- ref:0 ;
in:6569 out:6570 type:b dur:2 cpbdur:2 q:32.29 aq:31.00 tex:0 mv:0 misc:384 imb:0 pmb:0 smb:8160 d:- ref:0 ;
in:6572 out:6571 type:P dur:2 cpbdur:2 q:32.27 aq:23.25 tex:13377 mv:1491 misc:2652 imb:67 pmb:444 smb:7649 d:- ref:0 ;
in:6571 out:6572 type:b dur:2 cpbdur:2 q:32.28 aq:31.00 tex:1 mv:6 misc:401 imb:0 pmb:2 smb:8158 d:- ref:0 ;
in:6574 out:6573 type:P dur:2 cpbdur:2 q:32.27 aq:23.16 tex:6517 mv:721 misc:1866 imb:22 pmb:250 smb:7888 d:- ref:0 ;
in:6573 out:6574 type:b dur:2 cpbdur:2 q:32.27 aq:31.00 tex:0 mv:0 misc:384 imb:0 pmb:0 smb:8160 d:- ref:0 ;
in:6576 out:6575 type:P dur:2 cpbdur:2 q:32.26 aq:22.91 tex:12964 mv:1456 misc:2716 imb:52 pmb:453 smb:7655 d:- ref:0 ;
in:6575 out:6576 type:b dur:2 cpbdur:2 q:32.27 aq:28.74 tex:93 mv:46 misc:421 imb:1 pmb:4 smb:8155 d:- ref:0 ;
in:6578 out:6577 type:P dur:2 cpbdur:2 q:32.26 aq:23.98 tex:7358 mv:898 misc:1928 imb:26 pmb:277 smb:7857 d:- ref:0 ;
in:6577 out:6578 type:b dur:2 cpbdur:2 q:32.26 aq:30.95 tex:87 mv:9 misc:400 imb:0 pmb:2 smb:8158 d:- ref:0 ;
in:6580 out:6579 type:P dur:2 cpbdur:2 q:32.25 aq:22.46 tex:14340 mv:1766 misc:2926 imb:63 pmb:500 smb:7597 d:- ref:0 ;
in:6579 out:6580 type:b dur:2 cpbdur:2 q:32.25 aq:30.93 tex:30 mv:16 misc:402 imb:1 pmb:1 smb:8158 d:- ref:0 ;
in:6582 out:6581 type:P dur:2 cpbdur:2 q:32.24 aq:23.30 tex:7139 mv:878 misc:1911 imb:28 pmb:261 smb:7871 d:- ref:0 ;
in:6581 out:6582 type:b dur:2 cpbdur:2 q:32.24 aq:30.94 tex:15 mv:12 misc:397 imb:1 pmb:0 smb:8159 d:- ref:0 ;
in:6584 out:6583 type:P dur:2 cpbdur:2 q:32.23 aq:23.39 tex:14105 mv:1761 misc:2910 imb:55 pmb:505 smb:7600 d:- ref:0 ;
in:6583 out:6584 type:b dur:2 cpbdur:2 q:32.23 aq:30.95 tex:75 mv:39 misc:422 imb:2 pmb:4 smb:8154 d:- ref:0 ;
in:6586 out:6585 type:P dur:2 cpbdur:2 q:32.22 aq:24.29 tex:7560 mv:835 misc:1909 imb:26 pmb:251 smb:7883 d:- ref:0 ;
in:6585 out:6586 type:b dur:2 cpbdur:2 q:32.23 aq:31.97 tex:72 mv:17 misc:415 imb:0 pmb:6 smb:8154 d:- ref:0 ;
in:6588 out:6587 type:P dur:2 cpbdur:2 q:32.22 aq:22.86 tex:14153 mv:1721 misc:2974 imb:62 pmb:510 smb:7588 d:- ref:0 ;
in:6587 out:6588 type:b dur:2 cpbdur:2 q:32.22 aq:24.06 tex:63 mv:27 misc:414 imb:2 pmb:1 smb:8157 d:- ref:0 ;
in:6590 out:6589 type:P dur:2 cpbdur:2 q:32.22 aq:23.01 tex:7123 mv:828 misc:1977 imb:20 pmb:278 smb:7862 d:- ref:0 ;
in:6589 out:6590 type:b dur:2 cpbdur:2 q:32.22 aq:28.88 tex:52 mv:21 misc:423 imb:1 pmb:3 smb:8156 d:- ref:0 ;
in:6592 out:6591 type:P dur:2 cpbdur:2 q:32.21 aq:22.50 tex:16239 mv:1841 misc:3112 imb:73 pmb:550 smb:7537 d:- ref:0 ;
in:6591 out:6592 type:b dur:2 cpbdur:2 q:32.22 aq:29.68 tex:105 mv:40 misc:423 imb:3 pmb:2 smb:8155 d:- ref:0 ;
in:6594 out:6593 type:P dur:2 cpbdur:2 q:32.22 aq:23.71 tex:7673 mv:883 misc:1884 imb:25 pmb:272 smb:7863 d:- ref:0 ;
in:6593 out:6594 type:b dur:2 cpbdur:2 q:32.21 aq:30.28 tex:57 mv:47 misc:424 imb:4 pmb:1 smb:8155 d:- ref:0 ;
in:6596 out:6595 type:P dur:2 cpbdur:2 q:32.20 aq:23.09 tex:15178 mv:1589 misc:2809 imb:62 pmb:491 smb:7607 d:- ref:0 ;
in:6595 out:6596 type:b dur:2 cpbdur:2 q:32.21 aq:26.81 tex:41 mv:28 misc:411 imb:2 pmb:1 smb:8157 d:- ref:0 ;
in:6598 out:6597 type:P dur:2 cpbdur:2 q:32.19 aq:23.30 tex:6000 mv:750 misc:1794 imb:36 pmb:218 smb:7906 d:- ref:0 ;
in:6597 out:6598 type:b dur:2 cpbdur:2 q:32.20 aq:30.22 tex:116 mv:46 misc:430 imb:3 pmb:3 smb:8154 d:- ref:0 ;
in:6600 out:6599 type:P dur:2 cpbdur:2 q:32.18 aq:23.26 tex:14008 mv:1628 misc:2852 imb:61 pmb:498 smb:7601 d:- ref:0 ;
in:6599 out:6600 type:b dur:2 cpbdur:2 q:32.19 aq:26.10 tex:152 mv:29 misc:435 imb:1 pmb:6 smb:8153 d:- ref:0 ;
in:6602 out:6601 type:P dur:2 cpbdur:2 q:32.17 aq:23.48 tex:5972 mv:810 misc:1810 imb:24 pmb:237 smb:7899 d:- ref:0 ;
in:6601 out:6602 type:b dur:2 cpbdur:2 q:32.18 aq:29.88 tex:27 mv:11 misc:394 imb:1 pmb:0 smb:8159 d:- ref:0 ;
in:6604 out:6603 type:P dur:2 cpbdur:2 q:32.16 aq:22.77 tex:15777 mv:1942 misc:3089 imb:63 pmb:581 smb:7516 d:- ref:0 ;
in:6603 out:6604 type:b dur:2 cpbdur:2 q:32.17 aq:30.92 tex:44 mv:31 misc:413 imb:2 pmb:2 smb:8156 d:- ref:0 ;
in:6606 out:6605 type:P dur:2 cpbdur:2 q:32.16 aq:22.98 tex:6456 mv:726 misc:1786 imb:25 pmb:236 smb:7899 d:- ref:0 ;
in:6605 out:6606 type:b dur:2 cpbdur:2 q:32.16 aq:30.94 tex:40 mv:9 misc:399 imb:0 pmb:2 smb:8158 d:- ref:0 ;
in:6608 out:6607 type:P dur:2 cpbdur:2 q:32.14 aq:23.07 tex:14736 mv:1611 misc:2789 imb:61 pmb:503 smb:7596 d:- ref:0 ;
in:6607 out:6608 type:b dur:2 cpbdur:2 q:32.15 aq:30.96 tex:43 mv:22 misc:399 imb:2 pmb:0 smb:8158 d:- ref:0 ;
in:6610 out:6609 type:P dur:2 cpbdur:2 q:32.14 aq:23.42 tex:5933 mv:680 misc:1747 imb:22 pmb:228 smb:7910 d:- ref:0 ;
in:6609 out:6610 type:b dur:2 cpbdur:2 q:32.14 aq:30.94 tex:45 mv:12 misc:407 imb:0 pmb:3 smb:8157 d:- ref:0 ;
in:6612 out:6611 type:P dur:2 cpbdur:2 q:32.13 aq:22.85 tex:14227 mv:1720 misc:2997 imb:60 pmb:518 smb:7582 d:- ref:0 ;
in:6611 out:6612 type:b dur:2 cpbdur:2 q:32.13 aq:30.61 tex:93 mv:50 misc:441 imb:3 pmb:5 smb:8152 d:- ref:0 ;
in:6614 out:6613 type:P dur:2 cpbdur:2 q:32.13 aq:22.75 tex:6713 mv:784 misc:1855 imb:26 pmb:252 smb:7882 d:- ref:0 ;
in:6613 out:6614 type:b dur:2 cpbdur:2 q:32.13 aq:30.99 tex:17 mv:11 misc:396 imb:1 pmb:0 smb:8159 d:- ref:0 ;
in:6616 out:6615 type:P dur:2 cpbdur:2 q:32.12 aq:22.92 tex:18800 mv:1678 misc:3074 imb:67 pmb:550 smb:7543 d:- ref:0 ;
in:6615 out:6616 type:b dur:2 cpbdur:2 q:32.13 aq:30.78 tex:76 mv:41 misc:435 imb:2 pmb:6 smb:8152 d:- ref:0 ;
in:6618 out:6617 type:P dur:2 cpbdur:2 q:32.13 aq:23.96 tex:7778 mv:828 misc:1882 imb:28 pmb:265 smb:7867 d:- ref:0 ;
in:6617 out:6618 type:b dur:2 cpbdur:2 q:32.13 aq:30.12 tex:42 mv:33 misc:405 imb:3 pmb:0 smb:8157 d:- ref:0 ;
in:6620 out:6619 type:P dur:2 cpbdur:2 q:32.12 aq:23.51 tex:14215 mv:1619 misc:2750 imb:51 pmb:500 smb:7609 d:- ref:0 ;
in:6619 out:6620 type:b dur:2 cpbdur:2 q:32.12 aq:22.88 tex:99 mv:51 misc:442 imb:3 pmb:5 smb:8152 d:- ref:0 ;
in:6622 out:6621 type:P dur:2 cpbdur:2 q:32.11 aq:24.68 tex:5864 mv:689 misc:1671 imb:14 pmb:239 smb:7907 d:- ref:0 ;
in:6621 out:6622 type:b dur:2 cpbdur:2 q:32.11 aq:25.77 tex:102 mv:11 misc:415 imb:0 pmb:3 smb:8157 d:- ref:0 ;
in:6624 out:6623 type:P dur:2 cpbdur:2 q:32.10 aq:23.61 tex:13456 mv:1496 misc:2688 imb:56 pmb:457 smb:7647 d:- ref:0 ;
in:6623 out:6624 type:b dur:2 cpbdur:2 q:32.11 aq:23.54 tex:30 mv:50 misc:424 imb:4 pmb:1 smb:8155 d:- ref:0 ;
in:6626 out:6625 type:P dur:2 cpbdur:2 q:32.10 aq:24.07 tex:4894 mv:576 misc:1506 imb:13 pmb:186 smb:7961 d:- ref:0 ;
in:6625 out:6626 type:b dur:2 cpbdur:2 q:32.10 aq:20.77 tex:83 mv:41 misc:428 imb:3 pmb:2 smb:8155 d:- ref:0 ;
in:6628 out:6627 type:P dur:2 cpbdur:2 q:32.09 aq:23.33 tex:15489 mv:1729 misc:2966 imb:66 pmb:526 smb:7568 d:- ref:0 ;
in:6627 out:6628 type:b dur:2 cpbdur:2 q:32.09 aq:25.22 tex:64 mv:54 misc:442 imb:3 pmb:4 smb:8153 d:- ref:0 ;
in:6630 out:6629 type:P dur:2 cpbdur:2 q:32.09 aq:24.81 tex:6640 mv:649 misc:1703 imb:17 pmb:243 smb:7900 d:- ref:0 ;
in:6629 out:6630 type:b dur:2 cpbdur:2 q:32.09 aq:30.94 tex:70 mv:40 misc:426 imb:3 pmb:2 smb:8155 d:- ref:0 ;
in:6632 out:6631 type:P dur:2 cpbdur:2 q:32.08 aq:23.77 tex:14035 mv:1477 misc:2648 imb:57 pmb:472 smb:7631 d:- ref:0 ;
in:6631 out:6632 type:b dur:2 cpbdur:2 q:32.09 aq:24.53 tex:121 mv:26 misc:429 imb:1 pmb:4 smb:8155 d:- ref:0 ;
in:6634 out:6633 type:P dur:2 cpbdur:2 q:32.07 aq:22.55 tex:5137 mv:511 misc:1488 imb:17 pmb:180 smb:7963 d:- ref:0 ;
in:6633 out:6634 type:b dur:2 cpbdur:2 q:32.08 aq:30.93 tex:81 mv:56 misc:431 imb:3 pmb:4 smb:8153 d:- ref:0 ;
in:6636 out:6635 type:P dur:2 cpbdur:2 q:32.06 aq:23.82 tex:11817 mv:1199 misc:2344 imb:44 pmb:384 smb:7732 d:- ref:0 ;
in:6635 out:6636 type:b dur:2 cpbdur:2 q:32.07 aq:19.58 tex:115 mv:71 misc:462 imb:5 pmb:5 smb:8150 d:- ref:0 ;
in:6638 out:6637 type:P dur:2 cpbdur:2 q:32.06 aq:24.77 tex:5682 mv:639 misc:1607 imb:16 pmb:209 smb:7935 d:- ref:0 ;
in:6637 out:6638 type:b dur:2 cpbdur:2 q:32.06 aq:30.90 tex:25 mv:22 misc:401 imb:2 pmb:0 smb:8158 d:- ref:0 ;
in:6640 out:6639 type:P dur:2 cpbdur:2 q:32.05 aq:23.82 tex:12880 mv:1450 misc:2662 imb:53 pmb:437 smb:7670 d:- ref:0 ;
in:6639 out:6640 type:b dur:2 cpbdur:2 q:32.05 aq:28.96 tex:46 mv:57 misc:433 imb:4 pmb:2 smb:8154 d:- ref:0 ;
in:6642 out:6641 type:P dur:2 cpbdur:2 q:32.05 aq:24.28 tex:5626 mv:545 misc:1573 imb:21 pmb:199 smb:7940 d:- ref:0 ;
in:6641 out:6642 type:b dur:2 cpbdur:2 q:32.05 aq:30.07 tex:23 mv:5 misc:396 imb:0 pmb:1 smb:8159 d:- ref:0 ;
in:6644 out:6643 type:P dur:2 cpbdur:2 q:32.03 aq:23.65 tex:11275 mv:914 misc:2283 imb:30 pmb:378 smb:7752 d:- ref:0 ;
in:6643 out:6644 type:b dur:2 cpbdur:2 q:32.04 aq:30.96 tex:28 mv:10 misc:402 imb:0 pmb:2 smb:8158 d:- ref:0 ;
in:6646 out:6645 type:P dur:2 cpbdur:2 q:32.03 aq:25.39 tex:7070 mv:573 misc:1525 imb:21 pmb:186 smb:7953 d:- ref:0 ;
in:6645 out:6646 type:b dur:2 cpbdur:2 q:32.03 aq:29.37 tex:83 mv:51 misc:434 imb:3 pmb:6 smb:8151 d:- ref:0 ;
in:6648 out:6647 type:P dur:2 cpbdur:2 q:32.02 aq:24.19 tex:9699 mv:828 misc:1969 imb:21 pmb:328 smb:7811 d:- ref:0 ;
in:6647 out:6648 type:b dur:2 cpbdur:2 q:32.02 aq:30.97 tex:43 mv:25 misc:404 imb:2 pmb:1 smb:8157 d:- ref:0 ;
in:6652 out:6649 type:P dur:2 cpbdur:2 q:32.01 aq:23.21 tex:22910 mv:2743 misc:4035 imb:97 pmb:801 smb:7262 d:- ref:0 ;
in:6650 out:6650 type:B dur:2 cpbdur:2 q:32.01 aq:31.49 tex:256 mv:71 misc:481 imb:4 pmb:10 smb:8146 d:- ref:0 ;
in:6649 out:6651 type:b dur:2 cpbdur:2 q:32.01 aq:30.94 tex:108 mv:16 misc:420 imb:0 pmb:5 smb:8155 d:- ref:0 ;
in:6651 out:6652 type:b dur:2 cpbdur:2 q:32.01 aq:31.77 tex:88 mv:54 misc:434 imb:3 pmb:4 smb:8153 d:- ref:0 ;
in:6654 out:6653 type:P dur:2 cpbdur:2 q:32.14 aq:22.63 tex:16585 mv:2471 misc:3728 imb:114 pmb:647 smb:7399 d:- ref:0 ;
in:6653 out:6654 type:b dur:2 cpbdur:2 q:32.08 aq:30.93 tex:17 mv:24 misc:399 imb:1 pmb:1 smb:8158 d:- ref:0 ;
in:6656 out:6655 type:P dur:2 cpbdur:2 q:32.15 aq:22.42 tex:7367 mv:1115 misc:2182 imb:46 pmb:293 smb:7821 d:- ref:0 ;
in:6655 out:6656 type:b dur:2 cpbdur:2 q:32.15 aq:28.95 tex:86 mv:47 misc:427 imb:4 pmb:1 smb:8155 d:- ref:0 ;
in:6658 out:6657 type:P dur:2 cpbdur:2 q:32.14 aq:22.85 tex:12038 mv:1890 misc:3024 imb:67 pmb:489 smb:7604 d:- ref:0 ;
in:6657 out:6658 type:b dur:2 cpbdur:2 q:32.15 aq:29.38 tex:90 mv:42 misc:420 imb:3 pmb:2 smb:8155 d:- ref:0 ;
in:6660 out:6659 type:P dur:2 cpbdur:2 q:32.13 aq:22.53 tex:6097 mv:947 misc:1900 imb:23 pmb:260 smb:7877 d:- ref:0 ;
in:6659 out:6660 type:b dur:2 cpbdur:2 q:32.14 aq:31.00 tex:0 mv:3 misc:397 imb:0 pmb:1 smb:8159 d:- ref:0 ;
in:6662 out:6661 type:P dur:2 cpbdur:2 q:32.13 aq:22.89 tex:15826 mv:2418 misc:3148 imb:78 pmb:584 smb:7498 d:- ref:0 ;
in:6661 out:6662 type:b dur:2 cpbdur:2 q:32.13 aq:23.80 tex:91 mv:90 misc:459 imb:4 pmb:11 smb:8145 d:- ref:0 ;
in:6664 out:6663 type:P dur:2 cpbdur:2 q:32.12 aq:24.21 tex:12633 mv:2219 misc:2332 imb:43 pmb:440 smb:7677 d:- ref:0 ;
in:6663 out:6664 type:b dur:2 cpbdur:2 q:32.13 aq:26.80 tex:589 mv:165 misc:470 imb:3 pmb:20 smb:8137 d:- ref:0 ;
in:6666 out:6665 type:P dur:2 cpbdur:2 q:32.13 aq:22.94 tex:18015 mv:3097 misc:3224 imb:77 pmb:682 smb:7401 d:- ref:0 ;
in:6665 out:6666 type:b dur:2 cpbdur:2 q:32.13 aq:32.46 tex:529 mv:135 misc:464 imb:3 pmb:18 smb:8139 d:- ref:0 ;
in:6668 out:6667 type:P dur:2 cpbdur:2 q:32.06 aq:23.56 tex:11711 mv:2137 misc:2256 imb:47 pmb:437 smb:7676 d:- ref:0 ;
in:6667 out:6668 type:b dur:2 cpbdur:2 q:32.10 aq:30.90 tex:248 mv:110 misc:442 imb:2 pmb:13 smb:8145 d:- ref:0 ;
in:6670 out:6669 type:P dur:2 cpbdur:2 q:32.02 aq:23.34 tex:21223 mv:3296 misc:3305 imb:99 pmb:705 smb:7356 d:- ref:0 ;
in:6669 out:6670 type:b dur:2 cpbdur:2 q:32.04 aq:34.09 tex:223 mv:149 misc:484 imb:0 pmb:21 smb:8139 d:- ref:0 ;
in:6672 out:6671 type:P dur:2 cpbdur:2 q:31.98 aq:23.06 tex:11504 mv:2391 misc:2521 imb:47 pmb:495 smb:7618 d:- ref:0 ;
in:6671 out:6672 type:b dur:2 cpbdur:2 q:32.00 aq:26.17 tex:140 mv:95 misc:469 imb:3 pmb:9 smb:8148 d:- ref:0 ;
in:6674 out:6673 type:P dur:2 cpbdur:2 q:31.96 aq:23.09 tex:22182 mv:4124 misc:3414 imb:116 pmb:768 smb:7276 d:- ref:0 ;
in:6673 out:6674 type:b dur:2 cpbdur:2 q:31.97 aq:33.04 tex:347 mv:242 misc:515 imb:0 pmb:31 smb:8129 d:- ref:0 ;
in:6676 out:6675 type:P dur:2 cpbdur:2 q:31.96 aq:23.55 tex:14166 mv:2068 misc:2326 imb:49 pmb:440 smb:7671 d:- ref:0 ;
in:6675 out:6676 type:b dur:2 cpbdur:2 q:31.96 aq:31.55 tex:208 mv:123 misc:469 imb:0 pmb:20 smb:8140 d:- ref:0 ;
in:6678 out:6677 type:P dur:2 cpbdur:2 q:31.95 aq:22.36 tex:24168 mv:3932 misc:3612 imb:110 pmb:834 smb:7216 d:- ref:0 ;
in:6677 out:6678 type:b dur:2 cpbdur:2 q:31.96 aq:32.57 tex:520 mv:258 misc:534 imb:3 pmb:32 smb:8125 d:- ref:0 ;
in:6680 out:6679 type:P dur:2 cpbdur:2 q:31.96 aq:23.83 tex:10861 mv:1759 misc:2252 imb:29 pmb:422 smb:7709 d:- ref:0 ;
in:6679 out:6680 type:b dur:2 cpbdur:2 q:31.95 aq:32.94 tex:134 mv:83 misc:471 imb:0 pmb:15 smb:8145 d:- ref:0 ;
in:6682 out:6681 type:P dur:2 cpbdur:2 q:31.94 aq:23.27 tex:19180 mv:3119 misc:3205 imb:89 pmb:660 smb:7411 d:- ref:0 ;
in:6681 out:6682 type:b dur:2 cpbdur:2 q:31.95 aq:30.09 tex:157 mv:223 misc:524 imb:3 pmb:24 smb:8133 d:- ref:0 ;
in:6684 out:6683 type:P dur:2 cpbdur:2 q:31.94 aq:22.39 tex:9344 mv:1969 misc:2231 imb:40 pmb:409 smb:7711 d:- ref:0 ;
in:6683 out:6684 type:b dur:2 cpbdur:2 q:31.94 aq:32.95 tex:95 mv:67 misc:454 imb:0 pmb:11 smb:8149 d:- ref:0 ;
in:6686 out:6685 type:P dur:2 cpbdur:2 q:31.94 aq:23.17 tex:21300 mv:3149 misc:3247 imb:111 pmb:668 smb:7381 d:- ref:0 ;
in:6685 out:6686 type:b dur:2 cpbdur:2 q:31.94 aq:30.76 tex:436 mv:322 misc:562 imb:4 pmb:32 smb:8124 d:- ref:0 ;
in:6688 out:6687 type:P dur:2 cpbdur:2 q:31.94 aq:23.54 tex:10694 mv:1748 misc:2238 imb:38 pmb:381 smb:7741 d:- ref:0 ;
in:6687 out:6688 type:b dur:2 cpbdur:2 q:31.94 aq:31.95 tex:423 mv:152 misc:481 imb:1 pmb:23 smb:8136 d:- ref:0 ;
in:6690 out:6689 type:P dur:2 cpbdur:2 q:31.94 aq:22.88 tex:19074 mv:3132 misc:3298 imb:95 pmb:665 smb:7400 d:- ref:0 ;
in:6689 out:6690 type:b dur:2 cpbdur:2 q:31.94 aq:27.41 tex:416 mv:311 misc:569 imb:7 pmb:36 smb:8117 d:- ref:0 ;
in:6692 out:6691 type:P dur:2 cpbdur:2 q:31.96 aq:22.60 tex:9854 mv:1698 misc:2216 imb:44 pmb:367 smb:7749 d:- ref:0 ;
in:6691 out:6692 type:b dur:2 cpbdur:2 q:31.95 aq:24.23 tex:168 mv:122 misc:486 imb:2 pmb:14 smb:8144 d:- ref:0 ;
in:6694 out:6693 type:P dur:2 cpbdur:2 q:31.95 aq:23.25 tex:19007 mv:3010 misc:3271 imb:70 pmb:693 smb:7397 d:- ref:0 ;
in:6693 out:6694 type:b dur:2 cpbdur:2 q:31.95 aq:24.53 tex:296 mv:275 misc:565 imb:5 pmb:33 smb:8122 d:- ref:0 ;
in:6696 out:6695 type:P dur:2 cpbdur:2 q:31.96 aq:23.20 tex:11346 mv:2011 misc:2347 imb:48 pmb:412 smb:7700 d:- ref:0 ;
in:6695 out:6696 type:b dur:2 cpbdur:2 q:31.95 aq:32.60 tex:285 mv:113 misc:458 imb:1 pmb:14 smb:8145 d:- ref:0 ;
in:6698 out:6697 type:P dur:2 cpbdur:2 q:31.96 aq:23.01 tex:19384 mv:3294 misc:3202 imb:93 pmb:686 smb:7381 d:- ref:0 ;
in:6697 out:6698 type:b dur:2 cpbdur:2 q:31.96 aq:33.05 tex:583 mv:205 misc:508 imb:5 pmb:24 smb:8131 d:- ref:0 ;
in:6700 out:6699 type:P dur:2 cpbdur:2 q:31.97 aq:22.78 tex:10274 mv:2071 misc:2255 imb:49 pmb:401 smb:7710 d:- ref:0 ;
in:6699 out:6700 type:b dur:2 cpbdur:2 q:31.96 aq:34.22 tex:192 mv:160 misc:496 imb:2 pmb:22 smb:8136 d:- ref:0 ;
in:6702 out:6701 type:P dur:2 cpbdur:2 q:31.96 aq:22.70 tex:20136 mv:2898 misc:3278 imb:94 pmb:664 smb:7402 d:- ref:0 ;
in:6701 out:6702 type:b dur:2 cpbdur:2 q:31.96 aq:29.10 tex:452 mv:226 misc:530 imb:3 pmb:26 smb:8131 d:- ref:0 ;
in:6704 out:6703 type:P dur:2 cpbdur:2 q:31.97 aq:23.04 tex:11659 mv:2034 misc:2315 imb:48 pmb:425 smb:7687 d:- ref:0 ;
in:6703 out:6704 type:b dur:2 cpbdur:2 q:31.96 aq:28.21 tex:145 mv:171 misc:500 imb:2 pmb:16 smb:8142 d:- ref:0 ;
in:6706 out:6705 type:P dur:2 cpbdur:2 q:31.96 aq:22.90 tex:21151 mv:3132 misc:3205 imb:73 pmb:681 smb:7406 d:- ref:0 ;
in:6705 out:6706 type:b dur:2 cpbdur:2 q:31.97 aq:32.91 tex:215 mv:110 misc:499 imb:2 pmb:20 smb:8138 d:- ref:0 ;
in:6708 out:6707 type:P dur:2 cpbdur:2 q:31.97 aq:23.27 tex:13166 mv:2197 misc:2389 imb:62 pmb:445 smb:7653 d:- ref:0 ;
in:6707 out:6708 type:b dur:2 cpbdur:2 q:31.96 aq:30.10 tex:330 mv:184 misc:502 imb:3 pmb:22 smb:8135 d:- ref:0 ;
in:6710 out:6709 type:P dur:2 cpbdur:2 q:31.96 aq:23.06 tex:20009 mv:3167 misc:3064 imb:96 pmb:650 smb:7414 d:- ref:0 ;
in:6709 out:6710 type:b dur:2 cpbdur:2 q:31.96 aq:30.90 tex:752 mv:339 misc:549 imb:6 pmb:32 smb:8122 d:- ref:0 ;
in:6712 out:6711 type:P dur:2 cpbdur:2 q:31.96 aq:23.47 tex:11501 mv:1962 misc:2257 imb:51 pmb:415 smb:7694 d:- ref:0 ;
in:6711 out:6712 type:b dur:2 cpbdur:2 q:31.96 aq:28.95 tex:225 mv:109 misc:490 imb:2 pmb:16 smb:8142 d:- ref:0 ;
in:6714 out:6713 type:P dur:2 cpbdur:2 q:31.96 aq:22.79 tex:20941 mv:3525 misc:3294 imb:98 pmb:693 smb:7369 d:- ref:0 ;
in:6713 out:6714 type:b dur:2 cpbdur:2 q:31.96 aq:32.89 tex:184 mv:220 misc:524 imb:1 pmb:27 smb:8132 d:- ref:0 ;
in:6716 out:6715 type:P dur:2 cpbdur:2 q:31.96 aq:23.14 tex:10072 mv:1760 misc:2104 imb:37 pmb:375 smb:7748 d:- ref:0 ;
in:6715 out:6716 type:b dur:2 cpbdur:2 q:31.96 aq:31.00 tex:0 mv:0 misc:384 imb:0 pmb:0 smb:8160 d:- ref:0 ;
in:6718 out:6717 type:P dur:2 cpbdur:2 q:31.96 aq:22.45 tex:16743 mv:2335 misc:3010 imb:75 pmb:588 smb:7497 d:- ref:0 ;
in:6717 out:6718 type:b dur:2 cpbdur:2 q:31.96 aq:27.05 tex:49 mv:31 misc:408 imb:1 pmb:2 smb:8157 d:- ref:0 ;
in:6720 out:6719 type:P dur:2 cpbdur:2 q:31.96 aq:23.31 tex:8661 mv:1253 misc:2270 imb:42 pmb:342 smb:7776 d:- ref:0 ;
in:6719 out:6720 type:b dur:2 cpbdur:2 q:31.96 aq:24.71 tex:79 mv:43 misc:430 imb:3 pmb:3 smb:8154 d:- ref:0 ;
in:6722 out:6721 type:P dur:2 cpbdur:2 q:31.95 aq:23.19 tex:14147 mv:2134 misc:3095 imb:58 pmb:550 smb:7552 d:- ref:0 ;
in:6721 out:6722 type:b dur:2 cpbdur:2 q:31.96 aq:30.24 tex:127 mv:73 misc:440 imb:4 pmb:4 smb:8152 d:- ref:0 ;
in:6724 out:6723 type:P dur:2 cpbdur:2 q:31.96 aq:23.92 tex:11407 mv:2240 misc:2425 imb:42 pmb:470 smb:7648 d:- ref:0 ;
in:6723 out:6724 type:b dur:2 cpbdur:2 q:31.96 aq:32.59 tex:254 mv:143 misc:499 imb:7 pmb:12 smb:8141 d:- ref:0 ;
in:6726 out:6725 type:P dur:2 cpbdur:2 q:31.96 aq:23.25 tex:21123 mv:3252 misc:3481 imb:74 pmb:749 smb:7337 d:- ref:0 ;
in:6725 out:6726 type:b dur:2 cpbdur:2 q:31.96 aq:33.60 tex:301 mv:278 misc:541 imb:2 pmb:30 smb:8128 d:- ref:0 ;
in:6728 out:6727 type:P dur:2 cpbdur:2 q:31.98 aq:23.39 tex:16121 mv:2827 misc:2596 imb:62 pmb:545 smb:7553 d:- ref:0 ;
in:6727 out:6728 type:b dur:2 cpbdur:2 q:31.97 aq:34.46 tex:682 mv:279 misc:535 imb:0 pmb:36 smb:8124 d:- ref:0 ;
in:6730 out:6729 type:P dur:2 cpbdur:2 q:31.98 aq:22.56 tex:23305 mv:3466 misc:3213 imb:112 pmb:710 smb:7338 d:- ref:0 ;
in:6729 out:6730 type:b dur:2 cpbdur:2 q:31.98 aq:31.96 tex:424 mv:124 misc:468 imb:1 pmb:19 smb:8140 d:- ref:0 ;
in:6732 out:6731 type:P dur:2 cpbdur:2 q:31.98 aq:22.62 tex:21472 mv:3283 misc:2429 imb:78 pmb:544 smb:7538 d:- ref:0 ;
in:6731 out:6732 type:b dur:2 cpbdur:2 q:31.98 aq:30.80 tex:262 mv:447 misc:595 imb:5 pmb:44 smb:8111 d:- ref:0 ;
in:6734 out:6733 type:P dur:2 cpbdur:2 q:31.99 aq:23.02 tex:21736 mv:3261 misc:3323 imb:86 pmb:737 smb:7337 d:- ref:0 ;
in:6733 out:6734 type:b dur:2 cpbdur:2 q:31.98 aq:30.10 tex:23 mv:14 misc:403 imb:1 pmb:1 smb:8158 d:- ref:0 ;
in:6736 out:6735 type:P dur:2 cpbdur:2 q:31.99 aq:23.94 tex:13828 mv:1236 misc:2232 imb:27 pmb:399 smb:7734 d:- ref:0 ;
in:6735 out:6736 type:b dur:2 cpbdur:2 q:31.99 aq:27.83 tex:125 mv:80 misc:459 imb:5 pmb:9 smb:8146 d:- ref:0 ;
in:6738 out:6737 type:P dur:2 cpbdur:2 q:31.98 aq:23.28 tex:18597 mv:1938 misc:2961 imb:61 pmb:579 smb:7520 d:- ref:0 ;
in:6737 out:6738 type:b dur:2 cpbdur:2 q:31.98 aq:30.91 tex:89 mv:60 misc:427 imb:5 pmb:2 smb:8153 d:- ref:0 ;
in:6740 out:6739 type:P dur:2 cpbdur:2 q:31.97 aq:23.17 tex:9216 mv:1045 misc:2075 imb:31 pmb:326 smb:7803 d:- ref:0 ;
in:6739 out:6740 type:b dur:2 cpbdur:2 q:31.97 aq:30.04 tex:51 mv:10 misc:411 imb:0 pmb:3 smb:8157 d:- ref:0 ;
in:6742 out:6741 type:P dur:2 cpbdur:2 q:31.96 aq:22.69 tex:20319 mv:2284 misc:3285 imb:92 pmb:657 smb:7411 d:- ref:0 ;
in:6741 out:6742 type:b dur:2 cpbdur:2 q:31.97 aq:30.89 tex:79 mv:41 misc:416 imb:3 pmb:2 smb:8155 d:- ref:0 ;
in:6744 out:6743 type:P dur:2 cpbdur:2 q:31.96 aq:22.91 tex:9017 mv:1126 misc:2209 imb:39 pmb:343 smb:7778 d:- ref:0 ;
in:6743 out:6744 type:b dur:2 cpbdur:2 q:31.96 aq:31.00 tex:1 mv:5 misc:394 imb:0 pmb:1 smb:8159 d:- ref:0 ;
in:6746 out:6745 type:P dur:2 cpbdur:2 q:31.96 aq:22.78 tex:19096 mv:2143 misc:3321 imb:82 pmb:641 smb:7437 d:- ref:0 ;
in:6745 out:6746 type:b dur:2 cpbdur:2 q:31.96 aq:31.00 tex:1 mv:5 misc:394 imb:0 pmb:1 smb:8159 d:- ref:0 ;
in:6748 out:6747 type:P dur:2 cpbdur:2 q:31.96 aq:23.51 tex:9319 mv:994 misc:2199 imb:34 pmb:327 smb:7799 d:- ref:0 ;
in:6747 out:6748 type:b dur:2 cpbdur:2 q:31.96 aq:23.73 tex:87 mv:41 misc:424 imb:3 pmb:2 smb:8155 d:- ref:0 ;
in:6749 out:6749 type:P dur:2 cpbdur:2 q:31.96 aq:29.08 tex:143 mv:49 misc:464 imb:6 pmb:2 smb:8152 d:- ref:0 ;
in:6750 out:6750 type:I dur:2 cpbdur:2 q:29.06 aq:19.89 tex:518424 mv:143771 misc:709 imb:8160 pmb:0 smb:0 d:- ref:;
in:6752 out:6751 type:P dur:2 cpbdur:2 q:32.48 aq:23.12 tex:4924 mv:629 misc:1487 imb:32 pmb:161 smb:7967 d:- ref:0 ;
in:6751 out:6752 type:b dur:2 cpbdur:2 q:32.48 aq:26.03 tex:23 mv:11 misc:398 imb:1 pmb:0 smb:8159 d:- ref:0 ;
in:6754 out:6753 type:P dur:2 cpbdur:2 q:32.48 aq:22.61 tex:13466 mv:1854 misc:2768 imb:84 pmb:450 smb:7626 d:- ref:0 ;
in:6753 out:6754 type:b dur:2 cpbdur:2 q:32.48 aq:21.44 tex:93 mv:88 misc:459 imb:8 pmb:2 smb:8150 d:- ref:0 ;
in:6756 out:6755 type:P dur:2 cpbdur:2 q:32.48 aq:23.26 tex:6738 mv:781 misc:1801 imb:43 pmb:225 smb:7892 d:- ref:0 ;
in:6755 out:6756 type:b dur:2 cpbdur:2 q:32.48 aq:25.21 tex:52 mv:29 misc:415 imb:2 pmb:2 smb:8156 d:- ref:0 ;
in:6758 out:6757 type:P dur:2 cpbdur:2 q:32.46 aq:23.42 tex:14860 mv:1769 misc:2843 imb:77 pmb:484 smb:7599 d:- ref:0 ;
in:6757 out:6758 type:b dur:2 cpbdur:2 q:32.47 aq:23.77 tex:88 mv:52 misc:428 imb:2 pmb:4 smb:8154 d:- ref:0 ;
in:6760 out:6759 type:P dur:2 cpbdur:2 q:32.46 aq:24.39 tex:6447 mv:830 misc:1755 imb:29 pmb:236 smb:7895 d:- ref:0 ;
in:6759 out:6760 type:b dur:2 cpbdur:2 q:32.46 aq:30.61 tex:87 mv:43 misc:422 imb:3 pmb:2 smb:8155 d:- ref:0 ;
in:6762 out:6761 type:P dur:2 cpbdur:2 q:32.45 aq:22.71 tex:14352 mv:1922 misc:3054 imb:88 pmb:508 smb:7564 d:- ref:0 ;
in:6761 out:6762 type:b dur:2 cpbdur:2 q:32.45 aq:27.66 tex:118 mv:59 misc:439 imb:2 pmb:5 smb:8153 d:- ref:0 ;
in:6764 out:6763 type:P dur:2 cpbdur:2 q:32.45 aq:24.26 tex:5757 mv:824 misc:1731 imb:22 pmb:239 smb:7899 d:- ref:0 ;
in:6763 out:6764 type:b dur:2 cpbdur:2 q:32.45 aq:31.74 tex:75 mv:16 misc:405 imb:1 pmb:1 smb:8158 d:- ref:0 ;
in:6766 out:6765 type:P dur:2 cpbdur:2 q:32.44 aq:23.47 tex:14703 mv:1705 misc:2680 imb:66 pmb:449 smb:7645 d:- ref:0 ;
in:6765 out:6766 type:b dur:2 cpbdur:2 q:32.44 aq:20.86 tex:113 mv:70 misc:441 imb:5 pmb:6 smb:8149 d:- ref:0 ;
in:6768 out:6767 type:P dur:2 cpbdur:2 q:32.44 aq:23.49 tex:6399 mv:934 misc:1939 imb:33 pmb:257 smb:7870 d:- ref:0 ;
in:6767 out:6768 type:b dur:2 cpbdur:2 q:32.44 aq:32.00 tex:27 mv:10 misc:411 imb:0 pmb:3 smb:8157 d:- ref:0 ;
in:6770 out:6769 type:P dur:2 cpbdur:2 q:32.50 aq:23.40 tex:12166 mv:1526 misc:2564 imb:42 pmb:442 smb:7676 d:- ref:0 ;
in:6769 out:6770 type:b dur:2 cpbdur:2 q:32.47 aq:31.88 tex:66 mv:47 misc:423 imb:4 pmb:1 smb:8155 d:- ref:0 ;
in:6772 out:6771 type:P dur:2 cpbdur:2 q:32.50 aq:23.46 tex:6013 mv:761 misc:1738 imb:14 pmb:248 smb:7898 d:- ref:0 ;
in:6771 out:6772 type:b dur:2 cpbdur:2 q:32.50 aq:23.47 tex:28 mv:33 misc:411 imb:3 pmb:0 smb:8157 d:- ref:0 ;
in:6774 out:6773 type:P dur:2 cpbdur:2 q:32.49 aq:23.31 tex:11955 mv:1541 misc:2688 imb:63 pmb:459 smb:7638 d:- ref:0 ;
in:6773 out:6774 type:b dur:2 cpbdur:2 q:32.49 aq:30.47 tex:96 mv:20 misc:412 imb:1 pmb:2 smb:8157 d:- ref:0 ;
in:6776 out:6775 type:P dur:2 cpbdur:2 q:32.49 aq:24.19 tex:6151 mv:916 misc:1789 imb:31 pmb:240 smb:7889 d:- ref:0 ;
in:6775 out:6776 type:b dur:2 cpbdur:2 q:32.49 aq:31.97 tex:29 mv:20 misc:407 imb:1 pmb:2 smb:8157 d:- ref:0 ;
in:6778 out:6777 type:P dur:2 cpbdur:2 q:32.48 aq:23.34 tex:14078 mv:1918 misc:2980 imb:84 pmb:496 smb:7580 d:- ref:0 ;
in:6777 out:6778 type:b dur:2 cpbdur:2 q:32.49 aq:18.10 tex:100 mv:48 misc:420 imb:3 pmb:3 smb:8154 d:- ref:0 ;
in:6780 out:6779 type:P dur:2 cpbdur:2 q:32.49 aq:24.40 tex:6497 mv:868 misc:1899 imb:26 pmb:262 smb:7872 d:- ref:0 ;
in:6779 out:6780 type:b dur:2 cpbdur:2 q:32.49 aq:31.94 tex:38 mv:16 misc:402 imb:1 pmb:1 smb:8158 d:- ref:0 ;
in:6782 out:6781 type:P dur:2 cpbdur:2 q:32.48 aq:23.41 tex:13308 mv:1729 misc:2835 imb:77 pmb:482 smb:7601 d:- ref:0 ;
in:6781 out:6782 type:b dur:2 cpbdur:2 q:32.48 aq:26.85 tex:168 mv:56 misc:456 imb:2 pmb:7 smb:8151 d:- ref:0 ;
in:6784 out:6783 type:P dur:2 cpbdur:2 q:32.48 aq:23.79 tex:5658 mv:698 misc:1668 imb:20 pmb:221 smb:7919 d:- ref:0 ;
in:6783 out:6784 type:b dur:2 cpbdur:2 q:32.48 aq:31.88 tex:90 mv:30 misc:416 imb:2 pmb:2 smb:8156 d:- ref:0 ;
in:6786 out:6785 type:P dur:2 cpbdur:2 q:32.47 aq:23.34 tex:12543 mv:1552 misc:2697 imb:52 pmb:444 smb:7664 d:- ref:0 ;
in:6785 out:6786 type:b dur:2 cpbdur:2 q:32.48 aq:23.79 tex:86 mv:66 misc:448 imb:3 pmb:5 smb:8152 d:- ref:0 ;
in:6788 out:6787 type:P dur:2 cpbdur:2 q:32.46 aq:23.72 tex:5652 mv:655 misc:1685 imb:26 pmb:214 smb:7920 d:- ref:0 ;
in:6787 out:6788 type:b dur:2 cpbdur:2 q:32.47 aq:31.72 tex:62 mv:17 misc:401 imb:1 pmb:1 smb:8158 d:- ref:0 ;
in:6790 out:6789 type:P dur:2 cpbdur:2 q:32.45 aq:23.35 tex:12439 mv:1696 misc:2905 imb:71 pmb:474 smb:7615 d:- ref:0 ;
in:6789 out:6790 type:b dur:2 cpbdur:2 q:32.46 aq:23.85 tex:92 mv:40 misc:428 imb:3 pmb:2 smb:8155 d:- ref:0 ;
in:6792 out:6791 type:P dur:2 cpbdur:2 q:32.45 aq:24.88 tex:6343 mv:718 misc:1739 imb:13 pmb:242 smb:7905 d:- ref:0 ;
in:6791 out:6792 type:b dur:2 cpbdur:2 q:32.45 aq:28.56 tex:50 mv:16 misc:406 imb:1 pmb:1 smb:8158 d:- ref:0 ;
in:6794 out:6793 type:P dur:2 cpbdur:2 q:32.44 aq:23.01 tex:12163 mv:1470 misc:2671 imb:54 pmb:437 smb:7669 d:- ref:0 ;
in:6793 out:6794 type:b dur:2 cpbdur:2 q:32.44 aq:30.93 tex:51 mv:54 misc:423 imb:3 pmb:2 smb:8155 d:- ref:0 ;
in:6796 out:6795 type:P dur:2 cpbdur:2 q:32.43 aq:23.39 tex:8327 mv:812 misc:1757 imb:22 pmb:239 smb:7899 d:- ref:0 ;
in:6795 out:6796 type:b dur:2 cpbdur:2 q:32.43 aq:31.00 tex:1 mv:10 misc:397 imb:0 pmb:4 smb:8156 d:- ref:0 ;
in:6798 out:6797 type:P dur:2 cpbdur:2 q:32.41 aq:23.41 tex:12990 mv:1496 misc:2738 imb:63 pmb:459 smb:7638 d:- ref:0 ;
in:6797 out:6798 type:b dur:2 cpbdur:2 q:32.42 aq:26.97 tex:103 mv:26 misc:423 imb:1 pmb:4 smb:8155 d:- ref:0 ;
in:6800 out:6799 type:P dur:2 cpbdur:2 q:32.41 aq:23.57 tex:7177 mv:808 misc:1935 imb:21 pmb:275 smb:7864 d:- ref:0 ;
in:6799 out:6800 type:b dur:2 cpbdur:2 q:32.41 aq:25.27 tex:46 mv:14 misc:404 imb:1 pmb:1 smb:8158 d:- ref:0 ;
in:6802 out:6801 type:P dur:2 cpbdur:2 q:32.40 aq:23.09 tex:13614 mv:1698 misc:2872 imb:57 pmb:512 smb:7591 d:- ref:0 ;
in:6801 out:6802 type:b dur:2 cpbdur:2 q:32.41 aq:22.15 tex:51 mv:27 misc:410 imb:2 pmb:1 smb:8157 d:- ref:0 ;
in:6804 out:6803 type:P dur:2 cpbdur:2 q:32.41 aq:23.96 tex:5581 mv:748 misc:1695 imb:18 pmb:230 smb:7912 d:- ref:0 ;
in:6803 out:6804 type:b dur:2 cpbdur:2 q:32.40 aq:31.00 tex:1 mv:5 misc:394 imb:0 pmb:1 smb:8159 d:- ref:0 ;
in:6806 out:6805 type:P dur:2 cpbdur:2 q:32.39 aq:23.59 tex:12399 mv:1440 misc:2625 imb:55 pmb:445 smb:7660 d:- ref:0 ;
in:6805 out:6806 type:b dur:2 cpbdur:2 q:32.40 aq:30.98 tex:74 mv:23 misc:415 imb:1 pmb:3 smb:8156 d:- ref:0 ;
in:6808 out:6807 type:P dur:2 cpbdur:2 q:32.39 aq:24.22 tex:6905 mv:691 misc:1780 imb:19 pmb:247 smb:7894 d:- ref:0 ;
in:6807 out:6808 type:b dur:2 cpbdur:2 q:32.39 aq:31.00 tex:0 mv:0 misc:384 imb:0 pmb:0 smb:8160 d:- ref:0 ;
in:6810 out:6809 type:P dur:2 cpbdur:2 q:32.38 aq:23.08 tex:13556 mv:1699 misc:2825 imb:63 pmb:471 smb:7626 d:- ref:0 ;
in:6809 out:6810 type:b dur:2 cpbdur:2 q:32.38 aq:26.16 tex:181 mv:62 misc:453 imb:4 pmb:6 smb:8150 d:- ref:0 ;
in:6812 out:6811 type:P dur:2 cpbdur:2 q:32.37 aq:24.27 tex:6131 mv:767 misc:1766 imb:26 pmb:232 smb:7902 d:- ref:0 ;
in:6811 out:6812 type:b dur:2 cpbdur:2 q:32.37 aq:30.98 tex:19 mv:18 misc:403 imb:1 pmb:1 smb:8158 d:- ref:0 ;
in:6814 out:6813 type:P dur:2 cpbdur:2 q:32.36 aq:23.00 tex:12021 mv:1491 misc:2560 imb:49 pmb:437 smb:7674 d:- ref:0 ;
in:6813 out:6814 type:b dur:2 cpbdur:2 q:32.37 aq:30.94 tex:87 mv:34 misc:423 imb:2 pmb:3 smb:8155 d:- ref:0 ;
in:6816 out:6815 type:P dur:2 cpbdur:2 q:32.35 aq:23.33 tex:6386 mv:847 misc:1847 imb:25 pmb:256 smb:7879 d:- ref:0 ;
in:6815 out:6816 type:b dur:2 cpbdur:2 q:32.36 aq:30.98 tex:14 mv:11 misc:391 imb:1 pmb:0 smb:8159 d:- ref:0 ;
in:6818 out:6817 type:P dur:2 cpbdur:2 q:32.34 aq:23.13 tex:11883 mv:1549 misc:2648 imb:55 pmb:429 smb:7676 d:- ref:0 ;
in:6817 out:6818 type:b dur:2 cpbdur:2 q:32.35 aq:30.02 tex:33 mv:19 misc:412 imb:1 pmb:2 smb:8157 d:- ref:0 ;
in:6820 out:6819 type:P dur:2 cpbdur:2 q:32.34 aq:23.88 tex:6288 mv:714 misc:1702 imb:24 pmb:222 smb:7914 d:- ref:0 ;
in:6819 out:6820 type:b dur:2 cpbdur:2 q:32.34 aq:23.35 tex:73 mv:40 misc:423 imb:3 pmb:2 smb:8155 d:- ref:0 ;
in:6822 out:6821 type:P dur:2 cpbdur:2 q:32.33 aq:22.96 tex:13376 mv:1587 misc:2773 imb:48 pmb:473 smb:7639 d:- ref:0 ;
in:6821 out:6822 type:b dur:2 cpbdur:2 q:32.33 aq:28.88 tex:98 mv:41 misc:429 imb:3 pmb:2 smb:8155 d:- ref:0 ;
in:6824 out:6823 type:P dur:2 cpbdur:2 q:32.32 aq:23.10 tex:5755 mv:726 misc:1767 imb:27 pmb:228 smb:7905 d:- ref:0 ;
in:6823 out:6824 type:b dur:2 cpbdur:2 q:32.32 aq:31.00 tex:0 mv:0 misc:384 imb:0 pmb:0 smb:8160 d:- ref:0 ;
in:6826 out:6825 type:P dur:2 cpbdur:2 q:32.31 aq:22.92 tex:14781 mv:1407 misc:2564 imb:49 pmb:418 smb:7693 d:- ref:0 ;
in:6825 out:6826 type:b dur:2 cpbdur:2 q:32.32 aq:30.95 tex:82 mv:20 misc:426 imb:0 pmb:7 smb:8153 d:- ref:0 ;
in:6828 out:6827 type:P dur:2 cpbdur:2 q:32.31 aq:23.01 tex:5884 mv:838 misc:1758 imb:24 pmb:228 smb:7908 d:- ref:0 ;
in:6827 out:6828 type:b dur:2 cpbdur:2 q:32.31 aq:20.98 tex:49 mv:27 misc:412 imb:2 pmb:1 smb:8157 d:- ref:0 ;
in:6830 out:6829 type:P dur:2 cpbdur:2 q:32.30 aq:23.46 tex:13760 mv:1500 misc:2828 imb:54 pmb:480 smb:7626 d:- ref:0 ;
in:6829 out:6830 type:b dur:2 cpbdur:2 q:32.30 aq:27.96 tex:153 mv:30 misc:441 imb:1 pmb:6 smb:8153 d:- ref:0 ;
in:6832 out:6831 type:P dur:2 cpbdur:2 q:32.30 aq:22.83 tex:6162 mv:793 misc:1773 imb:28 pmb:233 smb:7899 d:- ref:0 ;
in:6831 out:6832 type:b dur:2 cpbdur:2 q:32.30 aq:30.97 tex:38 mv:38 misc:412 imb:3 pmb:1 smb:8156 d:- ref:0 ;
in:6834 out:6833 type:P dur:2 cpbdur:2 q:32.28 aq:23.91 tex:13507 mv:1560 misc:2685 imb:45 pmb:485 smb:7630 d:- ref:0 ;
in:6833 out:6834 type:b dur:2 cpbdur:2 q:32.29 aq:23.91 tex:124 mv:52 misc:440 imb:3 pmb:5 smb:8152 d:- ref:0 ;
in:6836 out:6835 type:P dur:2 cpbdur:2 q:32.28 aq:24.60 tex:5879 mv:812 misc:1765 imb:25 pmb:231 smb:7904 d:- ref:0 ;
in:6835 out:6836 type:b dur:2 cpbdur:2 q:32.28 aq:31.00 tex:1 mv:3 misc:396 imb:0 pmb:1 smb:8159 d:- ref:0 ;
in:6838 out:6837 type:P dur:2 cpbdur:2 q:32.27 aq:23.15 tex:14439 mv:1438 misc:2747 imb:53 pmb:479 smb:7628 d:- ref:0 ;
in:6837 out:6838 type:b dur:2 cpbdur:2 q:32.27 aq:30.87 tex:105 mv:22 misc:417 imb:1 pmb:3 smb:8156 d:- ref:0 ;
in:6840 out:6839 type:P dur:2 cpbdur:2 q:32.26 aq:23.42 tex:6574 mv:821 misc:1885 imb:37 pmb:251 smb:7872 d:- ref:0 ;
in:6839 out:6840 type:b dur:2 cpbdur:2 q:32.26 aq:19.07 tex:55 mv:47 misc:418 imb:4 pmb:1 smb:8155 d:- ref:0 ;
in:6842 out:6841 type:P dur:2 cpbdur:2 q:32.26 aq:22.75 tex:13146 mv:1581 misc:2729 imb:44 pmb:485 smb:7631 d:- ref:0 ;
in:6841 out:6842 type:b dur:2 cpbdur:2 q:32.26 aq:24.99 tex:24 mv:22 misc:402 imb:2 pmb:0 smb:8158 d:- ref:0 ;
in:6844 out:6843 type:P dur:2 cpbdur:2 q:32.26 aq:23.19 tex:7364 mv:853 misc:1927 imb:26 pmb:272 smb:7862 d:- ref:0 ;
in:6843 out:6844 type:b dur:2 cpbdur:2 q:32.26 aq:28.14 tex:124 mv:43 misc:433 imb:3 pmb:3 smb:8154 d:- ref:0 ;
in:6846 out:6845 type:P dur:2 cpbdur:2 q:32.25 aq:23.72 tex:13248 mv:1581 misc:2707 imb:47 pmb:472 smb:7641 d:- ref:0 ;
in:6845 out:6846 type:b dur:2 cpbdur:2 q:32.25 aq:23.94 tex:143 mv:81 misc:456 imb:6 pmb:5 smb:8149 d:- ref:0 ;
in:6848 out:6847 type:P dur:2 cpbdur:2 q:32.24 aq:23.91 tex:6389 mv:705 misc:1786 imb:19 pmb:244 smb:7897 d:- ref:0 ;
in:6847 out:6848 type:b dur:2 cpbdur:2 q:32.24 aq:31.00 tex:0 mv:11 misc:397 imb:0 pmb:1 smb:8159 d:- ref:0 ;
in:6850 out:6849 type:P dur:2 cpbdur:2 q:32.23 aq:23.27 tex:12293 mv:1362 misc:2617 imb:43 pmb:442 smb:7675 d:- ref:0 ;
in:6849 out:6850 type:b dur:2 cpbdur:2 q:32.24 aq:30.31 tex:22 mv:11 misc:399 imb:1 pmb:0 smb:8159 d:- ref:0 ;
in:6852 out:6851 type:P dur:2 cpbdur:2 q:32.23 aq:24.50 tex:6146 mv:692 misc:1722 imb:20 pmb:229 smb:7911 d:- ref:0 ;
in:6851 out:6852 type:b dur:2 cpbdur:2 q:32.23 aq:18.41 tex:48 mv:16 misc:408 imb:1 pmb:1 smb:8158 d:- ref:0 ;
in:6854 out:6853 type:P dur:2 cpbdur:2 q:32.22 aq:22.74 tex:13754 mv:1861 misc:2945 imb:55 pmb:540 smb:7565 d:- ref:0 ;
in:6853 out:6854 type:b dur:2 cpbdur:2 q:32.22 aq:29.43 tex:92 mv:32 misc:412 imb:2 pmb:2 smb:8156 d:- ref:0 ;
in:6856 out:6855 type:P dur:2 cpbdur:2 q:32.22 aq:25.01 tex:9693 mv:644 misc:1647 imb:17 pmb:217 smb:7926 d:- ref:0 ;
in:6855 out:6856 type:b dur:2 cpbdur:2 q:32.22 aq:30.94 tex:63 mv:38 misc:435 imb:1 pmb:9 smb:8150 d:- ref:0 ;
in:6858 out:6857 type:P dur:2 cpbdur:2 q:32.21 aq:23.32 tex:13597 mv:1673 misc:2778 imb:47 pmb:489 smb:7624 d:- ref:0 ;
in:6857 out:6858 type:b dur:2 cpbdur:2 q:32.21 aq:30.97 tex:14 mv:11 misc:391 imb:1 pmb:0 smb:8159 d:- ref:0 ;
in:6860 out:6859 type:P dur:2 cpbdur:2 q:32.20 aq:23.47 tex:6850 mv:751 misc:1807 imb:26 pmb:246 smb:7888 d:- ref:0 ;
in:6859 out:6860 type:b dur:2 cpbdur:2 q:32.21 aq:24.21 tex:38 mv:16 misc:402 imb:1 pmb:1 smb:8158 d:- ref:0 ;
in:6862 out:6861 type:P dur:2 cpbdur:2 q:32.19 aq:23.02 tex:14731 mv:1809 misc:2852 imb:62 pmb:509 smb:7589 d:- ref:0 ;
in:6861 out:6862 type:b dur:2 cpbdur:2 q:32.20 aq:30.88 tex:22 mv:11 misc:399 imb:1 pmb:0 smb:8159 d:- ref:0 ;
in:6864 out:6863 type:P dur:2 cpbdur:2 q:32.19 aq:23.45 tex:6119 mv:871 misc:1746 imb:22 pmb:248 smb:7890 d:- ref:0 ;
in:6863 out:6864 type:b dur:2 cpbdur:2 q:32.19 aq:28.88 tex:50 mv:33 misc:413 imb:3 pmb:0 smb:8157 d:- ref:0 ;
in:6866 out:6865 type:P dur:2 cpbdur:2 q:32.18 aq:23.11 tex:13849 mv:1749 misc:2786 imb:59 pmb:486 smb:7615 d:- ref:0 ;
in:6865 out:6866 type:b dur:2 cpbdur:2 q:32.18 aq:30.11 tex:207 mv:44 misc:445 imb:2 pmb:6 smb:8152 d:- ref:0 ;
in:6868 out:6867 type:P dur:2 cpbdur:2 q:32.17 aq:22.90 tex:5050 mv:652 misc:1666 imb:22 pmb:202 smb:7936 d:- ref:0 ;
in:6867 out:6868 type:b dur:2 cpbdur:2 q:32.17 aq:30.91 tex:55 mv:28 misc:405 imb:2 pmb:1 smb:8157 d:- ref:0 ;
in:6870 out:6869 type:P dur:2 cpbdur:2 q:32.16 aq:23.43 tex:11415 mv:1392 misc:2617 imb:39 pmb:448 smb:7673 d:- ref:0 ;
in:6869 out:6870 type:b dur:2 cpbdur:2 q:32.17 aq:30.94 tex:34 mv:17 misc:405 imb:1 pmb:1 smb:8158 d:- ref:0 ;
in:6872 out:6871 type:P dur:2 cpbdur:2 q:32.15 aq:23.79 tex:5876 mv:676 misc:1704 imb:27 pmb:215 smb:7918 d:- ref:0 ;
in:6871 out:6872 type:b dur:2 cpbdur:2 q:32.16 aq:26.07 tex:30 mv:21 misc:405 imb:2 pmb:0 smb:8158 d:- ref:0 ;
in:6874 out:6873 type:P dur:2 cpbdur:2 q:32.14 aq:22.58 tex:13311 mv:1586 misc:2775 imb:61 pmb:474 smb:7625 d:- ref:0 ;
in:6873 out:6874 type:b dur:2 cpbdur:2 q:32.15 aq:30.92 tex:39 mv:27 misc:406 imb:2 pmb:1 smb:8157 d:- ref:0 ;
in:6876 out:6875 type:P dur:2 cpbdur:2 q:32.14 aq:23.17 tex:6072 mv:675 misc:1685 imb:24 pmb:215 smb:7921 d:- ref:0 ;
in:6875 out:6876 type:b dur:2 cpbdur:2 q:32.14 aq:30.91 tex:33 mv:27 misc:412 imb:2 pmb:1 smb:8157 d:- ref:0 ;
in:6878 out:6877 type:P dur:2 cpbdur:2 q:32.13 aq:23.41 tex:11868 mv:1436 misc:2536 imb:55 pmb:413 smb:7692 d:- ref:0 ;
in:6877 out:6878 type:b dur:2 cpbdur:2 q:32.14 aq:26.46 tex:117 mv:51 misc:432 imb:3 pmb:3 smb:8154 d:- ref:0 ;
in:6880 out:6879 type:P dur:2 cpbdur:2 q:32.13 aq:23.42 tex:5887 mv:583 misc:1578 imb:18 pmb:201 smb:7941 d:- ref:0 ;
in:6879 out:6880 type:b dur:2 cpbdur:2 q:32.13 aq:28.77 tex:74 mv:43 misc:427 imb:3 pmb:2 smb:8155 d:- ref:0 ;
in:6882 out:6881 type:P dur:2 cpbdur:2 q:32.12 aq:23.46 tex:12192 mv:1480 misc:2728 imb:67 pmb:415 smb:7678 d:- ref:0 ;
in:6881 out:6882 type:b dur:2 cpbdur:2 q:32.12 aq:31.00 tex:21 mv:5 misc:398 imb:0 pmb:1 smb:8159 d:- ref:0 ;
in:6884 out:6883 type:P dur:2 cpbdur:2 q:32.12 aq:22.97 tex:5690 mv:602 misc:1628 imb:22 pmb:204 smb:7934 d:- ref:0 ;
in:6883 out:6884 type:b dur:2 cpbdur:2 q:32.12 aq:29.47 tex:34 mv:18 misc:404 imb:1 pmb:1 smb:8158 d:- ref:0 ;
in:6886 out:6885 type:P dur:2 cpbdur:2 q:32.11 aq:23.13 tex:13824 mv:1518 misc:2778 imb:65 pmb:440 smb:7655 d:- ref:0 ;
in:6885 out:6886 type:b dur:2 cpbdur:2 q:32.11 aq:30.95 tex:29 mv:15 misc:404 imb:0 pmb:5 smb:8155 d:- ref:0 ;
in:6888 out:6887 type:P dur:2 cpbdur:2 q:32.11 aq:23.14 tex:4874 mv:666 misc:1564 imb:22 pmb:199 smb:7939 d:- ref:0 ;
in:6887 out:6888 type:b dur:2 cpbdur:2 q:32.11 aq:30.95 tex:28 mv:5 misc:399 imb:0 pmb:1 smb:8159 d:- ref:0 ;
in:6890 out:6889 type:P dur:2 cpbdur:2 q:32.09 aq:23.71 tex:10208 mv:1091 misc:2253 imb:52 pmb:352 smb:7756 d:- ref:0 ;
in:6889 out:6890 type:b dur:2 cpbdur:2 q:32.10 aq:30.96 tex:63 mv:19 misc:406 imb:1 pmb:2 smb:8157 d:- ref:0 ;
in:6892 out:6891 type:P dur:2 cpbdur:2 q:32.08 aq:24.06 tex:3999 mv:583 misc:1346 imb:20 pmb:150 smb:7990 d:- ref:0 ;
in:6891 out:6892 type:b dur:2 cpbdur:2 q:32.09 aq:30.95 tex:20 mv:29 misc:407 imb:1 pmb:2 smb:8157 d:- ref:0 ;
in:6894 out:6893 type:P dur:2 cpbdur:2 q:32.06 aq:24.42 tex:12080 mv:1594 misc:2326 imb:35 pmb:440 smb:7685 d:- ref:0 ;
in:6893 out:6894 type:b dur:2 cpbdur:2 q:32.07 aq:32.49 tex:153 mv:124 misc:507 imb:5 pmb:16 smb:8139 d:- ref:0 ;
in:6896 out:6895 type:P dur:2 cpbdur:2 q:32.06 aq:24.28 tex:8751 mv:1354 misc:1759 imb:28 pmb:315 smb:7817 d:- ref:0 ;
in:6895 out:6896 type:b dur:2 cpbdur:2 q:32.06 aq:33.11 tex:109 mv:26 misc:425 imb:1 pmb:4 smb:8155 d:- ref:0 ;
in:6898 out:6897 type:P dur:2 cpbdur:2 q:32.05 aq:25.11 tex:15074 mv:2173 misc:2273 imb:25 pmb:515 smb:7620 d:- ref:0 ;
in:6897 out:6898 type:b dur:2 cpbdur:2 q:32.05 aq:25.46 tex:247 mv:107 misc:470 imb:3 pmb:14 smb:8143 d:- ref:0 ;
in:6902 out:6899 type:P dur:2 cpbdur:2 q:32.04 aq:23.51 tex:32775 mv:4999 misc:4394 imb:116 pmb:1121 smb:6923 d:- ref:0 ;
in:6900 out:6900 type:B dur:2 cpbdur:2 q:32.04 aq:29.61 tex:1794 mv:560 misc:678 imb:5 pmb:78 smb:8077 d:- ref:0 ;
in:6899 out:6901 type:b dur:2 cpbdur:2 q:32.04 aq:29.65 tex:545 mv:156 misc:475 imb:3 pmb:17 smb:8140 d:- ref:0 ;
in:6901 out:6902 type:b dur:2 cpbdur:2 q:32.04 aq:27.29 tex:274 mv:105 misc:453 imb:1 pmb:15 smb:8144 d:- ref:0 ;
in:6904 out:6903 type:P dur:2 cpbdur:2 q:32.16 aq:22.72 tex:18447 mv:3194 misc:3479 imb:108 pmb:673 smb:7379 d:- ref:0 ;
in:6903 out:6904 type:b dur:2 cpbdur:2 q:32.10 aq:32.00 tex:310 mv:121 misc:449 imb:3 pmb:12 smb:8145 d:- ref:0 ;
in:6906 out:6905 type:P dur:2 cpbdur:2 q:32.17 aq:23.97 tex:11369 mv:1994 misc:2397 imb:38 pmb:431 smb:7691 d:- ref:0 ;
in:6905 out:6906 type:b dur:2 cpbdur:2 q:32.16 aq:33.80 tex:114 mv:145 misc:493 imb:3 pmb:21 smb:8136 d:- ref:0 ;
in:6908 out:6907 type:P dur:2 cpbdur:2 q:32.17 aq:22.50 tex:18102 mv:3102 misc:3236 imb:103 pmb:647 smb:7410 d:- ref:0 ;
in:6907 out:6908 type:b dur:2 cpbdur:2 q:32.17 aq:31.00 tex:0 mv:4 misc:396 imb:0 pmb:1 smb:8159 d:- ref:0 ;
in:6910 out:6909 type:P dur:2 cpbdur:2 q:32.17 aq:23.36 tex:11328 mv:2172 misc:2348 imb:40 pmb:455 smb:7665 d:- ref:0 ;
in:6909 out:6910 type:b dur:2 cpbdur:2 q:32.17 aq:28.19 tex:119 mv:88 misc:465 imb:3 pmb:9 smb:8148 d:- ref:0 ;
in:6912 out:6911 type:P dur:2 cpbdur:2 q:32.18 aq:22.83 tex:16469 mv:2658 misc:3257 imb:75 pmb:631 smb:7454 d:- ref:0 ;
in:6911 out:6912 type:b dur:2 cpbdur:2 q:32.17 aq:23.82 tex:147 mv:96 misc:453 imb:6 pmb:4 smb:8150 d:- ref:0 ;
in:6914 out:6913 type:P dur:2 cpbdur:2 q:32.17 aq:23.70 tex:9435 mv:1844 misc:2225 imb:45 pmb:387 smb:7728 d:- ref:0 ;
in:6913 out:6914 type:b dur:2 cpbdur:2 q:32.18 aq:33.09 tex:301 mv:46 misc:437 imb:0 pmb:7 smb:8153 d:- ref:0 ;
in:6916 out:6915 type:P dur:2 cpbdur:2 q:32.18 aq:23.23 tex:19544 mv:2825 misc:3039 imb:74 pmb:630 smb:7456 d:- ref:0 ;
in:6915 out:6916 type:b dur:2 cpbdur:2 q:32.18 aq:31.16 tex:260 mv:118 misc:462 imb:2 pmb:13 smb:8145 d:- ref:0 ;
in:6918 out:6917 type:P dur:2 cpbdur:2 q:32.12 aq:23.32 tex:10999 mv:2084 misc:2237 imb:40 pmb:415 smb:7705 d:- ref:0 ;
in:6917 out:6918 type:b dur:2 cpbdur:2 q:32.15 aq:30.54 tex:472 mv:137 misc:471 imb:2 pmb:20 smb:8138 d:- ref:0 ;
in:6920 out:6919 type:P dur:2 cpbdur:2 q:32.09 aq:23.40 tex:20407 mv:2987 misc:3174 imb:84 pmb:679 smb:7397 d:- ref:0 ;
in:6919 out:6920 type:b dur:2 cpbdur:2 q:32.11 aq:30.91 tex:132 mv:96 misc:428 imb:2 pmb:9 smb:8149 d:- ref:0 ;
in:6922 out:6921 type:P dur:2 cpbdur:2 q:32.04 aq:23.49 tex:11408 mv:1743 misc:2305 imb:37 pmb:405 smb:7718 d:- ref:0 ;
in:6921 out:6922 type:b dur:2 cpbdur:2 q:32.07 aq:32.03 tex:193 mv:54 misc:417 imb:0 pmb:8 smb:8152 d:- ref:0 ;
in:6924 out:6923 type:P dur:2 cpbdur:2 q:32.03 aq:23.33 tex:19380 mv:3255 misc:3253 imb:101 pmb:662 smb:7397 d:- ref:0 ;
in:6923 out:6924 type:b dur:2 cpbdur:2 q:32.04 aq:32.43 tex:163 mv:152 misc:477 imb:1 pmb:20 smb:8139 d:- ref:0 ;
in:6926 out:6925 type:P dur:2 cpbdur:2 q:32.03 aq:23.23 tex:10251 mv:2050 misc:2259 imb:43 pmb:424 smb:7693 d:- ref:0 ;
in:6925 out:6926 type:b dur:2 cpbdur:2 q:32.03 aq:31.17 tex:82 mv:38 misc:440 imb:1 pmb:6 smb:8153 d:- ref:0 ;
in:6928 out:6927 type:P dur:2 cpbdur:2 q:32.03 aq:22.77 tex:19728 mv:3479 misc:3257 imb:116 pmb:684 smb:7360 d:- ref:0 ;
in:6927 out:6928 type:b dur:2 cpbdur:2 q:32.03 aq:17.75 tex:82 mv:137 misc:477 imb:5 pmb:10 smb:8145 d:- ref:0 ;
in:6930 out:6929 type:P dur:2 cpbdur:2 q:32.03 aq:23.17 tex:11303 mv:1847 misc:2338 imb:41 pmb:423 smb:7696 d:- ref:0 ;
in:6929 out:6930 type:b dur:2 cpbdur:2 q:32.03 aq:30.68 tex:79 mv:63 misc:450 imb:2 pmb:6 smb:8152 d:- ref:0 ;
in:6932 out:6931 type:P dur:2 cpbdur:2 q:32.02 aq:22.47 tex:18791 mv:3172 misc:3173 imb:79 pmb:671 smb:7410 d:- ref:0 ;
in:6931 out:6932 type:b dur:2 cpbdur:2 q:32.02 aq:31.76 tex:219 mv:99 misc:466 imb:2 pmb:10 smb:8148 d:- ref:0 ;
in:6934 out:6933 type:P dur:2 cpbdur:2 q:32.02 aq:22.88 tex:10028 mv:1729 misc:2139 imb:40 pmb:384 smb:7736 d:- ref:0 ;
in:6933 out:6934 type:b dur:2 cpbdur:2 q:32.02 aq:30.67 tex:275 mv:98 misc:459 imb:3 pmb:12 smb:8145 d:- ref:0 ;
in:6936 out:6935 type:P dur:2 cpbdur:2 q:32.02 aq:22.73 tex:20030 mv:3099 misc:3279 imb:103 pmb:666 smb:7391 d:- ref:0 ;
in:6935 out:6936 type:b dur:2 cpbdur:2 q:32.02 aq:32.13 tex:572 mv:166 misc:486 imb:1 pmb:23 smb:8136 d:- ref:0 ;
in:6938 out:6937 type:P dur:2 cpbdur:2 q:32.03 aq:23.17 tex:12192 mv:1918 misc:2202 imb:40 pmb:433 smb:7687 d:- ref:0 ;
in:6937 out:6938 type:b dur:2 cpbdur:2 q:32.02 aq:33.15 tex:138 mv:101 misc:433 imb:1 pmb:12 smb:8147 d:- ref:0 ;
in:6940 out:6939 type:P dur:2 cpbdur:2 q:32.01 aq:23.93 tex:18135 mv:2758 misc:2963 imb:60 pmb:647 smb:7453 d:- ref:0 ;
in:6939 out:6940 type:b dur:2 cpbdur:2 q:32.02 aq:29.68 tex:405 mv:161 misc:498 imb:5 pmb:18 smb:8137 d:- ref:0 ;
in:6942 out:6941 type:P dur:2 cpbdur:2 q:32.01 aq:23.42 tex:11655 mv:2014 misc:2275 imb:54 pmb:422 smb:7684 d:- ref:0 ;
in:6941 out:6942 type:b dur:2 cpbdur:2 q:32.01 aq:28.82 tex:183 mv:83 misc:486 imb:3 pmb:13 smb:8144 d:- ref:0 ;
in:6944 out:6943 type:P dur:2 cpbdur:2 q:32.01 aq:22.87 tex:21251 mv:3156 misc:3321 imb:108 pmb:676 smb:7376 d:- ref:0 ;
in:6943 out:6944 type:b dur:2 cpbdur:2 q:32.01 aq:28.35 tex:172 mv:93 misc:455 imb:3 pmb:11 smb:8146 d:- ref:0 ;
in:6946 out:6945 type:P dur:2 cpbdur:2 q:32.02 aq:22.61 tex:11850 mv:1716 misc:2178 imb:37 pmb:377 smb:7746 d:- ref:0 ;
in:6945 out:6946 type:b dur:2 cpbdur:2 q:32.01 aq:32.52 tex:187 mv:45 misc:456 imb:0 pmb:11 smb:8149 d:- ref:0 ;
in:6948 out:6947 type:P dur:2 cpbdur:2 q:32.01 aq:22.51 tex:19354 mv:3024 misc:3326 imb:97 pmb:662 smb:7401 d:- ref:0 ;
in:6947 out:6948 type:b dur:2 cpbdur:2 q:32.02 aq:29.74 tex:163 mv:108 misc:465 imb:4 pmb:9 smb:8147 d:- ref:0 ;
in:6950 out:6949 type:P dur:2 cpbdur:2 q:32.02 aq:23.52 tex:11735 mv:1794 misc:2319 imb:35 pmb:436 smb:7689 d:- ref:0 ;
in:6949 out:6950 type:b dur:2 cpbdur:2 q:32.02 aq:32.63 tex:277 mv:118 misc:453 imb:3 pmb:9 smb:8148 d:- ref:0 ;
in:6952 out:6951 type:P dur:2 cpbdur:2 q:32.01 aq:23.42 tex:20812 mv:2872 misc:3116 imb:77 pmb:647 smb:7436 d:- ref:0 ;
in:6951 out:6952 type:b dur:2 cpbdur:2 q:32.01 aq:34.00 tex:428 mv:174 misc:462 imb:3 pmb:16 smb:8141 d:- ref:0 ;
in:6954 out:6953 type:P dur:2 cpbdur:2 q:32.01 aq:24.14 tex:11635 mv:1950 misc:2127 imb:36 pmb:410 smb:7714 d:- ref:0 ;
in:6953 out:6954 type:b dur:2 cpbdur:2 q:32.01 aq:30.17 tex:304 mv:91 misc:461 imb:0 pmb:14 smb:8146 d:- ref:0 ;
in:6956 out:6955 type:P dur:2 cpbdur:2 q:32.01 aq:22.69 tex:22635 mv:3291 misc:3306 imb:100 pmb:702 smb:7358 d:- ref:0 ;
in:6955 out:6956 type:b dur:2 cpbdur:2 q:32.01 aq:30.94 tex:210 mv:133 misc:457 imb:1 pmb:17 smb:8142 d:- ref:0 ;
in:6958 out:6957 type:P dur:2 cpbdur:2 q:32.03 aq:23.48 tex:12879 mv:1698 misc:2215 imb:39 pmb:416 smb:7705 d:- ref:0 ;
in:6957 out:6958 type:b dur:2 cpbdur:2 q:32.02 aq:32.98 tex:253 mv:128 misc:443 imb:2 pmb:9 smb:8149 d:- ref:0 ;
in:6960 out:6959 type:P dur:2 cpbdur:2 q:32.02 aq:22.92 tex:22487 mv:2847 misc:3210 imb:74 pmb:672 smb:7414 d:- ref:0 ;
in:6959 out:6960 type:b dur:2 cpbdur:2 q:32.03 aq:28.74 tex:95 mv:45 misc:444 imb:1 pmb:7 smb:8152 d:- ref:0 ;
in:6962 out:6961 type:P dur:2 cpbdur:2 q:32.03 aq:23.08 tex:16554 mv:1882 misc:2324 imb:46 pmb:451 smb:7663 d:- ref:0 ;
in:6961 out:6962 type:b dur:2 cpbdur:2 q:32.03 aq:27.52 tex:128 mv:84 misc:484 imb:6 pmb:8 smb:8146 d:- ref:0 ;
in:6964 out:6963 type:P dur:2 cpbdur:2 q:32.02 aq:22.09 tex:21884 mv:2754 misc:3306 imb:80 pmb:705 smb:7375 d:- ref:0 ;
in:6963 out:6964 type:b dur:2 cpbdur:2 q:32.02 aq:29.11 tex:104 mv:26 misc:422 imb:1 pmb:4 smb:8155 d:- ref:0 ;
in:6966 out:6965 type:P dur:2 cpbdur:2 q:32.03 aq:22.86 tex:8577 mv:883 misc:2020 imb:33 pmb:291 smb:7836 d:- ref:0 ;
in:6965 out:6966 type:b dur:2 cpbdur:2 q:32.03 aq:29.57 tex:101 mv:39 misc:428 imb:1 pmb:5 smb:8154 d:- ref:0 ;
in:6968 out:6967 type:P dur:2 cpbdur:2 q:32.02 aq:22.42 tex:17197 mv:1809 misc:2986 imb:64 pmb:575 smb:7521 d:- ref:0 ;
in:6967 out:6968 type:b dur:2 cpbdur:2 q:32.02 aq:22.14 tex:87 mv:44 misc:429 imb:3 pmb:3 smb:8154 d:- ref:0 ;
in:6970 out:6969 type:P dur:2 cpbdur:2 q:32.02 aq:23.45 tex:8587 mv:1014 misc:2063 imb:30 pmb:316 smb:7814 d:- ref:0 ;
in:6969 out:6970 type:b dur:2 cpbdur:2 q:32.02 aq:31.83 tex:77 mv:22 misc:421 imb:1 pmb:3 smb:8156 d:- ref:0 ;
in:6972 out:6971 type:P dur:2 cpbdur:2 q:32.01 aq:22.49 tex:16889 mv:2172 misc:3211 imb:80 pmb:579 smb:7501 d:- ref:0 ;
in:6971 out:6972 type:b dur:2 cpbdur:2 q:32.01 aq:23.95 tex:85 mv:22 misc:421 imb:1 pmb:3 smb:8156 d:- ref:0 ;
in:6974 out:6973 type:P dur:2 cpbdur:2 q:32.01 aq:22.60 tex:7860 mv:979 misc:2089 imb:29 pmb:302 smb:7829 d:- ref:0 ;
in:6973 out:6974 type:b dur:2 cpbdur:2 q:32.01 aq:30.88 tex:22 mv:11 misc:399 imb:1 pmb:0 smb:8159 d:- ref:0 ;
in:6976 out:6975 type:P dur:2 cpbdur:2 q:32.00 aq:23.19 tex:18113 mv:1823 misc:3080 imb:70 pmb:543 smb:7547 d:- ref:0 ;
in:6975 out:6976 type:b dur:2 cpbdur:2 q:32.01 aq:23.91 tex:53 mv:35 misc:424 imb:2 pmb:4 smb:8154 d:- ref:0 ;
in:6978 out:6977 type:P dur:2 cpbdur:2 q:32.01 aq:22.15 tex:9982 mv:1239 misc:2307 imb:33 pmb:376 smb:7751 d:- ref:0 ;
in:6977 out:6978 type:b dur:2 cpbdur:2 q:32.01 aq:30.00 tex:28 mv:17 misc:411 imb:1 pmb:2 smb:8157 d:- ref:0 ;
in:6980 out:6979 type:P dur:2 cpbdur:2 q:32.00 aq:22.65 tex:17918 mv:2053 misc:3157 imb:73 pmb:619 smb:7468 d:- ref:0 ;
in:6979 out:6980 type:b dur:2 cpbdur:2 q:32.01 aq:30.91 tex:125 mv:56 misc:435 imb:3 pmb:4 smb:8153 d:- ref:0 ;
in:6982 out:6981 type:P dur:2 cpbdur:2 q:32.01 aq:24.08 tex:7278 mv:804 misc:1966 imb:24 pmb:282 smb:7854 d:- ref:0 ;
in:6981 out:6982 type:b dur:2 cpbdur:2 q:32.01 aq:30.99 tex:32 mv:8 misc:400 imb:0 pmb:2 smb:8158 d:- ref:0 ;
in:6984 out:6983 type:P dur:2 cpbdur:2 q:32.00 aq:22.70 tex:16312 mv:1782 misc:3002 imb:60 pmb:560 smb:7540 d:- ref:0 ;
in:6983 out:6984 type:b dur:2 cpbdur:2 q:32.01 aq:22.32 tex:131 mv:73 misc:444 imb:5 pmb:3 smb:8152 d:- ref:0 ;
in:6986 out:6985 type:P dur:2 cpbdur:2 q:32.00 aq:22.60 tex:7518 mv:938 misc:2064 imb:33 pmb:285 smb:7842 d:- ref:0 ;
in:6985 out:6986 type:b dur:2 cpbdur:2 q:32.00 aq:31.00 tex:0 mv:0 misc:384 imb:0 pmb:0 smb:8160 d:- ref:0 ;
in:6988 out:6987 type:P dur:2 cpbdur:2 q:32.00 aq:22.41 tex:17095 mv:1913 misc:3080 imb:71 pmb:594 smb:7495 d:- ref:0 ;
in:6987 out:6988 type:b dur:2 cpbdur:2 q:32.00 aq:29.61 tex:37 mv:16 misc:403 imb:1 pmb:1 smb:8158 d:- ref:0 ;
in:6990 out:6989 type:P dur:2 cpbdur:2 q:32.00 aq:23.01 tex:7778 mv:976 misc:2054 imb:28 pmb:304 smb:7828 d:- ref:0 ;
in:6989 out:6990 type:b dur:2 cpbdur:2 q:32.00 aq:23.92 tex:39 mv:42 misc:423 imb:4 pmb:0 smb:8156 d:- ref:0 ;
in:6992 out:6991 type:P dur:2 cpbdur:2 q:31.99 aq:22.65 tex:16009 mv:1917 misc:3066 imb:58 pmb:564 smb:7538 d:- ref:0 ;
in:6991 out:6992 type:b dur:2 cpbdur:2 q:31.99 aq:30.39 tex:223 mv:38 misc:451 imb:1 pmb:9 smb:8150 d:- ref:0 ;
in:6994 out:6993 type:P dur:2 cpbdur:2 q:31.98 aq:23.31 tex:7679 mv:882 misc:2063 imb:27 pmb:290 smb:7843 d:- ref:0 ;
in:6993 out:6994 type:b dur:2 cpbdur:2 q:31.98 aq:20.80 tex:127 mv:60 misc:445 imb:4 pmb:5 smb:8151 d:- ref:0 ;
in:6996 out:6995 type:P dur:2 cpbdur:2 q:31.98 aq:22.67 tex:15675 mv:1879 misc:3110 imb:67 pmb:551 smb:7542 d:- ref:0 ;
in:6995 out:6996 type:b dur:2 cpbdur:2 q:31.98 aq:30.95 tex:55 mv:34 misc:415 imb:1 pmb:3 smb:8156 d:- ref:0 ;
in:6998 out:6997 type:P dur:2 cpbdur:2 q:31.98 aq:22.42 tex:7606 mv:915 misc:1991 imb:41 pmb:276 smb:7843 d:- ref:0 ;
in:6997 out:6998 type:b dur:2 cpbdur:2 q:31.98 aq:28.86 tex:141 mv:60 misc:439 imb:4 pmb:4 smb:8152 d:- ref:0 ;
in:6999 out:6999 type:P dur:2 cpbdur:2 q:31.97 aq:23.82 tex:78 mv:29 misc:445 imb:3 pmb:2 smb:8155 d:- ref:0 ;
in:7000 out:7000 type:I dur:2 cpbdur:2 q:29.09 aq:19.89 tex:515873 mv:142049 misc:686 imb:8160 pmb:0 smb:0 d:- ref:;
in:7002 out:7001 type:P dur:2 cpbdur:2 q:32.49 aq:23.75 tex:3464 mv:424 misc:1160 imb:17 pmb:123 smb:8020 d:- ref:0 ;
in:7001 out:7002 type:b dur:2 cpbdur:2 q:32.49 aq:24.09 tex:28 mv:33 misc:411 imb:3 pmb:0 smb:8157 d:- ref:0 ;
in:7004 out:7003 type:P dur:2 cpbdur:2 q:32.47 aq:23.10 tex:15122 mv:1823 misc:2879 imb:90 pmb:479 smb:7591 d:- ref:0 ;
in:7003 out:7004 type:b dur:2 cpbdur:2 q:32.48 aq:23.38 tex:55 mv:41 misc:432 imb:3 pmb:3 smb:8154 d:- ref:0 ;
in:7006 out:7005 type:P dur:2 cpbdur:2 q:32.46 aq:23.96 tex:7789 mv:767 misc:1724 imb:25 pmb:234 smb:7901 d:- ref:0 ;
in:7005 out:7006 type:b dur:2 cpbdur:2 q:32.47 aq:24.05 tex:74 mv:54 misc:432 imb:3 pmb:6 smb:8151 d:- ref:0 ;
in:7008 out:7007 type:P dur:2 cpbdur:2 q:32.46 aq:23.24 tex:14868 mv:1720 misc:2932 imb:80 pmb:483 smb:7597 d:- ref:0 ;
in:7007 out:7008 type:b dur:2 cpbdur:2 q:32.46 aq:24.24 tex:32 mv:65 misc:439 imb:5 pmb:1 smb:8154 d:- ref:0 ;
in:7010 out:7009 type:P dur:2 cpbdur:2 q:32.46 aq:23.16 tex:8473 mv:1074 misc:2101 imb:37 pmb:307 smb:7816 d:- ref:0 ;
in:7009 out:7010 type:b dur:2 cpbdur:2 q:32.46 aq:31.91 tex:63 mv:42 misc:423 imb:3 pmb:2 smb:8155 d:- ref:0 ;
in:7012 out:7011 type:P dur:2 cpbdur:2 q:32.45 aq:23.28 tex:14699 mv:1809 misc:2900 imb:79 pmb:497 smb:7584 d:- ref:0 ;
in:7011 out:7012 type:b dur:2 cpbdur:2 q:32.45 aq:30.36 tex:91 mv:69 misc:448 imb:5 pmb:3 smb:8152 d:- ref:0 ;
in:7014 out:7013 type:P dur:2 cpbdur:2 q:32.44 aq:24.22 tex:6153 mv:841 misc:1798 imb:32 pmb:239 smb:7889 d:- ref:0 ;
in:7013 out:7014 type:b dur:2 cpbdur:2 q:32.44 aq:23.25 tex:27 mv:32 misc:413 imb:3 pmb:0 smb:8157 d:- ref:0 ;
in:7016 out:7015 type:P dur:2 cpbdur:2 q:32.43 aq:23.36 tex:15074 mv:1730 misc:2892 imb:76 pmb:496 smb:7588 d:- ref:0 ;
in:7015 out:7016 type:b dur:2 cpbdur:2 q:32.44 aq:24.29 tex:103 mv:23 misc:418 imb:1 pmb:3 smb:8156 d:- ref:0 ;
in:7018 out:7017 type:P dur:2 cpbdur:2 q:32.43 aq:24.39 tex:5546 mv:710 misc:1720 imb:28 pmb:213 smb:7919 d:- ref:0 ;
in:7017 out:7018 type:b dur:2 cpbdur:2 q:32.43 aq:24.16 tex:34 mv:43 misc:419 imb:4 pmb:0 smb:8156 d:- ref:0 ;
in:7020 out:7019 type:P dur:2 cpbdur:2 q:32.48 aq:23.92 tex:11977 mv:1708 misc:2691 imb:49 pmb:472 smb:7639 d:- ref:0 ;
in:7019 out:7020 type:b dur:2 cpbdur:2 q:32.46 aq:18.48 tex:56 mv:28 misc:412 imb:2 pmb:1 smb:8157 d:- ref:0 ;
in:7022 out:7021 type:P dur:2 cpbdur:2 q:32.48 aq:24.05 tex:6628 mv:806 misc:1806 imb:23 pmb:245 smb:7892 d:- ref:0 ;
in:7021 out:7022 type:b dur:2 cpbdur:2 q:32.48 aq:31.94 tex:15 mv:12 misc:397 imb:1 pmb:0 smb:8159 d:- ref:0 ;
in:7024 out:7023 type:P dur:2 cpbdur:2 q:32.47 aq:22.95 tex:12975 mv:1638 misc:2731 imb:61 pmb:451 smb:7648 d:- ref:0 ;
in:7023 out:7024 type:b dur:2 cpbdur:2 q:32.48 aq:24.68 tex:85 mv:21 misc:414 imb:1 pmb:2 smb:8157 d:- ref:0 ;
in:7026 out:7025 type:P dur:2 cpbdur:2 q:32.47 aq:23.94 tex:6481 mv:815 misc:1784 imb:26 pmb:244 smb:7890 d:- ref:0 ;
in:7025 out:7026 type:b dur:2 cpbdur:2 q:32.47 aq:31.89 tex:70 mv:20 misc:406 imb:1 pmb:2 smb:8157 d:- ref:0 ;
in:7028 out:7027 type:P dur:2 cpbdur:2 q:32.46 aq:23.30 tex:12733 mv:1596 misc:2767 imb:57 pmb:473 smb:7630 d:- ref:0 ;
in:7027 out:7028 type:b dur:2 cpbdur:2 q:32.47 aq:31.95 tex:27 mv:5 misc:392 imb:0 pmb:1 smb:8159 d:- ref:0 ;
in:7030 out:7029 type:P dur:2 cpbdur:2 q:32.46 aq:23.69 tex:5454 mv:722 misc:1632 imb:21 pmb:207 smb:7932 d:- ref:0 ;
in:7029 out:7030 type:b dur:2 cpbdur:2 q:32.46 aq:19.05 tex:22 mv:12 misc:398 imb:1 pmb:0 smb:8159 d:- ref:0 ;
in:7032 out:7031 type:P dur:2 cpbdur:2 q:32.45 aq:23.08 tex:11956 mv:1394 misc:2610 imb:52 pmb:417 smb:7691 d:- ref:0 ;
in:7031 out:7032 type:b dur:2 cpbdur:2 q:32.45 aq:30.51 tex:130 mv:48 misc:438 imb:3 pmb:4 smb:8153 d:- ref:0 ;
in:7034 out:7033 type:P dur:2 cpbdur:2 q:32.45 aq:22.85 tex:6055 mv:829 misc:1860 imb:24 pmb:252 smb:7884 d:- ref:0 ;
in:7033 out:7034 type:b dur:2 cpbdur:2 q:32.45 aq:23.30 tex:78 mv:40 misc:426 imb:3 pmb:2 smb:8155 d:- ref:0 ;
in:7036 out:7035 type:P dur:2 cpbdur:2 q:32.44 aq:22.83 tex:14828 mv:1742 misc:2830 imb:67 pmb:469 smb:7624 d:- ref:0 ;
in:7035 out:7036 type:b dur:2 cpbdur:2 q:32.44 aq:19.13 tex:73 mv:94 misc:457 imb:4 pmb:8 smb:8148 d:- ref:0 ;
in:7038 out:7037 type:P dur:2 cpbdur:2 q:32.45 aq:23.56 tex:6889 mv:850 misc:1925 imb:23 pmb:276 smb:7861 d:- ref:0 ;
in:7037 out:7038 type:b dur:2 cpbdur:2 q:32.44 aq:19.87 tex:28 mv:56 misc:428 imb:4 pmb:1 smb:8155 d:- ref:0 ;
in:7040 out:7039 type:P dur:2 cpbdur:2 q:32.44 aq:23.39 tex:11792 mv:1691 misc:2805 imb:64 pmb:450 smb:7646 d:- ref:0 ;
in:7039 out:7040 type:b dur:2 cpbdur:2 q:32.44 aq:23.32 tex:62 mv:20 misc:414 imb:1 pmb:2 smb:8157 d:- ref:0 ;
in:7042 out:7041 type:P dur:2 cpbdur:2 q:32.43 aq:22.56 tex:7002 mv:803 misc:1915 imb:25 pmb:271 smb:7864 d:- ref:0 ;
in:7041 out:7042 type:b dur:2 cpbdur:2 q:32.43 aq:24.12 tex:35 mv:22 misc:407 imb:2 pmb:0 smb:8158 d:- ref:0 ;
in:7044 out:7043 type:P dur:2 cpbdur:2 q:32.42 aq:22.89 tex:12801 mv:1661 misc:2802 imb:66 pmb:471 smb:7623 d:- ref:0 ;
in:7043 out:7044 type:b dur:2 cpbdur:2 q:32.43 aq:30.87 tex:91 mv:17 misc:404 imb:1 pmb:1 smb:8158 d:- ref:0 ;
in:7046 out:7045 type:P dur:2 cpbdur:2 q:32.42 aq:23.01 tex:5802 mv:769 misc:1717 imb:25 pmb:227 smb:7908 d:- ref:0 ;
in:7045 out:7046 type:b dur:2 cpbdur:2 q:32.42 aq:22.91 tex:35 mv:22 misc:407 imb:2 pmb:0 smb:8158 d:- ref:0 ;
in:7048 out:7047 type:P dur:2 cpbdur:2 q:32.41 aq:23.00 tex:12767 mv:1436 misc:2581 imb:50 pmb:434 smb:7676 d:- ref:0 ;
in:7047 out:7048 type:b dur:2 cpbdur:2 q:32.41 aq:23.65 tex:42 mv:60 misc:434 imb:6 pmb:0 smb:8154 d:- ref:0 ;
in:7050 out:7049 type:P dur:2 cpbdur:2 q:32.40 aq:22.64 tex:5598 mv:741 misc:1645 imb:24 pmb:205 smb:7931 d:- ref:0 ;
in:7049 out:7050 type:b dur:2 cpbdur:2 q:32.40 aq:31.00 tex:0 mv:0 misc:384 imb:0 pmb:0 smb:8160 d:- ref:0 ;
in:7052 out:7051 type:P dur:2 cpbdur:2 q:32.39 aq:22.59 tex:13010 mv:1602 misc:2820 imb:71 pmb:452 smb:7637 d:- ref:0 ;
in:7051 out:7052 type:b dur:2 cpbdur:2 q:32.39 aq:30.95 tex:77 mv:11 misc:408 imb:0 pmb:3 smb:8157 d:- ref:0 ;
in:7054 out:7053 type:P dur:2 cpbdur:2 q:32.38 aq:23.59 tex:6576 mv:790 misc:1834 imb:24 pmb:250 smb:7886 d:- ref:0 ;
in:7053 out:7054 type:b dur:2 cpbdur:2 q:32.38 aq:26.48 tex:112 mv:24 misc:424 imb:1 pmb:4 smb:8155 d:- ref:0 ;
in:7056 out:7055 type:P dur:2 cpbdur:2 q:32.37 aq:23.12 tex:12411 mv:1584 misc:2701 imb:60 pmb:444 smb:7656 d:- ref:0 ;
in:7055 out:7056 type:b dur:2 cpbdur:2 q:32.38 aq:28.36 tex:110 mv:47 misc:427 imb:2 pmb:4 smb:8154 d:- ref:0 ;
in:7058 out:7057 type:P dur:2 cpbdur:2 q:32.36 aq:23.49 tex:6055 mv:760 misc:1769 imb:25 pmb:233 smb:7902 d:- ref:0 ;
in:7057 out:7058 type:b dur:2 cpbdur:2 q:32.37 aq:30.99 tex:51 mv:9 misc:404 imb:0 pmb:2 smb:8158 d:- ref:0 ;
in:7060 out:7059 type:P dur:2 cpbdur:2 q:32.35 aq:23.28 tex:13464 mv:1529 misc:2639 imb:56 pmb:470 smb:7634 d:- ref:0 ;
in:7059 out:7060 type:b dur:2 cpbdur:2 q:32.36 aq:30.19 tex:65 mv:27 misc:412 imb:2 pmb:1 smb:8157 d:- ref:0 ;
in:7062 out:7061 type:P dur:2 cpbdur:2 q:32.35 aq:24.18 tex:6352 mv:740 misc:1764 imb:18 pmb:247 smb:7895 d:- ref:0 ;
in:7061 out:7062 type:b dur:2 cpbdur:2 q:32.35 aq:30.98 tex:16 mv:11 misc:397 imb:1 pmb:0 smb:8159 d:- ref:0 ;
in:7064 out:7063 type:P dur:2 cpbdur:2 q:32.33 aq:23.33 tex:13735 mv:1578 misc:2823 imb:53 pmb:472 smb:7635 d:- ref:0 ;
in:7063 out:7064 type:b dur:2 cpbdur:2 q:32.34 aq:26.79 tex:88 mv:20 misc:412 imb:1 pmb:2 smb:8157 d:- ref:0 ;
in:7066 out:7065 type:P dur:2 cpbdur:2 q:32.33 aq:24.10 tex:8538 mv:818 misc:1868 imb:28 pmb:261 smb:7871 d:- ref:0 ;
in:7065 out:7066 type:b dur:2 cpbdur:2 q:32.33 aq:32.22 tex:133 mv:47 misc:444 imb:2 pmb:8 smb:8150 d:- ref:0 ;
in:7068 out:7067 type:P dur:2 cpbdur:2 q:32.32 aq:23.68 tex:14038 mv:1692 misc:2926 imb:56 pmb:522 smb:7582 d:- ref:0 ;
in:7067 out:7068 type:b dur:2 cpbdur:2 q:32.33 aq:30.27 tex:28 mv:41 misc:419 imb:3 pmb:1 smb:8156 d:- ref:0 ;
in:7070 out:7069 type:P dur:2 cpbdur:2 q:32.32 aq:24.57 tex:5335 mv:791 misc:1738 imb:21 pmb:231 smb:7908 d:- ref:0 ;
in:7069 out:7070 type:b dur:2 cpbdur:2 q:32.32 aq:30.88 tex:24 mv:22 misc:402 imb:2 pmb:0 smb:8158 d:- ref:0 ;
in:7072 out:7071 type:P dur:2 cpbdur:2 q:32.32 aq:22.82 tex:13328 mv:1685 misc:2963 imb:67 pmb:497 smb:7596 d:- ref:0 ;
in:7071 out:7072 type:b dur:2 cpbdur:2 q:32.32 aq:30.92 tex:54 mv:31 misc:419 imb:2 pmb:2 smb:8156 d:- ref:0 ;
in:7074 out:7073 type:P dur:2 cpbdur:2 q:32.32 aq:23.91 tex:5998 mv:895 misc:1819 imb:31 pmb:238 smb:7891 d:- ref:0 ;
in:7073 out:7074 type:b dur:2 cpbdur:2 q:32.32 aq:30.94 tex:49 mv:21 misc:418 imb:1 pmb:3 smb:8156 d:- ref:0 ;
in:7076 out:7075 type:P dur:2 cpbdur:2 q:32.31 aq:23.13 tex:15365 mv:1992 misc:3067 imb:85 pmb:528 smb:7547 d:- ref:0 ;
in:7075 out:7076 type:b dur:2 cpbdur:2 q:32.31 aq:30.95 tex:72 mv:22 misc:418 imb:1 pmb:3 smb:8156 d:- ref:0 ;
in:7078 out:7077 type:P dur:2 cpbdur:2 q:32.31 aq:24.59 tex:6908 mv:789 misc:1863 imb:19 pmb:264 smb:7877 d:- ref:0 ;
in:7077 out:7078 type:b dur:2 cpbdur:2 q:32.31 aq:29.97 tex:68 mv:34 misc:426 imb:2 pmb:3 smb:8155 d:- ref:0 ;
in:7080 out:7079 type:P dur:2 cpbdur:2 q:32.29 aq:23.53 tex:14004 mv:1518 misc:2686 imb:48 pmb:474 smb:7638 d:- ref:0 ;
in:7079 out:7080 type:b dur:2 cpbdur:2 q:32.30 aq:30.91 tex:38 mv:16 misc:402 imb:1 pmb:1 smb:8158 d:- ref:0 ;
in:7082 out:7081 type:P dur:2 cpbdur:2 q:32.29 aq:23.23 tex:6004 mv:770 misc:1778 imb:28 pmb:231 smb:7901 d:- ref:0 ;
in:7081 out:7082 type:b dur:2 cpbdur:2 q:32.29 aq:30.95 tex:36 mv:16 misc:404 imb:1 pmb:1 smb:8158 d:- ref:0 ;
in:7084 out:7083 type:P dur:2 cpbdur:2 q:32.27 aq:22.58 tex:12628 mv:1318 misc:2542 imb:47 pmb:424 smb:7689 d:- ref:0 ;
in:7083 out:7084 type:b dur:2 cpbdur:2 q:32.28 aq:20.21 tex:61 mv:60 misc:431 imb:6 pmb:0 smb:8154 d:- ref:0 ;
in:7086 out:7085 type:P dur:2 cpbdur:2 q:32.27 aq:23.64 tex:6295 mv:649 misc:1672 imb:26 pmb:219 smb:7915 d:- ref:0 ;
in:7085 out:7086 type:b dur:2 cpbdur:2 q:32.27 aq:30.87 tex:33 mv:45 misc:410 imb:3 pmb:1 smb:8156 d:- ref:0 ;
in:7088 out:7087 type:P dur:2 cpbdur:2 q:32.25 aq:23.68 tex:13520 mv:1538 misc:2742 imb:52 pmb:464 smb:7644 d:- ref:0 ;
in:7087 out:7088 type:b dur:2 cpbdur:2 q:32.26 aq:30.94 tex:13 mv:11 misc:392 imb:1 pmb:0 smb:8159 d:- ref:0 ;
in:7090 out:7089 type:P dur:2 cpbdur:2 q:32.24 aq:23.34 tex:5577 mv:761 misc:1726 imb:25 pmb:234 smb:7901 d:- ref:0 ;
in:7089 out:7090 type:b dur:2 cpbdur:2 q:32.25 aq:30.85 tex:86 mv:44 misc:430 imb:3 pmb:3 smb:8154 d:- ref:0 ;
in:7092 out:7091 type:P dur:2 cpbdur:2 q:32.23 aq:22.60 tex:15311 mv:1843 misc:3030 imb:61 pmb:551 smb:7548 d:- ref:0 ;
in:7091 out:7092 type:b dur:2 cpbdur:2 q:32.24 aq:19.26 tex:69 mv:28 misc:415 imb:2 pmb:1 smb:8157 d:- ref:0 ;
in:7094 out:7093 type:P dur:2 cpbdur:2 q:32.24 aq:23.91 tex:6450 mv:706 misc:1764 imb:21 pmb:235 smb:7904 d:- ref:0 ;
in:7093 out:7094 type:b dur:2 cpbdur:2 q:32.23 aq:24.51 tex:76 mv:21 misc:407 imb:1 pmb:2 smb:8157 d:- ref:0 ;
in:7096 out:7095 type:P dur:2 cpbdur:2 q:32.23 aq:23.74 tex:16645 mv:1754 misc:2977 imb:55 pmb:524 smb:7581 d:- ref:0 ;
in:7095 out:7096 type:b dur:2 cpbdur:2 q:32.23 aq:26.09 tex:108 mv:54 misc:438 imb:3 pmb:7 smb:8150 d:- ref:0 ;
in:7098 out:7097 type:P dur:2 cpbdur:2 q:32.23 aq:23.68 tex:6741 mv:749 misc:1846 imb:22 pmb:258 smb:7880 d:- ref:0 ;
in:7097 out:7098 type:b dur:2 cpbdur:2 q:32.23 aq:30.97 tex:79 mv:14 misc:419 imb:0 pmb:4 smb:8156 d:- ref:0 ;
in:7100 out:7099 type:P dur:2 cpbdur:2 q:32.22 aq:22.82 tex:14090 mv:1617 misc:2861 imb:64 pmb:489 smb:7607 d:- ref:0 ;
in:7099 out:7100 type:b dur:2 cpbdur:2 q:32.23 aq:29.19 tex:107 mv:36 misc:425 imb:2 pmb:3 smb:8155 d:- ref:0 ;
in:7102 out:7101 type:P dur:2 cpbdur:2 q:32.22 aq:23.76 tex:5874 mv:726 misc:1728 imb:21 pmb:224 smb:7915 d:- ref:0 ;
in:7101 out:7102 type:b dur:2 cpbdur:2 q:32.22 aq:30.87 tex:22 mv:11 misc:399 imb:1 pmb:0 smb:8159 d:- ref:0 ;
in:7104 out:7103 type:P dur:2 cpbdur:2 q:32.21 aq:23.39 tex:12512 mv:1402 misc:2670 imb:54 pmb:448 smb:7658 d:- ref:0 ;
in:7103 out:7104 type:b dur:2 cpbdur:2 q:32.22 aq:21.77 tex:172 mv:57 misc:443 imb:4 pmb:4 smb:8152 d:- ref:0 ;
in:7106 out:7105 type:P dur:2 cpbdur:2 q:32.21 aq:23.45 tex:8121 mv:828 misc:2027 imb:22 pmb:298 smb:7840 d:- ref:0 ;
in:7105 out:7106 type:b dur:2 cpbdur:2 q:32.21 aq:17.38 tex:37 mv:27 misc:416 imb:2 pmb:2 smb:8156 d:- ref:0 ;
in:7108 out:7107 type:P dur:2 cpbdur:2 q:32.20 aq:22.59 tex:15005 mv:1805 misc:2966 imb:68 pmb:529 smb:7563 d:- ref:0 ;
in:7107 out:7108 type:b dur:2 cpbdur:2 q:32.20 aq:30.51 tex:56 mv:33 misc:431 imb:2 pmb:3 smb:8155 d:- ref:0 ;
in:7110 out:7109 type:P dur:2 cpbdur:2 q:32.20 aq:23.70 tex:8079 mv:945 misc:1968 imb:26 pmb:301 smb:7833 d:- ref:0 ;
in:7109 out:7110 type:b dur:2 cpbdur:2 q:32.20 aq:30.93 tex:31 mv:16 misc:401 imb:1 pmb:1 smb:8158 d:- ref:0 ;
in:7112 out:7111 type:P dur:2 cpbdur:2 q:32.19 aq:22.73 tex:15577 mv:1716 misc:2819 imb:58 pmb:517 smb:7585 d:- ref:0 ;
in:7111 out:7112 type:b dur:2 cpbdur:2 q:32.19 aq:30.91 tex:42 mv:42 misc:412 imb:4 pmb:0 smb:8156 d:- ref:0 ;
in:7114 out:7113 type:P dur:2 cpbdur:2 q:32.18 aq:23.29 tex:5853 mv:747 misc:1792 imb:27 pmb:237 smb:7896 d:- ref:0 ;
in:7113 out:7114 type:b dur:2 cpbdur:2 q:32.18 aq:31.00 tex:0 mv:14 misc:394 imb:0 pmb:1 smb:8159 d:- ref:0 ;
in:7116 out:7115 type:P dur:2 cpbdur:2 q:32.17 aq:22.14 tex:13172 mv:1554 misc:2690 imb:68 pmb:444 smb:7648 d:- ref:0 ;
in:7115 out:7116 type:b dur:2 cpbdur:2 q:32.18 aq:30.93 tex:68 mv:32 misc:428 imb:2 pmb:3 smb:8155 d:- ref:0 ;
in:7118 out:7117 type:P dur:2 cpbdur:2 q:32.16 aq:23.44 tex:5875 mv:725 misc:1784 imb:31 pmb:226 smb:7903 d:- ref:0 ;
in:7117 out:7118 type:b dur:2 cpbdur:2 q:32.17 aq:30.95 tex:27 mv:5 misc:392 imb:0 pmb:1 smb:8159 d:- ref:0 ;
in:7120 out:7119 type:P dur:2 cpbdur:2 q:32.15 aq:22.70 tex:13539 mv:1740 misc:2761 imb:59 pmb:485 smb:7616 d:- ref:0 ;
in:7119 out:7120 type:b dur:2 cpbdur:2 q:32.16 aq:29.82 tex:34 mv:5 misc:393 imb:0 pmb:1 smb:8159 d:- ref:0 ;
in:7122 out:7121 type:P dur:2 cpbdur:2 q:32.15 aq:24.13 tex:7083 mv:707 misc:1778 imb:24 pmb:252 smb:7884 d:- ref:0 ;
in:7121 out:7122 type:b dur:2 cpbdur:2 q:32.15 aq:23.59 tex:64 mv:38 misc:418 imb:3 pmb:1 smb:8156 d:- ref:0 ;
in:7124 out:7123 type:P dur:2 cpbdur:2 q:32.14 aq:23.42 tex:13321 mv:1323 misc:2604 imb:49 pmb:435 smb:7676 d:- ref:0 ;
in:7123 out:7124 type:b dur:2 cpbdur:2 q:32.15 aq:28.78 tex:84 mv:33 misc:419 imb:2 pmb:2 smb:8156 d:- ref:0 ;
in:7126 out:7125 type:P dur:2 cpbdur:2 q:32.13 aq:24.02 tex:8257 mv:696 misc:1631 imb:16 pmb:222 smb:7922 d:- ref:0 ;
in:7125 out:7126 type:b dur:2 cpbdur:2 q:32.13 aq:30.01 tex:106 mv:114 misc:468 imb:7 pmb:8 smb:8145 d:- ref:0 ;
in:7128 out:7127 type:P dur:2 cpbdur:2 q:32.12 aq:23.36 tex:13395 mv:1391 misc:2574 imb:55 pmb:455 smb:7650 d:- ref:0 ;
in:7127 out:7128 type:b dur:2 cpbdur:2 q:32.12 aq:30.37 tex:140 mv:24 misc:420 imb:1 pmb:3 smb:8156 d:- ref:0 ;
in:7130 out:7129 type:P dur:2 cpbdur:2 q:32.12 aq:22.61 tex:6975 mv:766 misc:1883 imb:27 pmb:256 smb:7877 d:- ref:0 ;
in:7129 out:7130 type:b dur:2 cpbdur:2 q:32.12 aq:23.66 tex:40 mv:31 misc:417 imb:3 pmb:0 smb:8157 d:- ref:0 ;
in:7132 out:7131 type:P dur:2 cpbdur:2 q:32.11 aq:23.50 tex:13304 mv:1485 misc:2803 imb:74 pmb:461 smb:7625 d:- ref:0 ;
in:7131 out:7132 type:b dur:2 cpbdur:2 q:32.12 aq:30.35 tex:94 mv:32 misc:418 imb:2 pmb:2 smb:8156 d:- ref:0 ;
in:7134 out:7133 type:P dur:2 cpbdur:2 q:32.12 aq:23.55 tex:6663 mv:660 misc:1645 imb:19 pmb:237 smb:7904 d:- ref:0 ;
in:7133 out:7134 type:b dur:2 cpbdur:2 q:32.12 aq:30.93 tex:46 mv:19 misc:407 imb:1 pmb:2 smb:8157 d:- ref:0 ;
in:7136 out:7135 type:P dur:2 cpbdur:2 q:32.11 aq:23.07 tex:12418 mv:1355 misc:2539 imb:61 pmb:423 smb:7676 d:- ref:0 ;
in:7135 out:7136 type:b dur:2 cpbdur:2 q:32.11 aq:30.16 tex:72 mv:22 misc:418 imb:1 pmb:3 smb:8156 d:- ref:0 ;
in:7138 out:7137 type:P dur:2 cpbdur:2 q:32.10 aq:23.56 tex:5783 mv:599 misc:1554 imb:17 pmb:204 smb:7939 d:- ref:0 ;
in:7137 out:7138 type:b dur:2 cpbdur:2 q:32.11 aq:23.99 tex:51 mv:28 misc:409 imb:2 pmb:1 smb:8157 d:- ref:0 ;
in:7140 out:7139 type:P dur:2 cpbdur:2 q:32.10 aq:24.09 tex:10646 mv:1121 misc:2257 imb:35 pmb:373 smb:7752 d:- ref:0 ;
in:7139 out:7140 type:b dur:2 cpbdur:2 q:32.10 aq:27.02 tex:115 mv:71 misc:454 imb:4 pmb:4 smb:8152 d:- ref:0 ;
in:7142 out:7141 type:P dur:2 cpbdur:2 q:32.09 aq:23.75 tex:5747 mv:599 misc:1566 imb:18 pmb:204 smb:7938 d:- ref:0 ;
in:7141 out:7142 type:b dur:2 cpbdur:2 q:32.09 aq:31.00 tex:58 mv:8 misc:406 imb:0 pmb:2 smb:8158 d:- ref:0 ;
in:7144 out:7143 type:P dur:2 cpbdur:2 q:32.09 aq:23.97 tex:12064 mv:1186 misc:2430 imb:38 pmb:414 smb:7708 d:- ref:0 ;
in:7143 out:7144 type:b dur:2 cpbdur:2 q:32.09 aq:31.60 tex:159 mv:69 misc:452 imb:3 pmb:7 smb:8150 d:- ref:0 ;
in:7146 out:7145 type:P dur:2 cpbdur:2 q:32.09 aq:25.34 tex:7085 mv:521 misc:1626 imb:11 pmb:233 smb:7916 d:- ref:0 ;
in:7145 out:7146 type:b dur:2 cpbdur:2 q:32.09 aq:31.79 tex:142 mv:26 misc:424 imb:1 pmb:4 smb:8155 d:- ref:0 ;
in:7148 out:7147 type:P dur:2 cpbdur:2 q:32.08 aq:23.92 tex:13170 mv:1037 misc:2217 imb:24 pmb:396 smb:7740 d:- ref:0 ;
in:7147 out:7148 type:b dur:2 cpbdur:2 q:32.09 aq:29.09 tex:78 mv:45 misc:421 imb:4 pmb:1 smb:8155 d:- ref:0 ;
in:7152 out:7149 type:P dur:2 cpbdur:2 q:32.07 aq:23.50 tex:25203 mv:2867 misc:3946 imb:103 pmb:842 smb:7215 d:- ref:0 ;
in:7150 out:7150 type:B dur:2 cpbdur:2 q:32.08 aq:31.38 tex:341 mv:100 misc:503 imb:7 pmb:12 smb:8141 d:- ref:0 ;
in:7149 out:7151 type:b dur:2 cpbdur:2 q:32.08 aq:30.92 tex:131 mv:89 misc:452 imb:5 pmb:8 smb:8147 d:- ref:0 ;
in:7151 out:7152 type:b dur:2 cpbdur:2 q:32.07 aq:30.94 tex:43 mv:31 misc:414 imb:2 pmb:2 smb:8156 d:- ref:0 ;
in:7154 out:7153 type:P dur:2 cpbdur:2 q:32.20 aq:22.85 tex:16705 mv:2412 misc:3587 imb:115 pmb:624 smb:7421 d:- ref:0 ;
in:7153 out:7154 type:b dur:2 cpbdur:2 q:32.13 aq:30.87 tex:43 mv:51 misc:418 imb:3 pmb:2 smb:8155 d:- ref:0 ;
in:7156 out:7155 type:P dur:2 cpbdur:2 q:32.20 aq:23.12 tex:11689 mv:1087 misc:2264 imb:46 pmb:313 smb:7801 d:- ref:0 ;
in:7155 out:7156 type:b dur:2 cpbdur:2 q:32.20 aq:29.10 tex:31 mv:47 misc:426 imb:2 pmb:6 smb:8152 d:- ref:0 ;
in:7158 out:7157 type:P dur:2 cpbdur:2 q:32.19 aq:22.50 tex:15009 mv:1765 misc:3098 imb:79 pmb:522 smb:7559 d:- ref:0 ;
in:7157 out:7158 type:b dur:2 cpbdur:2 q:32.20 aq:28.45 tex:70 mv:56 misc:434 imb:5 pmb:1 smb:8154 d:- ref:0 ;
in:7160 out:7159 type:P dur:2 cpbdur:2 q:32.18 aq:23.58 tex:7132 mv:976 misc:2012 imb:45 pmb:266 smb:7849 d:- ref:0 ;
in:7159 out:7160 type:b dur:2 cpbdur:2 q:32.19 aq:30.93 tex:31 mv:12 misc:413 imb:0 pmb:3 smb:8157 d:- ref:0 ;
in:7162 out:7161 type:P dur:2 cpbdur:2 q:32.17 aq:22.54 tex:15870 mv:1797 misc:3029 imb:63 pmb:542 smb:7555 d:- ref:0 ;
in:7161 out:7162 type:b dur:2 cpbdur:2 q:32.18 aq:29.11 tex:34 mv:40 misc:414 imb:2 pmb:1 smb:8157 d:- ref:0 ;
in:7164 out:7163 type:P dur:2 cpbdur:2 q:32.16 aq:23.81 tex:7611 mv:1161 misc:2164 imb:38 pmb:306 smb:7816 d:- ref:0 ;
in:7163 out:7164 type:b dur:2 cpbdur:2 q:32.17 aq:30.55 tex:82 mv:56 misc:438 imb:3 pmb:4 smb:8153 d:- ref:0 ;
in:7166 out:7165 type:P dur:2 cpbdur:2 q:32.16 aq:22.67 tex:13751 mv:1912 misc:3057 imb:74 pmb:519 smb:7567 d:- ref:0 ;
in:7165 out:7166 type:b dur:2 cpbdur:2 q:32.16 aq:24.03 tex:25 mv:27 misc:412 imb:2 pmb:1 smb:8157 d:- ref:0 ;
in:7168 out:7167 type:P dur:2 cpbdur:2 q:32.09 aq:23.34 tex:8151 mv:922 misc:2087 imb:30 pmb:310 smb:7820 d:- ref:0 ;
in:7167 out:7168 type:b dur:2 cpbdur:2 q:32.13 aq:30.96 tex:74 mv:28 misc:418 imb:2 pmb:2 smb:8156 d:- ref:0 ;
in:7170 out:7169 type:P dur:2 cpbdur:2 q:32.06 aq:23.27 tex:15858 mv:1754 misc:2988 imb:69 pmb:534 smb:7557 d:- ref:0 ;
in:7169 out:7170 type:b dur:2 cpbdur:2 q:32.08 aq:28.50 tex:109 mv:44 misc:431 imb:3 pmb:3 smb:8154 d:- ref:0 ;
in:7172 out:7171 type:P dur:2 cpbdur:2 q:32.01 aq:22.74 tex:7273 mv:832 misc:1983 imb:23 pmb:275 smb:7862 d:- ref:0 ;
in:7171 out:7172 type:b dur:2 cpbdur:2 q:32.03 aq:19.19 tex:115 mv:36 misc:433 imb:2 pmb:4 smb:8154 d:- ref:0 ;
in:7174 out:7173 type:P dur:2 cpbdur:2 q:32.00 aq:23.09 tex:17182 mv:1801 misc:3145 imb:62 pmb:578 smb:7520 d:- ref:0 ;
in:7173 out:7174 type:b dur:2 cpbdur:2 q:32.00 aq:32.04 tex:58 mv:26 misc:412 imb:1 pmb:2 smb:8157 d:- ref:0 ;
in:7176 out:7175 type:P dur:2 cpbdur:2 q:32.00 aq:23.36 tex:9157 mv:1106 misc:2225 imb:36 pmb:347 smb:7777 d:- ref:0 ;
in:7175 out:7176 type:b dur:2 cpbdur:2 q:32.00 aq:26.97 tex:83 mv:34 misc:419 imb:2 pmb:3 smb:8155 d:- ref:0 ;
in:7178 out:7177 type:P dur:2 cpbdur:2 q:31.99 aq:22.61 tex:17132 mv:1878 misc:3134 imb:62 pmb:573 smb:7525 d:- ref:0 ;
in:7177 out:7178 type:b dur:2 cpbdur:2 q:31.99 aq:25.45 tex:57 mv:41 misc:422 imb:4 pmb:0 smb:8156 d:- ref:0 ;
in:7180 out:7179 type:P dur:2 cpbdur:2 q:31.99 aq:22.91 tex:8482 mv:989 misc:2161 imb:29 pmb:326 smb:7805 d:- ref:0 ;
in:7179 out:7180 type:b dur:2 cpbdur:2 q:31.99 aq:29.64 tex:58 mv:12 misc:410 imb:0 pmb:3 smb:8157 d:- ref:0 ;
in:7182 out:7181 type:P dur:2 cpbdur:2 q:31.98 aq:22.20 tex:16627 mv:1957 misc:3184 imb:76 pmb:575 smb:7509 d:- ref:0 ;
in:7181 out:7182 type:b dur:2 cpbdur:2 q:31.98 aq:30.95 tex:70 mv:52 misc:422 imb:2 pmb:4 smb:8154 d:- ref:0 ;
in:7184 out:7183 type:P dur:2 cpbdur:2 q:31.98 aq:22.52 tex:8272 mv:990 misc:2122 imb:27 pmb:316 smb:7817 d:- ref:0 ;
in:7183 out:7184 type:b dur:2 cpbdur:2 q:31.98 aq:31.00 tex:1 mv:11 misc:396 imb:0 pmb:1 smb:8159 d:- ref:0 ;
in:7186 out:7185 type:P dur:2 cpbdur:2 q:31.97 aq:23.48 tex:17203 mv:1821 misc:3032 imb:54 pmb:559 smb:7547 d:- ref:0 ;
in:7185 out:7186 type:b dur:2 cpbdur:2 q:31.97 aq:30.96 tex:36 mv:26 misc:418 imb:1 pmb:5 smb:8154 d:- ref:0 ;
in:7188 out:7187 type:P dur:2 cpbdur:2 q:31.97 aq:22.20 tex:8182 mv:950 misc:2044 imb:46 pmb:288 smb:7826 d:- ref:0 ;
in:7187 out:7188 type:b dur:2 cpbdur:2 q:31.97 aq:29.56 tex:64 mv:45 misc:419 imb:1 pmb:3 smb:8156 d:- ref:0 ;
in:7190 out:7189 type:P dur:2 cpbdur:2 q:31.96 aq:22.77 tex:16372 mv:1874 misc:3154 imb:53 pmb:588 smb:7519 d:- ref:0 ;
in:7189 out:7190 type:b dur:2 cpbdur:2 q:31.96 aq:20.54 tex:86 mv:78 misc:452 imb:7 pmb:2 smb:8151 d:- ref:0 ;
in:7192 out:7191 type:P dur:2 cpbdur:2 q:31.96 aq:23.40 tex:7198 mv:867 misc:1983 imb:27 pmb:291 smb:7842 d:- ref:0 ;
in:7191 out:7192 type:b dur:2 cpbdur:2 q:31.96 aq:30.98 tex:25 mv:8 misc:407 imb:0 pmb:2 smb:8158 d:- ref:0 ;
in:7194 out:7193 type:P dur:2 cpbdur:2 q:31.95 aq:23.31 tex:16116 mv:1858 misc:3106 imb:53 pmb:576 smb:7531 d:- ref:0 ;
in:7193 out:7194 type:b dur:2 cpbdur:2 q:31.95 aq:30.97 tex:36 mv:31 misc:405 imb:1 pmb:2 smb:8157 d:- ref:0 ;
in:7196 out:7195 type:P dur:2 cpbdur:2 q:31.95 aq:22.53 tex:8542 mv:976 misc:2018 imb:39 pmb:286 smb:7835 d:- ref:0 ;
in:7195 out:7196 type:b dur:2 cpbdur:2 q:31.95 aq:30.93 tex:51 mv:29 misc:408 imb:2 pmb:2 smb:8156 d:- ref:0 ;
in:7198 out:7197 type:P dur:2 cpbdur:2 q:31.93 aq:22.61 tex:17003 mv:1827 misc:3074 imb:69 pmb:572 smb:7519 d:- ref:0 ;
in:7197 out:7198 type:b dur:2 cpbdur:2 q:31.94 aq:30.94 tex:45 mv:41 misc:426 imb:3 pmb:2 smb:8155 d:- ref:0 ;
in:7200 out:7199 type:P dur:2 cpbdur:2 q:31.93 aq:23.30 tex:7084 mv:839 misc:1949 imb:35 pmb:261 smb:7864 d:- ref:0 ;
in:7199 out:7200 type:b dur:2 cpbdur:2 q:31.93 aq:25.92 tex:73 mv:12 misc:411 imb:0 pmb:3 smb:8157 d:- ref:0 ;
in:7202 out:7201 type:P dur:2 cpbdur:2 q:31.92 aq:22.69 tex:16966 mv:1755 misc:3119 imb:72 pmb:556 smb:7532 d:- ref:0 ;
in:7201 out:7202 type:b dur:2 cpbdur:2 q:31.93 aq:30.94 tex:52 mv:31 misc:421 imb:1 pmb:3 smb:8156 d:- ref:0 ;
in:7204 out:7203 type:P dur:2 cpbdur:2 q:31.92 aq:23.81 tex:7682 mv:964 misc:1994 imb:34 pmb:293 smb:7833 d:- ref:0 ;
in:7203 out:7204 type:b dur:2 cpbdur:2 q:31.92 aq:30.20 tex:72 mv:45 misc:419 imb:3 pmb:1 smb:8156 d:- ref:0 ;
in:7206 out:7205 type:P dur:2 cpbdur:2 q:31.91 aq:23.04 tex:16284 mv:1519 misc:2757 imb:51 pmb:514 smb:7595 d:- ref:0 ;
in:7205 out:7206 type:b dur:2 cpbdur:2 q:31.92 aq:23.10 tex:80 mv:50 misc:430 imb:4 pmb:2 smb:8154 d:- ref:0 ;
in:7208 out:7207 type:P dur:2 cpbdur:2 q:31.91 aq:23.31 tex:7595 mv:858 misc:1971 imb:23 pmb:284 smb:7853 d:- ref:0 ;
in:7207 out:7208 type:b dur:2 cpbdur:2 q:31.91 aq:30.93 tex:82 mv:23 misc:415 imb:1 pmb:3 smb:8156 d:- ref:0 ;
in:7210 out:7209 type:P dur:2 cpbdur:2 q:31.90 aq:22.84 tex:17033 mv:1762 misc:3101 imb:70 pmb:567 smb:7523 d:- ref:0 ;
in:7209 out:7210 type:b dur:2 cpbdur:2 q:31.91 aq:30.97 tex:67 mv:15 misc:414 imb:0 pmb:4 smb:8156 d:- ref:0 ;
in:7212 out:7211 type:P dur:2 cpbdur:2 q:31.91 aq:22.73 tex:7756 mv:832 misc:1908 imb:26 pmb:265 smb:7869 d:- ref:0 ;
in:7211 out:7212 type:b dur:2 cpbdur:2 q:31.90 aq:30.94 tex:28 mv:21 misc:407 imb:0 pmb:2 smb:8158 d:- ref:0 ;
in:7214 out:7213 type:P dur:2 cpbdur:2 q:31.90 aq:22.35 tex:16503 mv:1961 misc:3224 imb:81 pmb:586 smb:7493 d:- ref:0 ;
in:7213 out:7214 type:b dur:2 cpbdur:2 q:31.90 aq:30.90 tex:86 mv:19 misc:407 imb:1 pmb:2 smb:8157 d:- ref:0 ;
in:7216 out:7215 type:P dur:2 cpbdur:2 q:31.91 aq:23.55 tex:10827 mv:849 misc:2068 imb:34 pmb:297 smb:7829 d:- ref:0 ;
in:7215 out:7216 type:b dur:2 cpbdur:2 q:31.90 aq:23.54 tex:72 mv:85 misc:451 imb:5 pmb:6 smb:8149 d:- ref:0 ;
in:7218 out:7217 type:P dur:2 cpbdur:2 q:31.90 aq:22.95 tex:16196 mv:1838 misc:3078 imb:58 pmb:565 smb:7537 d:- ref:0 ;
in:7217 out:7218 type:b dur:2 cpbdur:2 q:31.90 aq:23.54 tex:127 mv:41 misc:440 imb:2 pmb:5 smb:8153 d:- ref:0 ;
in:7220 out:7219 type:P dur:2 cpbdur:2 q:31.89 aq:23.59 tex:7534 mv:927 misc:1987 imb:40 pmb:268 smb:7852 d:- ref:0 ;
in:7219 out:7220 type:b dur:2 cpbdur:2 q:31.90 aq:29.90 tex:83 mv:32 misc:421 imb:2 pmb:2 smb:8156 d:- ref:0 ;
in:7222 out:7221 type:P dur:2 cpbdur:2 q:31.89 aq:23.21 tex:16406 mv:1831 misc:3019 imb:63 pmb:550 smb:7547 d:- ref:0 ;
in:7221 out:7222 type:b dur:2 cpbdur:2 q:31.89 aq:26.78 tex:34 mv:49 misc:429 imb:5 pmb:0 smb:8155 d:- ref:0 ;
in:7224 out:7223 type:P dur:2 cpbdur:2 q:31.89 aq:23.22 tex:7510 mv:845 misc:1941 imb:25 pmb:270 smb:7865 d:- ref:0 ;
in:7223 out:7224 type:b dur:2 cpbdur:2 q:31.89 aq:30.88 tex:76 mv:45 misc:431 imb:3 pmb:3 smb:8154 d:- ref:0 ;
in:7226 out:7225 type:P dur:2 cpbdur:2 q:31.88 aq:22.36 tex:16083 mv:1786 misc:3043 imb:78 pmb:540 smb:7542 d:- ref:0 ;
in:7225 out:7226 type:b dur:2 cpbdur:2 q:31.88 aq:32.84 tex:76 mv:41 misc:427 imb:3 pmb:2 smb:8155 d:- ref:0 ;
in:7228 out:7227 type:P dur:2 cpbdur:2 q:31.88 aq:21.86 tex:7248 mv:799 misc:1873 imb:32 pmb:256 smb:7872 d:- ref:0 ;
in:7227 out:7228 type:b dur:2 cpbdur:2 q:31.88 aq:30.94 tex:70 mv:11 misc:407 imb:0 pmb:3 smb:8157 d:- ref:0 ;
in:7230 out:7229 type:P dur:2 cpbdur:2 q:31.87 aq:23.23 tex:16157 mv:1834 misc:3049 imb:66 pmb:540 smb:7554 d:- ref:0 ;
in:7229 out:7230 type:b dur:2 cpbdur:2 q:31.87 aq:27.72 tex:26 mv:32 misc:414 imb:3 pmb:0 smb:8157 d:- ref:0 ;
in:7232 out:7231 type:P dur:2 cpbdur:2 q:31.87 aq:23.51 tex:7394 mv:927 misc:1935 imb:32 pmb:272 smb:7856 d:- ref:0 ;
in:7231 out:7232 type:b dur:2 cpbdur:2 q:31.87 aq:30.92 tex:54 mv:20 misc:414 imb:1 pmb:2 smb:8157 d:- ref:0 ;
in:7234 out:7233 type:P dur:2 cpbdur:2 q:31.86 aq:22.53 tex:15633 mv:1734 misc:3049 imb:68 pmb:534 smb:7558 d:- ref:0 ;
in:7233 out:7234 type:b dur:2 cpbdur:2 q:31.86 aq:20.94 tex:77 mv:57 misc:442 imb:5 pmb:2 smb:8153 d:- ref:0 ;
in:7236 out:7235 type:P dur:2 cpbdur:2 q:31.86 aq:23.10 tex:6901 mv:897 misc:1858 imb:26 pmb:269 smb:7865 d:- ref:0 ;
in:7235 out:7236 type:b dur:2 cpbdur:2 q:31.86 aq:25.40 tex:79 mv:69 misc:444 imb:6 pmb:2 smb:8152 d:- ref:0 ;
in:7238 out:7237 type:P dur:2 cpbdur:2 q:31.86 aq:22.57 tex:16486 mv:1924 misc:3102 imb:65 pmb:577 smb:7518 d:- ref:0 ;
in:7237 out:7238 type:b dur:2 cpbdur:2 q:31.86 aq:21.59 tex:99 mv:33 misc:428 imb:2 pmb:3 smb:8155 d:- ref:0 ;
in:7240 out:7239 type:P dur:2 cpbdur:2 q:31.86 aq:23.35 tex:7634 mv:803 misc:1939 imb:30 pmb:276 smb:7854 d:- ref:0 ;
in:7239 out:7240 type:b dur:2 cpbdur:2 q:31.86 aq:30.94 tex:53 mv:43 misc:416 imb:2 pmb:2 smb:8156 d:- ref:0 ;
in:7242 out:7241 type:P dur:2 cpbdur:2 q:31.85 aq:22.46 tex:15534 mv:1757 misc:2869 imb:58 pmb:509 smb:7593 d:- ref:0 ;
in:7241 out:7242 type:b dur:2 cpbdur:2 q:31.85 aq:31.00 tex:0 mv:6 misc:402 imb:0 pmb:2 smb:8158 d:- ref:0 ;
in:7244 out:7243 type:P dur:2 cpbdur:2 q:31.84 aq:22.99 tex:5637 mv:588 misc:1671 imb:13 pmb:217 smb:7930 d:- ref:0 ;
in:7243 out:7244 type:b dur:2 cpbdur:2 q:31.84 aq:26.01 tex:96 mv:50 misc:430 imb:2 pmb:4 smb:8154 d:- ref:0 ;
in:7246 out:7245 type:P dur:2 cpbdur:2 q:31.83 aq:22.49 tex:18677 mv:1846 misc:3149 imb:62 pmb:580 smb:7518 d:- ref:0 ;
in:7245 out:7246 type:b dur:2 cpbdur:2 q:31.83 aq:22.14 tex:107 mv:84 misc:449 imb:4 pmb:8 smb:8148 d:- ref:0 ;
in:7248 out:7247 type:P dur:2 cpbdur:2 q:31.83 aq:22.63 tex:7790 mv:783 misc:1979 imb:29 pmb:281 smb:7850 d:- ref:0 ;
in:7247 out:7248 type:b dur:2 cpbdur:2 q:31.83 aq:23.88 tex:78 mv:75 misc:439 imb:6 pmb:2 smb:8152 d:- ref:0 ;
in:7249 out:7249 type:P dur:2 cpbdur:2 q:31.82 aq:31.71 tex:119 mv:40 misc:441 imb:4 pmb:2 smb:8154 d:- ref:0 ;
in:7250 out:7250 type:I dur:2 cpbdur:2 q:28.96 aq:19.92 tex:514811 mv:142307 misc:706 imb:8160 pmb:0 smb:0 d:- ref:;
in:7252 out:7251 type:P dur:2 cpbdur:2 q:32.33 aq:23.57 tex:3597 mv:500 misc:1279 imb:29 pmb:121 smb:8010 d:- ref:0 ;
in:7251 out:7252 type:b dur:2 cpbdur:2 q:32.33 aq:23.16 tex:54 mv:41 misc:425 imb:3 pmb:2 smb:8155 d:- ref:0 ;
in:7254 out:7253 type:P dur:2 cpbdur:2 q:32.31 aq:23.25 tex:12475 mv:1747 misc:2802 imb:88 pmb:429 smb:7643 d:- ref:0 ;
in:7253 out:7254 type:b dur:2 cpbdur:2 q:32.32 aq:25.77 tex:96 mv:79 misc:457 imb:5 pmb:4 smb:8151 d:- ref:0 ;
in:7256 out:7255 type:P dur:2 cpbdur:2 q:32.31 aq:23.97 tex:6581 mv:1006 misc:1861 imb:32 pmb:277 smb:7851 d:- ref:0 ;
in:7255 out:7256 type:b dur:2 cpbdur:2 q:32.31 aq:22.94 tex:93 mv:68 misc:455 imb:5 pmb:4 smb:8151 d:- ref:0 ;
in:7258 out:7257 type:P dur:2 cpbdur:2 q:32.30 aq:23.02 tex:12897 mv:1859 misc:2852 imb:86 pmb:458 smb:7616 d:- ref:0 ;
in:7257 out:7258 type:b dur:2 cpbdur:2 q:32.30 aq:23.49 tex:79 mv:63 misc:442 imb:5 pmb:3 smb:8152 d:- ref:0 ;
in:7260 out:7259 type:P dur:2 cpbdur:2 q:32.30 aq:23.04 tex:5992 mv:954 misc:1870 imb:33 pmb:241 smb:7886 d:- ref:0 ;
in:7259 out:7260 type:b dur:2 cpbdur:2 q:32.30 aq:23.94 tex:70 mv:51 misc:423 imb:4 pmb:2 smb:8154 d:- ref:0 ;
in:7262 out:7261 type:P dur:2 cpbdur:2 q:32.29 aq:23.20 tex:17328 mv:2658 misc:3174 imb:82 pmb:632 smb:7446 d:- ref:0 ;
in:7261 out:7262 type:b dur:2 cpbdur:2 q:32.29 aq:24.15 tex:53 mv:105 misc:466 imb:2 pmb:9 smb:8149 d:- ref:0 ;
in:7264 out:7263 type:P dur:2 cpbdur:2 q:32.29 aq:23.97 tex:11572 mv:2051 misc:2345 imb:46 pmb:429 smb:7685 d:- ref:0 ;
in:7263 out:7264 type:b dur:2 cpbdur:2 q:32.29 aq:33.92 tex:605 mv:172 misc:471 imb:5 pmb:15 smb:8140 d:- ref:0 ;
in:7266 out:7265 type:P dur:2 cpbdur:2 q:32.28 aq:23.46 tex:18431 mv:3208 misc:3289 imb:101 pmb:653 smb:7406 d:- ref:0 ;
in:7265 out:7266 type:b dur:2 cpbdur:2 q:32.28 aq:27.14 tex:559 mv:159 misc:474 imb:5 pmb:17 smb:8138 d:- ref:0 ;
in:7268 out:7267 type:P dur:2 cpbdur:2 q:32.29 aq:23.64 tex:12280 mv:2209 misc:2319 imb:50 pmb:435 smb:7675 d:- ref:0 ;
in:7267 out:7268 type:b dur:2 cpbdur:2 q:32.28 aq:25.94 tex:272 mv:177 misc:511 imb:5 pmb:21 smb:8134 d:- ref:0 ;
in:7270 out:7269 type:P dur:2 cpbdur:2 q:32.35 aq:23.05 tex:17866 mv:3101 misc:3201 imb:113 pmb:619 smb:7428 d:- ref:0 ;
in:7269 out:7270 type:b dur:2 cpbdur:2 q:32.32 aq:32.97 tex:188 mv:140 misc:480 imb:3 pmb:13 smb:8144 d:- ref:0 ;
in:7272 out:7271 type:P dur:2 cpbdur:2 q:32.35 aq:24.00 tex:11147 mv:2463 misc:2470 imb:52 pmb:466 smb:7642 d:- ref:0 ;
in:7271 out:7272 type:b dur:2 cpbdur:2 q:32.35 aq:31.98 tex:56 mv:76 misc:436 imb:0 pmb:7 smb:8153 d:- ref:0 ;
in:7274 out:7273 type:P dur:2 cpbdur:2 q:32.34 aq:22.98 tex:17516 mv:3561 misc:3251 imb:87 pmb:688 smb:7385 d:- ref:0 ;
in:7273 out:7274 type:b dur:2 cpbdur:2 q:32.34 aq:29.58 tex:286 mv:110 misc:476 imb:1 pmb:19 smb:8140 d:- ref:0 ;
in:7276 out:7275 type:P dur:2 cpbdur:2 q:32.34 aq:23.64 tex:14554 mv:2213 misc:2433 imb:53 pmb:458 smb:7649 d:- ref:0 ;
in:7275 out:7276 type:b dur:2 cpbdur:2 q:32.34 aq:32.02 tex:336 mv:210 misc:470 imb:2 pmb:20 smb:8138 d:- ref:0 ;
in:7278 out:7277 type:P dur:2 cpbdur:2 q:32.34 aq:23.14 tex:18222 mv:3268 misc:3222 imb:83 pmb:678 smb:7399 d:- ref:0 ;
in:7277 out:7278 type:b dur:2 cpbdur:2 q:32.34 aq:28.96 tex:427 mv:196 misc:489 imb:3 pmb:21 smb:8136 d:- ref:0 ;
in:7280 out:7279 type:P dur:2 cpbdur:2 q:32.34 aq:23.76 tex:12030 mv:2082 misc:2360 imb:45 pmb:443 smb:7672 d:- ref:0 ;
in:7279 out:7280 type:b dur:2 cpbdur:2 q:32.34 aq:30.66 tex:167 mv:157 misc:500 imb:2 pmb:17 smb:8141 d:- ref:0 ;
in:7282 out:7281 type:P dur:2 cpbdur:2 q:32.33 aq:22.75 tex:17337 mv:2923 misc:3028 imb:86 pmb:610 smb:7464 d:- ref:0 ;
in:7281 out:7282 type:b dur:2 cpbdur:2 q:32.34 aq:34.07 tex:104 mv:235 misc:509 imb:2 pmb:23 smb:8135 d:- ref:0 ;
in:7284 out:7283 type:P dur:2 cpbdur:2 q:32.34 aq:22.78 tex:11183 mv:2033 misc:2320 imb:39 pmb:437 smb:7684 d:- ref:0 ;
in:7283 out:7284 type:b dur:2 cpbdur:2 q:32.33 aq:32.89 tex:144 mv:107 misc:501 imb:1 pmb:17 smb:8142 d:- ref:0 ;
in:7286 out:7285 type:P dur:2 cpbdur:2 q:32.33 aq:23.12 tex:17717 mv:3016 misc:3091 imb:99 pmb:636 smb:7425 d:- ref:0 ;
in:7285 out:7286 type:b dur:2 cpbdur:2 q:32.33 aq:31.65 tex:227 mv:180 misc:481 imb:1 pmb:19 smb:8140 d:- ref:0 ;
in:7288 out:7287 type:P dur:2 cpbdur:2 q:32.33 aq:23.69 tex:9001 mv:1728 misc:1975 imb:42 pmb:352 smb:7766 d:- ref:0 ;
in:7287 out:7288 type:b dur:2 cpbdur:2 q:32.33 aq:30.53 tex:463 mv:160 misc:489 imb:2 pmb:21 smb:8137 d:- ref:0 ;
in:7290 out:7289 type:P dur:2 cpbdur:2 q:32.32 aq:23.65 tex:15848 mv:2758 misc:2986 imb:79 pmb:595 smb:7486 d:- ref:0 ;
in:7289 out:7290 type:b dur:2 cpbdur:2 q:32.32 aq:32.57 tex:90 mv:252 misc:578 imb:2 pmb:39 smb:8119 d:- ref:0 ;
in:7292 out:7291 type:P dur:2 cpbdur:2 q:32.32 aq:23.09 tex:10252 mv:1844 misc:2144 imb:44 pmb:381 smb:7735 d:- ref:0 ;
in:7291 out:7292 type:b dur:2 cpbdur:2 q:32.32 aq:33.99 tex:175 mv:90 misc:463 imb:1 pmb:14 smb:8145 d:- ref:0 ;
in:7294 out:7293 type:P dur:2 cpbdur:2 q:32.31 aq:23.44 tex:16878 mv:3095 misc:3107 imb:93 pmb:631 smb:7436 d:- ref:0 ;
in:7293 out:7294 type:b dur:2 cpbdur:2 q:32.32 aq:23.75 tex:75 mv:155 misc:474 imb:1 pmb:18 smb:8141 d:- ref:0 ;
in:7296 out:7295 type:P dur:2 cpbdur:2 q:32.32 aq:23.33 tex:9337 mv:1835 misc:2204 imb:37 pmb:399 smb:7724 d:- ref:0 ;
in:7295 out:7296 type:b dur:2 cpbdur:2 q:32.32 aq:28.05 tex:377 mv:113 misc:446 imb:2 pmb:13 smb:8145 d:- ref:0 ;
in:7298 out:7297 type:P dur:2 cpbdur:2 q:32.31 aq:23.19 tex:16273 mv:2940 misc:3003 imb:80 pmb:599 smb:7481 d:- ref:0 ;
in:7297 out:7298 type:b dur:2 cpbdur:2 q:32.31 aq:31.12 tex:560 mv:251 misc:533 imb:3 pmb:31 smb:8126 d:- ref:0 ;
in:7300 out:7299 type:P dur:2 cpbdur:2 q:32.31 aq:23.92 tex:9729 mv:2128 misc:2183 imb:28 pmb:416 smb:7716 d:- ref:0 ;
in:7299 out:7300 type:b dur:2 cpbdur:2 q:32.31 aq:33.75 tex:132 mv:98 misc:450 imb:0 pmb:12 smb:8148 d:- ref:0 ;
in:7302 out:7301 type:P dur:2 cpbdur:2 q:32.31 aq:23.33 tex:16803 mv:2763 misc:2954 imb:78 pmb:583 smb:7499 d:- ref:0 ;
in:7301 out:7302 type:b dur:2 cpbdur:2 q:32.31 aq:28.84 tex:301 mv:289 misc:578 imb:5 pmb:38 smb:8117 d:- ref:0 ;
in:7304 out:7303 type:P dur:2 cpbdur:2 q:32.31 aq:23.70 tex:8388 mv:1785 misc:2059 imb:32 pmb:356 smb:7772 d:- ref:0 ;
in:7303 out:7304 type:b dur:2 cpbdur:2 q:32.31 aq:33.58 tex:136 mv:21 misc:427 imb:0 pmb:5 smb:8155 d:- ref:0 ;
in:7306 out:7305 type:P dur:2 cpbdur:2 q:32.30 aq:23.00 tex:19921 mv:3108 misc:3067 imb:101 pmb:614 smb:7445 d:- ref:0 ;
in:7305 out:7306 type:b dur:2 cpbdur:2 q:32.31 aq:28.38 tex:427 mv:326 misc:591 imb:6 pmb:36 smb:8118 d:- ref:0 ;
in:7308 out:7307 type:P dur:2 cpbdur:2 q:32.31 aq:23.37 tex:10176 mv:1870 misc:2162 imb:48 pmb:374 smb:7738 d:- ref:0 ;
in:7307 out:7308 type:b dur:2 cpbdur:2 q:32.31 aq:33.78 tex:215 mv:137 misc:480 imb:1 pmb:16 smb:8143 d:- ref:0 ;
in:7310 out:7309 type:P dur:2 cpbdur:2 q:32.30 aq:22.80 tex:18064 mv:2932 misc:2868 imb:85 pmb:587 smb:7488 d:- ref:0 ;
in:7309 out:7310 type:b dur:2 cpbdur:2 q:32.31 aq:29.94 tex:227 mv:319 misc:550 imb:4 pmb:34 smb:8122 d:- ref:0 ;
in:7312 out:7311 type:P dur:2 cpbdur:2 q:32.31 aq:23.34 tex:10911 mv:1893 misc:2276 imb:49 pmb:397 smb:7714 d:- ref:0 ;
in:7311 out:7312 type:b dur:2 cpbdur:2 q:32.31 aq:32.82 tex:198 mv:105 misc:473 imb:0 pmb:14 smb:8146 d:- ref:0 ;
in:7314 out:7313 type:P dur:2 cpbdur:2 q:32.31 aq:23.31 tex:18267 mv:3199 misc:3278 imb:95 pmb:649 smb:7416 d:- ref:0 ;
in:7313 out:7314 type:b dur:2 cpbdur:2 q:32.31 aq:32.74 tex:182 mv:279 misc:555 imb:1 pmb:34 smb:8125 d:- ref:0 ;
in:7316 out:7315 type:P dur:2 cpbdur:2 q:32.31 aq:23.04 tex:10698 mv:1692 misc:2282 imb:41 pmb:399 smb:7720 d:- ref:0 ;
in:7315 out:7316 type:b dur:2 cpbdur:2 q:32.31 aq:29.75 tex:157 mv:58 misc:473 imb:1 pmb:13 smb:8146 d:- ref:0 ;
in:7318 out:7317 type:P dur:2 cpbdur:2 q:32.31 aq:22.44 tex:15744 mv:2338 misc:3142 imb:99 pmb:580 smb:7481 d:- ref:0 ;
in:7317 out:7318 type:b dur:2 cpbdur:2 q:32.31 aq:22.83 tex:27 mv:32 misc:413 imb:3 pmb:0 smb:8157 d:- ref:0 ;
in:7320 out:7319 type:P dur:2 cpbdur:2 q:32.31 aq:23.15 tex:6686 mv:922 misc:1912 imb:27 pmb:266 smb:7867 d:- ref:0 ;
in:7319 out:7320 type:b dur:2 cpbdur:2 q:32.31 aq:23.76 tex:82 mv:42 misc:428 imb:3 pmb:2 smb:8155 d:- ref:0 ;
in:7322 out:7321 type:P dur:2 cpbdur:2 q:32.30 aq:23.72 tex:13359 mv:2101 misc:2780 imb:63 pmb:526 smb:7571 d:- ref:0 ;
in:7321 out:7322 type:b dur:2 cpbdur:2 q:32.31 aq:33.41 tex:109 mv:43 misc:456 imb:0 pmb:10 smb:8150 d:- ref:0 ;
in:7324 out:7323 type:P dur:2 cpbdur:2 q:32.30 aq:23.67 tex:10534 mv:1920 misc:2130 imb:35 pmb:415 smb:7710 d:- ref:0 ;
in:7323 out:7324 type:b dur:2 cpbdur:2 q:32.30 aq:32.29 tex:87 mv:79 misc:450 imb:2 pmb:8 smb:8150 d:- ref:0 ;
in:7326 out:7325 type:P dur:2 cpbdur:2 q:32.30 aq:23.73 tex:18069 mv:2919 misc:2964 imb:64 pmb:636 smb:7460 d:- ref:0 ;
in:7325 out:7326 type:b dur:2 cpbdur:2 q:32.30 aq:34.67 tex:347 mv:228 misc:521 imb:0 pmb:33 smb:8127 d:- ref:0 ;
in:7328 out:7327 type:P dur:2 cpbdur:2 q:32.30 aq:23.35 tex:14293 mv:2711 misc:2300 imb:53 pmb:495 smb:7612 d:- ref:0 ;
in:7327 out:7328 type:b dur:2 cpbdur:2 q:32.30 aq:31.64 tex:436 mv:195 misc:481 imb:2 pmb:20 smb:8138 d:- ref:0 ;
in:7330 out:7329 type:P dur:2 cpbdur:2 q:32.29 aq:23.37 tex:23665 mv:3732 misc:3011 imb:105 pmb:701 smb:7354 d:- ref:0 ;
in:7329 out:7330 type:b dur:2 cpbdur:2 q:32.30 aq:31.58 tex:398 mv:351 misc:555 imb:2 pmb:42 smb:8116 d:- ref:0 ;
in:7332 out:7331 type:P dur:2 cpbdur:2 q:32.30 aq:23.64 tex:14300 mv:2359 misc:2253 imb:41 pmb:482 smb:7637 d:- ref:0 ;
in:7331 out:7332 type:b dur:2 cpbdur:2 q:32.30 aq:24.80 tex:152 mv:161 misc:503 imb:4 pmb:15 smb:8141 d:- ref:0 ;
in:7334 out:7333 type:P dur:2 cpbdur:2 q:32.29 aq:23.50 tex:23380 mv:3026 misc:2970 imb:98 pmb:667 smb:7395 d:- ref:0 ;
in:7333 out:7334 type:b dur:2 cpbdur:2 q:32.29 aq:24.85 tex:67 mv:43 misc:466 imb:1 pmb:11 smb:8148 d:- ref:0 ;
in:7336 out:7335 type:P dur:2 cpbdur:2 q:32.29 aq:24.44 tex:12698 mv:1170 misc:2180 imb:26 pmb:379 smb:7755 d:- ref:0 ;
in:7335 out:7336 type:b dur:2 cpbdur:2 q:32.29 aq:30.94 tex:84 mv:34 misc:434 imb:1 pmb:8 smb:8151 d:- ref:0 ;
in:7338 out:7337 type:P dur:2 cpbdur:2 q:32.29 aq:22.76 tex:17105 mv:2069 misc:3042 imb:67 pmb:594 smb:7499 d:- ref:0 ;
in:7337 out:7338 type:b dur:2 cpbdur:2 q:32.29 aq:30.89 tex:114 mv:61 misc:441 imb:4 pmb:4 smb:8152 d:- ref:0 ;
in:7340 out:7339 type:P dur:2 cpbdur:2 q:32.29 aq:23.75 tex:9017 mv:1098 misc:2125 imb:32 pmb:331 smb:7797 d:- ref:0 ;
in:7339 out:7340 type:b dur:2 cpbdur:2 q:32.29 aq:30.93 tex:185 mv:76 misc:451 imb:3 pmb:7 smb:8150 d:- ref:0 ;
in:7342 out:7341 type:P dur:2 cpbdur:2 q:32.28 aq:23.23 tex:15567 mv:1825 misc:3032 imb:75 pmb:535 smb:7550 d:- ref:0 ;
in:7341 out:7342 type:b dur:2 cpbdur:2 q:32.29 aq:34.40 tex:58 mv:25 misc:413 imb:2 pmb:1 smb:8157 d:- ref:0 ;
in:7344 out:7343 type:P dur:2 cpbdur:2 q:32.28 aq:23.72 tex:8548 mv:1016 misc:2084 imb:27 pmb:312 smb:7821 d:- ref:0 ;
in:7343 out:7344 type:b dur:2 cpbdur:2 q:32.28 aq:31.85 tex:109 mv:37 misc:414 imb:2 pmb:3 smb:8155 d:- ref:0 ;
in:7346 out:7345 type:P dur:2 cpbdur:2 q:32.28 aq:23.04 tex:17195 mv:1863 misc:2902 imb:64 pmb:566 smb:7530 d:- ref:0 ;
in:7345 out:7346 type:b dur:2 cpbdur:2 q:32.28 aq:30.96 tex:22 mv:48 misc:426 imb:3 pmb:2 smb:8155 d:- ref:0 ;
in:7348 out:7347 type:P dur:2 cpbdur:2 q:32.28 aq:23.66 tex:7289 mv:910 misc:1937 imb:33 pmb:270 smb:7857 d:- ref:0 ;
in:7347 out:7348 type:b dur:2 cpbdur:2 q:32.28 aq:30.94 tex:38 mv:27 misc:407 imb:2 pmb:1 smb:8157 d:- ref:0 ;
in:7350 out:7349 type:P dur:2 cpbdur:2 q:32.28 aq:22.80 tex:15104 mv:1867 misc:3045 imb:69 pmb:531 smb:7560 d:- ref:0 ;
in:7349 out:7350 type:b dur:2 cpbdur:2 q:32.28 aq:30.91 tex:60 mv:55 misc:429 imb:3 pmb:3 smb:8154 d:- ref:0 ;
in:7352 out:7351 type:P dur:2 cpbdur:2 q:32.29 aq:23.21 tex:7687 mv:894 misc:1979 imb:36 pmb:277 smb:7847 d:- ref:0 ;
in:7351 out:7352 type:b dur:2 cpbdur:2 q:32.28 aq:30.97 tex:15 mv:11 misc:398 imb:1 pmb:0 smb:8159 d:- ref:0 ;
in:7354 out:7353 type:P dur:2 cpbdur:2 q:32.28 aq:23.62 tex:14205 mv:1626 misc:2809 imb:54 pmb:501 smb:7605 d:- ref:0 ;
in:7353 out:7354 type:b dur:2 cpbdur:2 q:32.28 aq:21.87 tex:97 mv:68 misc:435 imb:3 pmb:4 smb:8153 d:- ref:0 ;
in:7356 out:7355 type:P dur:2 cpbdur:2 q:32.28 aq:24.07 tex:6939 mv:797 misc:1784 imb:28 pmb:247 smb:7885 d:- ref:0 ;
in:7355 out:7356 type:b dur:2 cpbdur:2 q:32.28 aq:23.60 tex:41 mv:27 misc:412 imb:2 pmb:1 smb:8157 d:- ref:0 ;
in:7358 out:7357 type:P dur:2 cpbdur:2 q:32.26 aq:23.53 tex:13291 mv:1469 misc:2640 imb:45 pmb:466 smb:7649 d:- ref:0 ;
in:7357 out:7358 type:b dur:2 cpbdur:2 q:32.27 aq:30.94 tex:90 mv:41 misc:421 imb:3 pmb:2 smb:8155 d:- ref:0 ;
in:7360 out:7359 type:P dur:2 cpbdur:2 q:32.26 aq:23.70 tex:7537 mv:728 misc:1839 imb:19 pmb:266 smb:7875 d:- ref:0 ;
in:7359 out:7360 type:b dur:2 cpbdur:2 q:32.26 aq:31.00 tex:0 mv:15 misc:393 imb:0 pmb:1 smb:8159 d:- ref:0 ;
in:7362 out:7361 type:P dur:2 cpbdur:2 q:32.25 aq:23.78 tex:14446 mv:1566 misc:2828 imb:48 pmb:502 smb:7610 d:- ref:0 ;
in:7361 out:7362 type:b dur:2 cpbdur:2 q:32.25 aq:30.91 tex:56 mv:19 misc:405 imb:1 pmb:2 smb:8157 d:- ref:0 ;
in:7364 out:7363 type:P dur:2 cpbdur:2 q:32.25 aq:24.74 tex:6401 mv:600 misc:1751 imb:11 pmb:243 smb:7906 d:- ref:0 ;
in:7363 out:7364 type:b dur:2 cpbdur:2 q:32.25 aq:30.90 tex:22 mv:11 misc:399 imb:1 pmb:0 smb:8159 d:- ref:0 ;
in:7366 out:7365 type:P dur:2 cpbdur:2 q:32.24 aq:23.05 tex:15591 mv:1756 misc:2813 imb:63 pmb:494 smb:7603 d:- ref:0 ;
in:7365 out:7366 type:b dur:2 cpbdur:2 q:32.25 aq:31.00 tex:1 mv:14 misc:409 imb:0 pmb:5 smb:8155 d:- ref:0 ;
in:7368 out:7367 type:P dur:2 cpbdur:2 q:32.24 aq:24.98 tex:6423 mv:797 misc:1780 imb:21 pmb:243 smb:7896 d:- ref:0 ;
in:7367 out:7368 type:b dur:2 cpbdur:2 q:32.24 aq:30.94 tex:47 mv:33 misc:416 imb:2 pmb:2 smb:8156 d:- ref:0 ;
in:7370 out:7369 type:P dur:2 cpbdur:2 q:32.23 aq:23.48 tex:13057 mv:1355 misc:2532 imb:45 pmb:453 smb:7662 d:- ref:0 ;
in:7369 out:7370 type:b dur:2 cpbdur:2 q:32.24 aq:26.85 tex:61 mv:12 misc:407 imb:0 pmb:3 smb:8157 d:- ref:0 ;
in:7372 out:7371 type:P dur:2 cpbdur:2 q:32.22 aq:23.78 tex:6661 mv:709 misc:1734 imb:31 pmb:231 smb:7898 d:- ref:0 ;
in:7371 out:7372 type:b dur:2 cpbdur:2 q:32.23 aq:29.57 tex:60 mv:22 misc:414 imb:1 pmb:3 smb:8156 d:- ref:0 ;
in:7374 out:7373 type:P dur:2 cpbdur:2 q:32.22 aq:23.86 tex:14133 mv:1494 misc:2773 imb:54 pmb:489 smb:7617 d:- ref:0 ;
in:7373 out:7374 type:b dur:2 cpbdur:2 q:32.22 aq:26.02 tex:75 mv:56 misc:437 imb:5 pmb:1 smb:8154 d:- ref:0 ;
in:7376 out:7375 type:P dur:2 cpbdur:2 q:32.22 aq:23.26 tex:6193 mv:635 misc:1692 imb:18 pmb:228 smb:7914 d:- ref:0 ;
in:7375 out:7376 type:b dur:2 cpbdur:2 q:32.22 aq:30.56 tex:134 mv:28 misc:430 imb:1 pmb:5 smb:8154 d:- ref:0 ;
in:7378 out:7377 type:P dur:2 cpbdur:2 q:32.21 aq:23.15 tex:14201 mv:1433 misc:2734 imb:54 pmb:475 smb:7631 d:- ref:0 ;
in:7377 out:7378 type:b dur:2 cpbdur:2 q:32.22 aq:28.74 tex:73 mv:24 misc:423 imb:1 pmb:3 smb:8156 d:- ref:0 ;
in:7380 out:7379 type:P dur:2 cpbdur:2 q:32.21 aq:23.85 tex:7202 mv:738 misc:1788 imb:25 pmb:254 smb:7881 d:- ref:0 ;
in:7379 out:7380 type:b dur:2 cpbdur:2 q:32.21 aq:24.31 tex:106 mv:22 misc:416 imb:1 pmb:3 smb:8156 d:- ref:0 ;
in:7382 out:7381 type:P dur:2 cpbdur:2 q:32.20 aq:22.87 tex:13871 mv:1605 misc:2644 imb:56 pmb:462 smb:7642 d:- ref:0 ;
in:7381 out:7382 type:b dur:2 cpbdur:2 q:32.20 aq:32.86 tex:108 mv:59 misc:433 imb:3 pmb:4 smb:8153 d:- ref:0 ;
in:7384 out:7383 type:P dur:2 cpbdur:2 q:32.20 aq:23.45 tex:5947 mv:672 misc:1637 imb:25 pmb:207 smb:7928 d:- ref:0 ;
in:7383 out:7384 type:b dur:2 cpbdur:2 q:32.20 aq:30.98 tex:28 mv:5 misc:391 imb:0 pmb:1 smb:8159 d:- ref:0 ;
in:7386 out:7385 type:P dur:2 cpbdur:2 q:32.18 aq:23.05 tex:12547 mv:1296 misc:2485 imb:44 pmb:421 smb:7695 d:- ref:0 ;
in:7385 out:7386 type:b dur:2 cpbdur:2 q:32.19 aq:30.93 tex:58 mv:47 misc:423 imb:3 pmb:2 smb:8155 d:- ref:0 ;
in:7388 out:7387 type:P dur:2 cpbdur:2 q:32.18 aq:23.69 tex:5638 mv:643 misc:1599 imb:24 pmb:199 smb:7937 d:- ref:0 ;
in:7387 out:7388 type:b dur:2 cpbdur:2 q:32.18 aq:30.52 tex:74 mv:41 misc:429 imb:2 pmb:3 smb:8155 d:- ref:0 ;
in:7390 out:7389 type:P dur:2 cpbdur:2 q:32.17 aq:23.18 tex:11838 mv:1223 misc:2483 imb:37 pmb:423 smb:7700 d:- ref:0 ;
in:7389 out:7390 type:b dur:2 cpbdur:2 q:32.18 aq:30.51 tex:85 mv:76 misc:431 imb:3 pmb:3 smb:8154 d:- ref:0 ;
in:7392 out:7391 type:P dur:2 cpbdur:2 q:32.17 aq:25.25 tex:5880 mv:544 misc:1552 imb:15 pmb:205 smb:7940 d:- ref:0 ;
in:7391 out:7392 type:b dur:2 cpbdur:2 q:32.17 aq:30.93 tex:41 mv:23 misc:400 imb:2 pmb:0 smb:8158 d:- ref:0 ;
in:7394 out:7393 type:P dur:2 cpbdur:2 q:32.15 aq:23.48 tex:12040 mv:1149 misc:2371 imb:47 pmb:398 smb:7715 d:- ref:0 ;
in:7393 out:7394 type:b dur:2 cpbdur:2 q:32.16 aq:31.88 tex:74 mv:10 misc:412 imb:0 pmb:3 smb:8157 d:- ref:0 ;
in:7396 out:7395 type:P dur:2 cpbdur:2 q:32.15 aq:25.81 tex:7675 mv:441 misc:1428 imb:10 pmb:185 smb:7965 d:- ref:0 ;
in:7395 out:7396 type:b dur:2 cpbdur:2 q:32.15 aq:29.47 tex:35 mv:27 misc:418 imb:1 pmb:5 smb:8154 d:- ref:0 ;
in:7398 out:7397 type:P dur:2 cpbdur:2 q:32.13 aq:24.35 tex:10927 mv:919 misc:2050 imb:17 pmb:372 smb:7771 d:- ref:0 ;
in:7397 out:7398 type:b dur:2 cpbdur:2 q:32.14 aq:30.92 tex:18 mv:36 misc:410 imb:2 pmb:1 smb:8157 d:- ref:0 ;
in:7402 out:7399 type:P dur:2 cpbdur:2 q:32.12 aq:23.51 tex:26340 mv:3089 misc:4203 imb:95 pmb:924 smb:7141 d:- ref:0 ;
in:7400 out:7400 type:B dur:2 cpbdur:2 q:32.13 aq:29.39 tex:320 mv:63 misc:505 imb:2 pmb:15 smb:8143 d:- ref:0 ;
in:7399 out:7401 type:b dur:2 cpbdur:2 q:32.13 aq:29.86 tex:116 mv:41 misc:443 imb:2 pmb:6 smb:8152 d:- ref:0 ;
in:7401 out:7402 type:b dur:2 cpbdur:2 q:32.12 aq:29.58 tex:59 mv:27 misc:410 imb:2 pmb:1 smb:8157 d:- ref:0 ;
in:7404 out:7403 type:P dur:2 cpbdur:2 q:32.25 aq:22.57 tex:17095 mv:2306 misc:3495 imb:107 pmb:610 smb:7443 d:- ref:0 ;
in:7403 out:7404 type:b dur:2 cpbdur:2 q:32.18 aq:28.00 tex:84 mv:61 misc:431 imb:3 pmb:4 smb:8153 d:- ref:0 ;
in:7406 out:7405 type:P dur:2 cpbdur:2 q:32.25 aq:23.05 tex:7662 mv:983 misc:2187 imb:26 pmb:315 smb:7819 d:- ref:0 ;
in:7405 out:7406 type:b dur:2 cpbdur:2 q:32.25 aq:28.73 tex:63 mv:23 misc:418 imb:1 pmb:3 smb:8156 d:- ref:0 ;
in:7408 out:7407 type:P dur:2 cpbdur:2 q:32.25 aq:22.86 tex:12956 mv:1844 misc:2984 imb:70 pmb:494 smb:7596 d:- ref:0 ;
in:7407 out:7408 type:b dur:2 cpbdur:2 q:32.25 aq:19.48 tex:87 mv:40 misc:425 imb:3 pmb:2 smb:8155 d:- ref:0 ;
in:7410 out:7409 type:P dur:2 cpbdur:2 q:32.24 aq:23.83 tex:6819 mv:837 misc:1832 imb:26 pmb:246 smb:7888 d:- ref:0 ;
in:7409 out:7410 type:b dur:2 cpbdur:2 q:32.24 aq:27.72 tex:48 mv:5 misc:395 imb:0 pmb:1 smb:8159 d:- ref:0 ;
in:7412 out:7411 type:P dur:2 cpbdur:2 q:32.24 aq:22.61 tex:14704 mv:1765 misc:2987 imb:56 pmb:528 smb:7576 d:- ref:0 ;
in:7411 out:7412 type:b dur:2 cpbdur:2 q:32.24 aq:26.80 tex:60 mv:19 misc:409 imb:1 pmb:2 smb:8157 d:- ref:0 ;
in:7414 out:7413 type:P dur:2 cpbdur:2 q:32.23 aq:22.86 tex:6698 mv:859 misc:1923 imb:27 pmb:259 smb:7874 d:- ref:0 ;
in:7413 out:7414 type:b dur:2 cpbdur:2 q:32.24 aq:23.62 tex:30 mv:22 misc:404 imb:2 pmb:0 smb:8158 d:- ref:0 ;
in:7416 out:7415 type:P dur:2 cpbdur:2 q:32.23 aq:22.98 tex:12744 mv:1511 misc:2777 imb:55 pmb:466 smb:7639 d:- ref:0 ;
in:7415 out:7416 type:b dur:2 cpbdur:2 q:32.23 aq:30.13 tex:44 mv:15 misc:413 imb:1 pmb:2 smb:8157 d:- ref:0 ;
in:7418 out:7417 type:P dur:2 cpbdur:2 q:32.17 aq:23.47 tex:7609 mv:879 misc:2040 imb:28 pmb:287 smb:7845 d:- ref:0 ;
in:7417 out:7418 type:b dur:2 cpbdur:2 q:32.20 aq:22.89 tex:25 mv:23 misc:408 imb:2 pmb:0 smb:8158 d:- ref:0 ;
in:7420 out:7419 type:P dur:2 cpbdur:2 q:32.14 aq:22.53 tex:16040 mv:1891 misc:3109 imb:61 pmb:562 smb:7537 d:- ref:0 ;
in:7419 out:7420 type:b dur:2 cpbdur:2 q:32.15 aq:30.96 tex:83 mv:26 misc:419 imb:1 pmb:4 smb:8155 d:- ref:0 ;
in:7422 out:7421 type:P dur:2 cpbdur:2 q:32.09 aq:23.34 tex:7634 mv:942 misc:2016 imb:25 pmb:294 smb:7841 d:- ref:0 ;
in:7421 out:7422 type:b dur:2 cpbdur:2 q:32.11 aq:28.63 tex:68 mv:20 misc:408 imb:1 pmb:2 smb:8157 d:- ref:0 ;
in:7424 out:7423 type:P dur:2 cpbdur:2 q:32.08 aq:22.46 tex:16824 mv:2030 misc:3090 imb:78 pmb:556 smb:7526 d:- ref:0 ;
in:7423 out:7424 type:b dur:2 cpbdur:2 q:32.09 aq:23.87 tex:72 mv:27 misc:413 imb:2 pmb:1 smb:8157 d:- ref:0 ;
in:7426 out:7425 type:P dur:2 cpbdur:2 q:32.08 aq:23.97 tex:9831 mv:975 misc:2106 imb:23 pmb:314 smb:7823 d:- ref:0 ;
in:7425 out:7426 type:b dur:2 cpbdur:2 q:32.08 aq:30.93 tex:41 mv:26 misc:413 imb:1 pmb:5 smb:8154 d:- ref:0 ;
in:7428 out:7427 type:P dur:2 cpbdur:2 q:32.06 aq:22.58 tex:14975 mv:1694 misc:2931 imb:66 pmb:535 smb:7559 d:- ref:0 ;
in:7427 out:7428 type:b dur:2 cpbdur:2 q:32.07 aq:18.52 tex:79 mv:37 misc:436 imb:2 pmb:4 smb:8154 d:- ref:0 ;
in:7430 out:7429 type:P dur:2 cpbdur:2 q:32.06 aq:23.04 tex:6921 mv:917 misc:1962 imb:22 pmb:271 smb:7867 d:- ref:0 ;
in:7429 out:7430 type:b dur:2 cpbdur:2 q:32.06 aq:24.32 tex:59 mv:34 misc:411 imb:1 pmb:2 smb:8157 d:- ref:0 ;
in:7432 out:7431 type:P dur:2 cpbdur:2 q:32.05 aq:23.38 tex:15299 mv:1646 misc:2927 imb:66 pmb:526 smb:7568 d:- ref:0 ;
in:7431 out:7432 type:b dur:2 cpbdur:2 q:32.05 aq:30.97 tex:59 mv:27 misc:410 imb:0 pmb:3 smb:8157 d:- ref:0 ;
in:7434 out:7433 type:P dur:2 cpbdur:2 q:32.04 aq:23.72 tex:7234 mv:869 misc:1961 imb:30 pmb:274 smb:7856 d:- ref:0 ;
in:7433 out:7434 type:b dur:2 cpbdur:2 q:32.05 aq:24.76 tex:81 mv:23 misc:416 imb:1 pmb:3 smb:8156 d:- ref:0 ;
in:7436 out:7435 type:P dur:2 cpbdur:2 q:32.04 aq:22.03 tex:16824 mv:2092 misc:3228 imb:76 pmb:590 smb:7494 d:- ref:0 ;
in:7435 out:7436 type:b dur:2 cpbdur:2 q:32.04 aq:28.68 tex:44 mv:31 misc:421 imb:1 pmb:3 smb:8156 d:- ref:0 ;
in:7438 out:7437 type:P dur:2 cpbdur:2 q:32.04 aq:22.84 tex:6595 mv:876 misc:1905 imb:21 pmb:274 smb:7865 d:- ref:0 ;
in:7437 out:7438 type:b dur:2 cpbdur:2 q:32.04 aq:25.43 tex:46 mv:16 misc:402 imb:1 pmb:1 smb:8158 d:- ref:0 ;
in:7440 out:7439 type:P dur:2 cpbdur:2 q:32.02 aq:22.38 tex:14462 mv:1742 misc:2956 imb:70 pmb:504 smb:7586 d:- ref:0 ;
in:7439 out:7440 type:b dur:2 cpbdur:2 q:32.03 aq:23.76 tex:64 mv:19 misc:413 imb:1 pmb:2 smb:8157 d:- ref:0 ;
in:7442 out:7441 type:P dur:2 cpbdur:2 q:32.02 aq:23.20 tex:6832 mv:883 misc:1885 imb:28 pmb:259 smb:7873 d:- ref:0 ;
in:7441 out:7442 type:b dur:2 cpbdur:2 q:32.02 aq:23.75 tex:21 mv:22 misc:405 imb:2 pmb:0 smb:8158 d:- ref:0 ;
in:7444 out:7443 type:P dur:2 cpbdur:2 q:32.02 aq:23.02 tex:14562 mv:1814 misc:3016 imb:55 pmb:545 smb:7560 d:- ref:0 ;
in:7443 out:7444 type:b dur:2 cpbdur:2 q:32.02 aq:25.25 tex:177 mv:61 misc:458 imb:4 pmb:6 smb:8150 d:- ref:0 ;
in:7446 out:7445 type:P dur:2 cpbdur:2 q:32.02 aq:23.07 tex:7221 mv:933 misc:2006 imb:29 pmb:280 smb:7851 d:- ref:0 ;
in:7445 out:7446 type:b dur:2 cpbdur:2 q:32.02 aq:25.96 tex:113 mv:46 misc:433 imb:3 pmb:4 smb:8153 d:- ref:0 ;
in:7448 out:7447 type:P dur:2 cpbdur:2 q:32.01 aq:22.28 tex:14986 mv:1841 misc:2949 imb:69 pmb:518 smb:7573 d:- ref:0 ;
in:7447 out:7448 type:b dur:2 cpbdur:2 q:32.01 aq:26.95 tex:182 mv:85 misc:469 imb:5 pmb:8 smb:8147 d:- ref:0 ;
in:7450 out:7449 type:P dur:2 cpbdur:2 q:32.00 aq:22.00 tex:6492 mv:928 misc:1980 imb:30 pmb:275 smb:7855 d:- ref:0 ;
in:7449 out:7450 type:b dur:2 cpbdur:2 q:32.01 aq:29.21 tex:63 mv:27 misc:414 imb:2 pmb:1 smb:8157 d:- ref:0 ;
in:7452 out:7451 type:P dur:2 cpbdur:2 q:31.99 aq:22.49 tex:15861 mv:1806 misc:3053 imb:81 pmb:549 smb:7530 d:- ref:0 ;
in:7451 out:7452 type:b dur:2 cpbdur:2 q:32.00 aq:25.99 tex:78 mv:62 misc:436 imb:4 pmb:3 smb:8153 d:- ref:0 ;
in:7454 out:7453 type:P dur:2 cpbdur:2 q:31.98 aq:23.29 tex:7314 mv:869 misc:1945 imb:34 pmb:263 smb:7863 d:- ref:0 ;
in:7453 out:7454 type:b dur:2 cpbdur:2 q:31.99 aq:29.50 tex:52 mv:21 misc:407 imb:1 pmb:2 smb:8157 d:- ref:0 ;
in:7456 out:7455 type:P dur:2 cpbdur:2 q:31.97 aq:22.56 tex:19253 mv:1827 misc:3080 imb:69 pmb:544 smb:7547 d:- ref:0 ;
in:7455 out:7456 type:b dur:2 cpbdur:2 q:31.98 aq:17.96 tex:107 mv:102 misc:487 imb:6 pmb:11 smb:8143 d:- ref:0 ;
in:7458 out:7457 type:P dur:2 cpbdur:2 q:31.98 aq:23.17 tex:7771 mv:818 misc:1955 imb:24 pmb:289 smb:7847 d:- ref:0 ;
in:7457 out:7458 type:b dur:2 cpbdur:2 q:31.98 aq:30.95 tex:42 mv:8 misc:406 imb:0 pmb:2 smb:8158 d:- ref:0 ;
in:7460 out:7459 type:P dur:2 cpbdur:2 q:31.97 aq:23.08 tex:16475 mv:1652 misc:3001 imb:67 pmb:530 smb:7563 d:- ref:0 ;
in:7459 out:7460 type:b dur:2 cpbdur:2 q:31.97 aq:29.78 tex:82 mv:22 misc:408 imb:1 pmb:3 smb:8156 d:- ref:0 ;
in:7462 out:7461 type:P dur:2 cpbdur:2 q:31.97 aq:22.56 tex:7300 mv:805 misc:1895 imb:37 pmb:253 smb:7870 d:- ref:0 ;
in:7461 out:7462 type:b dur:2 cpbdur:2 q:31.97 aq:30.95 tex:69 mv:43 misc:424 imb:3 pmb:3 smb:8154 d:- ref:0 ;
in:7464 out:7463 type:P dur:2 cpbdur:2 q:31.96 aq:22.45 tex:15497 mv:1672 misc:2951 imb:58 pmb:537 smb:7565 d:- ref:0 ;
in:7463 out:7464 type:b dur:2 cpbdur:2 q:31.96 aq:25.86 tex:126 mv:47 misc:435 imb:3 pmb:4 smb:8153 d:- ref:0 ;
in:7466 out:7465 type:P dur:2 cpbdur:2 q:31.96 aq:23.41 tex:6820 mv:838 misc:1902 imb:22 pmb:270 smb:7868 d:- ref:0 ;
in:7465 out:7466 type:b dur:2 cpbdur:2 q:31.96 aq:31.00 tex:0 mv:0 misc:384 imb:0 pmb:0 smb:8160 d:- ref:0 ;
in:7468 out:7467 type:P dur:2 cpbdur:2 q:31.95 aq:23.04 tex:15239 mv:1806 misc:3011 imb:64 pmb:540 smb:7556 d:- ref:0 ;
in:7467 out:7468 type:b dur:2 cpbdur:2 q:31.95 aq:23.52 tex:58 mv:39 misc:423 imb:2 pmb:2 smb:8156 d:- ref:0 ;
in:7470 out:7469 type:P dur:2 cpbdur:2 q:31.95 aq:23.46 tex:6784 mv:825 misc:1911 imb:24 pmb:271 smb:7865 d:- ref:0 ;
in:7469 out:7470 type:b dur:2 cpbdur:2 q:31.95 aq:30.96 tex:23 mv:13 misc:404 imb:1 pmb:1 smb:8158 d:- ref:0 ;
in:7472 out:7471 type:P dur:2 cpbdur:2 q:31.94 aq:23.46 tex:14794 mv:1757 misc:2825 imb:60 pmb:511 smb:7589 d:- ref:0 ;
in:7471 out:7472 type:b dur:2 cpbdur:2 q:31.95 aq:31.75 tex:118 mv:18 misc:424 imb:0 pmb:5 smb:8155 d:- ref:0 ;
in:7474 out:7473 type:P dur:2 cpbdur:2 q:31.94 aq:23.17 tex:6282 mv:709 misc:1841 imb:19 pmb:263 smb:7878 d:- ref:0 ;
in:7473 out:7474 type:b dur:2 cpbdur:2 q:31.94 aq:28.65 tex:26 mv:33 misc:413 imb:3 pmb:0 smb:8157 d:- ref:0 ;
in:7476 out:7475 type:P dur:2 cpbdur:2 q:31.93 aq:22.69 tex:15254 mv:1914 misc:3112 imb:68 pmb:559 smb:7533 d:- ref:0 ;
in:7475 out:7476 type:b dur:2 cpbdur:2 q:31.93 aq:23.69 tex:47 mv:54 misc:435 imb:5 pmb:1 smb:8154 d:- ref:0 ;
in:7478 out:7477 type:P dur:2 cpbdur:2 q:31.93 aq:23.11 tex:6711 mv:757 misc:1868 imb:25 pmb:251 smb:7884 d:- ref:0 ;
in:7477 out:7478 type:b dur:2 cpbdur:2 q:31.93 aq:29.50 tex:163 mv:40 misc:437 imb:2 pmb:5 smb:8153 d:- ref:0 ;
in:7480 out:7479 type:P dur:2 cpbdur:2 q:31.92 aq:22.78 tex:14502 mv:1417 misc:2841 imb:63 pmb:490 smb:7607 d:- ref:0 ;
in:7479 out:7480 type:b dur:2 cpbdur:2 q:31.92 aq:29.90 tex:103 mv:53 misc:428 imb:4 pmb:2 smb:8154 d:- ref:0 ;
in:7482 out:7481 type:P dur:2 cpbdur:2 q:31.92 aq:23.69 tex:6705 mv:729 misc:1830 imb:23 pmb:251 smb:7886 d:- ref:0 ;
in:7481 out:7482 type:b dur:2 cpbdur:2 q:31.92 aq:22.07 tex:39 mv:16 misc:401 imb:1 pmb:1 smb:8158 d:- ref:0 ;
in:7484 out:7483 type:P dur:2 cpbdur:2 q:31.91 aq:22.67 tex:14450 mv:1700 misc:3050 imb:66 pmb:542 smb:7552 d:- ref:0 ;
in:7483 out:7484 type:b dur:2 cpbdur:2 q:31.91 aq:30.65 tex:131 mv:43 misc:434 imb:2 pmb:5 smb:8153 d:- ref:0 ;
in:7486 out:7485 type:P dur:2 cpbdur:2 q:31.90 aq:23.76 tex:8744 mv:898 misc:1982 imb:20 pmb:293 smb:7847 d:- ref:0 ;
in:7485 out:7486 type:b dur:2 cpbdur:2 q:31.90 aq:30.92 tex:26 mv:43 misc:419 imb:3 pmb:4 smb:8153 d:- ref:0 ;
in:7488 out:7487 type:P dur:2 cpbdur:2 q:31.90 aq:22.07 tex:15324 mv:1738 misc:3050 imb:61 pmb:536 smb:7563 d:- ref:0 ;
in:7487 out:7488 type:b dur:2 cpbdur:2 q:31.90 aq:30.91 tex:81 mv:35 misc:428 imb:2 pmb:4 smb:8154 d:- ref:0 ;
in:7490 out:7489 type:P dur:2 cpbdur:2 q:31.91 aq:23.19 tex:6072 mv:595 misc:1693 imb:28 pmb:213 smb:7919 d:- ref:0 ;
in:7489 out:7490 type:b dur:2 cpbdur:2 q:31.90 aq:30.93 tex:17 mv:17 misc:406 imb:1 pmb:1 smb:8158 d:- ref:0 ;
in:7492 out:7491 type:P dur:2 cpbdur:2 q:31.89 aq:23.28 tex:13075 mv:1428 misc:2713 imb:70 pmb:442 smb:7648 d:- ref:0 ;
in:7491 out:7492 type:b dur:2 cpbdur:2 q:31.90 aq:23.15 tex:47 mv:16 misc:401 imb:1 pmb:1 smb:8158 d:- ref:0 ;
in:7494 out:7493 type:P dur:2 cpbdur:2 q:31.89 aq:23.79 tex:8130 mv:1225 misc:2085 imb:24 pmb:339 smb:7797 d:- ref:0 ;
in:7493 out:7494 type:b dur:2 cpbdur:2 q:31.89 aq:30.72 tex:84 mv:53 misc:439 imb:2 pmb:6 smb:8152 d:- ref:0 ;
in:7496 out:7495 type:P dur:2 cpbdur:2 q:31.88 aq:22.58 tex:16871 mv:2503 misc:3170 imb:76 pmb:619 smb:7465 d:- ref:0 ;
in:7495 out:7496 type:b dur:2 cpbdur:2 q:31.88 aq:33.18 tex:81 mv:42 misc:429 imb:2 pmb:4 smb:8154 d:- ref:0 ;
in:7498 out:7497 type:P dur:2 cpbdur:2 q:31.88 aq:23.39 tex:13132 mv:1824 misc:2116 imb:36 pmb:413 smb:7711 d:- ref:0 ;
in:7497 out:7498 type:b dur:2 cpbdur:2 q:31.88 aq:31.59 tex:187 mv:82 misc:451 imb:2 pmb:11 smb:8147 d:- ref:0 ;
in:7499 out:7499 type:P dur:2 cpbdur:2 q:31.88 aq:30.78 tex:728 mv:317 misc:643 imb:5 pmb:48 smb:8107 d:- ref:0 ;
in:7500 out:7500 type:I dur:2 cpbdur:2 q:29.01 aq:19.96 tex:506647 mv:142503 misc:690 imb:8160 pmb:0 smb:0 d:- ref:;
in:7502 out:7501 type:P dur:2 cpbdur:2 q:32.37 aq:22.92 tex:8619 mv:1531 misc:1746 imb:45 pmb:283 smb:7832 d:- ref:0 ;
in:7501 out:7502 type:b dur:2 cpbdur:2 q:32.37 aq:32.63 tex:229 mv:69 misc:454 imb:0 pmb:11 smb:8149 d:- ref:0 ;
in:7504 out:7503 type:P dur:2 cpbdur:2 q:32.35 aq:22.65 tex:18162 mv:2908 misc:3082 imb:121 pmb:591 smb:7448 d:- ref:0 ;
in:7503 out:7504 type:b dur:2 cpbdur:2 q:32.36 aq:20.06 tex:350 mv:147 misc:463 imb:6 pmb:13 smb:8141 d:- ref:0 ;
in:7506 out:7505 type:P dur:2 cpbdur:2 q:32.35 aq:23.70 tex:8773 mv:1630 misc:2021 imb:41 pmb:355 smb:7764 d:- ref:0 ;
in:7505 out:7506 type:b dur:2 cpbdur:2 q:32.35 aq:29.26 tex:115 mv:48 misc:445 imb:2 pmb:6 smb:8152 d:- ref:0 ;
in:7508 out:7507 type:P dur:2 cpbdur:2 q:32.34 aq:23.27 tex:18883 mv:3255 misc:3110 imb:112 pmb:601 smb:7447 d:- ref:0 ;
in:7507 out:7508 type:b dur:2 cpbdur:2 q:32.34 aq:24.85 tex:149 mv:85 misc:446 imb:2 pmb:6 smb:8152 d:- ref:0 ;
in:7510 out:7509 type:P dur:2 cpbdur:2 q:32.34 aq:23.88 tex:8522 mv:1957 misc:2153 imb:53 pmb:382 smb:7725 d:- ref:0 ;
in:7509 out:7510 type:b dur:2 cpbdur:2 q:32.34 aq:31.00 tex:2 mv:20 misc:410 imb:0 pmb:3 smb:8157 d:- ref:0 ;
in:7512 out:7511 type:P dur:2 cpbdur:2 q:32.33 aq:23.47 tex:18335 mv:2957 misc:3284 imb:93 pmb:643 smb:7424 d:- ref:0 ;
in:7511 out:7512 type:b dur:2 cpbdur:2 q:32.33 aq:29.85 tex:147 mv:136 misc:477 imb:6 pmb:9 smb:8145 d:- ref:0 ;
in:7514 out:7513 type:P dur:2 cpbdur:2 q:32.33 aq:23.62 tex:8897 mv:1649 misc:2070 imb:39 pmb:359 smb:7762 d:- ref:0 ;
in:7513 out:7514 type:b dur:2 cpbdur:2 q:32.33 aq:32.24 tex:222 mv:78 misc:460 imb:3 pmb:8 smb:8149 d:- ref:0 ;
in:7516 out:7515 type:P dur:2 cpbdur:2 q:32.32 aq:23.12 tex:19989 mv:2931 misc:3128 imb:99 pmb:618 smb:7443 d:- ref:0 ;
in:7515 out:7516 type:b dur:2 cpbdur:2 q:32.32 aq:32.59 tex:236 mv:105 misc:475 imb:2 pmb:18 smb:8140 d:- ref:0 ;
in:7518 out:7517 type:P dur:2 cpbdur:2 q:32.32 aq:23.53 tex:10198 mv:1923 misc:2159 imb:41 pmb:402 smb:7717 d:- ref:0 ;
in:7517 out:7518 type:b dur:2 cpbdur:2 q:32.32 aq:29.59 tex:265 mv:112 misc:431 imb:1 pmb:10 smb:8149 d:- ref:0 ;
in:7520 out:7519 type:P dur:2 cpbdur:2 q:32.38 aq:23.90 tex:17724 mv:3149 misc:3015 imb:94 pmb:598 smb:7468 d:- ref:0 ;
in:7519 out:7520 type:b dur:2 cpbdur:2 q:32.35 aq:31.96 tex:237 mv:151 misc:476 imb:4 pmb:18 smb:8138 d:- ref:0 ;
in:7522 out:7521 type:P dur:2 cpbdur:2 q:32.39 aq:24.55 tex:10018 mv:1798 misc:2192 imb:36 pmb:384 smb:7740 d:- ref:0 ;
in:7521 out:7522 type:b dur:2 cpbdur:2 q:32.38 aq:33.11 tex:172 mv:102 misc:430 imb:0 pmb:9 smb:8151 d:- ref:0 ;
in:7524 out:7523 type:P dur:2 cpbdur:2 q:32.38 aq:23.39 tex:17444 mv:2979 misc:3169 imb:86 pmb:626 smb:7448 d:- ref:0 ;
in:7523 out:7524 type:b dur:2 cpbdur:2 q:32.38 aq:25.04 tex:159 mv:140 misc:493 imb:5 pmb:14 smb:8141 d:- ref:0 ;
in:7526 out:7525 type:P dur:2 cpbdur:2 q:32.39 aq:24.19 tex:10599 mv:1995 misc:2246 imb:52 pmb:404 smb:7704 d:- ref:0 ;
in:7525 out:7526 type:b dur:2 cpbdur:2 q:32.38 aq:24.68 tex:99 mv:58 misc:443 imb:4 pmb:3 smb:8153 d:- ref:0 ;
in:7528 out:7527 type:P dur:2 cpbdur:2 q:32.38 aq:22.72 tex:15703 mv:3030 misc:2931 imb:95 pmb:593 smb:7472 d:- ref:0 ;
in:7527 out:7528 type:b dur:2 cpbdur:2 q:32.39 aq:34.48 tex:122 mv:44 misc:450 imb:0 pmb:8 smb:8152 d:- ref:0 ;
in:7530 out:7529 type:P dur:2 cpbdur:2 q:32.39 aq:23.87 tex:8538 mv:1538 misc:2004 imb:27 pmb:356 smb:7777 d:- ref:0 ;
in:7529 out:7530 type:b dur:2 cpbdur:2 q:32.38 aq:29.61 tex:189 mv:86 misc:461 imb:3 pmb:7 smb:8150 d:- ref:0 ;
in:7532 out:7531 type:P dur:2 cpbdur:2 q:32.38 aq:23.33 tex:15356 mv:2578 misc:2834 imb:75 pmb:559 smb:7526 d:- ref:0 ;
in:7531 out:7532 type:b dur:2 cpbdur:2 q:32.38 aq:33.72 tex:190 mv:65 misc:449 imb:1 pmb:10 smb:8149 d:- ref:0 ;
in:7534 out:7533 type:P dur:2 cpbdur:2 q:32.38 aq:24.15 tex:10737 mv:1950 misc:2073 imb:35 pmb:405 smb:7720 d:- ref:0 ;
in:7533 out:7534 type:b dur:2 cpbdur:2 q:32.38 aq:24.25 tex:145 mv:62 misc:417 imb:2 pmb:6 smb:8152 d:- ref:0 ;
in:7536 out:7535 type:P dur:2 cpbdur:2 q:32.38 aq:23.61 tex:17677 mv:2644 misc:2839 imb:62 pmb:580 smb:7518 d:- ref:0 ;
in:7535 out:7536 type:b dur:2 cpbdur:2 q:32.38 aq:31.23 tex:528 mv:165 misc:483 imb:1 pmb:23 smb:8136 d:- ref:0 ;
in:7538 out:7537 type:P dur:2 cpbdur:2 q:32.38 aq:23.82 tex:12805 mv:2090 misc:2313 imb:41 pmb:448 smb:7671 d:- ref:0 ;
in:7537 out:7538 type:b dur:2 cpbdur:2 q:32.38 aq:33.29 tex:216 mv:62 misc:450 imb:2 pmb:8 smb:8150 d:- ref:0 ;
in:7540 out:7539 type:P dur:2 cpbdur:2 q:32.38 aq:22.48 tex:18785 mv:2957 misc:3154 imb:93 pmb:638 smb:7429 d:- ref:0 ;
in:7539 out:7540 type:b dur:2 cpbdur:2 q:32.38 aq:28.19 tex:459 mv:127 misc:486 imb:4 pmb:18 smb:8138 d:- ref:0 ;
in:7542 out:7541 type:P dur:2 cpbdur:2 q:32.38 aq:24.27 tex:11169 mv:1617 misc:2102 imb:33 pmb:378 smb:7749 d:- ref:0 ;
in:7541 out:7542 type:b dur:2 cpbdur:2 q:32.38 aq:26.78 tex:197 mv:59 misc:448 imb:3 pmb:6 smb:8151 d:- ref:0 ;
in:7544 out:7543 type:P dur:2 cpbdur:2 q:32.38 aq:22.97 tex:21048 mv:3102 misc:3026 imb:104 pmb:629 smb:7427 d:- ref:0 ;
in:7543 out:7544 type:b dur:2 cpbdur:2 q:32.38 aq:25.10 tex:150 mv:71 misc:459 imb:3 pmb:7 smb:8150 d:- ref:0 ;
in:7546 out:7545 type:P dur:2 cpbdur:2 q:32.38 aq:23.67 tex:15732 mv:1913 misc:2171 imb:37 pmb:430 smb:7693 d:- ref:0 ;
in:7545 out:7546 type:b dur:2 cpbdur:2 q:32.38 aq:31.20 tex:118 mv:65 misc:449 imb:1 pmb:9 smb:8150 d:- ref:0 ;
in:7548 out:7547 type:P dur:2 cpbdur:2 q:32.38 aq:22.48 tex:18359 mv:2462 misc:3027 imb:79 pmb:600 smb:7481 d:- ref:0 ;
in:7547 out:7548 type:b dur:2 cpbdur:2 q:32.38 aq:23.18 tex:80 mv:40 misc:424 imb:3 pmb:2 smb:8155 d:- ref:0 ;
in:7550 out:7549 type:P dur:2 cpbdur:2 q:32.38 aq:24.47 tex:8382 mv:1038 misc:2020 imb:36 pmb:300 smb:7824 d:- ref:0 ;
in:7549 out:7550 type:b dur:2 cpbdur:2 q:32.38 aq:23.05 tex:25 mv:22 misc:401 imb:2 pmb:0 smb:8158 d:- ref:0 ;
in:7552 out:7551 type:P dur:2 cpbdur:2 q:32.37 aq:23.58 tex:14283 mv:1697 misc:2716 imb:61 pmb:485 smb:7614 d:- ref:0 ;
in:7551 out:7552 type:b dur:2 cpbdur:2 q:32.38 aq:24.09 tex:51 mv:42 misc:419 imb:4 pmb:0 smb:8156 d:- ref:0 ;
in:7554 out:7553 type:P dur:2 cpbdur:2 q:32.36 aq:24.12 tex:7801 mv:820 misc:1931 imb:26 pmb:288 smb:7846 d:- ref:0 ;
in:7553 out:7554 type:b dur:2 cpbdur:2 q:32.37 aq:18.82 tex:56 mv:29 misc:419 imb:2 pmb:2 smb:8156 d:- ref:0 ;
in:7556 out:7555 type:P dur:2 cpbdur:2 q:32.36 aq:23.18 tex:14264 mv:1871 misc:2905 imb:81 pmb:516 smb:7563 d:- ref:0 ;
in:7555 out:7556 type:b dur:2 cpbdur:2 q:32.36 aq:24.00 tex:53 mv:33 misc:410 imb:1 pmb:2 smb:8157 d:- ref:0 ;
in:7558 out:7557 type:P dur:2 cpbdur:2 q:32.35 aq:23.42 tex:7138 mv:907 misc:1907 imb:33 pmb:269 smb:7858 d:- ref:0 ;
in:7557 out:7558 type:b dur:2 cpbdur:2 q:32.36 aq:25.38 tex:66 mv:30 misc:416 imb:2 pmb:2 smb:8156 d:- ref:0 ;
in:7560 out:7559 type:P dur:2 cpbdur:2 q:32.35 aq:23.43 tex:13535 mv:1791 misc:2906 imb:66 pmb:500 smb:7594 d:- ref:0 ;
in:7559 out:7560 type:b dur:2 cpbdur:2 q:32.35 aq:30.95 tex:72 mv:40 misc:424 imb:3 pmb:2 smb:8155 d:- ref:0 ;
in:7562 out:7561 type:P dur:2 cpbdur:2 q:32.35 aq:22.92 tex:8231 mv:979 misc:2094 imb:33 pmb:306 smb:7821 d:- ref:0 ;
in:7561 out:7562 type:b dur:2 cpbdur:2 q:32.35 aq:27.96 tex:118 mv:18 misc:424 imb:0 pmb:5 smb:8155 d:- ref:0 ;
in:7564 out:7563 type:P dur:2 cpbdur:2 q:32.34 aq:22.47 tex:13543 mv:1681 misc:2848 imb:73 pmb:467 smb:7620 d:- ref:0 ;
in:7563 out:7564 type:b dur:2 cpbdur:2 q:32.35 aq:30.07 tex:22 mv:12 misc:398 imb:1 pmb:0 smb:8159 d:- ref:0 ;
in:7566 out:7565 type:P dur:2 cpbdur:2 q:32.34 aq:23.28 tex:8156 mv:1027 misc:2073 imb:33 pmb:305 smb:7822 d:- ref:0 ;
in:7565 out:7566 type:b dur:2 cpbdur:2 q:32.34 aq:30.93 tex:48 mv:37 misc:419 imb:3 pmb:1 smb:8156 d:- ref:0 ;
in:7568 out:7567 type:P dur:2 cpbdur:2 q:32.34 aq:22.54 tex:15235 mv:1956 misc:3073 imb:73 pmb:555 smb:7532 d:- ref:0 ;
in:7567 out:7568 type:b dur:2 cpbdur:2 q:32.34 aq:22.89 tex:46 mv:29 misc:413 imb:1 pmb:2 smb:8157 d:- ref:0 ;
in:7570 out:7569 type:P dur:2 cpbdur:2 q:32.34 aq:24.05 tex:6192 mv:805 misc:1787 imb:19 pmb:251 smb:7890 d:- ref:0 ;
in:7569 out:7570 type:b dur:2 cpbdur:2 q:32.34 aq:29.71 tex:57 mv:17 misc:406 imb:1 pmb:1 smb:8158 d:- ref:0 ;
in:7572 out:7571 type:P dur:2 cpbdur:2 q:32.33 aq:23.04 tex:13254 mv:1758 misc:2732 imb:58 pmb:494 smb:7608 d:- ref:0 ;
in:7571 out:7572 type:b dur:2 cpbdur:2 q:32.34 aq:31.38 tex:129 mv:22 misc:417 imb:1 pmb:3 smb:8156 d:- ref:0 ;
in:7574 out:7573 type:P dur:2 cpbdur:2 q:32.33 aq:23.35 tex:6576 mv:778 misc:1758 imb:19 pmb:251 smb:7890 d:- ref:0 ;
in:7573 out:7574 type:b dur:2 cpbdur:2 q:32.33 aq:31.00 tex:0 mv:0 misc:384 imb:0 pmb:0 smb:8160 d:- ref:0 ;
in:7576 out:7575 type:P dur:2 cpbdur:2 q:32.32 aq:23.50 tex:15617 mv:1657 misc:2766 imb:47 pmb:498 smb:7615 d:- ref:0 ;
in:7575 out:7576 type:b dur:2 cpbdur:2 q:32.32 aq:23.86 tex:70 mv:53 misc:445 imb:2 pmb:6 smb:8152 d:- ref:0 ;
in:7578 out:7577 type:P dur:2 cpbdur:2 q:32.31 aq:23.08 tex:6612 mv:779 misc:1785 imb:30 pmb:233 smb:7897 d:- ref:0 ;
in:7577 out:7578 type:b dur:2 cpbdur:2 q:32.31 aq:19.48 tex:92 mv:44 misc:432 imb:3 pmb:3 smb:8154 d:- ref:0 ;
in:7580 out:7579 type:P dur:2 cpbdur:2 q:32.30 aq:22.38 tex:13504 mv:1676 misc:2804 imb:64 pmb:491 smb:7605 d:- ref:0 ;
in:7579 out:7580 type:b dur:2 cpbdur:2 q:32.31 aq:27.75 tex:107 mv:23 misc:422 imb:1 pmb:3 smb:8156 d:- ref:0 ;
in:7582 out:7581 type:P dur:2 cpbdur:2 q:32.30 aq:24.04 tex:7084 mv:704 misc:1804 imb:27 pmb:252 smb:7881 d:- ref:0 ;
in:7581 out:7582 type:b dur:2 cpbdur:2 q:32.30 aq:30.44 tex:64 mv:16 misc:408 imb:1 pmb:1 smb:8158 d:- ref:0 ;
in:7584 out:7583 type:P dur:2 cpbdur:2 q:32.29 aq:22.91 tex:13852 mv:1498 misc:2754 imb:58 pmb:474 smb:7628 d:- ref:0 ;
in:7583 out:7584 type:b dur:2 cpbdur:2 q:32.29 aq:29.85 tex:51 mv:27 misc:410 imb:2 pmb:1 smb:8157 d:- ref:0 ;
in:7586 out:7585 type:P dur:2 cpbdur:2 q:32.28 aq:22.94 tex:6676 mv:818 misc:1882 imb:32 pmb:248 smb:7880 d:- ref:0 ;
in:7585 out:7586 type:b dur:2 cpbdur:2 q:32.29 aq:29.92 tex:22 mv:11 misc:399 imb:1 pmb:0 smb:8159 d:- ref:0 ;
in:7588 out:7587 type:P dur:2 cpbdur:2 q:32.27 aq:22.64 tex:13618 mv:1667 misc:2779 imb:44 pmb:493 smb:7623 d:- ref:0 ;
in:7587 out:7588 type:b dur:2 cpbdur:2 q:32.28 aq:24.33 tex:92 mv:23 misc:421 imb:1 pmb:3 smb:8156 d:- ref:0 ;
in:7590 out:7589 type:P dur:2 cpbdur:2 q:32.27 aq:23.57 tex:6856 mv:953 misc:1943 imb:29 pmb:299 smb:7832 d:- ref:0 ;
in:7589 out:7590 type:b dur:2 cpbdur:2 q:32.27 aq:30.99 tex:31 mv:8 misc:401 imb:0 pmb:2 smb:8158 d:- ref:0 ;
in:7592 out:7591 type:P dur:2 cpbdur:2 q:32.27 aq:22.68 tex:14555 mv:1652 misc:2841 imb:64 pmb:504 smb:7592 d:- ref:0 ;
in:7591 out:7592 type:b dur:2 cpbdur:2 q:32.27 aq:18.35 tex:96 mv:40 misc:424 imb:3 pmb:2 smb:8155 d:- ref:0 ;
in:7594 out:7593 type:P dur:2 cpbdur:2 q:32.27 aq:23.70 tex:6857 mv:823 misc:1880 imb:25 pmb:271 smb:7864 d:- ref:0 ;
in:7593 out:7594 type:b dur:2 cpbdur:2 q:32.27 aq:30.92 tex:53 mv:26 misc:417 imb:1 pmb:3 smb:8156 d:- ref:0 ;
in:7596 out:7595 type:P dur:2 cpbdur:2 q:32.26 aq:23.71 tex:14317 mv:1653 misc:2870 imb:63 pmb:489 smb:7608 d:- ref:0 ;
in:7595 out:7596 type:b dur:2 cpbdur:2 q:32.26 aq:26.25 tex:58 mv:37 misc:417 imb:3 pmb:1 smb:8156 d:- ref:0 ;
in:7598 out:7597 type:P dur:2 cpbdur:2 q:32.25 aq:23.26 tex:6060 mv:777 misc:1739 imb:23 pmb:237 smb:7900 d:- ref:0 ;
in:7597 out:7598 type:b dur:2 cpbdur:2 q:32.26 aq:19.12 tex:73 mv:42 misc:421 imb:3 pmb:2 smb:8155 d:- ref:0 ;
in:7600 out:7599 type:P dur:2 cpbdur:2 q:32.24 aq:23.29 tex:12635 mv:1552 misc:2613 imb:50 pmb:485 smb:7625 d:- ref:0 ;
in:7599 out:7600 type:b dur:2 cpbdur:2 q:32.25 aq:23.49 tex:75 mv:42 misc:427 imb:3 pmb:2 smb:8155 d:- ref:0 ;
in:7602 out:7601 type:P dur:2 cpbdur:2 q:32.24 aq:22.76 tex:6278 mv:753 misc:1809 imb:22 pmb:246 smb:7892 d:- ref:0 ;
in:7601 out:7602 type:b dur:2 cpbdur:2 q:32.24 aq:26.29 tex:86 mv:72 misc:442 imb:5 pmb:4 smb:8151 d:- ref:0 ;
in:7604 out:7603 type:P dur:2 cpbdur:2 q:32.23 aq:23.37 tex:14568 mv:1745 misc:2903 imb:57 pmb:524 smb:7579 d:- ref:0 ;
in:7603 out:7604 type:b dur:2 cpbdur:2 q:32.23 aq:30.95 tex:89 mv:36 misc:427 imb:2 pmb:4 smb:8154 d:- ref:0 ;
in:7606 out:7605 type:P dur:2 cpbdur:2 q:32.23 aq:23.58 tex:9577 mv:951 misc:1952 imb:35 pmb:291 smb:7834 d:- ref:0 ;
in:7605 out:7606 type:b dur:2 cpbdur:2 q:32.23 aq:30.93 tex:78 mv:35 misc:431 imb:1 pmb:8 smb:8151 d:- ref:0 ;
in:7608 out:7607 type:P dur:2 cpbdur:2 q:32.22 aq:22.93 tex:14123 mv:1680 misc:2901 imb:57 pmb:504 smb:7599 d:- ref:0 ;
in:7607 out:7608 type:b dur:2 cpbdur:2 q:32.22 aq:25.07 tex:98 mv:34 misc:428 imb:2 pmb:3 smb:8155 d:- ref:0 ;
in:7610 out:7609 type:P dur:2 cpbdur:2 q:32.22 aq:22.33 tex:6053 mv:823 misc:1764 imb:24 pmb:231 smb:7905 d:- ref:0 ;
in:7609 out:7610 type:b dur:2 cpbdur:2 q:32.22 aq:26.20 tex:23 mv:22 misc:419 imb:1 pmb:3 smb:8156 d:- ref:0 ;
in:7612 out:7611 type:P dur:2 cpbdur:2 q:32.21 aq:23.33 tex:13771 mv:1681 misc:2764 imb:61 pmb:483 smb:7616 d:- ref:0 ;
in:7611 out:7612 type:b dur:2 cpbdur:2 q:32.21 aq:30.92 tex:49 mv:17 misc:398 imb:1 pmb:1 smb:8158 d:- ref:0 ;
in:7614 out:7613 type:P dur:2 cpbdur:2 q:32.20 aq:23.62 tex:6096 mv:808 misc:1824 imb:21 pmb:245 smb:7894 d:- ref:0 ;
in:7613 out:7614 type:b dur:2 cpbdur:2 q:32.20 aq:22.47 tex:22 mv:11 misc:399 imb:1 pmb:0 smb:8159 d:- ref:0 ;
in:7616 out:7615 type:P dur:2 cpbdur:2 q:32.19 aq:22.78 tex:12268 mv:1414 misc:2598 imb:48 pmb:430 smb:7682 d:- ref:0 ;
in:7615 out:7616 type:b dur:2 cpbdur:2 q:32.20 aq:30.60 tex:60 mv:17 misc:403 imb:1 pmb:1 smb:8158 d:- ref:0 ;
in:7618 out:7617 type:P dur:2 cpbdur:2 q:32.19 aq:24.20 tex:6304 mv:712 misc:1712 imb:21 pmb:234 smb:7905 d:- ref:0 ;
in:7617 out:7618 type:b dur:2 cpbdur:2 q:32.19 aq:23.69 tex:66 mv:33 misc:413 imb:1 pmb:3 smb:8156 d:- ref:0 ;
in:7620 out:7619 type:P dur:2 cpbdur:2 q:32.18 aq:23.38 tex:12903 mv:1455 misc:2682 imb:55 pmb:463 smb:7642 d:- ref:0 ;
in:7619 out:7620 type:b dur:2 cpbdur:2 q:32.19 aq:23.88 tex:98 mv:41 misc:421 imb:3 pmb:2 smb:8155 d:- ref:0 ;
in:7622 out:7621 type:P dur:2 cpbdur:2 q:32.18 aq:23.64 tex:6684 mv:758 misc:1798 imb:21 pmb:248 smb:7891 d:- ref:0 ;
in:7621 out:7622 type:b dur:2 cpbdur:2 q:32.18 aq:23.26 tex:51 mv:27 misc:410 imb:1 pmb:2 smb:8157 d:- ref:0 ;
in:7624 out:7623 type:P dur:2 cpbdur:2 q:32.17 aq:23.31 tex:13087 mv:1486 misc:2699 imb:51 pmb:472 smb:7637 d:- ref:0 ;
in:7623 out:7624 type:b dur:2 cpbdur:2 q:32.18 aq:27.44 tex:152 mv:73 misc:447 imb:6 pmb:3 smb:8151 d:- ref:0 ;
in:7626 out:7625 type:P dur:2 cpbdur:2 q:32.17 aq:23.56 tex:6574 mv:636 misc:1734 imb:18 pmb:236 smb:7906 d:- ref:0 ;
in:7625 out:7626 type:b dur:2 cpbdur:2 q:32.17 aq:23.64 tex:22 mv:11 misc:399 imb:1 pmb:0 smb:8159 d:- ref:0 ;
in:7628 out:7627 type:P dur:2 cpbdur:2 q:32.17 aq:23.13 tex:15235 mv:1782 misc:2927 imb:79 pmb:512 smb:7569 d:- ref:0 ;
in:7627 out:7628 type:b dur:2 cpbdur:2 q:32.17 aq:30.98 tex:30 mv:19 misc:415 imb:0 pmb:3 smb:8157 d:- ref:0 ;
in:7630 out:7629 type:P dur:2 cpbdur:2 q:32.17 aq:23.37 tex:5776 mv:803 misc:1653 imb:32 pmb:205 smb:7923 d:- ref:0 ;
in:7629 out:7630 type:b dur:2 cpbdur:2 q:32.17 aq:24.11 tex:58 mv:39 misc:415 imb:3 pmb:1 smb:8156 d:- ref:0 ;
in:7632 out:7631 type:P dur:2 cpbdur:2 q:32.16 aq:23.48 tex:13008 mv:1326 misc:2434 imb:47 pmb:409 smb:7704 d:- ref:0 ;
in:7631 out:7632 type:b dur:2 cpbdur:2 q:32.16 aq:30.98 tex:47 mv:15 misc:418 imb:0 pmb:4 smb:8156 d:- ref:0 ;
in:7634 out:7633 type:P dur:2 cpbdur:2 q:32.15 aq:24.13 tex:4870 mv:529 misc:1401 imb:19 pmb:169 smb:7972 d:- ref:0 ;
in:7633 out:7634 type:b dur:2 cpbdur:2 q:32.15 aq:23.64 tex:27 mv:33 misc:412 imb:3 pmb:0 smb:8157 d:- ref:0 ;
in:7636 out:7635 type:P dur:2 cpbdur:2 q:32.13 aq:24.17 tex:13395 mv:1184 misc:2325 imb:36 pmb:396 smb:7728 d:- ref:0 ;
in:7635 out:7636 type:b dur:2 cpbdur:2 q:32.14 aq:26.94 tex:74 mv:26 misc:420 imb:1 pmb:5 smb:8154 d:- ref:0 ;
in:7638 out:7637 type:P dur:2 cpbdur:2 q:32.13 aq:23.98 tex:6384 mv:657 misc:1687 imb:29 pmb:218 smb:7913 d:- ref:0 ;
in:7637 out:7638 type:b dur:2 cpbdur:2 q:32.13 aq:23.23 tex:33 mv:61 misc:434 imb:6 pmb:0 smb:8154 d:- ref:0 ;
in:7640 out:7639 type:P dur:2 cpbdur:2 q:32.12 aq:23.75 tex:13070 mv:1374 misc:2564 imb:56 pmb:443 smb:7661 d:- ref:0 ;
in:7639 out:7640 type:b dur:2 cpbdur:2 q:32.12 aq:30.90 tex:110 mv:24 misc:418 imb:1 pmb:3 smb:8156 d:- ref:0 ;
in:7642 out:7641 type:P dur:2 cpbdur:2 q:32.12 aq:25.14 tex:5927 mv:529 misc:1592 imb:14 pmb:217 smb:7929 d:- ref:0 ;
in:7641 out:7642 type:b dur:2 cpbdur:2 q:32.12 aq:31.00 tex:0 mv:0 misc:384 imb:0 pmb:0 smb:8160 d:- ref:0 ;
in:7644 out:7643 type:P dur:2 cpbdur:2 q:32.10 aq:23.47 tex:12198 mv:1112 misc:2338 imb:43 pmb:407 smb:7710 d:- ref:0 ;
in:7643 out:7644 type:b dur:2 cpbdur:2 q:32.11 aq:30.19 tex:94 mv:26 misc:424 imb:1 pmb:4 smb:8155 d:- ref:0 ;
in:7646 out:7645 type:P dur:2 cpbdur:2 q:32.09 aq:24.39 tex:6653 mv:637 misc:1670 imb:18 pmb:232 smb:7910 d:- ref:0 ;
in:7645 out:7646 type:b dur:2 cpbdur:2 q:32.10 aq:30.93 tex:44 mv:29 misc:415 imb:0 pmb:4 smb:8156 d:- ref:0 ;
in:7648 out:7647 type:P dur:2 cpbdur:2 q:32.08 aq:24.42 tex:11041 mv:898 misc:2101 imb:23 pmb:362 smb:7775 d:- ref:0 ;
in:7647 out:7648 type:b dur:2 cpbdur:2 q:32.09 aq:25.03 tex:73 mv:41 misc:422 imb:3 pmb:2 smb:8155 d:- ref:0 ;
in:7652 out:7649 type:P dur:2 cpbdur:2 q:32.08 aq:23.21 tex:27832 mv:3301 misc:4411 imb:112 pmb:988 smb:7060 d:- ref:0 ;
in:7650 out:7650 type:B dur:2 cpbdur:2 q:32.08 aq:29.62 tex:267 mv:85 misc:488 imb:4 pmb:11 smb:8145 d:- ref:0 ;
in:7649 out:7651 type:b dur:2 cpbdur:2 q:32.08 aq:30.94 tex:94 mv:36 misc:422 imb:2 pmb:3 smb:8155 d:- ref:0 ;
in:7651 out:7652 type:b dur:2 cpbdur:2 q:32.08 aq:30.94 tex:77 mv:17 misc:426 imb:0 pmb:5 smb:8155 d:- ref:0 ;
in:7654 out:7653 type:P dur:2 cpbdur:2 q:32.20 aq:22.39 tex:18943 mv:2678 misc:3835 imb:123 pmb:719 smb:7318 d:- ref:0 ;
in:7653 out:7654 type:b dur:2 cpbdur:2 q:32.14 aq:31.00 tex:0 mv:0 misc:384 imb:0 pmb:0 smb:8160 d:- ref:0 ;
in:7656 out:7655 type:P dur:2 cpbdur:2 q:32.21 aq:22.90 tex:7753 mv:1027 misc:2124 imb:41 pmb:297 smb:7822 d:- ref:0 ;
in:7655 out:7656 type:b dur:2 cpbdur:2 q:32.21 aq:30.86 tex:47 mv:16 misc:401 imb:1 pmb:1 smb:8158 d:- ref:0 ;
in:7658 out:7657 type:P dur:2 cpbdur:2 q:32.20 aq:22.34 tex:15261 mv:1942 misc:3061 imb:83 pmb:522 smb:7555 d:- ref:0 ;
in:7657 out:7658 type:b dur:2 cpbdur:2 q:32.21 aq:30.92 tex:79 mv:31 misc:426 imb:1 pmb:5 smb:8154 d:- ref:0 ;
in:7660 out:7659 type:P dur:2 cpbdur:2 q:32.19 aq:23.72 tex:7091 mv:883 misc:1906 imb:28 pmb:274 smb:7858 d:- ref:0 ;
in:7659 out:7660 type:b dur:2 cpbdur:2 q:32.20 aq:31.81 tex:81 mv:35 misc:444 imb:1 pmb:7 smb:8152 d:- ref:0 ;
in:7662 out:7661 type:P dur:2 cpbdur:2 q:32.19 aq:23.71 tex:13649 mv:1526 misc:2721 imb:57 pmb:480 smb:7623 d:- ref:0 ;
in:7661 out:7662 type:b dur:2 cpbdur:2 q:32.19 aq:30.97 tex:28 mv:10 misc:410 imb:0 pmb:3 smb:8157 d:- ref:0 ;
in:7664 out:7663 type:P dur:2 cpbdur:2 q:32.17 aq:23.58 tex:6019 mv:754 misc:1811 imb:28 pmb:233 smb:7899 d:- ref:0 ;
in:7663 out:7664 type:b dur:2 cpbdur:2 q:32.18 aq:30.94 tex:54 mv:49 misc:433 imb:1 pmb:5 smb:8154 d:- ref:0 ;
in:7666 out:7665 type:P dur:2 cpbdur:2 q:32.17 aq:23.32 tex:14459 mv:1534 misc:2703 imb:61 pmb:455 smb:7644 d:- ref:0 ;
in:7665 out:7666 type:b dur:2 cpbdur:2 q:32.17 aq:31.00 tex:1 mv:10 misc:397 imb:0 pmb:4 smb:8156 d:- ref:0 ;
in:7668 out:7667 type:P dur:2 cpbdur:2 q:32.11 aq:23.50 tex:6726 mv:925 misc:1885 imb:32 pmb:256 smb:7872 d:- ref:0 ;
in:7667 out:7668 type:b dur:2 cpbdur:2 q:32.14 aq:29.88 tex:118 mv:29 misc:413 imb:2 pmb:1 smb:8157 d:- ref:0 ;
in:7670 out:7669 type:P dur:2 cpbdur:2 q:32.08 aq:23.05 tex:17261 mv:1824 misc:3131 imb:67 pmb:574 smb:7519 d:- ref:0 ;
in:7669 out:7670 type:b dur:2 cpbdur:2 q:32.09 aq:30.86 tex:39 mv:28 misc:413 imb:2 pmb:1 smb:8157 d:- ref:0 ;
in:7672 out:7671 type:P dur:2 cpbdur:2 q:32.04 aq:22.67 tex:7549 mv:1056 misc:1955 imb:38 pmb:290 smb:7832 d:- ref:0 ;
in:7671 out:7672 type:b dur:2 cpbdur:2 q:32.06 aq:30.88 tex:22 mv:11 misc:399 imb:1 pmb:0 smb:8159 d:- ref:0 ;
in:7674 out:7673 type:P dur:2 cpbdur:2 q:32.02 aq:22.08 tex:16366 mv:1903 misc:3051 imb:84 pmb:544 smb:7532 d:- ref:0 ;
in:7673 out:7674 type:b dur:2 cpbdur:2 q:32.03 aq:21.36 tex:64 mv:32 misc:416 imb:2 pmb:2 smb:8156 d:- ref:0 ;
in:7676 out:7675 type:P dur:2 cpbdur:2 q:32.02 aq:23.49 tex:7355 mv:863 misc:1966 imb:27 pmb:276 smb:7857 d:- ref:0 ;
in:7675 out:7676 type:b dur:2 cpbdur:2 q:32.02 aq:30.93 tex:32 mv:33 misc:415 imb:1 pmb:3 smb:8156 d:- ref:0 ;
in:7678 out:7677 type:P dur:2 cpbdur:2 q:32.01 aq:23.04 tex:15040 mv:1761 misc:2919 imb:57 pmb:536 smb:7567 d:- ref:0 ;
in:7677 out:7678 type:b dur:2 cpbdur:2 q:32.02 aq:18.91 tex:101 mv:81 misc:442 imb:6 pmb:3 smb:8151 d:- ref:0 ;
in:7680 out:7679 type:P dur:2 cpbdur:2 q:32.01 aq:22.57 tex:6130 mv:837 misc:1897 imb:16 pmb:273 smb:7871 d:- ref:0 ;
in:7679 out:7680 type:b dur:2 cpbdur:2 q:32.01 aq:28.31 tex:85 mv:35 misc:416 imb:1 pmb:3 smb:8156 d:- ref:0 ;
in:7682 out:7681 type:P dur:2 cpbdur:2 q:32.00 aq:22.79 tex:14750 mv:1809 misc:3041 imb:76 pmb:524 smb:7560 d:- ref:0 ;
in:7681 out:7682 type:b dur:2 cpbdur:2 q:32.01 aq:30.89 tex:42 mv:41 misc:413 imb:4 pmb:0 smb:8156 d:- ref:0 ;
in:7684 out:7683 type:P dur:2 cpbdur:2 q:32.00 aq:23.37 tex:6492 mv:802 misc:1826 imb:34 pmb:232 smb:7894 d:- ref:0 ;
in:7683 out:7684 type:b dur:2 cpbdur:2 q:32.00 aq:21.18 tex:48 mv:16 misc:408 imb:1 pmb:1 smb:8158 d:- ref:0 ;
in:7686 out:7685 type:P dur:2 cpbdur:2 q:31.99 aq:22.80 tex:16176 mv:1851 misc:3005 imb:60 pmb:560 smb:7540 d:- ref:0 ;
in:7685 out:7686 type:b dur:2 cpbdur:2 q:31.99 aq:20.60 tex:53 mv:55 misc:428 imb:3 pmb:2 smb:8155 d:- ref:0 ;
in:7688 out:7687 type:P dur:2 cpbdur:2 q:31.99 aq:23.35 tex:8118 mv:893 misc:2077 imb:26 pmb:309 smb:7825 d:- ref:0 ;
in:7687 out:7688 type:b dur:2 cpbdur:2 q:31.99 aq:30.97 tex:41 mv:9 misc:398 imb:0 pmb:2 smb:8158 d:- ref:0 ;
in:7690 out:7689 type:P dur:2 cpbdur:2 q:31.98 aq:22.58 tex:16653 mv:1752 misc:2995 imb:67 pmb:549 smb:7544 d:- ref:0 ;
in:7689 out:7690 type:b dur:2 cpbdur:2 q:31.98 aq:30.77 tex:94 mv:52 misc:438 imb:1 pmb:6 smb:8153 d:- ref:0 ;
in:7692 out:7691 type:P dur:2 cpbdur:2 q:31.98 aq:22.80 tex:7608 mv:940 misc:1972 imb:33 pmb:280 smb:7847 d:- ref:0 ;
in:7691 out:7692 type:b dur:2 cpbdur:2 q:31.98 aq:30.94 tex:69 mv:20 misc:407 imb:1 pmb:2 smb:8157 d:- ref:0 ;
in:7694 out:7693 type:P dur:2 cpbdur:2 q:31.97 aq:23.18 tex:16649 mv:1994 misc:3117 imb:69 pmb:589 smb:7502 d:- ref:0 ;
in:7693 out:7694 type:b dur:2 cpbdur:2 q:31.97 aq:21.62 tex:66 mv:47 misc:431 imb:2 pmb:4 smb:8154 d:- ref:0 ;
in:7696 out:7695 type:P dur:2 cpbdur:2 q:31.97 aq:23.23 tex:9245 mv:883 misc:1928 imb:29 pmb:267 smb:7864 d:- ref:0 ;
in:7695 out:7696 type:b dur:2 cpbdur:2 q:31.97 aq:23.84 tex:58 mv:36 misc:426 imb:2 pmb:5 smb:8153 d:- ref:0 ;
in:7698 out:7697 type:P dur:2 cpbdur:2 q:31.96 aq:22.69 tex:16107 mv:1843 misc:3154 imb:85 pmb:536 smb:7539 d:- ref:0 ;
in:7697 out:7698 type:b dur:2 cpbdur:2 q:31.96 aq:22.29 tex:60 mv:40 misc:428 imb:3 pmb:2 smb:8155 d:- ref:0 ;
in:7700 out:7699 type:P dur:2 cpbdur:2 q:31.96 aq:23.25 tex:6684 mv:885 misc:1967 imb:23 pmb:285 smb:7852 d:- ref:0 ;
in:7699 out:7700 type:b dur:2 cpbdur:2 q:31.96 aq:27.87 tex:90 mv:28 misc:426 imb:0 pmb:5 smb:8155 d:- ref:0 ;
in:7702 out:7701 type:P dur:2 cpbdur:2 q:31.95 aq:22.51 tex:16985 mv:2000 misc:3255 imb:59 pmb:618 smb:7483 d:- ref:0 ;
in:7701 out:7702 type:b dur:2 cpbdur:2 q:31.96 aq:20.98 tex:143 mv:47 misc:442 imb:3 pmb:4 smb:8153 d:- ref:0 ;
in:7704 out:7703 type:P dur:2 cpbdur:2 q:31.95 aq:22.55 tex:6659 mv:879 misc:2030 imb:29 pmb:279 smb:7852 d:- ref:0 ;
in:7703 out:7704 type:b dur:2 cpbdur:2 q:31.95 aq:30.93 tex:46 mv:9 misc:401 imb:0 pmb:2 smb:8158 d:- ref:0 ;
in:7706 out:7705 type:P dur:2 cpbdur:2 q:31.94 aq:22.76 tex:15895 mv:1853 misc:3140 imb:69 pmb:568 smb:7523 d:- ref:0 ;
in:7705 out:7706 type:b dur:2 cpbdur:2 q:31.94 aq:24.55 tex:109 mv:71 misc:444 imb:6 pmb:3 smb:8151 d:- ref:0 ;
in:7708 out:7707 type:P dur:2 cpbdur:2 q:31.94 aq:22.91 tex:7135 mv:888 misc:1913 imb:30 pmb:265 smb:7865 d:- ref:0 ;
in:7707 out:7708 type:b dur:2 cpbdur:2 q:31.94 aq:26.13 tex:76 mv:35 misc:425 imb:2 pmb:3 smb:8155 d:- ref:0 ;
in:7710 out:7709 type:P dur:2 cpbdur:2 q:31.93 aq:22.68 tex:15848 mv:1853 misc:3067 imb:60 pmb:543 smb:7557 d:- ref:0 ;
in:7709 out:7710 type:b dur:2 cpbdur:2 q:31.93 aq:30.98 tex:64 mv:22 misc:410 imb:0 pmb:4 smb:8156 d:- ref:0 ;
in:7712 out:7711 type:P dur:2 cpbdur:2 q:31.93 aq:22.07 tex:7052 mv:941 misc:1983 imb:34 pmb:271 smb:7855 d:- ref:0 ;
in:7711 out:7712 type:b dur:2 cpbdur:2 q:31.93 aq:24.21 tex:26 mv:32 misc:414 imb:3 pmb:0 smb:8157 d:- ref:0 ;
in:7714 out:7713 type:P dur:2 cpbdur:2 q:31.92 aq:22.81 tex:16781 mv:1902 misc:3141 imb:66 pmb:575 smb:7519 d:- ref:0 ;
in:7713 out:7714 type:b dur:2 cpbdur:2 q:31.93 aq:26.87 tex:75 mv:34 misc:427 imb:1 pmb:4 smb:8155 d:- ref:0 ;
in:7716 out:7715 type:P dur:2 cpbdur:2 q:31.92 aq:23.50 tex:7421 mv:861 misc:1966 imb:20 pmb:290 smb:7850 d:- ref:0 ;
in:7715 out:7716 type:b dur:2 cpbdur:2 q:31.92 aq:30.98 tex:15 mv:12 misc:397 imb:1 pmb:0 smb:8159 d:- ref:0 ;
in:7718 out:7717 type:P dur:2 cpbdur:2 q:31.91 aq:23.13 tex:15651 mv:1497 misc:2836 imb:52 pmb:516 smb:7592 d:- ref:0 ;
in:7717 out:7718 type:b dur:2 cpbdur:2 q:31.92 aq:30.92 tex:135 mv:34 misc:423 imb:2 pmb:3 smb:8155 d:- ref:0 ;
in:7720 out:7719 type:P dur:2 cpbdur:2 q:31.90 aq:22.42 tex:7804 mv:888 misc:2004 imb:38 pmb:295 smb:7827 d:- ref:0 ;
in:7719 out:7720 type:b dur:2 cpbdur:2 q:31.91 aq:30.93 tex:119 mv:30 misc:435 imb:1 pmb:6 smb:8153 d:- ref:0 ;
in:7722 out:7721 type:P dur:2 cpbdur:2 q:31.90 aq:22.96 tex:15679 mv:1794 misc:3039 imb:70 pmb:534 smb:7556 d:- ref:0 ;
in:7721 out:7722 type:b dur:2 cpbdur:2 q:31.90 aq:17.44 tex:68 mv:67 misc:441 imb:5 pmb:2 smb:8153 d:- ref:0 ;
in:7724 out:7723 type:P dur:2 cpbdur:2 q:31.90 aq:24.34 tex:6874 mv:697 misc:1757 imb:18 pmb:251 smb:7891 d:- ref:0 ;
in:7723 out:7724 type:b dur:2 cpbdur:2 q:31.90 aq:27.12 tex:81 mv:44 misc:435 imb:3 pmb:3 smb:8154 d:- ref:0 ;
in:7726 out:7725 type:P dur:2 cpbdur:2 q:31.89 aq:23.12 tex:18029 mv:1663 misc:2940 imb:57 pmb:545 smb:7558 d:- ref:0 ;
in:7725 out:7726 type:b dur:2 cpbdur:2 q:31.89 aq:30.93 tex:163 mv:73 misc:460 imb:3 pmb:12 smb:8145 d:- ref:0 ;
in:7728 out:7727 type:P dur:2 cpbdur:2 q:31.88 aq:23.11 tex:6310 mv:822 misc:1924 imb:27 pmb:262 smb:7871 d:- ref:0 ;
in:7727 out:7728 type:b dur:2 cpbdur:2 q:31.89 aq:30.95 tex:43 mv:8 misc:405 imb:0 pmb:2 smb:8158 d:- ref:0 ;
in:7730 out:7729 type:P dur:2 cpbdur:2 q:31.88 aq:22.69 tex:17612 mv:1814 misc:3182 imb:63 pmb:606 smb:7491 d:- ref:0 ;
in:7729 out:7730 type:b dur:2 cpbdur:2 q:31.88 aq:30.93 tex:110 mv:46 misc:428 imb:3 pmb:4 smb:8153 d:- ref:0 ;
in:7732 out:7731 type:P dur:2 cpbdur:2 q:31.89 aq:22.91 tex:9130 mv:867 misc:2035 imb:32 pmb:310 smb:7818 d:- ref:0 ;
in:7731 out:7732 type:b dur:2 cpbdur:2 q:31.88 aq:30.90 tex:45 mv:30 misc:413 imb:2 pmb:1 smb:8157 d:- ref:0 ;
in:7734 out:7733 type:P dur:2 cpbdur:2 q:31.88 aq:22.39 tex:16635 mv:2025 misc:3188 imb:85 pmb:566 smb:7509 d:- ref:0 ;
in:7733 out:7734 type:b dur:2 cpbdur:2 q:31.88 aq:30.89 tex:175 mv:69 misc:452 imb:5 pmb:5 smb:8150 d:- ref:0 ;
in:7736 out:7735 type:P dur:2 cpbdur:2 q:31.89 aq:23.46 tex:7353 mv:831 misc:1952 imb:39 pmb:255 smb:7866 d:- ref:0 ;
in:7735 out:7736 type:b dur:2 cpbdur:2 q:31.88 aq:29.11 tex:58 mv:28 misc:410 imb:2 pmb:1 smb:8157 d:- ref:0 ;
in:7738 out:7737 type:P dur:2 cpbdur:2 q:31.88 aq:22.77 tex:16120 mv:1732 misc:2876 imb:60 pmb:521 smb:7579 d:- ref:0 ;
in:7737 out:7738 type:b dur:2 cpbdur:2 q:31.88 aq:32.24 tex:108 mv:40 misc:428 imb:3 pmb:2 smb:8155 d:- ref:0 ;
in:7740 out:7739 type:P dur:2 cpbdur:2 q:31.87 aq:23.29 tex:7948 mv:979 misc:2049 imb:45 pmb:289 smb:7826 d:- ref:0 ;
in:7739 out:7740 type:b dur:2 cpbdur:2 q:31.87 aq:30.86 tex:44 mv:28 misc:408 imb:2 pmb:1 smb:8157 d:- ref:0 ;
in:7742 out:7741 type:P dur:2 cpbdur:2 q:31.86 aq:22.35 tex:15782 mv:1782 misc:3012 imb:63 pmb:545 smb:7552 d:- ref:0 ;
in:7741 out:7742 type:b dur:2 cpbdur:2 q:31.87 aq:19.46 tex:115 mv:46 misc:431 imb:3 pmb:4 smb:8153 d:- ref:0 ;
in:7744 out:7743 type:P dur:2 cpbdur:2 q:31.87 aq:22.94 tex:8591 mv:1069 misc:2068 imb:33 pmb:325 smb:7802 d:- ref:0 ;
in:7743 out:7744 type:b dur:2 cpbdur:2 q:31.86 aq:25.08 tex:99 mv:41 misc:428 imb:1 pmb:4 smb:8155 d:- ref:0 ;
in:7746 out:7745 type:P dur:2 cpbdur:2 q:31.85 aq:22.93 tex:15818 mv:1831 misc:3047 imb:67 pmb:549 smb:7544 d:- ref:0 ;
in:7745 out:7746 type:b dur:2 cpbdur:2 q:31.86 aq:25.43 tex:107 mv:48 misc:429 imb:2 pmb:4 smb:8154 d:- ref:0 ;
in:7748 out:7747 type:P dur:2 cpbdur:2 q:31.85 aq:23.03 tex:8549 mv:934 misc:2053 imb:26 pmb:302 smb:7832 d:- ref:0 ;
in:7747 out:7748 type:b dur:2 cpbdur:2 q:31.85 aq:30.94 tex:46 mv:39 misc:411 imb:2 pmb:2 smb:8156 d:- ref:0 ;
in:7749 out:7749 type:P dur:2 cpbdur:2 q:31.84 aq:29.66 tex:24 mv:26 misc:430 imb:3 pmb:0 smb:8157 d:- ref:0 ;
in:7750 out:7750 type:I dur:2 cpbdur:2 q:28.98 aq:19.81 tex:524643 mv:144145 misc:700 imb:8160 pmb:0 smb:0 d:- ref:;
in:7752 out:7751 type:P dur:2 cpbdur:2 q:32.33 aq:23.59 tex:4350 mv:452 misc:1310 imb:26 pmb:132 smb:8002 d:- ref:0 ;
in:7751 out:7752 type:b dur:2 cpbdur:2 q:32.33 aq:30.33 tex:25 mv:27 misc:412 imb:2 pmb:1 smb:8157 d:- ref:0 ;
in:7754 out:7753 type:P dur:2 cpbdur:2 q:32.32 aq:23.08 tex:16465 mv:2228 misc:3083 imb:107 pmb:550 smb:7503 d:- ref:0 ;
in:7753 out:7754 type:b dur:2 cpbdur:2 q:32.33 aq:29.54 tex:24 mv:22 misc:402 imb:2 pmb:0 smb:8158 d:- ref:0 ;
in:7756 out:7755 type:P dur:2 cpbdur:2 q:32.32 aq:24.02 tex:12681 mv:970 misc:1925 imb:37 pmb:263 smb:7860 d:- ref:0 ;
in:7755 out:7756 type:b dur:2 cpbdur:2 q:32.32 aq:28.32 tex:151 mv:54 misc:451 imb:2 pmb:11 smb:8147 d:- ref:0 ;
in:7758 out:7757 type:P dur:2 cpbdur:2 q:32.31 aq:23.29 tex:15542 mv:1791 misc:2875 imb:81 pmb:499 smb:7580 d:- ref:0 ;
in:7757 out:7758 type:b dur:2 cpbdur:2 q:32.32 aq:18.78 tex:71 mv:58 misc:439 imb:5 pmb:2 smb:8153 d:- ref:0 ;
in:7760 out:7759 type:P dur:2 cpbdur:2 q:32.31 aq:23.40 tex:7285 mv:904 misc:1883 imb:31 pmb:258 smb:7871 d:- ref:0 ;
in:7759 out:7760 type:b dur:2 cpbdur:2 q:32.31 aq:28.12 tex:72 mv:49 misc:415 imb:4 pmb:1 smb:8155 d:- ref:0 ;
in:7762 out:7761 type:P dur:2 cpbdur:2 q:32.30 aq:22.79 tex:16317 mv:2002 misc:3145 imb:103 pmb:529 smb:7528 d:- ref:0 ;
in:7761 out:7762 type:b dur:2 cpbdur:2 q:32.31 aq:30.95 tex:31 mv:24 misc:417 imb:1 pmb:3 smb:8156 d:- ref:0 ;
in:7764 out:7763 type:P dur:2 cpbdur:2 q:32.30 aq:23.80 tex:8269 mv:1027 misc:2120 imb:34 pmb:310 smb:7816 d:- ref:0 ;
in:7763 out:7764 type:b dur:2 cpbdur:2 q:32.30 aq:19.07 tex:86 mv:43 misc:423 imb:3 pmb:2 smb:8155 d:- ref:0 ;
in:7766 out:7765 type:P dur:2 cpbdur:2 q:32.29 aq:23.18 tex:14371 mv:1837 misc:2904 imb:76 pmb:485 smb:7599 d:- ref:0 ;
in:7765 out:7766 type:b dur:2 cpbdur:2 q:32.29 aq:23.36 tex:165 mv:77 misc:462 imb:6 pmb:5 smb:8149 d:- ref:0 ;
in:7768 out:7767 type:P dur:2 cpbdur:2 q:32.29 aq:24.13 tex:6501 mv:968 misc:1963 imb:27 pmb:284 smb:7849 d:- ref:0 ;
in:7767 out:7768 type:b dur:2 cpbdur:2 q:32.29 aq:30.54 tex:34 mv:35 misc:411 imb:2 pmb:1 smb:8157 d:- ref:0 ;
in:7770 out:7769 type:P dur:2 cpbdur:2 q:32.34 aq:23.08 tex:13014 mv:1690 misc:2760 imb:74 pmb:463 smb:7623 d:- ref:0 ;
in:7769 out:7770 type:b dur:2 cpbdur:2 q:32.32 aq:22.91 tex:82 mv:49 misc:445 imb:3 pmb:5 smb:8152 d:- ref:0 ;
in:7772 out:7771 type:P dur:2 cpbdur:2 q:32.35 aq:22.51 tex:4922 mv:708 misc:1586 imb:27 pmb:188 smb:7945 d:- ref:0 ;
in:7771 out:7772 type:b dur:2 cpbdur:2 q:32.34 aq:30.98 tex:30 mv:5 misc:397 imb:0 pmb:1 smb:8159 d:- ref:0 ;
in:7774 out:7773 type:P dur:2 cpbdur:2 q:32.34 aq:23.55 tex:10829 mv:1438 misc:2581 imb:70 pmb:389 smb:7701 d:- ref:0 ;
in:7773 out:7774 type:b dur:2 cpbdur:2 q:32.34 aq:30.95 tex:12 mv:11 misc:393 imb:1 pmb:0 smb:8159 d:- ref:0 ;
in:7776 out:7775 type:P dur:2 cpbdur:2 q:32.34 aq:23.29 tex:5279 mv:839 misc:1674 imb:37 pmb:198 smb:7925 d:- ref:0 ;
in:7775 out:7776 type:b dur:2 cpbdur:2 q:32.34 aq:31.00 tex:0 mv:0 misc:384 imb:0 pmb:0 smb:8160 d:- ref:0 ;
in:7778 out:7777 type:P dur:2 cpbdur:2 q:32.33 aq:23.12 tex:9807 mv:1448 misc:2505 imb:65 pmb:378 smb:7717 d:- ref:0 ;
in:7777 out:7778 type:b dur:2 cpbdur:2 q:32.33 aq:28.73 tex:38 mv:22 misc:404 imb:2 pmb:0 smb:8158 d:- ref:0 ;
in:7780 out:7779 type:P dur:2 cpbdur:2 q:32.32 aq:22.99 tex:5513 mv:895 misc:1768 imb:48 pmb:200 smb:7912 d:- ref:0 ;
in:7779 out:7780 type:b dur:2 cpbdur:2 q:32.32 aq:30.93 tex:74 mv:18 misc:420 imb:0 pmb:5 smb:8155 d:- ref:0 ;
in:7782 out:7781 type:P dur:2 cpbdur:2 q:32.32 aq:22.60 tex:10031 mv:1528 misc:2569 imb:81 pmb:367 smb:7712 d:- ref:0 ;
in:7781 out:7782 type:b dur:2 cpbdur:2 q:32.32 aq:23.30 tex:66 mv:41 misc:421 imb:4 pmb:0 smb:8156 d:- ref:0 ;
in:7784 out:7783 type:P dur:2 cpbdur:2 q:32.32 aq:23.40 tex:3594 mv:588 misc:1410 imb:25 pmb:153 smb:7982 d:- ref:0 ;
in:7783 out:7784 type:b dur:2 cpbdur:2 q:32.32 aq:28.31 tex:89 mv:21 misc:410 imb:1 pmb:2 smb:8157 d:- ref:0 ;
in:7786 out:7785 type:P dur:2 cpbdur:2 q:32.30 aq:24.12 tex:7278 mv:1085 misc:1973 imb:48 pmb:268 smb:7844 d:- ref:0 ;
in:7785 out:7786 type:b dur:2 cpbdur:2 q:32.31 aq:28.91 tex:52 mv:66 misc:434 imb:4 pmb:5 smb:8151 d:- ref:0 ;
in:7788 out:7787 type:P dur:2 cpbdur:2 q:32.29 aq:21.93 tex:2912 mv:465 misc:1167 imb:19 pmb:110 smb:8031 d:- ref:0 ;
in:7787 out:7788 type:b dur:2 cpbdur:2 q:32.30 aq:30.93 tex:68 mv:41 misc:419 imb:3 pmb:2 smb:8155 d:- ref:0 ;
in:7790 out:7789 type:P dur:2 cpbdur:2 q:32.28 aq:22.17 tex:5751 mv:1021 misc:1932 imb:78 pmb:202 smb:7880 d:- ref:0 ;
in:7789 out:7790 type:b dur:2 cpbdur:2 q:32.29 aq:31.86 tex:67 mv:30 misc:415 imb:2 pmb:2 smb:8156 d:- ref:0 ;
in:7792 out:7791 type:P dur:2 cpbdur:2 q:32.28 aq:22.73 tex:2160 mv:409 misc:1039 imb:17 pmb:91 smb:8052 d:- ref:0 ;
in:7791 out:7792 type:b dur:2 cpbdur:2 q:32.28 aq:31.00 tex:0 mv:0 misc:384 imb:0 pmb:0 smb:8160 d:- ref:0 ;
in:7794 out:7793 type:P dur:2 cpbdur:2 q:32.26 aq:22.56 tex:4065 mv:738 misc:1437 imb:59 pmb:135 smb:7966 d:- ref:0 ;
in:7793 out:7794 type:b dur:2 cpbdur:2 q:32.27 aq:31.00 tex:43 mv:5 misc:400 imb:0 pmb:1 smb:8159 d:- ref:0 ;
in:7796 out:7795 type:P dur:2 cpbdur:2 q:32.24 aq:24.44 tex:1327 mv:289 misc:864 imb:25 pmb:48 smb:8087 d:- ref:0 ;
in:7795 out:7796 type:b dur:2 cpbdur:2 q:32.25 aq:20.33 tex:48 mv:16 misc:400 imb:1 pmb:1 smb:8158 d:- ref:0 ;
in:7798 out:7797 type:P dur:2 cpbdur:2 q:32.22 aq:22.65 tex:2312 mv:545 misc:1135 imb:59 pmb:64 smb:8037 d:- ref:0 ;
in:7797 out:7798 type:b dur:2 cpbdur:2 q:32.23 aq:30.95 tex:40 mv:26 misc:406 imb:2 pmb:1 smb:8157 d:- ref:0 ;
in:7800 out:7799 type:P dur:4 cpbdur:4 q:29.81 aq:23.82 tex:1549 mv:435 misc:976 imb:55 pmb:41 smb:8064 d:- ref:0 ;
in:7799 out:7800 type:b dur:2 cpbdur:2 q:31.01 aq:31.39 tex:121 mv:29 misc:434 imb:1 pmb:5 smb:8154 d:- ref:0 ;
in:7801 out:7801 type:P dur:4 cpbdur:4 q:29.78 aq:22.17 tex:1210 mv:341 misc:817 imb:57 pmb:23 smb:8080 d:- ref:0 ;
